{"type":"FeatureCollection","note":"Natural Earth physical. Shared by every scenario regardless of era.","features":[{"type":"Feature","properties":{},"geometry":{"type":"Polygon","coordinates":[[[-114.353,27.001],[-132.061,22.933],[-171.076,11.393],[-180.0,11.0],[-180.0,52.024],[-179.82,52.115],[-179.732,52.397],[-179.429,52.569],[-179.318,52.752],[-179.753,52.567],[-179.872,52.382],[-180.0,52.45],[-180.0,60.93],[-179.761,60.955],[-179.61,60.853],[-179.393,61.135],[-179.273,61.135],[-179.011,61.394],[-178.745,61.319],[-178.753,61.226],[-179.013,61.11],[-179.055,60.973],[-178.841,60.919],[-178.687,61.079],[-178.673,60.943],[-178.793,60.865],[-178.505,60.463],[-178.468,60.26],[-178.601,60.103],[-179.035,60.099],[-178.841,59.887],[-178.169,59.527],[-177.593,59.695],[-177.525,59.448],[-177.689,59.167],[-178.376,59.271],[-178.289,59.047],[-178.097,58.951],[-177.881,58.999],[-177.737,58.831],[-177.185,58.615],[-176.033,58.591],[-175.601,58.423],[-175.289,58.399],[-175.338,58.684],[-174.594,58.664],[-174.528,58.459],[-174.329,58.423],[-174.135,58.111],[-173.701,57.785],[-173.75,57.706],[-174.243,57.733],[-174.193,57.644],[-173.897,57.583],[-173.921,57.463],[-173.667,57.164],[-173.465,57.223],[-173.553,57.536],[-173.074,57.54],[-173.417,57.079],[-173.309,56.731],[-172.647,56.515],[-172.427,56.672],[-171.809,56.479],[-171.539,56.492],[-171.281,56.263],[-170.443,56.131],[-170.153,55.999],[-169.553,56.071],[-169.72,56.188],[-169.681,56.277],[-169.433,56.311],[-168.977,56.191],[-168.593,56.239],[-168.413,56.164],[-168.387,56.05],[-168.849,55.935],[-168.761,55.687],[-168.497,55.591],[-168.233,55.663],[-168.215,55.502],[-167.879,55.407],[-167.657,55.207],[-167.076,54.942],[-165.444,54.751],[-165.689,54.439],[-166.457,54.103],[-167.088,53.973],[-167.698,53.569],[-168.191,53.609],[-168.567,53.473],[-169.474,52.758],[-169.545,52.783],[-169.529,53.095],[-169.961,53.143],[-170.321,53.047],[-170.295,52.703],[-169.961,52.759],[-169.711,52.512],[-168.497,52.855],[-167.465,52.999],[-165.132,53.764],[-164.768,53.7],[-163.777,53.804],[-162.424,54.174],[-162.185,54.055],[-161.801,54.055],[-161.265,54.305],[-160.553,54.271],[-160.001,54.415],[-159.233,54.463],[-158.431,54.664],[-158.321,54.847],[-158.056,54.729],[-156.663,55.249],[-156.257,55.282],[-155.849,55.591],[-155.71,55.522],[-155.057,55.783],[-154.782,56.032],[-154.447,56.046],[-154.183,55.925],[-154.035,56.023],[-153.689,55.927],[-153.553,56.056],[-153.84,56.174],[-152.849,56.287],[-152.453,56.56],[-152.185,56.482],[-151.937,56.599],[-151.409,57.103],[-150.905,57.223],[-150.161,57.679],[-149.932,57.73],[-150.257,57.895],[-150.305,58.135],[-149.812,58.115],[-149.753,57.943],[-149.609,57.871],[-149.369,58.063],[-149.201,57.967],[-148.961,58.015],[-148.793,58.255],[-148.571,58.375],[-148.523,58.62],[-149.302,58.85],[-149.873,58.783],[-150.131,58.935],[-150.017,59.101],[-149.657,59.143],[-149.019,58.983],[-148.553,59.119],[-148.145,58.975],[-147.792,59.077],[-147.879,59.205],[-146.119,59.356],[-145.799,59.539],[-145.305,59.468],[-144.961,59.562],[-144.535,59.539],[-144.252,59.656],[-143.561,59.545],[-143.509,59.607],[-143.726,59.845],[-143.618,59.994],[-143.08,59.675],[-142.696,59.815],[-142.529,59.647],[-142.281,59.685],[-142.256,59.488],[-141.762,59.241],[-141.497,59.407],[-140.705,59.623],[-140.122,59.452],[-140.705,59.479],[-141.007,59.398],[-141.134,59.251],[-141.119,59.122],[-140.825,58.783],[-139.939,58.663],[-139.817,58.543],[-138.865,58.907],[-138.858,58.819],[-139.476,58.499],[-138.641,58.087],[-137.657,57.919],[-137.294,57.881],[-137.134,58.082],[-136.714,58.082],[-136.817,57.797],[-136.505,57.607],[-136.097,56.959],[-135.809,56.791],[-135.449,56.263],[-134.712,56.134],[-134.597,56.256],[-134.588,56.738],[-134.77,57.143],[-134.785,57.503],[-134.914,57.788],[-134.873,57.98],[-135.003,58.326],[-134.82,58.092],[-134.777,57.751],[-134.633,57.511],[-134.681,57.247],[-134.602,56.947],[-134.242,57.15],[-133.984,57.185],[-134.129,57.007],[-134.465,56.863],[-134.359,56.432],[-134.41,56.051],[-135.045,55.856],[-135.302,55.979],[-135.345,55.903],[-134.945,55.687],[-134.807,55.784],[-134.294,55.661],[-134.678,55.395],[-134.159,55.239],[-134.273,55.087],[-134.081,54.823],[-132.649,54.582],[-132.137,54.559],[-131.973,54.678],[-131.941,55.22],[-132.093,55.479],[-131.948,55.474],[-131.775,55.672],[-131.917,55.367],[-131.633,54.919],[-131.625,54.635],[-131.362,54.406],[-131.897,54.271],[-133.111,54.308],[-133.505,54.062],[-133.501,53.957],[-132.617,53.071],[-130.929,51.802],[-130.817,51.895],[-130.913,52.207],[-130.481,52.231],[-130.337,52.615],[-130.374,53.155],[-129.953,52.951],[-129.806,52.508],[-129.545,52.303],[-129.329,51.943],[-129.813,51.629],[-129.864,51.483],[-129.593,51.319],[-128.537,51.463],[-129.257,51.151],[-129.519,50.892],[-129.329,50.743],[-128.681,50.623],[-128.177,50.287],[-128.01,50.064],[-127.817,50.023],[-126.803,49.052],[-126.281,48.775],[-126.089,48.439],[-125.681,48.247],[-125.547,47.965],[-125.333,48.044],[-125.09,47.808],[-125.065,47.623],[-124.813,47.433],[-124.98,47.034],[-124.821,46.739],[-124.527,46.519],[-124.684,45.948],[-124.433,45.607],[-124.312,45.244],[-124.632,44.566],[-124.967,44.19],[-124.961,43.975],[-124.583,43.853],[-124.577,43.519],[-124.721,43.135],[-124.865,43.015],[-124.721,42.751],[-124.769,42.487],[-124.601,42.271],[-124.492,41.448],[-124.361,41.167],[-124.529,40.639],[-124.649,40.535],[-124.505,40.375],[-124.505,40.231],[-124.217,40.063],[-123.958,39.621],[-123.929,38.887],[-123.416,38.251],[-123.518,38.051],[-123.353,37.807],[-123.065,37.663],[-122.597,37.015],[-121.985,36.775],[-122.04,36.288],[-121.715,36.127],[-121.362,35.621],[-121.097,35.455],[-120.731,34.498],[-120.449,34.375],[-119.825,34.351],[-119.513,34.159],[-120.499,34.211],[-120.618,34.154],[-120.559,34.051],[-120.131,33.865],[-119.96,33.635],[-119.856,33.719],[-119.86,33.927],[-119.377,33.963],[-119.321,34.063],[-118.674,33.979],[-118.462,33.715],[-118.217,33.559],[-117.839,33.519],[-117.382,33.095],[-117.388,32.533],[-117.137,32.164],[-116.969,32.167],[-116.777,31.711],[-116.848,31.596],[-116.623,31.14],[-116.153,30.415],[-115.841,29.695],[-115.205,28.851],[-115.313,28.375],[-115.432,28.223],[-115.665,28.341],[-115.625,27.991],[-115.318,27.743],[-115.001,27.631],[-114.797,27.306],[-114.353,27.001]],[[-175.71,28.023],[-176.014,27.876],[-176.027,27.767],[-175.736,27.761],[-175.71,28.023]],[[-177.357,28.154],[-177.286,28.25],[-177.473,28.375],[-177.477,28.189],[-177.357,28.154]],[[-178.212,28.368],[-178.332,28.486],[-178.448,28.397],[-178.311,28.298],[-178.212,28.368]],[[-176.704,28.473],[-176.609,28.519],[-176.695,28.625],[-176.762,28.55],[-176.704,28.473]],[[-118.286,28.851],[-118.184,28.994],[-118.352,29.223],[-118.432,29.098],[-118.286,28.851]],[[-119.107,32.744],[-119.245,32.733],[-119.369,32.551],[-119.013,32.389],[-119.169,32.601],[-119.051,32.661],[-119.107,32.744]],[[-118.426,32.751],[-118.315,32.841],[-118.636,33.071],[-118.426,32.751]],[[-119.276,33.256],[-119.74,33.53],[-119.851,33.506],[-119.844,33.244],[-119.463,33.171],[-119.276,33.256]],[[-119.081,33.415],[-118.995,33.503],[-119.11,33.659],[-119.081,33.415]],[[-118.617,33.433],[-118.453,33.285],[-118.26,33.278],[-118.478,33.489],[-118.601,33.508],[-118.617,33.433]],[[-178.994,51.211],[-178.875,51.348],[-178.952,51.425],[-179.102,51.363],[-179.205,51.172],[-178.994,51.211]],[[-178.294,51.422],[-178.217,51.445],[-178.454,51.668],[-179.162,51.589],[-178.294,51.422]],[[-178.22,51.581],[-177.094,51.656],[-176.965,51.511],[-175.502,51.82],[-172.817,51.919],[-172.481,52.015],[-171.979,51.96],[-171.808,52.049],[-171.857,52.147],[-171.967,52.046],[-172.336,52.165],[-172.248,52.442],[-172.39,52.567],[-172.85,52.275],[-173.633,52.303],[-173.87,52.449],[-174.441,52.437],[-174.977,52.207],[-175.937,52.183],[-177.329,51.871],[-178.159,51.951],[-178.315,51.711],[-178.22,51.581]],[[-178.732,51.843],[-178.933,51.788],[-178.754,51.723],[-178.732,51.843]],[[-171.314,52.373],[-171.182,52.401],[-171.102,52.599],[-171.355,52.542],[-171.314,52.373]],[[-170.823,52.488],[-170.538,52.577],[-170.486,52.74],[-170.849,52.701],[-170.914,52.593],[-170.823,52.488]],[[-171.244,52.767],[-171.222,52.888],[-171.574,52.755],[-171.483,52.682],[-171.244,52.767]],[[-129.84,52.356],[-130.061,52.308],[-130.219,51.953],[-130.188,51.837],[-129.952,51.804],[-129.655,51.974],[-129.782,52.194],[-129.742,52.293],[-129.84,52.356]],[[-132.977,54.391],[-133.035,54.536],[-133.169,54.559],[-132.977,54.391]],[[-167.999,53.943],[-168.016,53.967],[-168.047,53.967],[-168.071,53.967],[-168.085,53.943],[-168.078,53.923],[-168.047,53.902],[-168.016,53.899],[-167.996,53.916],[-167.999,53.943]],[[-176.434,26.853],[-176.375,26.955],[-176.518,27.022],[-176.434,26.853]],[[-174.55,26.229],[-174.478,26.289],[-174.522,26.387],[-174.631,26.312],[-174.55,26.229]],[[-174.075,26.235],[-174.179,26.138],[-174.162,26.004],[-173.955,25.862],[-173.818,25.89],[-173.784,26.086],[-174.075,26.235]],[[-173.505,25.899],[-173.297,25.975],[-173.296,26.068],[-173.504,26.061],[-173.505,25.899]],[[-171.887,25.907],[-171.928,25.824],[-171.825,25.706],[-171.574,25.759],[-171.663,25.892],[-171.887,25.907]],[[-169.414,25.692],[-169.549,25.643],[-169.669,25.371],[-169.384,25.55],[-169.414,25.692]],[[-170.669,25.672],[-170.88,25.63],[-170.991,25.441],[-170.393,25.207],[-170.363,25.399],[-170.669,25.672]],[[-168.164,25.213],[-168.308,25.143],[-168.325,25.034],[-168.176,24.908],[-168.144,24.64],[-167.955,24.413],[-167.885,24.482],[-167.87,25.049],[-167.984,25.193],[-168.164,25.213]],[[-167.234,24.413],[-167.223,24.262],[-166.792,24.079],[-166.798,24.252],[-166.937,24.271],[-167.093,24.47],[-167.234,24.413]],[[-172.024,25.432],[-172.152,25.342],[-172.038,25.31],[-172.024,25.432]],[[-172.375,25.418],[-172.321,25.553],[-172.459,25.625],[-172.475,25.432],[-172.375,25.418]],[[-166.219,23.618],[-166.082,23.639],[-166.004,23.785],[-166.289,23.935],[-166.41,23.779],[-166.219,23.618]],[[-164.857,23.612],[-164.847,23.517],[-164.651,23.446],[-164.633,23.311],[-164.273,23.24],[-164.28,23.443],[-164.553,23.67],[-164.857,23.612]],[[-162.021,23.111],[-161.931,23.012],[-161.729,23.119],[-161.822,23.201],[-162.021,23.111]],[[-162.233,23.084],[-162.371,22.992],[-162.15,22.924],[-162.233,23.084]],[[-161.074,22.639],[-160.98,22.678],[-161.036,22.779],[-161.136,22.716],[-161.074,22.639]],[[-159.835,22.061],[-159.698,21.908],[-159.455,21.842],[-159.306,21.951],[-159.264,22.155],[-159.37,22.271],[-159.593,22.279],[-159.835,22.061]],[[-160.056,22.043],[-160.221,21.959],[-160.247,21.771],[-160.065,21.857],[-160.056,22.043]],[[-158.073,21.734],[-158.349,21.592],[-158.126,21.263],[-157.58,21.274],[-157.897,21.736],[-158.073,21.734]],[[-157.316,21.254],[-157.603,21.136],[-157.769,20.887],[-157.09,21.037],[-157.009,20.743],[-156.66,20.678],[-156.789,20.532],[-156.745,20.482],[-155.955,20.699],[-155.965,20.81],[-156.259,21.019],[-156.672,21.09],[-156.724,21.222],[-157.316,21.254]],[[-160.514,21.638],[-160.505,21.659],[-160.517,21.677],[-160.533,21.689],[-160.551,21.691],[-160.563,21.684],[-160.57,21.671],[-160.57,21.645],[-160.54,21.627],[-160.514,21.638]],[[-155.863,19.002],[-155.638,18.907],[-155.38,19.181],[-154.989,19.31],[-154.766,19.544],[-155.192,20.025],[-155.858,20.312],[-155.97,20.232],[-155.907,19.999],[-156.105,19.802],[-155.863,19.002]],[[-169.594,16.662],[-169.337,16.759],[-169.535,16.833],[-169.594,16.662]]]}},{"type":"Feature","properties":{},"geometry":{"type":"Polygon","coordinates":[[[180,19.403],[180,0.0],[131.111,-0.0],[130.95,0.103],[130.351,0.175],[130.189,0.341],[130.021,0.314],[129.979,0.482],[129.695,0.424],[129.869,-0.0],[129.375,0.115],[129.294,-0.0],[127.976,-0.0],[128.047,0.151],[127.99,0.306],[128.134,0.379],[129.027,0.121],[128.862,0.391],[128.91,0.512],[128.574,0.836],[128.754,1.011],[128.794,1.61],[128.575,1.631],[128.186,1.48],[128.125,1.553],[128.17,1.866],[128.51,2.004],[128.759,2.371],[128.732,2.513],[128.499,2.726],[128.025,2.256],[127.719,2.29],[127.254,0.823],[127.354,0.474],[127.199,0.432],[127.063,0.199],[126.895,0.199],[126.944,0.11],[127.086,0.127],[127.131,-0.0],[120.228,-0.0],[120.27,0.175],[120.534,0.319],[121.207,0.247],[121.58,0.38],[122.526,0.367],[122.882,0.459],[123.283,0.254],[123.625,0.237],[124.466,0.365],[124.652,0.664],[125.094,0.967],[125.118,1.255],[125.29,1.38],[125.33,1.56],[125.147,1.886],[124.935,1.78],[124.759,1.831],[124.687,1.711],[124.728,1.486],[124.519,1.423],[123.935,0.957],[123.511,0.991],[123.367,1.087],[122.551,1.063],[122.383,1.183],[121.597,1.132],[121.519,1.327],[120.878,1.416],[120.558,1.159],[120.504,0.878],[120.405,1.113],[120.151,0.991],[120.14,0.807],[119.812,0.552],[119.776,0.045],[119.667,0.104],[119.554,-0.0],[117.804,-0.0],[117.703,0.219],[117.87,0.607],[118.23,0.727],[118.457,0.608],[118.928,0.784],[119.041,0.978],[118.974,1.231],[119.046,1.591],[118.638,1.639],[118.544,2.108],[118.955,1.711],[119.056,1.764],[118.649,2.319],[118.254,2.407],[118.014,2.695],[118.014,3.031],[118.23,3.318],[118.254,3.511],[118.158,3.607],[118.278,3.823],[118.23,4.015],[118.432,4.212],[118.662,4.111],[118.914,4.128],[118.927,4.399],[119.223,4.382],[119.519,4.567],[119.599,4.735],[119.554,5.122],[119.383,5.191],[119.373,5.433],[119.18,5.698],[119.318,5.623],[119.809,5.853],[119.69,5.905],[119.415,5.763],[119.028,5.876],[119.022,6.079],[118.766,6.315],[118.638,6.655],[118.542,7.351],[118.495,7.447],[118.351,7.423],[118.591,7.831],[118.422,7.879],[118.022,7.767],[117.828,8.189],[117.859,8.489],[117.942,8.547],[117.99,8.407],[118.254,8.407],[118.236,8.799],[118.703,9.148],[118.766,9.641],[119.099,9.706],[119.262,9.919],[119.238,10.015],[119.502,9.871],[119.526,10.015],[119.719,10.063],[120.391,10.567],[120.555,10.421],[121.303,10.543],[121.643,10.911],[121.695,11.11],[121.552,11.241],[121.732,11.276],[121.771,11.369],[120.972,11.447],[120.822,11.743],[120.627,11.607],[120.75,11.911],[120.534,12.127],[120.511,12.439],[120.368,12.421],[120.219,12.699],[120.07,12.703],[120.217,12.578],[120.194,12.5],[119.99,12.696],[119.88,12.673],[119.433,12.034],[119.167,11.911],[119.238,11.815],[119.191,11.668],[118.974,11.503],[118.71,11.023],[118.686,10.735],[118.455,10.672],[117.796,9.574],[117.534,9.391],[116.821,8.491],[116.676,7.628],[115.638,6.751],[114.943,6.007],[114.343,5.647],[114.294,5.431],[114.114,5.245],[113.579,4.982],[113.142,5.047],[112.65,5.346],[112.542,5.647],[112.567,6.007],[112.398,5.791],[111.486,5.407],[110.827,5.403],[110.479,5.623],[110.316,5.587],[110.046,5.839],[110.022,6.007],[109.464,6.461],[109.11,6.967],[109.104,7.838],[109.326,8.149],[109.108,8.006],[109.046,8.052],[109.063,8.671],[109.211,9.327],[108.93,9.35],[108.87,9.223],[108.674,9.18],[108.727,9.343],[108.627,9.393],[108.797,9.556],[108.985,9.44],[109.153,9.663],[109.159,9.847],[109.331,10.065],[109.254,10.255],[109.495,10.495],[109.453,10.666],[109.759,11.407],[109.725,13.1],[109.398,15.655],[109.495,15.943],[109.47,16.663],[109.877,17.228],[110.371,17.638],[110.622,17.983],[110.79,18.021],[111.473,18.534],[111.486,18.631],[111.606,18.583],[111.702,18.775],[111.655,18.919],[111.909,18.846],[112.927,19.519],[113.071,19.502],[113.358,19.671],[113.315,19.805],[113.622,19.783],[113.526,19.999],[113.782,19.83],[113.85,19.989],[114.078,20.023],[114.126,20.139],[114.343,20.023],[114.947,20.14],[114.967,20.335],[115.086,20.287],[115.183,20.383],[115.086,20.551],[115.324,20.604],[115.33,20.802],[115.747,21.019],[116.047,21.463],[116.238,21.559],[117.966,21.991],[118.411,22.251],[119.07,22.255],[119.791,22.759],[120.134,22.613],[120.35,22.267],[120.609,22.204],[120.63,21.895],[120.846,21.751],[120.967,22.447],[121.047,22.632],[121.422,22.951],[121.529,23.387],[180,19.403]],[[121.528,22.688],[121.427,22.663],[121.493,22.605],[121.528,22.688]],[[121.551,22.128],[121.47,22.037],[121.625,21.909],[121.551,22.128]],[[121.63,21.757],[121.56,21.552],[121.661,21.511],[121.63,21.757]],[[121.798,20.662],[121.971,20.727],[121.951,21.153],[121.798,20.662]],[[116.938,20.565],[117.04,20.827],[116.636,20.787],[116.703,20.593],[116.938,20.565]],[[144.891,20.507],[144.926,20.497],[144.961,20.512],[144.961,20.537],[144.951,20.567],[144.931,20.582],[144.891,20.572],[144.881,20.537],[144.891,20.507]],[[121.914,20.261],[122.035,20.511],[121.783,20.383],[121.802,20.268],[121.914,20.261]],[[136.054,20.33],[136.146,20.444],[136.002,20.402],[136.054,20.33]],[[160.794,20.428],[160.673,20.344],[160.799,20.229],[160.859,20.354],[160.794,20.428]],[[145.28,20.063],[145.2,20.069],[145.212,19.993],[145.28,20.063]],[[145.442,19.705],[145.424,19.717],[145.37,19.707],[145.36,19.672],[145.37,19.642],[145.402,19.625],[145.452,19.639],[145.448,19.681],[145.442,19.705]],[[122.0,19.608],[121.878,19.515],[122.028,19.487],[122.0,19.608]],[[121.51,19.468],[121.321,19.362],[121.577,19.2],[121.51,19.468]],[[166.603,19.27],[166.688,19.346],[166.581,19.361],[166.603,19.27]],[[121.218,19.205],[121.183,18.799],[121.521,18.877],[121.522,18.946],[121.341,18.95],[121.218,19.205]],[[121.828,18.949],[121.871,18.793],[122.135,19.011],[121.841,19.115],[121.828,18.949]],[[145.622,18.795],[145.646,18.699],[145.732,18.726],[145.704,18.833],[145.622,18.795]],[[121.259,18.705],[121.17,18.752],[120.958,18.631],[120.822,18.703],[120.551,18.597],[120.304,17.561],[120.413,17.387],[120.392,16.963],[120.288,16.704],[119.964,16.571],[119.743,16.304],[119.721,15.988],[119.959,15.175],[119.935,14.887],[120.441,14.216],[120.001,13.886],[120.416,13.596],[120.421,14.026],[120.653,13.748],[120.885,13.861],[120.852,13.616],[121.018,13.685],[120.998,13.552],[120.379,13.556],[120.277,13.439],[120.63,13.087],[120.99,12.368],[120.977,12.192],[121.204,12.141],[121.37,11.945],[121.297,11.828],[121.524,11.81],[121.71,12.007],[121.492,12.314],[121.585,12.563],[121.591,13.111],[121.122,13.566],[121.469,13.638],[121.575,13.826],[121.869,13.686],[121.785,13.342],[121.976,13.177],[122.316,13.518],[122.557,13.158],[122.92,13.047],[123.365,12.666],[123.344,12.968],[123.584,12.842],[123.563,12.532],[123.191,12.602],[122.863,12.199],[122.646,11.743],[122.423,11.728],[122.287,11.887],[122.094,11.935],[122.178,12.522],[122.282,12.445],[122.35,12.537],[122.074,12.997],[121.902,12.415],[121.941,12.144],[121.824,11.766],[122.039,11.676],[121.886,10.414],[121.968,10.371],[122.201,10.585],[122.43,10.615],[122.576,10.17],[122.334,9.991],[122.359,9.679],[122.618,9.37],[122.858,9.275],[122.918,9.065],[123.067,9.007],[123.295,9.103],[123.684,10.05],[123.836,10.184],[123.942,10.144],[123.765,9.891],[123.797,9.669],[123.657,9.557],[123.842,9.496],[124.609,9.71],[124.827,10.11],[125.058,9.879],[125.168,10.015],[125.296,9.889],[125.199,10.205],[125.269,10.234],[125.442,10.042],[125.367,9.697],[125.511,9.084],[125.409,9.032],[125.203,9.116],[125.135,8.911],[124.83,9.079],[124.834,9.192],[124.688,9.295],[124.608,9.173],[124.778,9.021],[124.719,8.561],[124.394,8.636],[124.21,8.241],[123.949,8.232],[123.848,8.509],[123.891,8.673],[123.312,8.756],[123.222,8.719],[123.27,8.584],[123.051,8.571],[122.91,8.335],[122.932,8.189],[122.245,8.076],[121.865,7.094],[121.718,7.068],[121.422,6.799],[121.038,6.751],[120.511,6.391],[120.484,6.221],[119.91,5.913],[120.198,5.791],[120.102,5.671],[120.198,5.54],[119.743,5.146],[119.833,4.752],[120.038,4.927],[120.721,5.162],[120.724,5.4],[120.99,5.479],[121.207,5.767],[121.956,6.007],[121.928,6.201],[122.36,6.586],[122.509,6.975],[122.67,7.039],[122.735,7.203],[123.151,7.255],[123.236,7.42],[123.486,7.303],[123.462,7.543],[123.63,7.783],[123.996,7.61],[123.97,7.324],[124.161,7.32],[123.946,6.973],[123.999,6.42],[124.23,6.127],[124.937,5.822],[125.118,5.839],[125.357,5.519],[125.743,6.007],[125.622,6.535],[125.454,6.703],[125.531,6.937],[125.646,7.015],[125.788,6.867],[125.869,7.108],[126.141,6.258],[126.209,6.255],[126.318,6.463],[126.368,6.949],[126.471,6.961],[126.647,7.275],[126.486,8.503],[126.223,9.439],[126.26,9.583],[125.934,10.519],[126.002,10.776],[125.564,11.51],[125.504,11.828],[125.607,12.122],[125.194,12.64],[124.759,12.703],[124.615,12.895],[124.303,12.871],[124.23,13.279],[123.606,13.619],[123.89,13.71],[124.11,13.447],[124.469,13.481],[124.59,13.74],[124.503,14.074],[124.136,14.31],[123.955,14.7],[123.454,14.648],[122.607,14.917],[122.094,14.959],[121.985,15.097],[121.74,15.177],[121.772,14.906],[121.614,15.086],[121.542,15.415],[121.779,15.938],[121.902,15.919],[122.262,16.231],[122.311,16.495],[122.622,17.023],[122.241,17.719],[122.239,18.055],[122.43,18.295],[122.225,18.604],[121.997,18.489],[121.259,18.705]],[[145.712,18.025],[145.856,18.107],[145.846,18.189],[145.756,18.185],[145.712,18.025]],[[145.802,17.562],[145.834,17.545],[145.884,17.559],[145.88,17.601],[145.874,17.625],[145.856,17.637],[145.802,17.626],[145.792,17.592],[145.802,17.562]],[[152.624,17.352],[152.727,17.356],[152.778,17.478],[152.634,17.438],[152.624,17.352]],[[145.881,17.336],[145.863,17.348],[145.809,17.337],[145.8,17.303],[145.809,17.273],[145.841,17.256],[145.891,17.27],[145.887,17.312],[145.881,17.336]],[[145.755,16.667],[145.787,16.65],[145.836,16.664],[145.832,16.706],[145.826,16.73],[145.808,16.742],[145.755,16.732],[145.745,16.697],[145.755,16.667]],[[145.646,16.312],[145.735,16.382],[145.619,16.404],[145.646,16.312]],[[145.927,16.024],[146.008,15.871],[146.148,16.074],[145.927,16.024]],[[145.632,15.193],[145.572,14.852],[145.681,14.905],[145.851,15.273],[145.632,15.193]],[[168.982,14.74],[168.85,14.7],[168.856,14.471],[169.085,14.635],[168.982,14.74]],[[145.125,14.093],[145.242,14.093],[145.319,14.221],[145.115,14.172],[145.125,14.093]],[[144.702,13.207],[144.967,13.551],[144.948,13.657],[144.835,13.67],[144.598,13.447],[144.702,13.207]],[[144.415,12.913],[144.382,12.705],[144.461,12.815],[144.415,12.913]],[[170.03,12.26],[170.102,12.149],[170.201,12.245],[170.114,12.347],[170.03,12.26]],[[168.911,12.234],[168.815,12.116],[168.95,12.13],[168.911,12.234]],[[165.335,11.758],[165.157,11.625],[165.249,11.48],[165.6,11.496],[165.574,11.672],[165.335,11.758]],[[166.837,11.526],[166.668,11.51],[166.542,11.215],[166.301,11.231],[166.255,11.124],[166.934,11.123],[167.12,11.45],[166.837,11.526]],[[167.405,11.24],[167.536,11.286],[167.553,11.431],[167.351,11.446],[167.405,11.24]],[[169.766,11.383],[169.638,11.239],[169.52,11.248],[169.655,11.0],[169.913,11.233],[169.766,11.383]],[[162.433,11.459],[162.23,11.736],[162.009,11.571],[162.197,11.322],[162.388,11.333],[162.433,11.459]],[[169.846,10.261],[170.021,10.185],[170.014,10.483],[169.917,10.48],[169.846,10.261]],[[170.844,10.287],[170.844,10.275],[170.875,10.275],[170.879,10.275],[170.909,10.276],[170.909,10.288],[170.877,10.317],[170.876,10.317],[170.844,10.287]],[[166.07,10.166],[165.888,10.199],[166.043,9.98],[166.07,10.166]],[[168.964,10.03],[169.098,9.801],[169.35,9.799],[169.197,10.012],[169.002,10.089],[168.964,10.03]],[[160.836,9.947],[160.735,9.9],[160.792,9.799],[161.139,9.674],[160.836,9.947]],[[170.118,9.676],[169.827,9.664],[169.767,9.582],[169.901,9.297],[169.858,9.203],[170.063,8.977],[170.148,9.096],[170.046,9.319],[170.292,9.438],[170.289,9.573],[170.118,9.676]],[[167.752,9.144],[167.486,9.455],[167.31,9.343],[166.773,9.345],[167.218,9.079],[167.53,9.022],[167.578,8.789],[167.744,8.689],[167.819,8.883],[167.752,9.144]],[[170.819,8.85],[171.054,8.503],[171.241,8.472],[171.285,8.704],[171.215,8.826],[170.926,8.955],[170.805,8.936],[170.819,8.85]],[[151.923,8.505],[151.971,8.584],[151.876,8.631],[151.655,8.54],[151.705,8.417],[151.923,8.505]],[[171.025,8.421],[170.983,8.221],[171.204,8.1],[171.222,8.335],[171.025,8.421]],[[168.106,8.227],[167.937,8.186],[168.269,7.72],[168.335,7.86],[168.215,8.175],[168.106,8.227]],[[151.878,7.711],[151.69,7.675],[151.429,7.349],[151.784,7.206],[151.982,6.963],[152.063,7.332],[151.878,7.711]],[[155.195,7.645],[155.134,7.519],[155.262,7.381],[155.45,7.432],[155.456,7.641],[155.195,7.645]],[[168.897,7.607],[168.541,7.485],[168.568,7.35],[168.876,7.258],[169.015,7.589],[168.897,7.607]],[[171.609,7.293],[171.519,7.078],[171.603,6.961],[171.752,6.923],[171.991,7.106],[171.958,7.177],[171.741,7.132],[171.674,7.32],[171.609,7.293]],[[158.388,6.945],[158.306,7.04],[158.123,7.018],[158.047,6.871],[157.887,6.823],[157.889,6.72],[158.262,6.703],[158.388,6.945]],[[149.371,6.771],[149.164,7.083],[149.032,7.104],[149.238,6.723],[149.334,6.679],[149.371,6.771]],[[143.078,6.762],[143.0,6.69],[143.095,6.648],[143.078,6.762]],[[134.205,6.954],[134.12,6.949],[134.125,6.852],[134.205,6.954]],[[134.228,6.955],[134.693,7.392],[134.765,8.129],[134.481,7.984],[134.521,7.685],[134.164,7.302],[134.228,6.955]],[[134.684,8.136],[134.71,8.403],[134.623,8.488],[134.544,8.383],[134.58,8.139],[134.684,8.136]],[[137.483,8.241],[137.583,8.327],[137.592,8.647],[137.313,8.508],[137.298,8.395],[137.483,8.241]],[[144.525,8.652],[144.481,8.589],[144.563,8.534],[144.525,8.652]],[[148.398,8.551],[148.159,8.383],[148.533,8.322],[148.566,8.023],[148.283,7.91],[148.794,7.655],[148.994,7.835],[148.989,8.651],[148.881,8.708],[148.398,8.551]],[[149.652,8.547],[150.451,8.583],[150.164,9.024],[149.713,8.706],[149.652,8.547]],[[165.753,8.891],[165.798,8.979],[165.686,9.166],[165.505,9.253],[165.541,9.063],[165.753,8.891]],[[148.246,9.257],[148.014,9.223],[147.967,9.079],[148.254,9.074],[148.246,9.257]],[[145.434,9.264],[145.323,9.244],[145.408,9.196],[145.434,9.264]],[[166.185,8.897],[166.294,8.967],[166.191,8.988],[166.185,8.897]],[[152.033,8.64],[152.042,8.533],[152.282,8.573],[152.407,8.743],[152.231,8.809],[152.033,8.64]],[[151.375,8.639],[151.369,8.64],[151.363,8.639],[151.357,8.638],[151.352,8.635],[151.343,8.626],[151.328,8.619],[151.318,8.611],[151.311,8.601],[151.305,8.587],[151.303,8.575],[151.304,8.564],[151.314,8.534],[151.323,8.518],[151.327,8.514],[151.332,8.51],[151.337,8.507],[151.343,8.506],[151.346,8.505],[151.352,8.506],[151.357,8.507],[151.361,8.509],[151.378,8.52],[151.386,8.529],[151.398,8.55],[151.402,8.561],[151.405,8.586],[151.405,8.587],[151.405,8.588],[151.405,8.589],[151.405,8.593],[151.406,8.593],[151.405,8.605],[151.402,8.613],[151.401,8.616],[151.395,8.626],[151.386,8.634],[151.381,8.637],[151.375,8.639]],[[154.27,8.04],[154.375,8.121],[154.273,8.221],[154.27,8.04]],[[149.37,7.662],[149.432,7.519],[149.526,7.695],[149.695,7.744],[149.55,7.782],[149.37,7.662]],[[147.969,7.638],[147.926,7.582],[148.118,7.494],[147.969,7.638]],[[146.373,7.58],[146.232,7.493],[146.151,7.545],[146.122,7.415],[146.404,7.456],[146.373,7.58]],[[149.147,7.379],[149.369,7.193],[149.469,7.227],[149.348,7.376],[149.147,7.379]],[[144.631,7.351],[144.763,7.442],[144.724,7.557],[144.5,7.443],[144.401,7.25],[144.631,7.351]],[[143.881,7.305],[143.935,7.418],[143.796,7.401],[143.799,7.297],[143.881,7.305]],[[145.881,7.639],[145.897,7.746],[145.803,7.679],[145.881,7.639]],[[148.014,7.999],[148.063,8.206],[147.586,8.109],[148.014,7.999]],[[144.991,8.023],[145.353,8.462],[145.144,8.444],[144.923,8.195],[144.902,8.074],[144.991,8.023]],[[140.382,8.223],[140.273,8.158],[140.444,8.101],[140.382,8.223]],[[145.659,8.388],[145.802,8.468],[145.638,8.479],[145.659,8.388]],[[146.723,8.039],[146.808,8.114],[146.705,8.124],[146.723,8.039]],[[152.702,6.772],[152.773,6.884],[152.59,7.001],[152.575,6.889],[152.702,6.772]],[[171.194,7.026],[171.434,7.129],[171.042,7.26],[171.018,7.114],[171.194,7.026]],[[138.086,9.388],[138.24,9.522],[138.218,9.629],[137.959,9.434],[138.086,9.388]],[[140.546,9.742],[140.554,9.75],[140.56,9.786],[140.531,9.806],[140.529,9.806],[140.52,9.805],[140.501,9.798],[140.494,9.791],[140.484,9.762],[140.485,9.755],[140.5,9.735],[140.516,9.731],[140.526,9.732],[140.535,9.736],[140.546,9.742]],[[140.014,9.799],[139.995,9.96],[139.763,10.155],[139.537,10.102],[139.53,9.881],[139.639,9.741],[139.887,9.898],[139.915,9.739],[140.014,9.799]],[[149.448,6.258],[149.557,6.209],[149.584,6.283],[149.497,6.363],[149.448,6.258]],[[169.399,6.246],[169.434,5.916],[169.629,5.773],[169.78,6.037],[169.506,6.321],[169.399,6.246]],[[171.788,6.254],[171.694,6.062],[172.206,5.887],[172.134,6.223],[171.788,6.254]],[[157.318,5.868],[157.132,5.772],[157.349,5.75],[157.318,5.868]],[[145.475,5.868],[145.518,6.007],[145.326,5.983],[145.475,5.868]],[[168.042,5.618],[168.104,5.551],[168.175,5.619],[168.085,5.693],[168.042,5.618]],[[153.825,5.579],[153.516,5.602],[153.445,5.411],[153.726,5.263],[153.825,5.579]],[[162.9,5.262],[163.058,5.253],[163.072,5.379],[162.929,5.373],[162.9,5.262]],[[132.248,5.33],[132.233,5.338],[132.206,5.335],[132.194,5.315],[132.191,5.288],[132.209,5.273],[132.233,5.271],[132.256,5.293],[132.258,5.31],[132.248,5.33]],[[125.508,5.332],[125.587,5.41],[125.546,5.505],[125.294,5.412],[125.508,5.332]],[[126.57,5.52],[126.584,5.504],[126.613,5.506],[126.631,5.522],[126.643,5.551],[126.641,5.576],[126.629,5.602],[126.611,5.611],[126.592,5.611],[126.572,5.594],[126.564,5.563],[126.564,5.535],[126.57,5.52]],[[149.076,5.505],[149.28,5.532],[149.127,5.599],[149.076,5.505]],[[127.028,4.816],[127.063,4.644],[127.183,4.591],[127.157,4.783],[127.028,4.816]],[[168.658,4.583],[168.794,4.559],[168.808,4.683],[168.702,4.687],[168.658,4.583]],[[126.802,4.58],[126.68,4.498],[126.603,4.041],[126.693,3.808],[126.851,3.712],[126.823,3.993],[126.954,4.29],[126.802,4.58]],[[154.76,3.739],[154.774,3.736],[154.789,3.74],[154.807,3.75],[154.829,3.779],[154.832,3.801],[154.803,3.819],[154.789,3.822],[154.775,3.818],[154.756,3.808],[154.741,3.777],[154.743,3.762],[154.76,3.739]],[[154.865,3.74],[154.887,3.731],[154.897,3.727],[154.923,3.737],[154.925,3.768],[154.922,3.784],[154.904,3.807],[154.892,3.809],[154.874,3.804],[154.859,3.793],[154.847,3.764],[154.849,3.748],[154.865,3.74]],[[125.768,3.883],[125.389,3.712],[125.599,3.277],[125.45,3.238],[125.496,2.927],[125.671,2.983],[125.644,3.313],[125.771,3.425],[125.646,3.655],[125.836,3.797],[125.768,3.883]],[[173.007,3.405],[172.902,3.284],[172.689,3.26],[172.745,2.991],[172.995,3.114],[173.007,3.405]],[[131.86,3.026],[131.752,2.977],[131.745,2.826],[131.861,2.877],[131.86,3.026]],[[125.428,2.838],[125.327,2.735],[125.432,2.594],[125.511,2.729],[125.428,2.838]],[[131.217,3.031],[131.217,3.067],[131.208,3.078],[131.184,3.091],[131.182,3.091],[131.159,3.089],[131.145,3.085],[131.126,3.073],[131.116,3.063],[131.105,3.045],[131.106,3.012],[131.114,3.001],[131.139,2.988],[131.144,2.989],[131.166,2.993],[131.175,2.996],[131.195,3.006],[131.205,3.015],[131.217,3.031]],[[125.766,4.488],[125.782,4.722],[125.58,4.811],[125.4,4.737],[125.668,4.429],[125.766,4.488]],[[120.016,8.922],[119.996,8.938],[119.967,8.938],[119.949,8.93],[119.922,8.9],[119.914,8.863],[119.924,8.82],[119.951,8.816],[119.99,8.832],[120.012,8.869],[120.016,8.922]],[[123.704,9.291],[123.438,9.255],[123.418,9.153],[123.717,9.101],[123.704,9.291]],[[121.444,9.988],[121.374,9.99],[121.37,9.818],[121.203,9.769],[121.198,9.549],[121.326,9.583],[121.542,9.917],[121.444,9.988]],[[121.706,12.98],[121.7,12.981],[121.693,12.98],[121.681,12.977],[121.662,12.963],[121.656,12.951],[121.651,12.933],[121.652,12.922],[121.665,12.897],[121.67,12.893],[121.675,12.886],[121.695,12.875],[121.707,12.87],[121.714,12.869],[121.718,12.869],[121.738,12.877],[121.743,12.881],[121.751,12.898],[121.759,12.911],[121.761,12.921],[121.759,12.943],[121.753,12.954],[121.747,12.961],[121.74,12.969],[121.72,12.977],[121.706,12.98]],[[122.394,12.469],[122.679,12.153],[122.861,12.313],[122.742,12.343],[122.685,12.53],[122.394,12.469]],[[120.894,12.007],[120.87,12.151],[120.637,12.179],[120.75,11.983],[120.894,12.007]],[[120.664,12.69],[120.438,12.751],[120.408,12.646],[120.678,12.535],[120.664,12.69]],[[117.784,15.246],[117.692,15.194],[117.743,15.117],[117.837,15.17],[117.784,15.246]],[[114.798,16.279],[114.152,16.114],[113.911,15.847],[113.871,15.663],[113.682,15.645],[113.708,15.569],[114.151,15.45],[114.72,15.704],[114.939,16.039],[114.924,16.194],[114.798,16.279]],[[111.253,15.84],[111.227,15.846],[111.187,15.83],[111.161,15.82],[111.141,15.787],[111.137,15.754],[111.151,15.727],[111.197,15.724],[111.23,15.737],[111.253,15.777],[111.26,15.81],[111.253,15.84]],[[112.672,16.127],[112.422,16.015],[112.621,16.017],[112.672,16.127]],[[111.852,16.101],[111.812,16.307],[111.515,16.227],[111.543,16.135],[111.727,16.111],[111.745,16.008],[111.852,16.101]],[[112.015,16.28],[112.116,16.318],[112.075,16.4],[111.936,16.37],[112.015,16.28]],[[111.58,16.382],[111.818,16.462],[111.723,16.651],[111.458,16.47],[111.58,16.382]],[[112.638,16.639],[112.329,16.277],[112.504,16.283],[112.782,16.471],[112.759,16.711],[112.638,16.639]],[[112.34,16.708],[112.429,16.781],[112.415,16.943],[112.327,17.033],[112.165,17.008],[112.168,16.753],[112.34,16.708]],[[111.562,17.026],[111.584,17.137],[111.414,17.09],[111.562,17.026]],[[114.525,16.274],[114.682,16.337],[114.522,16.376],[114.463,16.323],[114.525,16.274]],[[112.989,19.258],[112.992,19.421],[112.857,19.269],[112.989,19.258]],[[116.701,11.775],[116.551,11.695],[116.375,11.101],[116.459,11.0],[116.791,11.263],[116.82,11.16],[116.633,10.848],[116.719,10.793],[117.019,10.998],[117.071,11.404],[117.44,11.605],[117.271,11.88],[116.943,11.817],[117.133,11.863],[117.146,12.009],[116.802,11.935],[116.701,11.775]],[[117.49,11.177],[117.507,11.17],[117.518,11.174],[117.525,11.189],[117.528,11.211],[117.527,11.239],[117.515,11.302],[117.493,11.36],[117.479,11.38],[117.464,11.393],[117.447,11.395],[117.431,11.385],[117.414,11.359],[117.409,11.343],[117.408,11.326],[117.414,11.292],[117.438,11.239],[117.467,11.2],[117.49,11.177]],[[117.352,10.801],[117.163,10.776],[117.109,10.628],[117.379,10.677],[117.429,10.941],[117.343,10.914],[117.352,10.801]],[[117.739,10.702],[117.877,10.874],[117.757,10.843],[117.739,10.702]],[[116.819,10.638],[116.598,10.529],[116.55,10.355],[116.746,10.378],[116.887,10.536],[116.819,10.638]],[[114.591,10.428],[114.306,10.383],[114.203,10.162],[114.703,10.255],[114.75,10.375],[114.591,10.428]],[[115.342,10.22],[115.367,10.208],[115.387,10.218],[115.397,10.238],[115.39,10.257],[115.367,10.269],[115.344,10.263],[115.336,10.238],[115.342,10.22]],[[113.885,10.139],[113.879,10.14],[113.873,10.139],[113.867,10.138],[113.862,10.135],[113.858,10.132],[113.854,10.127],[113.851,10.122],[113.849,10.117],[113.849,10.111],[113.848,10.081],[113.836,10.019],[113.836,10.018],[113.836,10.017],[113.836,10.016],[113.835,10.016],[113.835,10.015],[113.834,9.981],[113.835,9.972],[113.838,9.967],[113.841,9.962],[113.845,9.958],[113.849,9.955],[113.855,9.952],[113.86,9.951],[113.864,9.951],[113.87,9.951],[113.875,9.953],[113.881,9.956],[113.885,9.959],[113.889,9.963],[113.891,9.968],[113.893,9.974],[113.895,10.01],[113.907,10.072],[113.907,10.073],[113.907,10.074],[113.907,10.075],[113.907,10.076],[113.907,10.077],[113.908,10.077],[113.908,10.116],[113.906,10.121],[113.903,10.126],[113.9,10.131],[113.895,10.135],[113.89,10.137],[113.885,10.139]],[[114.01,9.98],[114.029,9.972],[114.047,9.983],[114.072,10.01],[114.074,10.043],[114.066,10.056],[114.05,10.061],[114.031,10.054],[114.014,10.04],[114.002,10.024],[114.001,10.004],[114.01,9.98]],[[114.353,9.972],[114.218,9.755],[114.291,9.649],[114.696,9.961],[114.406,10.051],[114.353,9.972]],[[115.518,9.884],[115.6,9.91],[115.536,9.99],[115.518,9.884]],[[113.079,9.702],[112.906,9.671],[112.875,9.54],[113.046,9.583],[113.079,9.702]],[[116.248,10.628],[116.409,10.885],[116.358,10.974],[116.149,10.814],[116.145,10.653],[116.248,10.628]],[[114.524,10.669],[114.814,11.147],[114.321,10.749],[114.368,10.649],[114.524,10.669]],[[114.207,10.965],[114.349,10.978],[114.434,11.117],[114.153,11.074],[114.015,10.888],[114.207,10.965]],[[114.984,11.068],[115.012,11.063],[115.035,11.073],[115.05,11.094],[115.055,11.115],[115.056,11.134],[115.044,11.15],[115.028,11.154],[115.011,11.15],[114.988,11.137],[114.98,11.115],[114.973,11.088],[114.984,11.068]],[[114.933,10.94],[114.929,10.936],[114.907,10.905],[114.89,10.897],[114.876,10.889],[114.861,10.875],[114.858,10.87],[114.856,10.864],[114.855,10.859],[114.856,10.853],[114.857,10.847],[114.86,10.842],[114.864,10.837],[114.868,10.833],[114.874,10.83],[114.879,10.828],[114.885,10.828],[114.891,10.828],[114.896,10.83],[114.901,10.832],[114.912,10.842],[114.926,10.849],[114.927,10.849],[114.928,10.849],[114.929,10.849],[114.93,10.849],[114.943,10.857],[114.949,10.862],[114.978,10.902],[114.981,10.907],[114.983,10.913],[114.983,10.919],[114.983,10.924],[114.981,10.93],[114.979,10.935],[114.975,10.94],[114.97,10.943],[114.965,10.946],[114.96,10.948],[114.954,10.949],[114.948,10.948],[114.943,10.947],[114.938,10.944],[114.933,10.94]],[[115.804,10.843],[115.815,10.679],[115.894,10.852],[115.804,10.843]],[[116.328,11.724],[116.07,11.431],[116.064,11.167],[116.201,11.267],[116.328,11.724]],[[114.73,11.548],[114.583,11.335],[114.697,11.39],[114.73,11.548]],[[113.616,8.955],[113.71,8.905],[113.772,9.06],[113.616,8.955]],[[114.032,8.931],[113.884,8.886],[113.917,8.788],[114.28,8.705],[114.309,8.831],[114.032,8.931]],[[111.697,8.687],[111.462,8.503],[111.674,8.583],[111.697,8.687]],[[112.267,8.816],[112.418,8.945],[112.229,8.934],[112.157,8.817],[112.267,8.816]],[[112.54,8.827],[112.656,8.82],[112.658,8.82],[112.666,8.821],[112.672,8.823],[112.676,8.826],[112.68,8.83],[112.684,8.834],[112.686,8.839],[112.688,8.845],[112.688,8.851],[112.687,8.857],[112.685,8.862],[112.682,8.867],[112.679,8.871],[112.674,8.875],[112.669,8.877],[112.663,8.879],[112.54,8.887],[112.534,8.886],[112.529,8.884],[112.524,8.881],[112.52,8.878],[112.516,8.873],[112.514,8.868],[112.512,8.862],[112.512,8.856],[112.513,8.85],[112.515,8.844],[112.517,8.84],[112.521,8.835],[112.526,8.832],[112.531,8.829],[112.537,8.828],[112.54,8.827]],[[115.26,8.334],[115.418,8.322],[115.466,8.405],[115.14,8.435],[115.26,8.334]],[[113.352,8.329],[113.179,8.033],[113.385,8.188],[113.352,8.329]],[[114.516,8.06],[114.797,8.065],[114.864,8.181],[114.604,8.198],[114.516,8.06]],[[113.934,8.052],[113.857,7.977],[113.995,7.872],[113.934,8.052]],[[114.201,7.901],[113.767,7.61],[114.175,7.567],[114.512,7.912],[114.451,7.984],[114.201,7.901]],[[111.61,7.571],[111.79,7.726],[111.724,7.975],[111.605,7.944],[111.511,7.735],[111.533,7.569],[111.61,7.571]],[[109.852,7.614],[109.59,7.615],[109.375,7.327],[109.955,7.485],[109.852,7.614]],[[113.824,7.418],[113.759,7.365],[113.872,7.377],[113.824,7.418]],[[110.262,7.879],[110.062,8.061],[109.872,7.872],[109.936,7.754],[110.214,7.735],[110.262,7.879]],[[110.571,7.927],[110.674,8.042],[110.583,8.195],[110.436,8.12],[110.571,7.927]],[[111.949,8.088],[112.062,8.138],[112.033,8.226],[111.874,8.198],[111.949,8.088]],[[113.584,6.902],[113.587,6.901],[113.595,6.902],[113.599,6.903],[113.604,6.905],[113.608,6.907],[113.612,6.911],[113.615,6.915],[113.617,6.919],[113.627,6.959],[113.671,7.054],[113.673,7.06],[113.674,7.066],[113.674,7.071],[113.673,7.077],[113.67,7.082],[113.667,7.087],[113.663,7.091],[113.658,7.094],[113.652,7.096],[113.646,7.097],[113.641,7.097],[113.635,7.096],[113.63,7.094],[113.625,7.09],[113.621,7.086],[113.583,7.011],[113.56,6.932],[113.56,6.926],[113.562,6.921],[113.564,6.916],[113.568,6.911],[113.572,6.907],[113.577,6.904],[113.584,6.902]],[[125.384,2.297],[125.477,2.392],[125.294,2.421],[125.384,2.297]],[[125.405,2.161],[125.316,2.055],[125.428,2.086],[125.405,2.161]],[[126.356,1.266],[126.381,1.253],[126.397,1.258],[126.402,1.26],[126.415,1.277],[126.42,1.295],[126.421,1.303],[126.429,1.318],[126.424,1.353],[126.417,1.36],[126.404,1.368],[126.399,1.37],[126.396,1.372],[126.383,1.378],[126.375,1.379],[126.37,1.379],[126.355,1.376],[126.348,1.372],[126.341,1.367],[126.332,1.358],[126.324,1.348],[126.319,1.335],[126.323,1.304],[126.327,1.3],[126.34,1.29],[126.356,1.266]],[[173.225,1.976],[173.356,1.976],[173.312,2.118],[173.225,1.976]],[[172.939,1.972],[172.79,1.862],[173.044,1.69],[173.069,1.816],[172.939,1.972]],[[172.922,1.639],[172.892,1.355],[173.193,1.336],[173.09,1.546],[172.922,1.639]],[[131.225,0.991],[131.236,0.989],[131.261,1.001],[131.269,1.011],[131.272,1.019],[131.274,1.021],[131.285,1.029],[131.292,1.037],[131.297,1.045],[131.301,1.058],[131.302,1.07],[131.285,1.099],[131.278,1.103],[131.264,1.106],[131.243,1.099],[131.235,1.092],[131.225,1.073],[131.223,1.057],[131.223,1.056],[131.221,1.054],[131.213,1.043],[131.207,1.029],[131.206,1.023],[131.225,0.991]],[[173.053,1.056],[172.854,0.983],[172.984,0.797],[173.123,0.96],[173.053,1.056]],[[134.345,0.796],[134.329,0.797],[134.327,0.797],[134.311,0.793],[134.295,0.783],[134.286,0.775],[134.276,0.762],[134.272,0.732],[134.277,0.721],[134.301,0.703],[134.319,0.7],[134.323,0.7],[134.335,0.703],[134.351,0.71],[134.365,0.722],[134.373,0.737],[134.376,0.761],[134.372,0.774],[134.345,0.796]],[[129.987,0.754],[129.905,0.673],[129.952,0.509],[129.987,0.754]],[[131.047,0.511],[130.878,0.391],[131.01,0.317],[131.221,0.403],[131.222,0.65],[131.065,0.634],[131.047,0.511]],[[173.791,0.366],[173.923,0.287],[173.993,0.348],[173.862,0.522],[173.791,0.366]],[[173.345,0.347],[173.312,0.207],[173.645,0.116],[173.655,0.24],[173.465,0.23],[173.345,0.347]],[[129.204,0.745],[128.948,0.869],[128.851,0.66],[129.212,0.535],[129.204,0.745]],[[154.795,1.004],[154.685,0.957],[154.832,0.895],[154.795,1.004]]]}},{"type":"Feature","properties":{},"geometry":{"type":"Polygon","coordinates":[[[163.105479,-18.5888],[163.105357,-18.5888],[163.105113,-18.588678],[163.105479,-18.5888]]]}},{"type":"Feature","properties":{},"geometry":{"type":"Polygon","coordinates":[[[151.183,-8.443],[150.825,-8.277],[150.343,-8.249],[150.102,-8.249],[149.971,-8.362],[149.215,-8.221],[148.964,-8.368],[148.638,-8.225],[148.422,-8.009],[148.254,-8.057],[148.104,-7.898],[147.895,-7.865],[147.84,-7.739],[147.246,-7.313],[147.038,-6.791],[147.888,-6.753],[147.867,-6.3],[147.378,-5.882],[147.136,-5.92],[146.462,-5.549],[145.833,-5.434],[145.84,-4.852],[145.405,-4.381],[145.057,-4.299],[144.489,-3.702],[144.174,-3.593],[143.995,-3.711],[143.55,-3.281],[143.276,-3.355],[143.379,-3.239],[143.33,-3.174],[143.033,-3.326],[142.308,-3.068],[142.183,-2.897],[141.882,-2.894],[140.814,-2.465],[140.161,-2.291],[139.795,-2.318],[139.189,-1.893],[138.856,-1.856],[138.866,-1.657],[138.743,-1.503],[138.583,-1.553],[137.774,-1.264],[136.96,-1.334],[136.635,-1.11],[136.412,-1.123],[135.97,-0.678],[135.381,-0.537],[135.328,-0.301],[135.136,-0.473],[135.151,-0.682],[135.43,-0.976],[135.686,-0.975],[135.853,-1.228],[136.039,-1.213],[136.186,-1.363],[136.846,-1.452],[136.613,-1.678],[135.063,-1.339],[134.466,-1.341],[134.481,-1.417],[134.694,-1.409],[134.886,-1.529],[135.33,-1.559],[135.98,-2.078],[136.001,-1.934],[136.278,-2.033],[136.274,-2.183],[136.014,-2.201],[135.897,-2.385],[135.87,-2.537],[135.974,-2.712],[135.622,-2.768],[135.508,-3.212],[135.191,-3.295],[135.006,-2.657],[135.371,-2.132],[135.255,-2.052],[135.042,-2.124],[134.757,-1.767],[134.615,-2.11],[134.487,-2.145],[134.369,-1.857],[134.454,-1.851],[134.449,-1.764],[134.188,-1.642],[134.401,-1.33],[134.142,-1.106],[134.2,-0.854],[133.998,-0.689],[133.49,-0.702],[132.78,-0.331],[132.221,-0.299],[131.924,-0.575],[131.234,-0.791],[130.787,-0.577],[131.449,-0.282],[131.111,-0.0],[180,-0.0],[180,-16.093],[178.447,-16.265],[178.206,-16.457],[177.415,-16.632],[177.227,-16.786],[177.219,-16.907],[176.834,-17.152],[176.942,-17.607],[177.27,-18.139],[177.918,-18.316],[177.997,-18.545],[178.234,-18.416],[178.204,-18.286],[178.346,-18.208],[178.727,-18.149],[178.95,-17.657],[179.117,-17.714],[179.132,-17.606],[178.812,-17.258],[178.867,-17.117],[178.999,-17.081],[179.142,-17.177],[179.152,-16.905],[179.71,-16.82],[179.908,-16.875],[179.902,-17.02],[180,-16.994],[180,-18.482],[179.786,-18.586],[180,-18.712],[180,-77.874],[176.048,-77.636],[171.602,-77.497],[171.246,-77.074],[170.406,-77.105],[169.931,-77.49],[168.175,-77.334],[167.372,-77.351],[166.953,-77.117],[166.566,-77.129],[166.285,-77.245],[166.421,-77.405],[166.123,-77.523],[166.316,-77.701],[166.66,-77.748],[166.479,-77.889],[165.843,-77.824],[164.698,-77.886],[164.574,-77.729],[164.694,-77.417],[164.563,-77.37],[163.806,-77.657],[163.95,-77.441],[163.71,-77.369],[163.326,-76.985],[162.774,-76.937],[163.182,-76.625],[163.542,-76.601],[163.641,-76.363],[163.526,-76.274],[163.086,-76.241],[163.038,-76.097],[162.852,-76.076],[162.859,-76.005],[163.074,-75.969],[162.966,-75.849],[163.062,-75.521],[165.674,-75.624],[165.771,-75.54],[165.713,-75.448],[165.534,-75.473],[165.271,-75.329],[163.506,-75.2],[164.29,-74.747],[165.576,-74.611],[165.649,-74.488],[165.232,-74.216],[165.302,-74.106],[166.296,-74.118],[166.422,-74.033],[166.225,-73.939],[166.255,-73.817],[167.474,-73.738],[168.009,-73.55],[168.398,-73.599],[169.132,-73.472],[169.375,-73.169],[169.678,-73.1],[169.92,-72.847],[170.322,-72.631],[170.409,-72.312],[170.04,-72.266],[170.207,-72.074],[170.934,-71.945],[171.162,-72.033],[171.279,-71.873],[171.054,-71.849],[170.741,-71.597],[170.771,-71.468],[170.239,-71.204],[170.115,-71.275],[170.126,-71.595],[169.015,-71.297],[168.687,-71.109],[168.272,-71.12],[167.67,-70.673],[167.238,-70.673],[166.782,-70.457],[166.411,-70.495],[166.436,-70.299],[166.187,-70.221],[164.886,-70.073],[163.911,-70.148],[163.857,-70.233],[163.997,-70.452],[163.447,-70.551],[163.19,-70.488],[162.942,-70.145],[163.23,-70.025],[163.47,-70.073],[163.962,-69.963],[163.975,-69.878],[163.662,-69.953],[163.278,-69.785],[162.564,-69.889],[162.534,-69.737],[162.203,-69.703],[161.958,-69.833],[162.15,-70.049],[162.03,-70.21],[161.128,-70.187],[160.694,-69.886],[160.847,-69.63],[160.345,-69.611],[160.405,-69.465],[160.342,-69.42],[157.47,-69.113],[156.985,-68.942],[157.05,-68.803],[158.112,-68.659],[158.133,-68.557],[157.869,-68.29],[155.886,-68.297],[155.715,-68.363],[155.75,-68.464],[156.358,-68.668],[156.273,-68.9],[156.105,-68.945],[155.548,-68.889],[154.35,-68.201],[154.158,-68.297],[153.805,-68.23],[152.671,-68.342],[147.333,-44.041],[147.697,-43.917],[147.978,-43.517],[148.183,-43.385],[148.615,-42.233],[148.662,-41.177],[148.806,-40.937],[148.759,-40.787],[148.896,-40.257],[148.782,-39.849],[148.799,-39.495],[148.496,-38.875],[148.35,-38.825],[148.47,-38.393],[149.166,-38.249],[149.43,-38.105],[149.862,-38.129],[150.222,-37.817],[150.356,-37.319],[150.331,-36.374],[150.442,-36.057],[151.086,-35.057],[151.182,-34.625],[151.542,-34.001],[152.646,-32.873],[153.214,-31.846],[153.155,-31.593],[153.828,-29.289],[153.918,-28.409],[153.664,-26.745],[153.87,-26.417],[153.897,-26.097],[153.511,-24.617],[152.578,-23.852],[152.207,-23.317],[152.79,-22.815],[152.934,-23.124],[153.09,-23.144],[153.078,-22.913],[153.246,-22.769],[153.39,-22.241],[153.257,-21.982],[153.063,-22.08],[152.959,-21.977],[152.886,-21.809],[153.004,-21.658],[152.969,-21.555],[152.837,-21.642],[152.768,-21.589],[152.873,-21.166],[153.094,-21.107],[153.054,-20.897],[152.791,-21.015],[152.422,-20.839],[152.295,-20.547],[152.153,-20.535],[151.999,-20.297],[151.726,-20.517],[151.641,-20.252],[151.492,-20.208],[151.452,-20.301],[151.607,-20.595],[151.326,-20.513],[151.238,-20.374],[151.063,-20.345],[150.598,-19.81],[149.969,-19.465],[150.077,-19.288],[149.866,-19.213],[149.742,-19.385],[149.583,-19.364],[149.427,-19.191],[148.236,-18.777],[147.678,-18.353],[147.141,-18.13],[146.833,-17.739],[146.718,-17.225],[146.478,-16.817],[145.925,-16.087],[145.739,-14.687],[145.522,-14.428],[144.907,-14.171],[144.654,-13.889],[144.451,-13.909],[144.054,-13.361],[143.867,-12.866],[143.886,-12.425],[144.151,-11.753],[144.027,-10.226],[144.384,-9.825],[144.879,-9.784],[144.966,-9.545],[144.903,-9.36],[145.183,-9.137],[145.234,-8.82],[145.578,-8.49],[145.907,-8.395],[146.142,-8.465],[146.197,-8.667],[146.619,-9.206],[146.803,-9.198],[146.795,-9.384],[147.313,-9.691],[147.542,-10.092],[148.615,-10.385],[149.147,-10.374],[149.606,-10.628],[150.843,-11.001],[151.229,-11.213],[152.431,-11.321],[153.126,-11.729],[153.878,-11.779],[154.386,-11.669],[154.349,-11.519],[154.459,-11.442],[154.269,-11.252],[153.732,-11.22],[153.553,-11.32],[152.401,-10.64],[152.161,-10.83],[152.528,-10.965],[152.142,-11.177],[151.269,-10.954],[151.233,-10.763],[151.558,-10.725],[151.814,-10.874],[152.05,-10.795],[151.691,-10.627],[151.923,-10.605],[151.838,-10.502],[151.442,-10.312],[151.283,-10.365],[151.331,-9.914],[151.11,-9.905],[150.98,-9.794],[151.11,-9.641],[151.207,-9.185],[151.183,-8.443]],[[151.686,-8.98],[151.791,-8.872],[151.981,-9.068],[152.064,-9.012],[151.999,-8.777],[151.755,-8.666],[151.666,-8.734],[151.686,-8.98]],[[157.278,-8.729],[157.681,-8.828],[157.629,-8.693],[157.397,-8.608],[157.445,-8.325],[157.775,-8.638],[157.737,-8.85],[158.03,-8.79],[158.198,-8.872],[158.313,-8.792],[158.19,-8.489],[157.941,-8.386],[157.624,-7.984],[157.454,-7.941],[157.23,-8.129],[157.235,-7.9],[157.09,-7.8],[156.942,-7.849],[156.874,-8.031],[156.778,-7.918],[156.844,-7.734],[156.764,-7.61],[156.485,-7.557],[156.414,-7.709],[156.554,-8.205],[156.728,-8.081],[157.237,-8.397],[157.171,-8.572],[157.278,-8.729]],[[157.662,-7.577],[158.466,-7.715],[159.462,-8.393],[160.206,-9.272],[159.963,-9.403],[159.712,-9.218],[159.541,-9.28],[159.567,-9.528],[159.818,-9.818],[160.314,-9.845],[160.614,-9.975],[160.997,-9.86],[160.695,-9.65],[160.662,-9.497],[160.422,-9.375],[160.51,-9.193],[160.082,-8.718],[159.954,-8.338],[160.354,-8.324],[160.389,-8.247],[160.062,-8.129],[159.894,-7.961],[159.495,-7.944],[159.002,-7.735],[158.639,-7.431],[157.326,-7.145],[157.262,-7.004],[156.678,-6.593],[156.486,-6.545],[156.251,-6.731],[155.876,-6.249],[155.22,-5.782],[155.086,-5.527],[154.802,-5.419],[154.68,-5.001],[154.543,-5.046],[154.484,-5.2],[154.663,-5.862],[154.518,-6.041],[154.758,-6.281],[154.807,-6.545],[155.084,-6.87],[155.31,-6.785],[155.341,-6.935],[155.782,-7.168],[156.378,-6.894],[156.96,-7.327],[157.662,-7.577]],[[156.848,-7.388],[156.62,-7.219],[156.548,-7.267],[156.702,-7.431],[156.909,-7.471],[156.848,-7.388]],[[155.647,-7.37],[155.538,-7.294],[155.478,-7.377],[155.647,-7.37]],[[147.96,-6.704],[147.954,-6.704],[147.948,-6.705],[147.943,-6.707],[147.938,-6.71],[147.934,-6.714],[147.931,-6.719],[147.928,-6.727],[147.926,-6.777],[147.926,-6.778],[147.925,-6.778],[147.925,-6.779],[147.913,-6.784],[147.908,-6.788],[147.904,-6.792],[147.901,-6.797],[147.9,-6.802],[147.899,-6.808],[147.899,-6.814],[147.901,-6.82],[147.903,-6.824],[147.906,-6.828],[147.912,-6.834],[147.916,-6.836],[147.92,-6.838],[147.925,-6.839],[147.929,-6.839],[147.934,-6.839],[147.964,-6.827],[147.968,-6.823],[147.972,-6.819],[147.983,-6.795],[147.985,-6.784],[147.986,-6.734],[147.986,-6.731],[147.985,-6.725],[147.983,-6.72],[147.98,-6.715],[147.976,-6.711],[147.972,-6.708],[147.966,-6.705],[147.96,-6.704]],[[150.343,-6.329],[151.158,-6.017],[151.71,-5.585],[151.837,-5.623],[152.118,-5.478],[152.177,-5.342],[152.026,-5.113],[152.411,-4.807],[152.49,-4.098],[152.401,-4.113],[152.323,-4.31],[152.085,-4.059],[151.466,-4.077],[151.424,-4.213],[151.58,-4.728],[151.494,-4.806],[150.962,-4.842],[150.921,-4.941],[151.111,-5.007],[150.885,-5.326],[150.606,-5.393],[150.51,-5.177],[150.366,-5.177],[150.066,-4.958],[149.781,-5.37],[149.574,-5.321],[149.22,-5.466],[149.046,-5.393],[148.864,-5.484],[148.397,-5.387],[148.183,-5.609],[147.748,-5.411],[147.651,-5.591],[147.895,-5.921],[148.064,-5.922],[148.594,-6.204],[149.389,-6.113],[149.63,-6.338],[150.343,-6.329]],[[147.185,-5.487],[147.285,-5.338],[147.111,-5.162],[146.975,-5.321],[147.185,-5.487]],[[147.554,-5.363],[147.688,-5.295],[147.536,-5.255],[147.554,-5.363]],[[148.05,-5.387],[148.076,-5.482],[148.172,-5.465],[148.142,-5.366],[148.05,-5.387]],[[149.173,-4.833],[149.093,-4.874],[149.153,-4.954],[149.173,-4.833]],[[146.292,-4.843],[146.301,-4.754],[146.173,-4.754],[146.198,-4.869],[146.292,-4.843]],[[146.062,-4.734],[146.09,-4.56],[145.961,-4.503],[145.852,-4.716],[145.928,-4.789],[146.062,-4.734]],[[148.76,-4.588],[148.834,-4.494],[148.745,-4.508],[148.76,-4.588]],[[149.016,-4.591],[149.595,-4.708],[149.172,-4.519],[149.016,-4.591]],[[145.135,-4.062],[145.011,-4.033],[145.0,-4.115],[145.097,-4.154],[145.135,-4.062]],[[152.583,-4.038],[152.664,-4.565],[152.905,-4.877],[153.166,-4.381],[153.0,-3.977],[152.648,-3.78],[152.07,-3.223],[150.849,-2.513],[150.654,-2.537],[150.263,-2.239],[149.934,-2.417],[150.168,-2.705],[150.485,-2.681],[151.083,-2.863],[151.788,-3.383],[152.261,-3.591],[152.583,-4.038]],[[144.634,-3.543],[144.65,-3.512],[144.649,-3.504],[144.636,-3.484],[144.628,-3.478],[144.618,-3.473],[144.608,-3.47],[144.6,-3.469],[144.581,-3.476],[144.573,-3.482],[144.563,-3.503],[144.562,-3.511],[144.573,-3.538],[144.6,-3.549],[144.601,-3.549],[144.604,-3.549],[144.605,-3.549],[144.614,-3.55],[144.628,-3.546],[144.634,-3.543]],[[147.813,-3.448],[147.815,-3.44],[147.82,-3.44],[147.825,-3.44],[147.83,-3.438],[147.834,-3.436],[147.839,-3.433],[147.843,-3.428],[147.846,-3.424],[147.848,-3.418],[147.849,-3.413],[147.849,-3.407],[147.848,-3.401],[147.845,-3.396],[147.845,-3.395],[147.836,-3.381],[147.826,-3.369],[147.809,-3.357],[147.786,-3.347],[147.782,-3.346],[147.778,-3.346],[147.77,-3.348],[147.762,-3.351],[147.741,-3.37],[147.737,-3.377],[147.734,-3.384],[147.734,-3.392],[147.737,-3.407],[147.742,-3.418],[147.75,-3.429],[147.758,-3.45],[147.76,-3.454],[147.763,-3.458],[147.766,-3.461],[147.77,-3.463],[147.778,-3.467],[147.783,-3.467],[147.789,-3.467],[147.795,-3.466],[147.799,-3.464],[147.806,-3.459],[147.811,-3.452],[147.813,-3.448]],[[144.409,-3.349],[144.264,-3.349],[144.146,-3.158],[143.964,-3.226],[144.227,-3.403],[144.376,-3.423],[144.409,-3.349]],[[147.977,-3.345],[148.061,-3.34],[148.007,-3.217],[147.977,-3.345]],[[150.748,-3.053],[151.054,-2.961],[150.876,-2.874],[150.695,-2.969],[150.748,-3.053]],[[147.102,-2.921],[147.137,-2.851],[147.042,-2.835],[147.102,-2.921]],[[149.664,-2.642],[149.787,-2.599],[149.681,-2.561],[149.599,-2.633],[149.664,-2.642]],[[147.352,-2.553],[147.599,-2.311],[147.342,-2.321],[147.22,-2.489],[147.062,-2.354],[146.997,-2.414],[147.23,-2.601],[147.352,-2.553]],[[146.873,-2.408],[146.982,-2.274],[147.279,-2.291],[147.304,-2.119],[147.449,-2.084],[147.466,-1.973],[146.608,-1.843],[146.377,-2.06],[146.167,-2.117],[146.248,-2.375],[146.478,-2.417],[146.529,-2.293],[146.73,-2.232],[146.873,-2.408]],[[144.22,-1.857],[144.268,-1.739],[144.039,-1.593],[144.102,-1.865],[144.22,-1.857]],[[142.878,-1.675],[142.846,-1.671],[142.811,-1.682],[142.796,-1.696],[142.79,-1.717],[142.787,-1.743],[142.801,-1.759],[142.838,-1.759],[142.865,-1.742],[142.892,-1.722],[142.907,-1.703],[142.902,-1.682],[142.878,-1.675]],[[145.026,-1.644],[145.192,-1.554],[145.125,-1.401],[144.959,-1.499],[145.026,-1.644]],[[144.141,-1.46],[144.386,-1.352],[144.573,-1.069],[144.358,-1.053],[144.102,-1.337],[144.065,-1.439],[144.141,-1.46]],[[174.641,-1.18],[174.859,-1.546],[175.11,-1.553],[175.081,-1.417],[174.894,-1.337],[174.749,-1.114],[174.645,-1.104],[174.641,-1.18]],[[175.972,-1.395],[176.05,-1.35],[175.949,-1.252],[175.972,-1.395]],[[176.367,-1.314],[176.367,-1.322],[176.368,-1.33],[176.382,-1.371],[176.431,-1.449],[176.448,-1.461],[176.452,-1.464],[176.456,-1.465],[176.461,-1.466],[176.469,-1.466],[176.477,-1.463],[176.482,-1.46],[176.486,-1.457],[176.49,-1.449],[176.493,-1.441],[176.493,-1.432],[176.488,-1.402],[176.472,-1.362],[176.451,-1.33],[176.45,-1.33],[176.447,-1.326],[176.446,-1.326],[176.445,-1.325],[176.434,-1.315],[176.434,-1.314],[176.433,-1.314],[176.433,-1.313],[176.433,-1.312],[176.426,-1.302],[176.423,-1.299],[176.406,-1.291],[176.405,-1.291],[176.404,-1.291],[176.403,-1.291],[176.402,-1.291],[176.401,-1.291],[176.4,-1.29],[176.399,-1.29],[176.392,-1.29],[176.385,-1.292],[176.378,-1.296],[176.373,-1.301],[176.369,-1.307],[176.367,-1.314]],[[149.854,-1.59],[149.726,-1.363],[149.533,-1.329],[149.518,-1.492],[149.646,-1.639],[149.576,-1.706],[149.714,-1.642],[150.06,-1.707],[150.005,-1.593],[149.854,-1.59]],[[153.329,-1.631],[153.108,-1.82],[153.318,-1.961],[153.342,-2.105],[153.665,-2.052],[153.74,-1.879],[153.643,-1.675],[153.518,-1.594],[153.329,-1.631]],[[175.583,-1.986],[175.619,-1.863],[175.488,-1.776],[175.583,-1.986]],[[147.794,-2.007],[147.552,-2.046],[147.723,-2.418],[147.944,-2.288],[147.794,-2.007]],[[175.952,-2.486],[175.96,-2.511],[175.976,-2.531],[176.004,-2.532],[176.023,-2.519],[176.021,-2.503],[176.0,-2.479],[175.978,-2.469],[175.96,-2.469],[175.952,-2.486]],[[151.897,-2.571],[151.914,-2.889],[152.089,-3.024],[152.063,-2.622],[151.897,-2.571]],[[176.83,-2.691],[176.863,-2.618],[176.756,-2.583],[176.83,-2.691]],[[152.539,-3.027],[152.538,-3.174],[152.657,-3.251],[152.745,-2.985],[152.539,-3.027]],[[154.482,-3.107],[154.452,-3.194],[154.839,-3.55],[154.754,-3.25],[154.482,-3.107]],[[153.301,-3.463],[153.377,-3.402],[153.328,-3.339],[153.165,-3.459],[153.185,-3.589],[153.301,-3.463]],[[153.72,-3.948],[153.563,-4.014],[153.583,-4.145],[153.785,-4.03],[153.789,-3.936],[153.72,-3.948]],[[154.143,-4.34],[154.091,-4.44],[154.243,-4.608],[154.276,-4.492],[154.143,-4.34]],[[159.453,-4.44],[159.275,-4.561],[159.415,-4.697],[159.573,-4.563],[159.453,-4.44]],[[157.114,-4.7],[156.901,-4.7],[157.058,-4.873],[157.114,-4.7]],[[155.501,-4.683],[155.312,-4.595],[155.259,-4.776],[155.466,-4.876],[155.501,-4.683]],[[159.15,-5.389],[159.606,-5.595],[159.764,-5.519],[159.724,-5.371],[159.523,-5.265],[159.408,-4.969],[159.245,-5.051],[159.15,-5.389]],[[176.052,-5.703],[176.187,-5.684],[176.056,-5.604],[176.052,-5.703]],[[177.32,-6.079],[177.31,-6.101],[177.327,-6.129],[177.357,-6.146],[177.377,-6.131],[177.392,-6.111],[177.377,-6.089],[177.347,-6.071],[177.32,-6.079]],[[159.389,-6.129],[159.291,-6.194],[159.331,-6.303],[159.466,-6.251],[159.389,-6.129]],[[176.308,-6.261],[176.298,-6.289],[176.3,-6.321],[176.335,-6.326],[176.353,-6.304],[176.355,-6.279],[176.35,-6.256],[176.328,-6.244],[176.308,-6.261]],[[177.165,-7.316],[177.2,-7.172],[177.113,-7.136],[177.165,-7.316]],[[178.638,-7.41],[178.639,-7.501],[178.74,-7.525],[178.638,-7.41]],[[160.58,-7.902],[160.675,-7.942],[160.644,-7.852],[160.58,-7.902]],[[178.291,-7.935],[178.264,-8.067],[178.43,-8.084],[178.461,-7.921],[178.291,-7.935]],[[160.756,-8.271],[160.542,-8.369],[160.679,-8.547],[160.692,-8.86],[160.59,-8.921],[160.728,-8.956],[160.868,-9.196],[161.569,-9.817],[161.571,-9.466],[161.044,-8.725],[160.859,-8.275],[160.756,-8.271]],[[162.73,-8.435],[162.777,-8.353],[162.625,-8.319],[162.73,-8.435]],[[179.099,-8.396],[179.018,-8.514],[179.101,-8.709],[179.265,-8.53],[179.211,-8.399],[179.099,-8.396]],[[179.875,-9.423],[179.937,-9.4],[179.868,-9.313],[179.875,-9.423]],[[161.962,-9.661],[161.911,-9.796],[162.03,-9.929],[162.033,-9.693],[161.962,-9.661]],[[167.182,-9.921],[167.288,-9.915],[167.07,-9.737],[167.182,-9.921]],[[152.08,-9.531],[152.13,-9.424],[152.045,-9.288],[151.842,-9.282],[151.838,-9.482],[152.08,-9.531]],[[152.622,-9.523],[152.719,-9.506],[152.718,-9.356],[153.109,-9.28],[153.571,-9.343],[153.702,-9.233],[153.126,-9.137],[152.813,-8.919],[152.477,-8.889],[152.382,-8.945],[152.365,-9.127],[152.622,-9.523]],[[159.047,-9.014],[158.99,-9.214],[159.342,-9.137],[159.204,-8.937],[159.047,-9.014]],[[159.822,-9.202],[159.828,-9.202],[159.835,-9.202],[159.843,-9.199],[159.863,-9.186],[159.867,-9.181],[159.87,-9.175],[159.874,-9.149],[159.874,-9.14],[159.869,-9.117],[159.859,-9.09],[159.854,-9.084],[159.849,-9.079],[159.846,-9.077],[159.839,-9.075],[159.832,-9.074],[159.826,-9.075],[159.82,-9.077],[159.814,-9.08],[159.813,-9.08],[159.813,-9.081],[159.812,-9.081],[159.811,-9.081],[159.808,-9.081],[159.807,-9.082],[159.804,-9.082],[159.797,-9.085],[159.791,-9.089],[159.787,-9.094],[159.776,-9.12],[159.775,-9.133],[159.776,-9.153],[159.78,-9.165],[159.788,-9.181],[159.802,-9.194],[159.822,-9.202]],[[161.929,-10.098],[161.928,-10.212],[162.026,-10.257],[162.034,-10.005],[161.929,-10.098]],[[167.508,-10.132],[167.537,-10.321],[167.664,-10.416],[167.508,-10.132]],[[179.627,-10.393],[179.392,-10.519],[179.574,-10.658],[179.482,-10.784],[179.718,-10.865],[179.79,-10.755],[179.636,-10.602],[179.741,-10.397],[179.627,-10.393]],[[166.143,-10.791],[166.202,-10.663],[166.027,-10.602],[165.742,-10.617],[165.666,-10.795],[165.78,-10.909],[166.093,-10.88],[166.143,-10.791]],[[162.404,-10.76],[162.126,-10.429],[161.791,-10.361],[161.719,-10.121],[161.643,-10.157],[161.686,-10.311],[161.276,-10.19],[161.256,-10.332],[161.598,-10.745],[162.113,-10.962],[162.494,-10.896],[162.505,-10.8],[162.404,-10.76]],[[155.909,-10.757],[155.766,-10.744],[155.556,-10.917],[155.775,-10.907],[155.909,-10.757]],[[152.876,-10.711],[152.838,-10.603],[152.511,-10.62],[152.724,-10.736],[152.876,-10.711]],[[152.156,-10.363],[152.121,-10.354],[152.09,-10.357],[152.065,-10.369],[152.065,-10.416],[152.093,-10.435],[152.134,-10.429],[152.159,-10.401],[152.156,-10.363]],[[151.93,-10.376],[151.893,-10.228],[151.811,-10.247],[151.93,-10.376]],[[166.137,-10.332],[166.329,-10.341],[166.397,-10.235],[166.216,-10.134],[166.047,-10.186],[166.137,-10.332]],[[165.693,-10.399],[165.693,-10.41],[165.696,-10.427],[165.701,-10.436],[165.719,-10.452],[165.727,-10.454],[165.736,-10.455],[165.745,-10.454],[165.754,-10.451],[165.762,-10.447],[165.769,-10.442],[165.783,-10.422],[165.785,-10.413],[165.781,-10.391],[165.772,-10.377],[165.754,-10.364],[165.74,-10.36],[165.732,-10.359],[165.714,-10.366],[165.708,-10.371],[165.697,-10.385],[165.695,-10.391],[165.693,-10.399]],[[152.452,-10.986],[152.454,-10.985],[152.453,-10.986],[152.452,-10.986]],[[166.494,-11.201],[166.429,-11.35],[166.557,-11.423],[166.63,-11.283],[166.586,-11.185],[166.494,-11.201]],[[175.624,-11.348],[175.411,-11.423],[175.259,-11.623],[175.546,-11.537],[175.806,-11.585],[175.941,-11.714],[175.896,-11.455],[175.624,-11.348]],[[167.055,-11.637],[166.825,-11.511],[166.69,-11.593],[166.872,-11.75],[167.055,-11.637]],[[160.532,-11.694],[160.046,-11.426],[159.935,-11.511],[160.488,-11.883],[160.649,-11.886],[160.532,-11.694]],[[174.144,-11.925],[174.222,-11.849],[174.162,-11.755],[173.651,-11.811],[173.896,-11.978],[174.144,-11.925]],[[172.3,-11.86],[172.142,-11.818],[171.997,-11.901],[172.248,-11.985],[172.3,-11.86]],[[159.831,-11.264],[159.729,-11.308],[159.846,-11.367],[159.831,-11.264]],[[144.51,-10.473],[144.76,-10.086],[144.683,-9.939],[144.432,-10.059],[144.318,-10.409],[144.51,-10.473]],[[145.628,-10.217],[145.768,-10.165],[145.752,-10.02],[145.398,-9.977],[145.414,-10.124],[145.628,-10.217]],[[159.999,-12.319],[160.203,-12.482],[160.567,-13.045],[160.667,-13.034],[160.485,-12.552],[160.09,-12.225],[159.989,-12.236],[159.999,-12.319]],[[168.775,-12.304],[168.802,-12.321],[168.812,-12.32],[168.832,-12.313],[168.839,-12.309],[168.856,-12.276],[168.853,-12.261],[168.825,-12.237],[168.815,-12.236],[168.812,-12.236],[168.789,-12.247],[168.784,-12.252],[168.776,-12.26],[168.771,-12.295],[168.775,-12.304]],[[172.668,-12.493],[172.756,-12.534],[172.774,-12.376],[172.668,-12.493]],[[176.972,-12.531],[177.128,-12.56],[177.175,-12.475],[177.041,-12.436],[176.972,-12.531]],[[172.29,-12.562],[172.17,-12.538],[172.226,-12.689],[172.311,-12.681],[172.29,-12.562]],[[166.488,-13.041],[166.554,-13.36],[166.698,-13.49],[166.662,-13.145],[166.584,-13.026],[166.488,-13.041]],[[167.257,-13.495],[167.308,-13.588],[167.408,-13.493],[167.33,-13.433],[167.257,-13.495]],[[167.48,-13.575],[167.359,-13.818],[167.465,-13.974],[167.746,-13.656],[167.701,-13.59],[167.553,-13.663],[167.544,-13.523],[167.48,-13.575]],[[146.655,-13.813],[146.599,-13.769],[146.489,-13.904],[146.729,-14.039],[146.655,-13.813]],[[146.771,-14.111],[146.773,-14.116],[146.786,-14.135],[146.795,-14.144],[146.818,-14.158],[146.834,-14.162],[146.859,-14.16],[146.868,-14.157],[146.875,-14.151],[146.878,-14.147],[146.88,-14.143],[146.889,-14.115],[146.89,-14.109],[146.889,-14.103],[146.888,-14.097],[146.886,-14.092],[146.883,-14.087],[146.879,-14.083],[146.874,-14.08],[146.868,-14.078],[146.862,-14.077],[146.857,-14.077],[146.851,-14.078],[146.846,-14.08],[146.842,-14.083],[146.838,-14.087],[146.834,-14.091],[146.832,-14.097],[146.822,-14.081],[146.818,-14.077],[146.813,-14.074],[146.808,-14.071],[146.802,-14.07],[146.796,-14.07],[146.791,-14.071],[146.785,-14.073],[146.78,-14.077],[146.774,-14.083],[146.771,-14.088],[146.769,-14.094],[146.769,-14.099],[146.769,-14.105],[146.771,-14.111]],[[167.477,-14.128],[167.367,-14.301],[167.521,-14.401],[167.678,-14.231],[167.477,-14.128]],[[166.558,-15.029],[166.614,-15.448],[166.781,-15.689],[166.998,-15.641],[167.136,-15.777],[167.103,-16.051],[167.354,-16.259],[167.443,-16.606],[167.747,-16.589],[167.9,-16.683],[167.81,-16.3],[167.454,-16.044],[167.342,-15.853],[167.194,-14.926],[166.961,-14.912],[166.891,-15.127],[166.806,-14.849],[166.592,-14.596],[166.498,-14.732],[166.558,-15.029]],[[168.103,-14.887],[168.04,-14.975],[168.102,-15.401],[168.181,-15.425],[168.222,-15.208],[168.103,-14.887]],[[167.965,-15.416],[168.012,-15.254],[167.795,-15.292],[167.643,-15.453],[167.838,-15.515],[167.965,-15.416]],[[168.125,-15.456],[168.164,-15.995],[168.271,-16.022],[168.233,-15.531],[168.125,-15.456]],[[168.116,-16.074],[167.883,-16.235],[168.189,-16.452],[168.118,-16.785],[168.476,-16.882],[168.641,-17.029],[168.65,-16.858],[168.328,-16.667],[168.414,-16.54],[168.351,-16.272],[168.19,-16.057],[168.116,-16.074]],[[168.436,-17.019],[168.267,-17.089],[168.462,-17.147],[168.436,-17.019]],[[152.218,-17.091],[151.855,-17.105],[151.437,-17.382],[151.302,-17.753],[152.117,-17.395],[152.218,-17.091]],[[155.831,-17.411],[155.837,-17.429],[155.861,-17.442],[155.884,-17.432],[155.892,-17.411],[155.879,-17.389],[155.861,-17.381],[155.843,-17.393],[155.831,-17.411]],[[168.294,-17.436],[168.125,-17.734],[168.564,-17.871],[168.655,-17.746],[168.556,-17.483],[168.294,-17.436]],[[162.964,-17.887],[162.88,-17.822],[162.913,-17.926],[162.794,-18.078],[162.914,-18.32],[162.74,-18.465],[162.811,-18.58],[162.943,-18.504],[163.256,-18.654],[163.45,-18.369],[163.427,-18.274],[163.21,-17.983],[163.328,-18.219],[163.066,-18.251],[162.964,-17.887]],[[164.298,-18.44],[164.314,-18.546],[164.235,-18.444],[164.197,-18.504],[164.33,-18.611],[164.373,-18.465],[164.298,-18.44]],[[177.588,-18.563],[177.657,-18.639],[177.747,-18.579],[177.63,-18.425],[177.588,-18.563]],[[178.538,-18.577],[178.382,-18.897],[178.151,-18.947],[177.919,-19.172],[178.142,-19.21],[178.535,-19.04],[178.638,-18.826],[178.538,-18.577]],[[179.712,-19.193],[179.82,-19.208],[179.82,-19.099],[179.714,-19.099],[179.712,-19.193]],[[169.653,-19.221],[169.597,-19.184],[169.571,-19.313],[169.653,-19.221]],[[169.375,-19.308],[169.222,-19.321],[169.185,-19.52],[169.442,-19.687],[169.529,-19.52],[169.375,-19.308]],[[170.215,-19.505],[170.202,-19.606],[170.289,-19.52],[170.215,-19.505]],[[164.1,-19.777],[163.968,-19.612],[163.956,-19.402],[163.6,-18.92],[163.591,-18.77],[163.329,-18.869],[163.326,-19.025],[163.092,-19.042],[163.246,-19.559],[164.018,-20.566],[164.456,-21.031],[164.581,-21.026],[164.787,-21.337],[165.87,-22.002],[166.94,-23.028],[167.139,-23.004],[167.163,-22.66],[167.727,-22.93],[167.646,-22.577],[167.245,-22.418],[166.902,-21.881],[165.745,-21.132],[165.323,-20.757],[165.274,-20.598],[164.893,-20.552],[164.1,-19.777]],[[165.555,-19.893],[165.678,-19.865],[165.664,-19.708],[165.555,-19.893]],[[169.706,-20.189],[169.802,-20.355],[169.962,-20.211],[169.826,-20.088],[169.706,-20.189]],[[166.616,-20.357],[166.15,-20.552],[166.41,-20.769],[166.571,-20.722],[166.727,-20.462],[166.616,-20.357]],[[167.013,-20.752],[167.075,-21.049],[167.436,-21.183],[167.502,-21.041],[167.341,-20.877],[167.321,-20.691],[167.082,-20.665],[167.013,-20.752]],[[166.198,-20.419],[166.29,-20.336],[166.163,-20.252],[166.11,-20.391],[166.198,-20.419]],[[167.919,-21.345],[167.766,-21.353],[167.836,-21.617],[168.135,-21.66],[168.163,-21.417],[168.0,-21.295],[167.919,-21.345]],[[174.561,-21.686],[174.572,-21.723],[174.603,-21.741],[174.634,-21.746],[174.658,-21.739],[174.676,-21.717],[174.671,-21.699],[174.66,-21.675],[174.645,-21.657],[174.625,-21.648],[174.607,-21.648],[174.594,-21.648],[174.569,-21.666],[174.561,-21.686]],[[168.91,-22.423],[169.092,-22.382],[169.11,-22.265],[168.91,-22.423]],[[153.712,-22.397],[153.704,-22.267],[153.564,-22.282],[153.553,-22.524],[153.712,-22.397]],[[155.259,-22.261],[155.477,-22.24],[155.522,-22.151],[155.388,-22.097],[155.146,-22.191],[155.259,-22.261]],[[153.58,-22.103],[153.828,-21.76],[153.794,-21.59],[153.422,-21.835],[153.47,-22.065],[153.58,-22.103]],[[153.421,-21.625],[153.271,-21.449],[153.35,-21.694],[153.421,-21.625]],[[159.277,-21.566],[159.402,-21.907],[159.601,-21.867],[159.565,-21.459],[159.357,-21.395],[159.226,-21.202],[159.231,-20.79],[158.862,-20.465],[158.602,-20.535],[158.453,-20.783],[158.483,-20.966],[158.686,-21.185],[158.694,-21.377],[159.277,-21.566]],[[155.788,-21.086],[155.654,-21.166],[155.702,-21.322],[155.832,-21.258],[155.788,-21.086]],[[154.411,-21.009],[154.39,-20.999],[154.374,-21.008],[154.359,-21.03],[154.364,-21.053],[154.39,-21.06],[154.409,-21.048],[154.42,-21.03],[154.411,-21.009]],[[154.445,-20.944],[154.436,-20.921],[154.415,-20.913],[154.394,-20.92],[154.384,-20.944],[154.388,-20.965],[154.415,-20.974],[154.438,-20.964],[154.445,-20.944]],[[160.959,-20.774],[161.27,-20.748],[161.356,-20.51],[161.022,-20.177],[160.855,-20.201],[160.662,-20.057],[160.287,-19.978],[160.761,-20.414],[160.959,-20.774]],[[159.018,-19.983],[159.025,-19.86],[158.882,-19.851],[158.661,-20.042],[158.454,-19.673],[158.661,-19.483],[158.874,-19.532],[159.018,-19.449],[159.1,-19.103],[158.957,-18.943],[158.526,-19.073],[158.414,-18.987],[158.165,-19.634],[158.273,-19.896],[158.622,-20.115],[158.687,-20.349],[159.018,-19.983]],[[152.496,-19.946],[152.431,-20.177],[152.561,-20.231],[152.496,-19.946]],[[151.542,-19.977],[151.887,-19.868],[152.086,-19.539],[151.699,-19.615],[151.518,-19.889],[151.391,-19.772],[151.206,-19.83],[151.542,-19.977]],[[152.213,-19.431],[152.378,-19.293],[152.629,-19.35],[152.56,-19.119],[152.321,-18.927],[152.133,-19.027],[152.167,-19.265],[151.955,-19.329],[152.044,-19.442],[152.213,-19.431]],[[151.755,-19.269],[151.59,-19.145],[151.729,-19.362],[151.755,-19.269]],[[161.606,-20.77],[161.529,-20.904],[161.809,-21.08],[161.815,-20.933],[161.606,-20.77]],[[162.218,-21.084],[162.314,-21.128],[162.393,-21.019],[162.266,-20.983],[162.218,-21.084]],[[162.05,-21.095],[161.974,-21.213],[162.294,-21.329],[162.283,-21.233],[162.05,-21.095]],[[160.812,-21.115],[160.734,-21.089],[160.679,-21.207],[160.733,-21.423],[160.884,-21.202],[160.812,-21.115]],[[159.095,-22.258],[159.214,-22.346],[159.304,-22.283],[159.169,-22.173],[159.095,-22.258]],[[169.184,-19.019],[169.386,-18.98],[169.35,-18.689],[169.03,-18.601],[168.958,-18.884],[169.184,-19.019]],[[163.105,-18.589],[163.106,-18.589],[163.109,-18.592],[163.105,-18.589]],[[150.637,-17.822],[151.128,-17.529],[151.147,-17.266],[150.782,-17.393],[150.531,-17.297],[150.15,-17.417],[150.083,-17.19],[150.227,-17.124],[150.404,-16.749],[150.415,-16.481],[150.344,-16.454],[150.162,-16.76],[149.67,-17.055],[149.941,-17.326],[149.929,-17.544],[150.136,-17.668],[150.261,-17.916],[150.637,-17.822]],[[148.46,-17.332],[148.179,-17.413],[148.381,-17.81],[148.536,-17.909],[148.64,-17.598],[148.46,-17.332]],[[147.997,-16.533],[148.084,-16.408],[147.808,-16.386],[147.824,-16.579],[147.997,-16.533]],[[149.748,-16.354],[149.752,-16.493],[149.863,-16.524],[150.094,-16.08],[149.818,-16.214],[149.748,-16.354]],[[149.695,-16.207],[149.7,-15.732],[149.504,-16.057],[149.563,-16.276],[149.695,-16.207]],[[155.445,-23.171],[155.492,-23.291],[155.661,-23.276],[155.621,-23.142],[155.445,-23.171]],[[159.39,-24.185],[159.573,-24.148],[159.579,-23.988],[159.272,-24.015],[159.39,-24.185]],[[159.649,-25.601],[159.925,-25.235],[159.866,-25.019],[159.519,-24.657],[159.434,-24.704],[159.558,-25.302],[159.508,-25.469],[159.649,-25.601]],[[167.089,-26.495],[167.31,-26.417],[167.07,-26.369],[167.089,-26.495]],[[167.259,-28.489],[167.369,-28.461],[167.368,-28.356],[167.234,-28.406],[167.259,-28.489]],[[167.811,-29.353],[167.958,-29.609],[168.246,-29.633],[168.126,-29.417],[168.27,-29.173],[168.012,-28.71],[167.718,-28.817],[167.811,-29.353]],[[159.148,-29.375],[159.039,-29.432],[159.087,-29.523],[159.193,-29.494],[159.148,-29.375]],[[159.069,-30.012],[159.171,-29.98],[159.14,-29.882],[159.006,-29.935],[159.069,-30.012]],[[156.21,-30.689],[156.279,-30.645],[156.219,-30.568],[156.139,-30.619],[156.21,-30.689]],[[159.064,-31.474],[159.044,-31.61],[159.218,-31.607],[159.064,-31.474]],[[167.839,-31.625],[167.862,-31.817],[167.931,-31.657],[167.839,-31.625]],[[159.266,-31.686],[159.196,-31.792],[159.294,-31.889],[159.266,-31.686]],[[168.114,-32.225],[168.171,-32.171],[168.104,-32.045],[168.114,-32.225]],[[167.468,-32.467],[167.562,-32.752],[167.716,-32.528],[167.545,-32.407],[167.468,-32.467]],[[166.986,-32.716],[166.93,-32.84],[167.04,-32.944],[166.986,-32.716]],[[156.292,-32.537],[156.21,-32.606],[156.344,-32.653],[156.292,-32.537]],[[156.221,-33.283],[156.285,-33.252],[156.231,-32.999],[156.132,-33.163],[156.221,-33.283]],[[172.193,-33.909],[172.384,-34.041],[172.29,-33.879],[172.193,-33.909]],[[172.422,-34.049],[172.309,-34.162],[172.089,-34.103],[171.921,-34.203],[172.228,-34.501],[172.234,-34.681],[172.491,-35.052],[173.315,-35.695],[173.31,-35.897],[173.574,-36.041],[173.934,-36.689],[174.183,-37.444],[174.054,-37.961],[173.623,-38.297],[172.925,-38.466],[172.518,-38.897],[172.35,-39.449],[172.58,-39.644],[172.542,-39.905],[172.37,-40.15],[171.07,-41.216],[170.985,-41.372],[171.026,-41.547],[170.777,-41.787],[170.818,-41.942],[170.72,-42.074],[170.918,-42.194],[170.758,-42.579],[170.19,-42.651],[169.921,-43.132],[169.792,-43.137],[169.688,-43.328],[169.244,-43.489],[169.206,-43.673],[169.038,-43.649],[168.918,-43.757],[168.698,-43.711],[168.621,-43.921],[168.354,-43.944],[166.878,-45.185],[166.35,-45.809],[166.346,-46.025],[166.686,-46.457],[166.894,-46.633],[167.102,-46.543],[167.286,-46.865],[167.047,-47.417],[166.695,-47.751],[166.51,-47.614],[166.431,-47.853],[166.602,-47.926],[166.459,-48.147],[166.855,-48.377],[166.638,-48.545],[166.386,-48.466],[166.333,-48.598],[166.505,-48.805],[166.662,-48.785],[166.737,-48.948],[166.878,-48.833],[167.089,-48.963],[168.3,-48.238],[168.308,-48.13],[167.958,-48.089],[167.888,-47.989],[168.218,-47.83],[168.735,-47.868],[168.96,-47.545],[168.834,-47.407],[169.156,-47.383],[170.428,-46.387],[170.959,-46.097],[171.102,-45.617],[171.507,-45.309],[171.534,-45.161],[171.678,-45.161],[172.537,-44.636],[173.382,-44.273],[174.004,-43.823],[173.982,-43.529],[173.76,-43.26],[173.574,-43.337],[173.673,-43.158],[173.696,-42.698],[173.616,-42.559],[174.318,-42.161],[174.516,-41.941],[174.822,-41.832],[174.861,-41.706],[174.581,-41.583],[174.575,-41.482],[174.75,-41.56],[174.977,-41.459],[175.076,-41.623],[175.313,-41.653],[176.286,-41.201],[176.55,-40.769],[176.838,-40.577],[176.863,-40.361],[177.055,-40.226],[177.198,-39.905],[177.462,-39.713],[178.158,-39.449],[178.188,-39.266],[178.038,-39.185],[178.637,-38.59],[178.783,-38.258],[178.686,-38.057],[178.758,-37.841],[179.022,-37.673],[178.902,-37.433],[178.711,-37.533],[178.134,-37.433],[177.678,-37.577],[177.438,-37.529],[177.188,-37.699],[177.117,-37.608],[177.234,-37.499],[177.2,-37.422],[177.078,-37.529],[176.958,-37.457],[176.866,-37.647],[176.642,-37.577],[176.523,-37.381],[176.166,-37.145],[176.238,-36.831],[176.01,-36.398],[175.959,-36.059],[175.534,-35.758],[175.05,-35.644],[174.942,-35.417],[174.404,-35.028],[173.44,-34.632],[172.737,-34.029],[172.422,-34.049]],[[175.446,-43.049],[175.11,-43.049],[174.957,-43.25],[175.098,-43.547],[175.402,-43.6],[175.662,-43.409],[175.662,-43.121],[175.446,-43.049]],[[177.075,-43.358],[177.356,-43.407],[177.39,-43.337],[177.226,-43.159],[177.075,-43.358]],[[175.931,-44.357],[176.142,-44.321],[176.167,-44.15],[175.928,-44.122],[175.931,-44.357]],[[179.41,-47.344],[178.936,-47.402],[178.81,-47.937],[179.584,-47.988],[179.614,-48.066],[179.496,-48.123],[179.078,-48.104],[179.371,-48.246],[179.715,-48.211],[179.819,-47.666],[179.617,-47.654],[179.524,-47.39],[179.41,-47.344]],[[166.193,-46.634],[166.11,-46.457],[166.278,-46.4],[166.314,-46.147],[166.038,-46.049],[165.919,-46.258],[165.99,-46.409],[165.847,-46.584],[165.99,-46.793],[166.193,-46.634]],[[172.242,-39.482],[172.207,-39.564],[172.35,-39.617],[172.242,-39.482]],[[171.841,-34.054],[171.791,-33.927],[171.661,-33.999],[171.841,-34.054]],[[171.6,-49.426],[171.877,-49.527],[172.086,-49.385],[172.11,-49.169],[171.923,-49.075],[171.713,-49.1],[171.581,-49.222],[171.6,-49.426]],[[164.288,-49.437],[164.157,-49.491],[164.142,-49.601],[164.288,-49.437]],[[166.094,-49.608],[166.182,-50.273],[165.87,-50.441],[165.725,-50.646],[165.795,-50.869],[165.959,-50.991],[166.373,-51.049],[166.703,-50.964],[166.878,-50.777],[166.855,-50.657],[167.262,-50.633],[167.574,-50.417],[167.573,-50.266],[167.841,-50.189],[167.803,-49.93],[167.633,-49.983],[167.407,-49.793],[167.191,-49.813],[166.873,-49.667],[166.662,-49.793],[166.263,-49.54],[166.094,-49.608]],[[178.662,-49.649],[178.724,-49.759],[178.902,-49.649],[178.801,-49.585],[178.662,-49.649]],[[165.519,-51.508],[165.751,-51.452],[165.843,-51.251],[165.581,-51.176],[165.461,-51.229],[165.391,-51.358],[165.519,-51.508]],[[169.884,-51.969],[169.586,-52.098],[169.221,-51.972],[168.87,-52.049],[168.846,-52.289],[168.659,-52.485],[168.75,-52.697],[169.11,-52.889],[169.304,-52.89],[169.469,-53.075],[169.99,-53.185],[170.194,-53.016],[169.983,-52.426],[170.242,-51.987],[169.884,-51.969]],[[170.979,-52.362],[170.989,-52.364],[171.0,-52.363],[171.011,-52.36],[171.038,-52.348],[171.15,-52.265],[171.225,-52.228],[171.238,-52.219],[171.243,-52.213],[171.247,-52.207],[171.249,-52.2],[171.25,-52.191],[171.247,-52.169],[171.244,-52.162],[171.24,-52.157],[171.236,-52.153],[171.23,-52.15],[171.224,-52.149],[171.211,-52.149],[171.197,-52.152],[171.143,-52.172],[171.136,-52.177],[171.131,-52.182],[171.126,-52.187],[171.102,-52.244],[171.092,-52.256],[171.086,-52.261],[170.97,-52.302],[170.965,-52.305],[170.96,-52.31],[170.957,-52.315],[170.956,-52.322],[170.956,-52.329],[170.959,-52.337],[170.964,-52.349],[170.971,-52.357],[170.979,-52.362]],[[171.435,-52.998],[171.349,-53.112],[171.525,-53.123],[171.583,-52.948],[171.772,-52.949],[171.927,-52.8],[171.846,-52.673],[172.013,-52.675],[171.993,-52.572],[171.629,-52.583],[171.435,-52.998]],[[172.015,-53.164],[172.191,-53.359],[172.338,-53.38],[172.343,-53.288],[172.163,-53.156],[172.015,-53.164]],[[171.742,-53.256],[171.654,-53.273],[171.67,-53.356],[172.039,-53.417],[171.742,-53.256]],[[158.801,-54.837],[158.983,-54.561],[159.023,-54.146],[158.814,-54.497],[158.801,-54.837]],[[158.497,-56.57],[158.454,-56.753],[158.56,-56.681],[158.497,-56.57]],[[158.452769,-56.586358],[158.452891,-56.586236],[158.452769,-56.586236],[158.452647,-56.586358],[158.452769,-56.586358]],[[161.05,-65.561],[161.166,-65.501],[161.004,-65.446],[160.961,-65.506],[161.05,-65.561]],[[162.322,-66.435],[163.234,-66.903],[163.428,-66.822],[163.22,-66.652],[162.9,-66.65],[162.814,-66.468],[162.154,-66.206],[162.322,-66.435]],[[164.612,-67.582],[164.844,-67.648],[165.075,-67.4],[164.814,-67.241],[164.51,-67.251],[164.407,-67.361],[164.612,-67.582]],[[154.129,-67.65],[153.958,-67.72],[154.145,-67.766],[154.129,-67.65]],[[154.479,-67.968],[154.499,-68.081],[154.796,-68.052],[154.718,-67.955],[154.479,-67.968]],[[154.994,-68.04],[154.859,-68.184],[155.382,-68.369],[155.619,-68.267],[155.468,-68.078],[154.994,-68.04]],[[154.045,-68.202],[154.394,-68.04],[154.086,-68.009],[154.045,-68.202]],[[160.562,-69.416],[160.566,-69.425],[160.578,-69.438],[160.595,-69.449],[160.646,-69.462],[160.71,-69.465],[160.843,-69.448],[160.895,-69.429],[160.913,-69.418],[160.926,-69.405],[160.93,-69.392],[160.926,-69.377],[160.917,-69.366],[160.904,-69.357],[160.888,-69.35],[160.848,-69.343],[160.755,-69.348],[160.571,-69.389],[160.566,-69.392],[160.563,-69.396],[160.561,-69.401],[160.561,-69.408],[160.562,-69.416]],[[163.3,-70.266],[163.581,-70.262],[163.64,-70.18],[163.297,-70.14],[163.3,-70.266]],[[163.339,-70.424],[163.595,-70.356],[163.388,-70.317],[163.283,-70.372],[163.339,-70.424]],[[167.342,-70.44],[167.622,-70.392],[167.284,-70.272],[167.044,-70.321],[167.342,-70.44]],[[168.018,-70.548],[167.829,-70.686],[168.066,-70.607],[168.018,-70.548]],[[168.158,-70.688],[168.222,-70.865],[168.435,-70.829],[168.158,-70.688]],[[169.428,-70.871],[169.056,-70.973],[169.147,-71.194],[169.758,-71.225],[170.009,-71.06],[169.966,-70.992],[169.771,-71.078],[169.722,-70.929],[169.428,-70.871]],[[169.621,-73.421],[169.437,-73.575],[169.663,-73.661],[169.989,-73.525],[169.798,-73.298],[169.654,-73.318],[169.621,-73.421]],[[178.193,-74.109],[178.319,-74.021],[178.15,-74.021],[178.193,-74.109]],[[178.536,-74.236],[178.998,-74.177],[178.371,-74.172],[178.536,-74.236]],[[168.182,-75.98],[168.082,-76.209],[168.418,-76.15],[168.397,-75.947],[168.182,-75.98]],[[166.414,-76.148],[166.325,-76.241],[166.463,-76.25],[166.414,-76.148]],[[166.85,-76.899],[166.852,-76.995],[167.008,-76.963],[166.85,-76.899]],[[163.987,-76.925],[163.783,-76.959],[163.615,-77.153],[164.134,-77.16],[163.987,-76.925]],[[179.43,-17.723],[179.278,-17.774],[179.149,-18.019],[179.331,-18.209],[179.483,-17.887],[179.43,-17.723]],[[179.474,-17.196],[179.319,-17.263],[179.357,-17.445],[179.49,-17.377],[179.474,-17.196]],[[145.492,-0.92],[145.556,-0.811],[145.433,-0.855],[145.492,-0.92]],[[174.294,-0.823],[174.495,-0.847],[174.519,-0.709],[174.458,-0.58],[174.244,-0.501],[174.132,-0.678],[174.294,-0.823]],[[166.988,-0.514],[166.931,-0.462],[166.879,-0.536],[166.988,-0.514]],[[169.579,-0.846],[169.567,-0.828],[169.539,-0.824],[169.516,-0.827],[169.498,-0.836],[169.491,-0.851],[169.483,-0.88],[169.491,-0.894],[169.509,-0.908],[169.536,-0.913],[169.558,-0.91],[169.58,-0.898],[169.585,-0.883],[169.585,-0.862],[169.579,-0.846]],[[134.91,-0.003],[134.863,-0.1],[135.02,-0.216],[134.91,-0.003]],[[134.882,-1.237],[135.077,-1.085],[134.931,-0.9],[134.739,-1.026],[134.882,-1.237]]]}},{"type":"Feature","properties":{},"geometry":{"type":"Polygon","coordinates":[[[111.288,-8.405],[115.588,-19.603],[115.055,-20.095],[114.828,-20.456],[114.655,-21.095],[114.202,-21.398],[113.758,-21.882],[113.78,-22.054],[113.621,-22.121],[113.764,-22.184],[113.698,-22.297],[113.566,-22.301],[113.433,-22.591],[113.448,-22.868],[113.199,-23.409],[112.508,-24.31],[44.841,1.666],[46.074,2.341],[48.103,4.159],[48.199,4.519],[48.535,4.903],[48.823,5.551],[49.159,5.911],[49.606,6.972],[50.215,7.927],[50.474,8.635],[51.231,9.787],[51.391,9.799],[51.703,10.543],[51.439,10.807],[51.322,11.077],[51.751,11.671],[51.505,11.899],[50.938,12.053],[50.654,12.035],[50.239,11.623],[49.004,11.326],[48.588,11.404],[48.11,11.202],[47.767,11.167],[47.254,11.295],[47.074,11.054],[46.619,10.793],[46.087,10.831],[45.836,10.949],[44.959,10.495],[44.359,10.591],[44.072,10.78],[43.807,11.215],[43.879,11.359],[43.711,11.479],[43.687,11.623],[43.28,11.766],[42.94,11.628],[42.799,11.685],[43.529,12.083],[43.47,12.544],[44.191,12.343],[44.695,12.415],[45.147,12.633],[45.842,13.351],[46.111,13.351],[46.207,13.255],[46.322,13.349],[46.495,13.255],[47.068,13.542],[47.287,13.447],[47.394,13.623],[47.767,13.855],[47.986,13.815],[48.308,13.972],[48.585,13.893],[49.087,14.431],[49.605,14.714],[50.462,14.93],[50.61,14.833],[50.585,15.021],[50.743,14.911],[50.904,15.084],[51.404,15.182],[51.591,15.049],[52.279,15.295],[52.356,15.505],[52.087,15.367],[52.015,15.439],[52.439,15.798],[52.341,16.161],[52.543,16.399],[52.944,16.572],[54.151,16.783],[54.336,16.968],[55.043,16.986],[55.255,17.143],[55.411,17.532],[55.641,17.447],[56.479,17.503],[56.281,17.729],[57.141,17.638],[57.439,18.247],[57.967,18.847],[58.292,19.531],[58.542,19.735],[58.663,20.047],[58.831,20.239],[58.989,20.254],[59.383,20.743],[59.769,21.81],[59.766,22.087],[59.912,22.295],[59.854,22.557],[59.408,22.731],[58.807,23.599],[58.524,23.833],[57.634,24.026],[57.559,24.199],[57.419,24.114],[57.391,24.295],[56.876,24.592],[56.654,24.958],[56.678,25.118],[57.201,25.636],[57.343,25.639],[57.511,25.447],[57.893,25.577],[58.178,25.39],[58.038,25.313],[58.114,25.217],[58.327,25.327],[58.471,25.255],[58.846,25.314],[59.267,25.184],[59.911,25.255],[60.405,25.065],[60.708,25.227],[60.775,25.087],[60.967,25.087],[61.181,24.905],[61.567,24.775],[62.023,24.919],[62.142,24.871],[62.395,25.015],[62.999,24.92],[63.632,24.943],[63.798,24.823],[64.135,24.991],[64.519,24.967],[65.142,25.159],[65.647,24.919],[66.032,24.864],[66.079,24.655],[65.911,24.535],[65.82,24.318],[66.76,23.124],[66.89,23.098],[67.169,23.249],[67.35,23.513],[67.255,23.239],[67.087,23.071],[66.966,23.071],[67.039,22.735],[68.018,21.855],[68.119,21.415],[69.223,20.959],[69.511,19.711],[69.895,19.015],[70.352,18.822],[70.355,18.644],[70.854,17.832],[71.791,17.287],[72.367,16.471],[72.439,16.129],[72.703,15.943],[72.792,15.721],[73.419,14.011],[73.515,13.395],[74.119,12.775],[74.491,11.761],[75.438,10.471],[75.639,10.334],[75.594,9.879],[75.943,8.959],[76.567,8.311],[76.939,7.289],[77.239,7.183],[77.934,7.375],[77.94,7.532],[78.319,8.047],[78.572,8.738],[78.815,8.9],[79.302,8.974],[79.444,8.904],[79.687,8.455],[79.612,6.853],[79.915,5.961],[80.195,5.81],[81.319,5.887],[81.727,6.199],[81.768,6.396],[81.984,6.628],[81.912,7.747],[81.511,8.527],[81.319,8.623],[81.103,9.055],[80.695,10.255],[80.551,10.471],[80.407,10.471],[80.244,10.745],[80.227,10.994],[80.02,11.359],[79.975,11.791],[80.719,12.631],[80.334,14.311],[80.503,15.175],[80.863,15.583],[81.391,15.871],[81.559,16.087],[82.183,16.279],[82.567,16.759],[83.263,17.119],[84.727,18.391],[84.75,18.535],[84.964,18.601],[85.231,18.967],[85.35,18.967],[85.399,19.159],[85.821,19.513],[86.599,19.783],[86.935,20.047],[87.742,20.281],[88.135,20.191],[88.735,20.383],[89.026,20.591],[89.022,20.791],[89.287,21.055],[89.192,20.685],[89.483,20.255],[92.076,19.94],[92.271,19.681],[92.7,19.546],[93.103,18.991],[93.381,18.764],[93.511,18.391],[94.16,17.62],[94.255,17.239],[93.925,16.753],[94.015,16.591],[93.895,16.229],[93.686,16.207],[93.726,15.726],[93.634,15.121],[93.399,14.717],[93.799,14.479],[94.135,14.407],[94.207,14.239],[94.47,14.095],[95.084,14.117],[95.359,13.975],[95.501,14.075],[95.574,13.903],[95.729,13.87],[96.084,14.089],[96.127,13.951],[96.006,13.807],[96.319,13.659],[96.558,13.015],[96.99,12.511],[97.086,12.055],[97.014,11.863],[97.111,11.719],[97.014,11.503],[97.237,11.421],[97.183,11.215],[97.375,10.975],[97.327,10.855],[97.421,10.622],[97.325,10.434],[97.242,9.242],[97.427,9.091],[97.566,8.119],[97.711,8.119],[97.855,7.927],[97.932,7.505],[98.189,7.153],[98.263,6.775],[97.656,6.138],[97.422,5.527],[97.159,5.311],[96.607,5.263],[96.175,5.359],[95.97,5.533],[95.43,5.717],[95.344,5.926],[95.186,5.92],[95.275,5.653],[94.931,5.922],[94.843,5.821],[94.974,5.647],[95.287,4.543],[95.671,3.991],[96.116,3.647],[97.058,3.301],[97.101,3.01],[97.331,2.781],[97.37,2.437],[96.727,2.263],[96.367,2.719],[96.222,2.695],[95.928,3.019],[95.742,3.031],[95.718,3.199],[95.623,2.911],[95.382,3.046],[95.35,2.95],[95.702,2.564],[95.982,2.479],[96.151,2.311],[96.518,2.271],[96.631,2.023],[96.901,2.067],[97.039,1.783],[97.415,1.848],[97.399,1.663],[97.037,1.428],[97.048,1.241],[97.301,0.794],[97.566,0.751],[97.806,0.144],[97.959,0.193],[97.927,0.415],[98.081,0.953],[97.956,1.15],[97.711,1.231],[97.565,1.407],[97.558,1.895],[97.86,1.868],[98.256,1.184],[98.317,0.209],[98.11,-0.058],[97.945,0.006],[97.778,-0.042],[97.764,-0.13],[98.241,-0.242],[98.237,-0.672],[98.646,-0.689],[98.445,-1.207],[98.743,-1.697],[98.98,-1.903],[99.216,-1.899],[99.847,-2.561],[100.128,-3.124],[100.711,-3.785],[100.879,-3.857],[100.888,-4.028],[101.167,-4.433],[101.437,-4.615],[101.459,-4.503],[101.239,-4.097],[100.951,-3.833],[100.279,-2.705],[99.504,-1.843],[98.719,-0.449],[99.146,-0.359],[99.643,-0.552],[99.967,-0.905],[100.161,-0.939],[100.615,-2.057],[101.239,-2.921],[101.239,-3.065],[101.766,-3.761],[102.031,-3.857],[102.105,-4.177],[102.406,-4.545],[103.183,-4.721],[103.303,-4.913],[103.663,-5.105],[104.219,-5.639],[104.577,-6.217],[104.544,-6.416],[104.791,-6.305],[104.769,-5.822],[104.862,-5.873],[105.006,-5.777],[105.247,-5.921],[105.247,-6.401],[105.078,-6.585],[105.366,-7.073],[105.978,-6.94],[106.36,-7.05],[106.352,-7.319],[106.495,-7.409],[106.47,-7.553],[106.841,-7.58],[107.025,-7.481],[107.525,-7.573],[107.959,-7.913],[108.716,-8.176],[108.919,-8.081],[109.183,-8.177],[109.711,-8.009],[110.525,-8.259],[110.694,-8.441],[110.909,-8.342],[111.288,-8.405]],[[61.888,21.407],[61.711,21.295],[61.859,21.312],[61.888,21.407]],[[72.06,16.662],[71.958,16.575],[72.115,16.302],[72.236,16.475],[72.06,16.662]],[[72.272,13.913],[72.135,13.814],[72.122,13.549],[72.337,13.798],[72.272,13.913]],[[72.39,12.731],[72.674,12.542],[72.77,12.588],[72.755,12.756],[72.487,13.039],[72.478,13.477],[72.296,13.208],[72.39,12.731]],[[53.053,11.571],[53.323,11.82],[53.841,11.922],[54.219,12.223],[54.029,12.227],[54.024,12.309],[54.291,12.417],[54.247,12.271],[54.317,12.277],[54.7,12.472],[53.945,12.834],[53.39,12.688],[53.277,12.538],[53.453,12.329],[53.263,12.175],[52.621,12.124],[52.591,12.271],[52.167,12.283],[52.213,12.413],[52.126,12.461],[52.015,12.295],[51.851,12.319],[52.25,12.063],[52.464,12.034],[52.644,11.641],[53.053,11.571]],[[71.855,12.27],[71.963,12.287],[71.937,12.446],[71.855,12.27]],[[71.713,11.915],[71.77,11.784],[71.867,11.787],[71.825,11.994],[71.713,11.915]],[[72.675,11.662],[72.699,11.651],[72.727,11.652],[72.747,11.682],[72.749,11.703],[72.744,11.725],[72.719,11.723],[72.698,11.718],[72.671,11.702],[72.667,11.681],[72.675,11.662]],[[72.203,11.517],[72.154,11.625],[72.095,11.515],[72.203,11.517]],[[73.049,11.507],[73.029,11.53],[72.989,11.526],[72.976,11.497],[72.973,11.46],[73.002,11.44],[73.045,11.45],[73.049,11.473],[73.049,11.507]],[[51.024,12.322],[50.936,12.241],[51.066,12.146],[51.024,12.322]],[[71.98,13.229],[71.903,13.116],[72.093,13.053],[71.98,13.229]],[[72.609,10.775],[72.798,11.297],[72.465,10.91],[72.529,10.745],[72.609,10.775]],[[73.658,10.805],[73.684,10.792],[73.711,10.805],[73.724,10.831],[73.721,10.851],[73.697,10.864],[73.664,10.868],[73.645,10.858],[73.631,10.835],[73.658,10.805]],[[72.328,10.997],[72.169,10.921],[72.158,10.776],[72.357,10.916],[72.328,10.997]],[[72.104,11.257],[71.961,11.195],[71.984,11.118],[72.084,11.11],[72.104,11.257]],[[72.677,10.594],[72.662,10.599],[72.625,10.589],[72.608,10.571],[72.603,10.537],[72.63,10.524],[72.647,10.529],[72.665,10.549],[72.68,10.571],[72.677,10.594]],[[73.621,10.044],[73.634,10.04],[73.648,10.048],[73.662,10.064],[73.664,10.079],[73.665,10.1],[73.671,10.121],[73.678,10.132],[73.679,10.152],[73.675,10.172],[73.664,10.175],[73.655,10.173],[73.645,10.167],[73.635,10.148],[73.634,10.132],[73.628,10.111],[73.618,10.091],[73.612,10.066],[73.616,10.05],[73.621,10.044]],[[72.326,10.031],[72.314,10.168],[72.197,10.045],[72.326,10.031]],[[73.111,8.32],[72.98,8.272],[73.052,8.224],[73.111,8.32]],[[72.941,4.98],[73.221,5.187],[73.062,5.836],[73.35,5.599],[73.522,5.892],[73.327,6.055],[73.293,6.294],[73.113,6.51],[73.327,6.991],[73.111,6.991],[72.878,7.13],[72.758,7.066],[72.91,6.879],[72.814,6.464],[73.015,6.007],[72.891,5.992],[72.739,5.531],[72.821,5.316],[72.759,5.107],[72.941,4.98]],[[73.456,5.599],[73.276,5.347],[73.477,5.211],[73.626,5.229],[73.684,5.415],[73.456,5.599]],[[73.487,4.992],[73.466,5.013],[73.427,5.005],[73.406,4.987],[73.406,4.961],[73.424,4.94],[73.464,4.94],[73.492,4.961],[73.487,4.992]],[[72.712,6.467],[72.533,6.301],[72.598,6.154],[72.712,6.467]],[[73.071,4.809],[73.007,4.933],[72.842,4.847],[73.071,4.809]],[[73.314,3.378],[73.308,2.793],[73.4,2.729],[73.639,2.887],[73.712,3.115],[73.55,3.255],[73.812,3.45],[73.774,3.528],[73.605,3.517],[73.526,3.68],[73.542,4.183],[73.759,4.447],[73.481,4.812],[73.335,4.755],[73.297,4.347],[73.373,4.151],[73.217,3.543],[73.314,3.378]],[[73.119,2.139],[73.407,2.408],[73.327,2.575],[72.99,2.671],[73.111,3.218],[72.919,3.439],[73.031,3.663],[73.068,4.287],[73.012,4.443],[72.891,4.482],[72.698,4.283],[72.65,3.554],[72.816,3.382],[72.773,2.805],[72.919,2.575],[72.875,2.294],[72.953,2.151],[73.119,2.139]],[[73.431,1.777],[73.586,1.871],[73.561,2.169],[73.205,1.914],[73.279,1.759],[73.431,1.777]],[[73.471,0.727],[73.421,0.934],[73.109,0.882],[73.183,0.727],[72.91,0.55],[72.953,0.274],[73.211,0.151],[73.499,0.243],[73.613,0.471],[73.471,0.727]],[[73.449,-0.26],[73.427,-0.253],[73.406,-0.266],[73.4,-0.284],[73.401,-0.308],[73.416,-0.324],[73.437,-0.338],[73.455,-0.335],[73.47,-0.322],[73.475,-0.302],[73.472,-0.286],[73.457,-0.272],[73.449,-0.26]],[[73.252,-0.698],[73.268,-0.543],[73.062,-0.55],[73.142,-0.724],[73.252,-0.698]],[[72.183,-5.146],[72.33,-5.123],[72.511,-4.913],[72.643,-4.941],[72.65,-4.822],[72.521,-4.892],[72.452,-4.705],[72.308,-4.748],[72.183,-5.146]],[[72.454,-5.131],[72.173,-5.311],[72.184,-5.386],[72.521,-5.237],[72.454,-5.131]],[[102.307,-5.654],[102.532,-5.542],[102.518,-5.46],[102.279,-5.243],[102.064,-5.239],[102.061,-5.421],[102.307,-5.654]],[[72.146,-6.826],[72.075,-6.931],[72.343,-6.905],[72.415,-6.545],[72.775,-6.065],[72.767,-5.807],[72.589,-5.627],[72.039,-5.631],[71.839,-5.801],[71.582,-5.798],[71.457,-6.117],[71.25,-6.227],[71.217,-6.46],[71.334,-6.713],[71.925,-6.683],[72.146,-6.826]],[[71.53,-7.605],[71.549,-7.047],[71.27,-6.836],[71.068,-6.856],[70.989,-7.18],[71.102,-7.243],[71.168,-7.168],[71.455,-7.505],[71.385,-7.629],[71.53,-7.605]],[[72.416,-7.208],[72.329,-7.275],[72.433,-7.462],[72.524,-7.297],[72.416,-7.208]],[[71.952,-5.439],[72.031,-5.369],[72.003,-5.202],[71.719,-5.129],[71.647,-5.345],[71.484,-5.428],[71.671,-5.369],[71.815,-5.489],[71.952,-5.439]],[[105.632,-10.611],[105.723,-10.582],[105.736,-10.412],[105.529,-10.44],[105.632,-10.611]],[[96.857,-12.242],[96.933,-12.082],[96.796,-12.111],[96.857,-12.242]],[[96.142,-13.215],[96.33,-13.276],[96.386,-13.215],[96.167,-13.12],[96.142,-13.215]],[[93.635,7.649],[93.461,7.511],[93.513,6.984],[93.832,6.436],[94.014,6.948],[93.635,7.649]],[[93.504,7.634],[93.513,7.861],[93.714,8.082],[93.64,8.61],[93.559,8.623],[93.403,8.414],[93.361,8.093],[92.982,8.575],[93.037,8.26],[93.267,8.06],[93.202,7.846],[93.504,7.634]],[[92.788,9.389],[92.675,9.348],[92.642,9.162],[92.913,8.742],[92.912,9.185],[92.788,9.389]],[[96.667,10.197],[96.515,10.066],[96.709,10.078],[96.667,10.197]],[[92.721,10.853],[92.801,11.626],[93.13,11.745],[93.264,12.147],[93.054,12.751],[93.247,13.639],[93.391,13.807],[93.545,14.288],[93.464,14.44],[93.344,14.418],[92.93,13.821],[92.647,13.735],[92.622,13.519],[92.383,13.255],[92.405,12.865],[92.262,12.361],[92.262,12.127],[92.359,12.121],[92.182,12.054],[92.317,11.778],[92.141,11.585],[92.447,11.158],[92.347,10.956],[92.178,11.069],[92.102,11.021],[92.219,10.794],[92.096,10.539],[92.143,10.423],[92.684,10.423],[92.721,10.853]],[[94.259,13.392],[94.351,13.436],[94.205,13.465],[94.259,13.392]],[[93.823,12.256],[93.857,12.233],[93.89,12.241],[93.915,12.264],[93.911,12.296],[93.888,12.316],[93.867,12.321],[93.836,12.312],[93.825,12.302],[93.821,12.279],[93.823,12.256]],[[93.425,11.368],[93.295,11.306],[93.511,10.903],[93.583,11.479],[93.401,11.469],[93.425,11.368]]]}},{"type":"Feature","properties":{},"geometry":{"type":"Polygon","coordinates":[[[144.701549,13.207038],[144.702403,13.206855],[144.701549,13.206977],[144.701549,13.207038]]]}},{"type":"Feature","properties":{},"geometry":{"type":"Polygon","coordinates":[[[96.977,13.009],[96.919,12.967],[96.962,13.33],[96.977,13.009]]]}},{"type":"Feature","properties":{},"geometry":{"type":"Polygon","coordinates":[[[-132.061,22.933],[-107.754,-74.295],[-108.664,-74.489],[-108.641,-74.705],[-108.47,-74.768],[-108.521,-74.849],[-108.263,-74.962],[-108.455,-75.138],[-108.46,-75.06],[-108.953,-75.017],[-109.169,-74.801],[-109.833,-74.612],[-110.12,-74.432],[-110.225,-74.177],[-110.777,-74.153],[-110.993,-74.033],[-111.524,-74.04],[-112.03,-74.224],[-113.299,-74.172],[-113.513,-73.985],[-114.233,-73.817],[-114.924,-73.928],[-115.208,-74.102],[-116.37,-73.831],[-117.377,-74.049],[-118.663,-73.955],[-118.913,-73.769],[-121.684,-73.658],[-123.209,-73.649],[-123.474,-73.841],[-124.002,-73.856],[-124.582,-73.695],[-124.934,-73.49],[-125.317,-73.57],[-125.537,-73.409],[-126.041,-73.265],[-126.803,-73.155],[-127.649,-73.306],[-127.577,-73.553],[-127.378,-73.653],[-127.45,-73.84],[-128.105,-74.201],[-128.7,-74.343],[-130.429,-74.41],[-131.945,-74.297],[-133.909,-74.513],[-136.414,-74.596],[-137.242,-74.916],[-140.051,-75.105],[-140.225,-75.305],[-140.466,-75.237],[-141.139,-75.463],[-141.856,-75.03],[-142.649,-75.089],[-142.385,-75.233],[-142.347,-75.398],[-143.004,-75.371],[-142.817,-75.233],[-142.792,-75.105],[-143.521,-74.794],[-143.671,-74.902],[-143.038,-75.043],[-142.898,-75.163],[-143.707,-75.379],[-145.243,-75.376],[-145.503,-75.311],[-145.169,-75.185],[-145.37,-75.062],[-146.858,-75.242],[-147.881,-75.521],[-148.529,-75.473],[-149.781,-75.653],[-149.906,-75.752],[-149.921,-76.001],[-149.497,-76.206],[-150.185,-76.409],[-150.929,-76.409],[-151.193,-76.193],[-151.605,-76.123],[-152.165,-76.232],[-152.337,-76.37],[-152.76,-76.244],[-154.097,-76.337],[-154.011,-76.414],[-153.598,-76.356],[-152.133,-76.459],[-151.985,-76.793],[-151.287,-76.913],[-151.722,-76.923],[-151.931,-77.102],[-152.497,-77.263],[-152.416,-77.209],[-154.265,-77.013],[-155.67,-76.955],[-155.849,-77.033],[-157.075,-77.053],[-157.184,-76.968],[-157.482,-77.016],[-157.697,-76.937],[-157.882,-77.038],[-157.931,-76.841],[-158.161,-76.701],[-158.177,-76.841],[-158.393,-76.841],[-158.679,-76.987],[-158.482,-77.065],[-158.392,-77.427],[-158.821,-77.528],[-158.569,-77.645],[-158.865,-77.919],[-162.442,-78.476],[-165.106,-78.609],[-176.915,-78.27],[-176.86,-78.122],[-180.0,-77.874],[-180.0,-16.994],[-179.583,-16.722],[-179.777,-16.649],[-179.636,-16.477],[-179.873,-16.341],[-180.0,-16.409],[-180.0,-16.212],[-179.627,-16.215],[-179.4,-16.062],[-179.389,-16.222],[-179.496,-16.247],[-179.561,-16.409],[-179.441,-16.761],[-179.345,-16.577],[-179.417,-16.433],[-179.225,-16.313],[-179.236,-16.179],[-179.127,-16.101],[-179.27,-15.89],[-179.513,-16.025],[-180.0,-16.093],[-180.0,-15.786],[-179.633,-15.833],[-180.0,-15.688],[-180.0,-11.799],[-179.731,-11.943],[-179.768,-12.123],[-179.585,-12.305],[-179.393,-12.377],[-179.345,-12.233],[-179.222,-12.194],[-179.772,-11.63],[-180.0,-11.73],[-180.0,11.0],[-171.076,11.393],[-132.061,22.933]],[[-165.206,9.747],[-165.137,9.607],[-165.051,9.645],[-165.067,9.734],[-165.206,9.747]],[[-162.49,6.339],[-162.338,6.312],[-162.303,6.424],[-162.445,6.458],[-162.49,6.339]],[[-162.146,5.807],[-162.031,5.892],[-162.18,5.913],[-162.146,5.807]],[[-160.446,4.682],[-160.332,4.717],[-160.441,4.757],[-160.446,4.682]],[[-159.336,3.757],[-159.225,3.848],[-159.377,3.967],[-159.439,3.856],[-159.336,3.757]],[[-157.459,2.066],[-157.607,1.865],[-157.159,1.696],[-157.276,1.992],[-157.459,2.066]],[[-176.643,0.841],[-176.659,0.836],[-176.671,0.797],[-176.666,0.787],[-176.665,0.779],[-176.647,0.771],[-176.626,0.771],[-176.606,0.786],[-176.604,0.808],[-176.613,0.823],[-176.618,0.827],[-176.619,0.828],[-176.632,0.838],[-176.633,0.838],[-176.643,0.841]],[[-176.493,0.232],[-176.502,0.222],[-176.515,0.188],[-176.499,0.164],[-176.473,0.155],[-176.445,0.159],[-176.43,0.177],[-176.428,0.203],[-176.43,0.213],[-176.429,0.221],[-176.429,0.227],[-176.448,0.254],[-176.46,0.256],[-176.48,0.248],[-176.485,0.244],[-176.493,0.232]],[[-160.064,-0.407],[-159.949,-0.373],[-160.059,-0.333],[-160.064,-0.407]],[[-174.746,-0.796],[-174.678,-0.948],[-174.63,-0.789],[-174.746,-0.796]],[[-175.025,-1.553],[-175.002,-1.664],[-174.881,-1.697],[-174.921,-1.54],[-175.025,-1.553]],[[-174.618,-1.76],[-174.46,-1.902],[-174.449,-1.769],[-174.618,-1.76]],[[-171.811,-2.8],[-171.791,-2.91],[-171.497,-2.915],[-171.738,-2.681],[-171.811,-2.8]],[[-171.091,-3.233],[-170.944,-3.141],[-171.174,-3.027],[-171.091,-3.233]],[[-171.485,-3.49],[-171.6,-3.558],[-171.479,-3.55],[-171.529,-3.686],[-171.419,-3.592],[-171.485,-3.49]],[[-170.806,-3.642],[-170.688,-3.743],[-170.725,-3.804],[-170.642,-3.782],[-170.704,-3.626],[-170.806,-3.642]],[[-173.243,-3.764],[-173.249,-3.763],[-173.255,-3.764],[-173.26,-3.765],[-173.265,-3.768],[-173.27,-3.771],[-173.274,-3.776],[-173.277,-3.781],[-173.279,-3.786],[-173.28,-3.792],[-173.279,-3.798],[-173.278,-3.803],[-173.276,-3.808],[-173.272,-3.813],[-173.256,-3.825],[-173.256,-3.826],[-173.256,-3.827],[-173.255,-3.827],[-173.255,-3.828],[-173.255,-3.829],[-173.264,-3.845],[-173.266,-3.851],[-173.266,-3.856],[-173.266,-3.862],[-173.264,-3.867],[-173.261,-3.872],[-173.257,-3.877],[-173.252,-3.881],[-173.248,-3.883],[-173.245,-3.884],[-173.237,-3.885],[-173.229,-3.884],[-173.222,-3.881],[-173.216,-3.877],[-173.211,-3.871],[-173.2,-3.853],[-173.196,-3.838],[-173.195,-3.821],[-173.199,-3.806],[-173.208,-3.79],[-173.216,-3.781],[-173.238,-3.766],[-173.243,-3.764]],[[-170.895,-3.871],[-170.959,-3.94],[-170.847,-3.939],[-170.895,-3.871]],[[-174.088,-3.691],[-174.052,-3.599],[-174.147,-3.528],[-174.196,-3.59],[-174.108,-3.629],[-174.183,-3.665],[-174.088,-3.691]],[[-154.975,-4.123],[-154.927,-4.005],[-155.046,-4.04],[-154.975,-4.123]],[[-171.309,-4.39],[-171.353,-4.488],[-171.175,-4.539],[-171.137,-4.378],[-171.309,-4.39]],[[-172.094,-4.404],[-172.354,-4.502],[-172.116,-4.61],[-172.031,-4.474],[-172.094,-4.404]],[[-174.515,-4.725],[-174.503,-4.727],[-174.476,-4.713],[-174.48,-4.672],[-174.483,-4.669],[-174.48,-4.666],[-174.503,-4.643],[-174.509,-4.638],[-174.523,-4.63],[-174.538,-4.626],[-174.556,-4.632],[-174.561,-4.635],[-174.574,-4.658],[-174.564,-4.683],[-174.559,-4.688],[-174.549,-4.693],[-174.541,-4.707],[-174.532,-4.715],[-174.526,-4.719],[-174.515,-4.725]],[[-155.916,-5.664],[-155.839,-5.601],[-155.95,-5.585],[-155.916,-5.664]],[[-140.376,-7.835],[-140.126,-7.856],[-140.297,-7.769],[-140.376,-7.835]],[[-140.563,-7.839],[-140.752,-7.974],[-140.734,-8.066],[-140.557,-7.942],[-140.563,-7.839]],[[-172.55,-8.524],[-172.546,-8.623],[-172.464,-8.622],[-172.46,-8.521],[-172.55,-8.524]],[[-140.046,-8.739],[-140.272,-8.77],[-140.249,-8.969],[-139.985,-8.921],[-140.046,-8.739]],[[-139.652,-8.925],[-139.433,-8.921],[-139.6,-8.828],[-139.652,-8.925]],[[-157.877,-8.986],[-158.009,-8.918],[-158.088,-9.019],[-157.923,-9.168],[-157.877,-8.986]],[[-171.822,-9.126],[-171.956,-9.098],[-171.976,-9.207],[-171.858,-9.281],[-171.822,-9.126]],[[-171.248,-9.489],[-171.184,-9.296],[-171.334,-9.355],[-171.248,-9.489]],[[-140.136,-9.481],[-140.033,-9.521],[-140.007,-9.322],[-140.181,-9.352],[-140.136,-9.481]],[[-139.182,-9.832],[-139.089,-10.048],[-138.785,-9.734],[-139.057,-9.672],[-139.191,-9.74],[-139.182,-9.832]],[[-161.04,-10.055],[-161.044,-9.975],[-161.125,-9.992],[-161.115,-10.09],[-161.04,-10.055]],[[-150.285,-10.04],[-150.176,-9.977],[-150.223,-9.84],[-150.285,-10.04]],[[-161.069,-10.407],[-161.007,-10.485],[-160.905,-10.438],[-161.001,-10.31],[-161.069,-10.407]],[[-138.71,-10.469],[-138.701,-10.567],[-138.614,-10.561],[-138.62,-10.416],[-138.716,-10.402],[-138.71,-10.469]],[[-179.145,-10.568],[-179.269,-10.658],[-179.231,-10.776],[-179.145,-10.568]],[[-165.882,-10.845],[-165.952,-10.941],[-165.789,-10.983],[-165.798,-10.84],[-165.882,-10.845]],[[-176.762,-10.998],[-176.922,-10.932],[-176.802,-11.061],[-176.943,-11.052],[-176.95,-11.135],[-176.761,-11.116],[-176.762,-10.998]],[[-171.105,-11.086],[-171.081,-11.097],[-171.068,-11.093],[-171.06,-11.089],[-171.043,-11.064],[-171.042,-11.054],[-171.07,-11.022],[-171.083,-11.021],[-171.086,-11.021],[-171.116,-11.048],[-171.117,-11.057],[-171.11,-11.08],[-171.105,-11.086]],[[-151.842,-11.381],[-151.849,-11.399],[-151.849,-11.42],[-151.848,-11.43],[-151.837,-11.46],[-151.824,-11.481],[-151.818,-11.485],[-151.812,-11.489],[-151.805,-11.491],[-151.8,-11.491],[-151.795,-11.49],[-151.767,-11.481],[-151.762,-11.478],[-151.759,-11.474],[-151.756,-11.47],[-151.753,-11.466],[-151.752,-11.461],[-151.751,-11.456],[-151.755,-11.425],[-151.758,-11.417],[-151.787,-11.364],[-151.793,-11.36],[-151.799,-11.357],[-151.806,-11.356],[-151.813,-11.357],[-151.82,-11.359],[-151.826,-11.362],[-151.842,-11.381]],[[-165.368,-11.504],[-165.393,-11.487],[-165.433,-11.488],[-165.46,-11.501],[-165.475,-11.547],[-165.473,-11.586],[-165.434,-11.61],[-165.387,-11.595],[-165.361,-11.543],[-165.368,-11.504]],[[-177.607,-11.604],[-177.678,-11.64],[-177.633,-11.714],[-177.607,-11.604]],[[-178.353,-11.843],[-178.32,-11.904],[-178.099,-11.837],[-178.252,-11.72],[-178.353,-11.843]],[[-148.519,-12.109],[-148.428,-12.104],[-148.479,-11.985],[-148.519,-12.109]],[[-177.443,-12.181],[-177.617,-12.257],[-177.606,-12.549],[-177.398,-12.419],[-177.443,-12.181]],[[-176.861,-12.543],[-176.742,-12.597],[-176.658,-12.518],[-176.771,-12.441],[-176.861,-12.543]],[[-179.217,-12.887],[-179.132,-12.783],[-179.268,-12.71],[-179.307,-12.806],[-179.217,-12.887]],[[-176.286,-13.23],[-176.275,-13.39],[-176.097,-13.397],[-176.044,-13.273],[-176.145,-13.137],[-176.286,-13.23]],[[-163.152,-13.363],[-162.99,-13.296],[-163.118,-13.159],[-163.216,-13.271],[-163.152,-13.363]],[[-172.432,-13.409],[-172.818,-13.484],[-172.54,-13.83],[-172.338,-13.817],[-172.173,-14.039],[-171.387,-14.029],[-171.387,-13.917],[-171.689,-13.721],[-172.049,-13.697],[-172.333,-13.401],[-172.432,-13.409]],[[-141.285,-14.123],[-141.281,-14.217],[-141.147,-14.209],[-141.285,-14.123]],[[-169.41,-14.244],[-169.572,-14.235],[-169.514,-14.301],[-169.41,-14.244]],[[-145.91,-14.289],[-146.177,-14.441],[-146.385,-14.399],[-146.44,-14.575],[-146.129,-14.465],[-145.907,-14.506],[-145.804,-14.337],[-145.91,-14.289]],[[-145.116,-14.509],[-145.303,-14.612],[-145.312,-14.73],[-145.202,-14.738],[-144.808,-14.361],[-144.97,-14.355],[-145.116,-14.509]],[[-138.868,-14.751],[-138.861,-14.854],[-138.763,-14.848],[-138.868,-14.751]],[[-147.81,-14.86],[-147.977,-15.056],[-147.873,-15.24],[-147.458,-15.356],[-147.177,-15.293],[-147.607,-14.918],[-147.81,-14.86]],[[-144.567,-14.997],[-144.508,-14.903],[-144.611,-14.927],[-144.567,-14.997]],[[-146.837,-15.174],[-146.916,-15.317],[-146.818,-15.445],[-146.563,-15.384],[-146.568,-15.219],[-146.837,-15.174]],[[-146.477,-15.458],[-146.435,-15.633],[-146.278,-15.629],[-146.133,-15.344],[-146.399,-15.26],[-146.477,-15.458]],[[-145.601,-15.641],[-145.473,-15.666],[-145.382,-15.461],[-145.577,-15.416],[-145.601,-15.641]],[[-144.684,-15.668],[-144.699,-15.76],[-144.601,-15.778],[-144.589,-15.68],[-144.684,-15.668]],[[-142.26,-15.778],[-142.29,-15.896],[-142.099,-15.719],[-142.26,-15.778]],[[-140.904,-15.876],[-140.8,-15.851],[-140.804,-15.754],[-140.929,-15.784],[-140.904,-15.876]],[[-142.333,-15.885],[-142.532,-16.018],[-142.529,-16.265],[-142.382,-16.189],[-142.333,-15.885]],[[-140.194,-16.076],[-140.033,-15.929],[-140.226,-15.929],[-140.194,-16.076]],[[-143.177,-16.241],[-143.278,-16.275],[-143.202,-16.422],[-142.968,-16.41],[-143.177,-16.241]],[[-143.864,-16.406],[-143.999,-16.428],[-144.089,-16.649],[-144.367,-16.307],[-144.456,-16.299],[-144.48,-16.418],[-144.281,-16.697],[-144.092,-16.796],[-143.897,-16.649],[-143.499,-16.794],[-143.353,-16.691],[-143.402,-16.584],[-143.574,-16.584],[-143.864,-16.406]],[[-142.901,-16.794],[-142.753,-16.742],[-142.804,-16.595],[-142.918,-16.642],[-142.901,-16.794]],[[-141.991,-16.806],[-141.996,-16.825],[-141.994,-16.841],[-141.99,-16.855],[-141.978,-16.873],[-141.965,-16.883],[-141.957,-16.886],[-141.956,-16.886],[-141.955,-16.887],[-141.932,-16.889],[-141.931,-16.889],[-141.931,-16.89],[-141.93,-16.89],[-141.928,-16.891],[-141.922,-16.892],[-141.916,-16.892],[-141.911,-16.891],[-141.887,-16.878],[-141.883,-16.875],[-141.88,-16.871],[-141.878,-16.866],[-141.876,-16.861],[-141.875,-16.856],[-141.876,-16.851],[-141.882,-16.829],[-141.89,-16.816],[-141.908,-16.8],[-141.918,-16.793],[-141.941,-16.786],[-141.961,-16.786],[-141.981,-16.795],[-141.987,-16.8],[-141.991,-16.806]],[[-143.09,-16.933],[-143.39,-16.936],[-143.091,-17.233],[-143.01,-17.171],[-143.09,-16.933]],[[-178.667,-17.244],[-178.597,-17.156],[-178.695,-16.868],[-179.333,-16.984],[-179.176,-17.352],[-179.341,-17.439],[-179.174,-17.519],[-179.088,-17.36],[-178.846,-17.435],[-178.667,-17.244]],[[-138.389,-17.252],[-138.5,-17.377],[-138.328,-17.354],[-138.389,-17.252]],[[-141.524,-17.308],[-141.568,-17.419],[-141.391,-17.399],[-141.524,-17.308]],[[-143.368,-17.427],[-143.49,-17.395],[-143.51,-17.481],[-143.415,-17.511],[-143.368,-17.427]],[[-142.705,-17.513],[-142.663,-17.661],[-142.507,-17.616],[-142.579,-17.493],[-142.705,-17.513]],[[-140.686,-17.654],[-140.814,-17.72],[-140.879,-17.911],[-140.571,-17.742],[-140.581,-17.652],[-140.686,-17.654]],[[-178.21,-17.929],[-178.347,-17.857],[-178.639,-18.119],[-178.883,-18.184],[-178.715,-18.35],[-178.633,-18.204],[-178.577,-18.237],[-178.505,-18.569],[-178.782,-18.626],[-178.658,-18.758],[-178.684,-19.152],[-178.57,-19.229],[-178.361,-19.265],[-178.25,-19.115],[-178.317,-19.071],[-178.281,-18.861],[-178.532,-18.85],[-178.598,-18.749],[-178.395,-18.774],[-178.246,-18.624],[-178.415,-18.513],[-178.197,-18.344],[-178.337,-18.065],[-178.21,-17.929]],[[-142.222,-17.939],[-142.448,-18.042],[-142.181,-18.343],[-142.082,-18.252],[-142.222,-17.939]],[[-140.969,-18.022],[-141.102,-18.057],[-141.093,-18.162],[-140.854,-18.424],[-140.653,-18.444],[-140.969,-18.022]],[[-136.983,-18.409],[-136.92,-18.307],[-137.083,-18.217],[-137.094,-18.327],[-136.983,-18.409]],[[-136.528,-18.451],[-136.41,-18.593],[-136.25,-18.587],[-136.381,-18.436],[-136.528,-18.451]],[[-173.947,-18.539],[-174.185,-18.713],[-174.281,-18.977],[-174.233,-19.097],[-174.353,-19.241],[-174.231,-19.378],[-174.103,-19.354],[-174.001,-19.159],[-173.885,-18.628],[-173.947,-18.539]],[[-141.882,-18.783],[-141.777,-18.852],[-141.742,-18.719],[-141.89,-18.677],[-141.882,-18.783]],[[-138.859,-18.824],[-138.764,-18.739],[-138.897,-18.73],[-138.859,-18.824]],[[-159.775,-18.792],[-159.885,-18.921],[-159.737,-18.994],[-159.775,-18.792]],[[-169.781,-18.991],[-169.918,-18.945],[-169.956,-19.149],[-169.822,-19.145],[-169.781,-18.991]],[[-140.769,-19.121],[-140.639,-19.176],[-140.671,-19.091],[-140.769,-19.121]],[[-141.214,-19.167],[-141.309,-19.179],[-141.27,-19.261],[-141.214,-19.167]],[[-138.825,-19.265],[-138.832,-19.292],[-138.819,-19.309],[-138.795,-19.318],[-138.76,-19.314],[-138.75,-19.291],[-138.753,-19.274],[-138.764,-19.26],[-138.785,-19.256],[-138.811,-19.26],[-138.825,-19.265]],[[-139.191,-19.294],[-139.289,-19.363],[-139.18,-19.376],[-139.191,-19.294]],[[-158.927,-19.304],[-158.856,-19.238],[-158.923,-19.185],[-158.995,-19.258],[-158.927,-19.304]],[[-174.61,-18.769],[-174.638,-18.759],[-174.663,-18.759],[-174.675,-18.769],[-174.687,-18.801],[-174.663,-18.836],[-174.62,-18.841],[-174.593,-18.821],[-174.596,-18.794],[-174.61,-18.769]],[[-168.345,-18.185],[-168.48,-18.216],[-168.456,-18.312],[-168.319,-18.289],[-168.345,-18.185]],[[-174.185,-18.191],[-174.136,-18.12],[-174.264,-18.15],[-174.185,-18.191]],[[-163.207,-18.13],[-163.113,-18.074],[-163.172,-17.955],[-163.207,-18.13]],[[-179.816,-19.042],[-179.731,-18.94],[-179.855,-18.87],[-179.945,-19.001],[-179.816,-19.042]],[[-178.985,-18.882],[-179.036,-18.962],[-178.905,-19.031],[-178.841,-18.834],[-178.985,-18.882]],[[-179.199,-18.357],[-179.32,-18.369],[-179.26,-18.428],[-179.199,-18.357]],[[-179.026,-17.899],[-179.105,-17.962],[-178.997,-18.018],[-179.026,-17.899]],[[-149.559,-17.827],[-149.22,-17.915],[-149.101,-17.826],[-149.421,-17.448],[-149.685,-17.505],[-149.559,-17.827]],[[-178.559,-17.732],[-178.553,-17.585],[-178.681,-17.7],[-178.762,-17.656],[-178.687,-17.485],[-178.865,-17.561],[-178.83,-17.789],[-178.673,-17.825],[-178.559,-17.732]],[[-179.314,-17.682],[-179.385,-17.756],[-179.293,-17.829],[-179.23,-17.744],[-179.314,-17.682]],[[-149.929,-17.561],[-149.824,-17.619],[-149.76,-17.455],[-149.946,-17.454],[-149.929,-17.561]],[[-145.588,-17.423],[-145.317,-17.499],[-145.558,-17.268],[-145.638,-17.35],[-145.588,-17.423]],[[-142.633,-17.303],[-142.633,-17.304],[-142.634,-17.308],[-142.635,-17.315],[-142.633,-17.323],[-142.63,-17.33],[-142.609,-17.353],[-142.598,-17.361],[-142.597,-17.362],[-142.583,-17.369],[-142.578,-17.371],[-142.571,-17.371],[-142.564,-17.371],[-142.558,-17.368],[-142.552,-17.365],[-142.524,-17.328],[-142.522,-17.322],[-142.521,-17.316],[-142.528,-17.281],[-142.532,-17.275],[-142.537,-17.27],[-142.568,-17.255],[-142.574,-17.254],[-142.58,-17.254],[-142.614,-17.265],[-142.62,-17.268],[-142.625,-17.271],[-142.628,-17.275],[-142.632,-17.28],[-142.634,-17.286],[-142.635,-17.291],[-142.635,-17.297],[-142.633,-17.303]],[[-150.596,-17.606],[-150.701,-17.598],[-150.694,-17.703],[-150.605,-17.7],[-150.596,-17.606]],[[-143.093,-17.809],[-143.094,-17.818],[-143.096,-17.816],[-143.101,-17.814],[-143.106,-17.812],[-143.111,-17.811],[-143.116,-17.812],[-143.122,-17.813],[-143.126,-17.815],[-143.131,-17.818],[-143.135,-17.822],[-143.138,-17.827],[-143.14,-17.833],[-143.142,-17.838],[-143.142,-17.844],[-143.14,-17.85],[-143.138,-17.855],[-143.135,-17.86],[-143.113,-17.882],[-143.108,-17.886],[-143.103,-17.888],[-143.094,-17.89],[-143.092,-17.89],[-143.091,-17.89],[-143.09,-17.89],[-143.089,-17.89],[-143.088,-17.89],[-143.059,-17.901],[-143.034,-17.883],[-143.029,-17.853],[-143.027,-17.85],[-143.025,-17.846],[-143.023,-17.837],[-143.024,-17.829],[-143.025,-17.825],[-143.041,-17.795],[-143.046,-17.791],[-143.05,-17.787],[-143.056,-17.785],[-143.061,-17.784],[-143.067,-17.784],[-143.073,-17.785],[-143.078,-17.788],[-143.082,-17.79],[-143.086,-17.793],[-143.088,-17.797],[-143.091,-17.8],[-143.092,-17.804],[-143.093,-17.809]],[[-179.476,-17.461],[-179.483,-17.382],[-179.569,-17.393],[-179.476,-17.461]],[[-179.464,-17.205],[-179.653,-17.329],[-179.457,-17.297],[-179.464,-17.205]],[[-153.967,-16.876],[-153.869,-16.796],[-153.946,-16.725],[-154.025,-16.824],[-153.967,-16.876]],[[-151.547,-16.848],[-151.491,-16.959],[-151.31,-16.882],[-151.484,-16.514],[-151.612,-16.581],[-151.547,-16.848]],[[-154.626,-16.613],[-154.614,-16.468],[-154.724,-16.429],[-154.782,-16.524],[-154.626,-16.613]],[[-152.34,-16.429],[-152.248,-16.52],[-152.183,-16.429],[-152.296,-16.366],[-152.34,-16.429]],[[-145.827,-16.235],[-145.528,-16.556],[-145.327,-16.472],[-145.62,-15.996],[-145.837,-16.078],[-145.827,-16.235]],[[-145.848,-15.997],[-145.976,-15.767],[-146.248,-15.805],[-146.024,-16.054],[-145.848,-15.997]],[[-173.689,-15.944],[-173.711,-15.823],[-173.868,-15.886],[-173.807,-16.0],[-173.689,-15.944]],[[-154.604,-15.809],[-154.516,-15.853],[-154.484,-15.763],[-154.604,-15.809]],[[-146.914,-15.741],[-146.66,-15.88],[-146.43,-15.844],[-146.757,-15.594],[-146.901,-15.614],[-146.914,-15.741]],[[-175.589,-15.607],[-175.625,-15.53],[-175.713,-15.578],[-175.677,-15.65],[-175.589,-15.607]],[[-145.229,-15.736],[-145.301,-15.914],[-145.063,-15.994],[-145.079,-15.754],[-145.229,-15.736]],[[-148.216,-15.903],[-148.211,-15.774],[-148.313,-15.747],[-148.327,-15.848],[-148.216,-15.903]],[[-144.897,-16.316],[-144.765,-16.276],[-144.742,-16.143],[-144.984,-16.038],[-145.059,-16.185],[-144.897,-16.316]],[[-151.703,-16.414],[-151.817,-16.424],[-151.778,-16.61],[-151.667,-16.537],[-151.703,-16.414]],[[-151.767,-16.264],[-151.895,-16.183],[-151.852,-16.329],[-151.767,-16.264]],[[-146.36,-16.252],[-146.289,-16.199],[-146.358,-16.07],[-146.463,-16.17],[-146.36,-16.252]],[[-151.103,-16.719],[-151.034,-16.867],[-150.94,-16.83],[-150.995,-16.653],[-151.103,-16.719]],[[-145.299,-16.818],[-145.122,-16.83],[-145.073,-16.721],[-145.371,-16.669],[-145.299,-16.818]],[[-144.857,-16.747],[-145.018,-16.794],[-144.979,-16.899],[-144.68,-17.034],[-144.543,-16.988],[-144.553,-16.848],[-144.857,-16.747]],[[-144.303,-16.852],[-144.22,-16.824],[-144.285,-16.747],[-144.303,-16.852]],[[-144.427,-17.033],[-144.429,-17.17],[-144.296,-17.185],[-144.249,-17.045],[-144.427,-17.033]],[[-149.51,-17.04],[-149.502,-16.919],[-149.622,-16.916],[-149.651,-17.024],[-149.51,-17.04]],[[-148.172,-15.144],[-147.988,-14.999],[-148.096,-14.844],[-148.331,-14.991],[-148.267,-15.149],[-148.172,-15.144]],[[-148.569,-14.849],[-148.708,-14.799],[-148.755,-14.909],[-148.621,-14.951],[-148.569,-14.849]],[[-168.133,-14.497],[-168.16,-14.487],[-168.185,-14.487],[-168.197,-14.497],[-168.21,-14.529],[-168.185,-14.564],[-168.143,-14.569],[-168.115,-14.549],[-168.118,-14.522],[-168.133,-14.497]],[[-175.953,-14.499],[-175.972,-14.345],[-176.109,-14.369],[-176.051,-14.502],[-175.953,-14.499]],[[-177.935,-14.328],[-178.175,-14.203],[-178.262,-14.259],[-178.017,-14.4],[-177.935,-14.328]],[[-170.584,-14.189],[-170.921,-14.369],[-170.743,-14.404],[-170.52,-14.289],[-170.584,-14.189]],[[-169.682,-14.206],[-169.64,-14.211],[-169.612,-14.192],[-169.615,-14.164],[-169.63,-14.139],[-169.657,-14.129],[-169.682,-14.129],[-169.694,-14.139],[-169.707,-14.172],[-169.682,-14.206]],[[-174.323,-19.592],[-174.832,-19.911],[-174.737,-20.177],[-174.956,-20.228],[-175.155,-20.874],[-175.394,-21.109],[-174.928,-21.483],[-174.888,-21.279],[-175.05,-21.2],[-174.941,-20.908],[-175.021,-20.589],[-174.944,-20.539],[-174.85,-20.688],[-174.702,-20.707],[-174.562,-20.613],[-174.469,-20.334],[-174.551,-20.2],[-174.223,-19.706],[-174.256,-19.575],[-174.323,-19.592]],[[-140.476,-19.608],[-140.351,-19.665],[-140.372,-19.582],[-140.476,-19.608]],[[-157.768,-19.79],[-157.704,-19.88],[-157.683,-19.751],[-157.768,-19.79]],[[-145.046,-19.881],[-144.913,-19.926],[-144.964,-19.812],[-145.046,-19.881]],[[-158.092,-19.952],[-158.132,-20.043],[-158.045,-20.031],[-158.092,-19.952]],[[-167.773,-19.955],[-167.918,-20.024],[-167.777,-20.033],[-167.773,-19.955]],[[-158.269,-19.795],[-158.328,-19.835],[-158.244,-19.855],[-158.269,-19.795]],[[-157.362,-20.2],[-157.32,-20.207],[-157.3,-20.19],[-157.285,-20.15],[-157.298,-20.118],[-157.32,-20.11],[-157.35,-20.11],[-157.37,-20.123],[-157.377,-20.158],[-157.362,-20.2]],[[-143.58,-20.462],[-143.493,-20.44],[-143.538,-20.354],[-143.58,-20.462]],[[-161.082,-20.626],[-161.088,-20.639],[-161.084,-20.658],[-161.072,-20.668],[-161.061,-20.672],[-161.045,-20.678],[-161.031,-20.68],[-161.006,-20.674],[-160.989,-20.661],[-160.981,-20.653],[-160.972,-20.636],[-160.97,-20.631],[-160.969,-20.625],[-160.969,-20.619],[-160.979,-20.589],[-160.982,-20.584],[-160.986,-20.58],[-161.007,-20.569],[-161.026,-20.567],[-161.044,-20.57],[-161.058,-20.578],[-161.071,-20.59],[-161.08,-20.609],[-161.082,-20.626]],[[-139.174,-20.85],[-139.088,-20.805],[-139.147,-20.729],[-139.174,-20.85]],[[-138.612,-20.852],[-138.463,-20.9],[-138.536,-20.737],[-138.612,-20.852]],[[-159.775,-21.155],[-159.876,-21.237],[-159.767,-21.315],[-159.707,-21.216],[-159.775,-21.155]],[[-136.647,-21.262],[-136.787,-21.309],[-136.338,-21.512],[-136.377,-21.33],[-136.647,-21.262]],[[-135.686,-21.494],[-135.604,-21.615],[-135.415,-21.533],[-135.505,-21.44],[-135.686,-21.494]],[[-140.639,-21.594],[-140.733,-21.717],[-140.615,-21.778],[-140.537,-21.689],[-140.639,-21.594]],[[-138.915,-21.758],[-139.062,-21.911],[-138.76,-21.872],[-138.756,-21.795],[-138.915,-21.758]],[[-157.857,-21.928],[-157.924,-21.849],[-157.999,-21.912],[-157.857,-21.928]],[[-136.207,-21.962],[-136.248,-22.052],[-136.139,-22.06],[-136.113,-21.983],[-136.207,-21.962]],[[-154.664,-21.842],[-154.649,-21.744],[-154.752,-21.774],[-154.664,-21.842]],[[-178.654,-20.584],[-178.889,-20.777],[-178.642,-20.724],[-178.654,-20.584]],[[-178.23,-19.966],[-178.195,-19.789],[-178.34,-19.876],[-178.301,-20.055],[-178.23,-19.966]],[[-175.07,-19.831],[-175.017,-19.627],[-175.136,-19.733],[-175.07,-19.831]],[[-138.818,-22.256],[-138.737,-22.337],[-138.656,-22.215],[-138.785,-22.169],[-138.818,-22.256]],[[-176.204,-22.295],[-176.213,-22.294],[-176.225,-22.295],[-176.247,-22.316],[-176.245,-22.346],[-176.241,-22.352],[-176.233,-22.361],[-176.227,-22.364],[-176.209,-22.369],[-176.193,-22.366],[-176.188,-22.363],[-176.18,-22.357],[-176.176,-22.353],[-176.168,-22.33],[-176.179,-22.309],[-176.185,-22.304],[-176.195,-22.298],[-176.204,-22.295]],[[-151.383,-22.543],[-151.3,-22.47],[-151.388,-22.381],[-151.383,-22.543]],[[-152.895,-22.696],[-152.805,-22.67],[-152.823,-22.563],[-152.916,-22.593],[-152.895,-22.696]],[[-151.285,-22.775],[-151.279,-22.863],[-151.192,-22.862],[-151.285,-22.775]],[[-175.796,-22.843],[-175.84,-22.954],[-175.683,-22.996],[-175.796,-22.843]],[[-134.987,-22.988],[-135.137,-23.177],[-134.969,-23.321],[-134.801,-23.128],[-134.987,-22.988]],[[-134.554,-23.315],[-134.555,-23.322],[-134.555,-23.328],[-134.533,-23.384],[-134.523,-23.396],[-134.506,-23.409],[-134.502,-23.41],[-134.497,-23.411],[-134.493,-23.412],[-134.488,-23.411],[-134.483,-23.41],[-134.478,-23.408],[-134.474,-23.405],[-134.449,-23.385],[-134.446,-23.38],[-134.443,-23.375],[-134.44,-23.355],[-134.444,-23.335],[-134.455,-23.317],[-134.465,-23.307],[-134.485,-23.294],[-134.505,-23.29],[-134.537,-23.296],[-134.543,-23.299],[-134.547,-23.304],[-134.551,-23.309],[-134.554,-23.315]],[[-149.413,-23.329],[-149.566,-23.407],[-149.397,-23.451],[-149.413,-23.329]],[[-137.118,-23.114],[-137.19,-23.161],[-137.134,-23.228],[-137.059,-23.17],[-137.118,-23.114]],[[-178.958,-24.162],[-178.865,-23.945],[-179.035,-23.844],[-178.817,-23.729],[-178.897,-23.59],[-179.206,-23.942],[-178.985,-24.017],[-178.958,-24.162]],[[-147.681,-23.808],[-147.773,-23.888],[-147.615,-23.966],[-147.563,-23.848],[-147.681,-23.808]],[[-130.754,-23.964],[-130.75,-23.964],[-130.725,-23.954],[-130.72,-23.949],[-130.716,-23.914],[-130.745,-23.894],[-130.751,-23.897],[-130.778,-23.912],[-130.781,-23.942],[-130.779,-23.947],[-130.754,-23.964]],[[-128.307,-24.443],[-128.302,-24.443],[-128.297,-24.443],[-128.289,-24.441],[-128.283,-24.438],[-128.28,-24.436],[-128.265,-24.415],[-128.26,-24.398],[-128.261,-24.365],[-128.263,-24.354],[-128.279,-24.318],[-128.283,-24.313],[-128.288,-24.31],[-128.327,-24.295],[-128.335,-24.295],[-128.339,-24.296],[-128.346,-24.299],[-128.373,-24.322],[-128.377,-24.329],[-128.38,-24.336],[-128.38,-24.345],[-128.371,-24.379],[-128.366,-24.39],[-128.345,-24.419],[-128.336,-24.426],[-128.313,-24.44],[-128.307,-24.443]],[[-145.959,-24.739],[-145.832,-24.648],[-146.009,-24.569],[-146.054,-24.664],[-145.959,-24.739]],[[-124.833,-24.708],[-124.784,-24.717],[-124.775,-24.717],[-124.753,-24.713],[-124.748,-24.71],[-124.743,-24.706],[-124.739,-24.702],[-124.738,-24.699],[-124.735,-24.693],[-124.734,-24.687],[-124.734,-24.681],[-124.74,-24.66],[-124.743,-24.655],[-124.747,-24.651],[-124.751,-24.648],[-124.756,-24.645],[-124.762,-24.644],[-124.768,-24.643],[-124.775,-24.644],[-124.776,-24.645],[-124.777,-24.645],[-124.78,-24.646],[-124.783,-24.643],[-124.788,-24.64],[-124.794,-24.638],[-124.801,-24.637],[-124.821,-24.639],[-124.835,-24.646],[-124.84,-24.65],[-124.849,-24.665],[-124.852,-24.68],[-124.851,-24.686],[-124.85,-24.691],[-124.847,-24.697],[-124.843,-24.702],[-124.838,-24.705],[-124.833,-24.708]],[[-130.136,-25.092],[-130.093,-25.112],[-130.054,-25.106],[-130.037,-25.076],[-130.067,-25.049],[-130.1,-25.026],[-130.14,-25.036],[-130.153,-25.063],[-130.136,-25.092]],[[-179.577,-27.6],[-179.565,-27.602],[-179.552,-27.6],[-179.537,-27.593],[-179.532,-27.587],[-179.527,-27.575],[-179.52,-27.538],[-179.519,-27.446],[-179.528,-27.407],[-179.536,-27.393],[-179.546,-27.385],[-179.557,-27.383],[-179.572,-27.388],[-179.589,-27.402],[-179.609,-27.425],[-179.616,-27.436],[-179.62,-27.449],[-179.625,-27.48],[-179.625,-27.514],[-179.618,-27.546],[-179.606,-27.575],[-179.598,-27.586],[-179.588,-27.595],[-179.577,-27.6]],[[-144.415,-27.588],[-144.323,-27.684],[-144.238,-27.646],[-144.308,-27.523],[-144.415,-27.588]],[[-143.468,-27.932],[-143.441,-27.95],[-143.41,-27.946],[-143.394,-27.926],[-143.39,-27.899],[-143.414,-27.883],[-143.443,-27.883],[-143.468,-27.901],[-143.468,-27.932]],[[-177.86,-28.728],[-177.84,-28.872],[-177.757,-28.692],[-177.86,-28.728]],[[-179.83,-28.79],[-179.969,-28.817],[-179.942,-28.922],[-179.83,-28.79]],[[-178.0,-29.38],[-177.826,-29.299],[-177.854,-29.221],[-178.029,-29.23],[-178.0,-29.38]],[[-125.229,-36.217],[-125.155,-36.132],[-125.305,-36.029],[-125.229,-36.217]],[[-177.69,-43.721],[-177.838,-43.757],[-177.736,-43.93],[-177.343,-43.877],[-176.851,-44.126],[-176.853,-44.292],[-176.229,-44.566],[-175.441,-44.258],[-175.454,-44.177],[-175.677,-44.166],[-175.717,-44.078],[-175.287,-43.929],[-175.365,-43.768],[-176.028,-43.857],[-176.052,-43.744],[-175.846,-43.526],[-176.4,-43.584],[-176.524,-43.431],[-176.701,-43.531],[-176.744,-43.325],[-176.825,-43.409],[-177.211,-43.426],[-177.276,-43.565],[-177.057,-43.572],[-177.073,-43.634],[-177.473,-43.793],[-177.69,-43.721]],[[-177.392,-43.411],[-177.58,-43.371],[-177.626,-43.441],[-177.487,-43.487],[-177.392,-43.411]],[[-175.532,-43.499],[-175.745,-43.601],[-175.563,-43.601],[-175.532,-43.499]],[[-179.168,-44.001],[-179.1,-43.84],[-179.16,-43.773],[-179.726,-43.759],[-179.828,-43.836],[-179.168,-44.001]],[[-121.981,-68.082],[-121.915,-68.016],[-122.068,-67.951],[-121.981,-68.082]],[[-121.44,-69.223],[-121.475,-69.312],[-121.361,-69.425],[-120.901,-69.393],[-121.44,-69.223]],[[-111.009,-71.386],[-110.94,-71.462],[-110.75,-71.379],[-111.009,-71.386]],[[-114.826,-71.658],[-114.569,-71.585],[-114.979,-71.556],[-114.826,-71.658]],[[-110.982,-72.036],[-111.284,-72.044],[-111.331,-72.141],[-110.489,-72.137],[-110.319,-72.049],[-110.701,-72.037],[-110.834,-71.944],[-110.982,-72.036]],[[-112.322,-72.469],[-111.953,-72.497],[-111.684,-72.413],[-112.308,-72.388],[-112.322,-72.469]],[[-125.297,-72.545],[-125.465,-72.473],[-125.561,-72.569],[-125.407,-72.651],[-124.938,-72.585],[-125.297,-72.545]],[[-126.4,-72.649],[-126.925,-72.894],[-126.281,-72.897],[-126.4,-72.649]],[[-125.54,-72.908],[-125.393,-72.833],[-125.657,-72.833],[-125.54,-72.908]],[[-111.107,-73.137],[-111.412,-73.161],[-111.464,-73.33],[-110.974,-73.249],[-111.107,-73.137]],[[-109.926,-73.352],[-109.793,-73.457],[-109.455,-73.435],[-109.608,-73.342],[-109.926,-73.352]],[[-117.593,-73.201],[-117.84,-73.278],[-117.632,-73.31],[-117.546,-73.252],[-117.593,-73.201]],[[-134.452,-73.825],[-134.143,-73.879],[-134.092,-74.067],[-133.433,-74.009],[-134.12,-73.772],[-134.452,-73.825]],[[-131.996,-74.036],[-131.825,-73.961],[-132.089,-73.961],[-131.996,-74.036]],[[-135.078,-73.837],[-135.551,-73.867],[-135.719,-73.942],[-135.839,-74.14],[-135.434,-74.133],[-135.329,-73.961],[-135.044,-73.906],[-135.078,-73.837]],[[-132.281,-74.187],[-132.093,-74.143],[-132.308,-74.106],[-132.281,-74.187]],[[-137.993,-74.489],[-137.826,-74.437],[-137.993,-74.369],[-138.161,-74.424],[-137.993,-74.489]],[[-141.812,-74.783],[-141.809,-74.801],[-141.802,-74.807],[-141.756,-74.816],[-141.401,-74.794],[-141.335,-74.773],[-141.314,-74.761],[-141.304,-74.746],[-141.305,-74.729],[-141.314,-74.717],[-141.327,-74.707],[-141.343,-74.701],[-141.363,-74.697],[-141.459,-74.698],[-141.617,-74.729],[-141.754,-74.731],[-141.781,-74.735],[-141.792,-74.74],[-141.801,-74.746],[-141.808,-74.756],[-141.812,-74.768],[-141.812,-74.783]],[[-144.687,-75.057],[-143.869,-74.886],[-144.393,-74.872],[-144.733,-74.987],[-144.687,-75.057]],[[-151.33,-76.028],[-150.863,-76.199],[-150.351,-75.988],[-150.433,-75.925],[-151.33,-76.028]],[[-165.725,-76.047],[-166.416,-76.075],[-166.457,-76.145],[-165.809,-76.169],[-165.725,-76.047]],[[-165.345,-76.131],[-165.449,-76.145],[-165.438,-76.222],[-164.946,-76.222],[-165.345,-76.131]],[[-158.835,-76.626],[-158.681,-76.577],[-158.921,-76.577],[-158.835,-76.626]],[[-109.962,-73.602],[-110.052,-73.681],[-109.769,-73.697],[-109.962,-73.602]],[[-109.91,-74.042],[-110.09,-74.167],[-109.849,-74.113],[-109.91,-74.042]]]}},{"type":"Feature","properties":{},"geometry":{"type":"Polygon","coordinates":[[[-67.547,-56.704],[-64.496,-64.418],[-64.625,-64.457],[-64.577,-64.625],[-64.667,-64.784],[-64.524,-64.878],[-64.156,-64.817],[-64.097,-64.894],[-64.649,-65.129],[-64.638,-65.689],[-64.962,-65.805],[-65.029,-65.731],[-64.762,-65.286],[-64.847,-65.089],[-64.662,-65.061],[-64.707,-64.964],[-65.009,-64.985],[-65.314,-65.156],[-65.249,-65.249],[-65.632,-65.312],[-65.873,-65.465],[-66.696,-65.617],[-66.696,-65.704],[-66.437,-65.821],[-66.831,-65.857],[-66.911,-65.967],[-66.745,-65.988],[-66.785,-66.041],[-67.241,-66.113],[-67.457,-66.353],[-67.385,-66.497],[-66.967,-66.584],[-66.929,-66.425],[-66.497,-66.137],[-66.409,-65.887],[-66.209,-66.089],[-66.045,-66.072],[-66.065,-66.185],[-66.305,-66.161],[-66.185,-66.329],[-66.413,-66.234],[-66.713,-66.401],[-66.689,-66.689],[-66.881,-66.881],[-66.689,-66.929],[-66.648,-67.149],[-66.833,-67.169],[-66.929,-66.881],[-67.169,-66.905],[-67.159,-66.728],[-67.558,-66.731],[-67.567,-66.554],[-67.788,-66.535],[-67.793,-66.377],[-68.105,-66.641],[-68.37,-66.639],[-68.677,-67.043],[-68.873,-67.121],[-68.926,-67.273],[-69.206,-67.343],[-69.4,-67.551],[-69.785,-67.409],[-70.016,-67.455],[-69.999,-67.549],[-69.697,-67.686],[-69.377,-67.697],[-69.49,-67.874],[-69.305,-67.913],[-69.161,-68.129],[-68.985,-68.158],[-68.955,-68.443],[-68.729,-68.009],[-68.561,-67.841],[-68.355,-67.836],[-68.273,-67.673],[-67.924,-67.477],[-67.869,-67.3],[-67.772,-67.392],[-67.769,-67.841],[-67.961,-67.865],[-67.971,-67.97],[-67.674,-68.056],[-67.553,-68.201],[-67.769,-68.225],[-67.86,-68.14],[-67.9,-68.224],[-67.647,-68.393],[-67.289,-68.345],[-67.382,-68.542],[-67.176,-68.715],[-67.304,-68.743],[-67.479,-68.619],[-67.577,-68.671],[-67.597,-68.83],[-67.43,-69.077],[-67.558,-69.248],[-68.104,-69.263],[-68.405,-69.1],[-68.585,-69.161],[-68.721,-69.091],[-68.633,-69.209],[-68.701,-69.323],[-68.926,-69.411],[-68.596,-69.804],[-68.672,-69.966],[-68.848,-70.041],[-69.209,-69.905],[-69.257,-69.644],[-69.636,-69.296],[-69.956,-69.261],[-70.106,-68.808],[-70.481,-68.705],[-71.585,-68.825],[-71.849,-68.705],[-72.046,-68.861],[-72.633,-68.69],[-72.724,-68.811],[-72.425,-68.897],[-72.281,-69.089],[-72.487,-69.041],[-72.851,-69.187],[-73.068,-69.153],[-73.265,-68.993],[-73.505,-69.113],[-73.793,-69.017],[-73.683,-69.193],[-73.139,-69.182],[-73.049,-69.377],[-73.373,-69.466],[-73.163,-69.634],[-72.977,-69.593],[-72.902,-69.708],[-72.607,-69.8],[-72.906,-70.034],[-74.259,-70.02],[-74.345,-69.761],[-74.564,-69.722],[-74.667,-69.578],[-76.169,-69.689],[-76.084,-70.151],[-74.657,-70.241],[-74.183,-70.488],[-74.657,-70.601],[-75.257,-70.577],[-75.497,-70.697],[-76.527,-70.868],[-76.625,-70.985],[-76.537,-71.156],[-74.633,-71.153],[-74.297,-71.033],[-74.026,-71.111],[-73.73,-71.047],[-73.723,-71.168],[-74.201,-71.225],[-75.643,-71.674],[-75.477,-71.958],[-74.897,-72.137],[-74.078,-72.236],[-73.217,-72.137],[-73.097,-72.281],[-73.243,-72.489],[-72.545,-72.689],[-72.449,-72.953],[-72.233,-73.001],[-72.338,-73.121],[-72.975,-73.143],[-73.194,-73.036],[-73.398,-73.115],[-74.164,-73.102],[-74.197,-72.938],[-74.36,-72.851],[-76.059,-72.766],[-76.427,-72.666],[-76.501,-72.529],[-77.053,-72.6],[-77.465,-72.377],[-79.57,-72.208],[-79.694,-72.282],[-79.625,-72.425],[-79.793,-72.521],[-79.025,-72.713],[-79.389,-72.876],[-79.304,-73.039],[-78.929,-73.174],[-78.305,-73.025],[-77.593,-73.024],[-77.543,-73.148],[-78.194,-73.119],[-78.577,-73.341],[-79.661,-72.98],[-80.543,-72.908],[-80.777,-73.025],[-80.681,-73.217],[-81.425,-73.265],[-81.349,-73.631],[-82.241,-73.769],[-83.393,-73.505],[-85.025,-73.385],[-85.241,-73.289],[-85.481,-73.001],[-85.914,-72.994],[-86.081,-72.809],[-86.369,-72.785],[-86.561,-72.617],[-87.55,-72.507],[-87.689,-72.401],[-91.023,-72.321],[-91.451,-72.18],[-91.481,-72.329],[-91.889,-72.401],[-92.022,-72.605],[-92.432,-72.635],[-92.897,-72.497],[-94.183,-72.516],[-95.197,-72.278],[-94.998,-72.106],[-95.688,-71.996],[-95.897,-71.729],[-96.277,-71.804],[-97.649,-71.729],[-97.857,-71.799],[-97.985,-71.729],[-98.153,-71.777],[-98.153,-71.633],[-98.465,-71.561],[-98.987,-71.635],[-99.187,-71.782],[-99.953,-71.777],[-100.245,-71.667],[-100.596,-71.852],[-100.833,-71.843],[-100.98,-71.727],[-101.513,-71.763],[-101.748,-71.891],[-102.452,-71.978],[-102.744,-72.267],[-103.577,-72.233],[-102.857,-72.569],[-103.289,-72.713],[-103.769,-72.641],[-103.433,-73.025],[-103.483,-73.171],[-102.497,-73.409],[-101.849,-73.337],[-101.65,-73.6],[-103.281,-73.592],[-103.362,-73.696],[-103.097,-73.737],[-102.977,-74.057],[-103.625,-74.105],[-103.878,-74.247],[-103.289,-74.201],[-102.967,-74.316],[-102.757,-74.227],[-102.727,-74.111],[-102.594,-74.11],[-102.154,-74.301],[-102.441,-74.54],[-101.577,-74.751],[-101.894,-75.035],[-104.763,-75.042],[-105.162,-74.921],[-105.303,-74.769],[-106.162,-74.843],[-106.496,-74.785],[-106.504,-74.63],[-106.75,-74.568],[-106.769,-74.393],[-106.896,-74.289],[-107.754,-74.295],[-132.061,22.933],[-114.353,27.001],[-114.064,26.662],[-113.873,26.623],[-113.849,26.407],[-113.713,26.246],[-113.321,26.047],[-113.357,25.853],[-113.056,25.354],[-112.769,25.087],[-113.032,25.715],[-112.745,25.495],[-112.504,25.021],[-112.65,24.923],[-112.073,24.319],[-111.924,24.041],[-111.713,24.055],[-111.587,24.202],[-111.185,24.007],[-110.631,23.344],[-110.417,23.503],[-110.325,23.451],[-110.027,22.86],[-109.409,23.023],[-109.389,23.509],[-109.457,23.647],[-109.659,23.71],[-109.863,24.366],[-109.961,24.439],[-110.009,24.319],[-110.177,24.35],[-110.321,24.631],[-110.443,24.606],[-110.516,24.457],[-110.609,24.559],[-110.465,24.775],[-110.489,24.919],[-110.705,25.207],[-110.873,25.183],[-111.021,25.816],[-111.161,25.735],[-111.059,26.135],[-111.257,26.143],[-111.534,26.749],[-112.643,27.792],[-112.686,28.391],[-112.817,28.519],[-113.009,28.519],[-113.165,28.836],[-114.185,29.887],[-114.305,30.175],[-113.921,30.483],[-113.777,30.391],[-113.501,29.802],[-112.999,29.658],[-112.817,29.287],[-112.574,29.154],[-112.648,28.671],[-112.42,28.765],[-112.385,28.567],[-112.001,28.255],[-111.406,28.08],[-111.225,27.803],[-111.353,27.991],[-110.801,27.711],[-110.597,27.242],[-109.673,26.383],[-109.686,26.151],[-109.875,26.332],[-109.905,26.244],[-109.393,25.58],[-109.4,25.436],[-109.097,25.279],[-109.049,25.111],[-108.799,24.899],[-108.569,24.919],[-108.179,24.652],[-108.112,24.141],[-107.513,23.863],[-107.081,23.407],[-106.817,23.287],[-106.457,22.831],[-106.337,22.519],[-106.351,21.699],[-105.665,21.391],[-105.521,21.175],[-105.641,20.935],[-105.947,20.719],[-105.305,20.623],[-105.761,20.383],[-105.541,19.836],[-104.871,19.186],[-104.033,18.799],[-103.553,18.319],[-102.593,17.935],[-102.569,17.815],[-101.936,17.902],[-101.681,17.551],[-100.959,17.156],[-99.977,16.807],[-99.7,16.551],[-99.113,16.543],[-98.835,16.413],[-98.773,16.176],[-98.2,16.148],[-98.033,15.991],[-97.265,15.871],[-96.956,15.696],[-96.516,15.631],[-95.205,15.849],[-94.961,15.679],[-94.906,15.938],[-94.745,15.751],[-94.433,15.751],[-93.939,15.436],[-94.077,15.288],[-93.929,15.007],[-93.638,14.818],[-93.545,14.983],[-93.416,14.922],[-93.209,14.671],[-93.257,14.503],[-93.158,14.359],[-92.889,14.453],[-92.384,14.019],[-92.13,14.0],[-92.106,13.826],[-91.176,13.32],[-90.91,13.339],[-90.807,13.711],[-90.663,13.752],[-90.425,13.255],[-90.113,13.087],[-89.849,13.111],[-89.777,12.943],[-89.56,12.931],[-89.369,12.727],[-88.937,12.559],[-88.895,12.452],[-88.591,12.63],[-88.308,12.595],[-87.881,12.055],[-87.593,11.863],[-87.425,11.887],[-87.425,11.767],[-87.209,11.623],[-87.209,11.527],[-86.513,10.783],[-86.345,10.855],[-86.159,10.695],[-86.156,10.408],[-85.697,9.751],[-85.433,9.703],[-85.201,9.492],[-84.809,9.559],[-84.671,9.234],[-84.279,9.241],[-84.191,9.103],[-84.209,8.839],[-84.065,8.767],[-83.969,8.551],[-83.705,8.407],[-83.156,8.327],[-82.985,8.191],[-82.916,7.974],[-82.82,8.018],[-82.858,8.183],[-82.787,8.21],[-82.328,7.66],[-82.27,7.424],[-82.153,7.671],[-81.997,7.695],[-81.833,7.183],[-81.209,7.255],[-80.345,7.159],[-79.912,7.342],[-79.345,7.749],[-78.521,7.567],[-78.042,7.323],[-77.801,7.063],[-77.777,6.751],[-77.441,6.535],[-77.532,6.205],[-77.312,5.763],[-77.586,5.508],[-77.513,5.359],[-77.585,5.167],[-77.426,4.764],[-77.633,4.423],[-77.585,4.303],[-77.753,3.439],[-78.449,2.767],[-78.761,2.815],[-78.946,2.684],[-78.69,2.416],[-79.121,1.471],[-79.385,1.207],[-79.753,1.132],[-79.953,1.323],[-80.337,0.579],[-80.379,0.301],[-80.537,0.223],[-80.632,-0.052],[-80.875,-0.277],[-80.852,-0.576],[-80.969,-0.737],[-80.993,-1.049],[-81.168,-1.288],[-81.113,-2.033],[-81.185,-2.249],[-80.92,-2.748],[-80.969,-3.713],[-81.305,-4.193],[-81.453,-4.692],[-81.226,-6.063],[-80.965,-6.538],[-80.777,-6.641],[-80.873,-6.785],[-80.771,-7.299],[-80.297,-7.625],[-80.153,-7.961],[-80.229,-8.163],[-80.136,-8.266],[-80.009,-8.249],[-79.883,-8.444],[-79.889,-8.945],[-79.481,-9.305],[-79.554,-9.595],[-79.169,-9.833],[-78.819,-10.443],[-78.497,-10.289],[-78.414,-10.344],[-78.041,-10.937],[-77.801,-11.921],[-77.033,-12.641],[-76.841,-12.953],[-76.769,-13.433],[-76.337,-14.297],[-76.282,-14.584],[-75.327,-15.374],[-74.609,-15.809],[-74.323,-15.88],[-73.889,-16.265],[-73.169,-16.481],[-72.753,-16.874],[-72.353,-16.889],[-72.089,-17.081],[-71.846,-17.436],[-71.561,-17.385],[-71.406,-17.789],[-70.405,-18.554],[-70.409,-19.433],[-70.265,-19.649],[-70.217,-19.961],[-70.361,-20.633],[-70.507,-20.737],[-70.361,-20.897],[-70.385,-21.089],[-70.265,-21.305],[-70.337,-22.697],[-70.629,-23.072],[-70.653,-23.506],[-70.529,-23.777],[-70.649,-24.665],[-70.523,-25.296],[-70.771,-25.749],[-70.697,-26.009],[-70.811,-26.295],[-70.769,-26.561],[-71.033,-27.185],[-71.033,-27.593],[-71.225,-28.049],[-71.34,-28.672],[-71.549,-28.8],[-71.609,-29.393],[-71.417,-29.441],[-71.393,-29.825],[-71.489,-30.137],[-71.685,-30.24],[-71.753,-30.521],[-71.583,-32.004],[-71.633,-32.801],[-71.849,-33.065],[-71.811,-33.55],[-72.209,-34.073],[-72.169,-34.693],[-72.353,-34.865],[-72.569,-34.889],[-72.641,-35.081],[-72.571,-35.223],[-72.737,-35.345],[-72.881,-35.321],[-73.015,-35.491],[-72.967,-36.088],[-73.145,-36.185],[-73.37,-36.029],[-73.529,-36.161],[-73.557,-36.668],[-73.429,-36.866],[-73.529,-36.929],[-73.611,-36.859],[-73.763,-37.059],[-73.769,-37.736],[-73.937,-37.985],[-73.751,-38.146],[-73.764,-38.242],[-74.138,-38.268],[-73.745,-38.969],[-73.889,-39.137],[-73.865,-39.401],[-74.023,-39.779],[-73.789,-39.947],[-74.009,-40.025],[-73.937,-40.193],[-74.153,-40.385],[-74.244,-40.692],[-74.177,-41.537],[-74.301,-41.784],[-74.433,-41.79],[-74.355,-41.544],[-74.669,-41.65],[-74.753,-41.777],[-74.786,-41.977],[-74.681,-42.065],[-74.863,-42.328],[-74.657,-42.209],[-74.585,-42.449],[-74.386,-42.575],[-74.685,-42.605],[-74.984,-42.886],[-74.87,-43.328],[-75.003,-43.391],[-74.92,-43.504],[-75.145,-43.484],[-75.185,-43.553],[-74.945,-43.769],[-74.801,-43.769],[-75.141,-43.865],[-75.193,-43.957],[-75.077,-44.059],[-74.848,-44.072],[-74.834,-44.163],[-74.993,-44.273],[-75.259,-44.266],[-75.281,-44.657],[-75.497,-44.801],[-75.161,-45.065],[-74.921,-45.113],[-74.896,-45.303],[-75.325,-45.3],[-75.545,-45.809],[-75.377,-46.337],[-75.593,-46.385],[-75.587,-46.539],[-75.738,-46.649],[-75.733,-46.801],[-75.521,-46.985],[-75.525,-47.358],[-75.713,-47.969],[-75.89,-48.061],[-75.953,-48.617],[-75.857,-48.737],[-76.001,-49.039],[-75.806,-50.093],[-75.89,-50.463],[-76.073,-50.561],[-76.108,-50.803],[-75.713,-51.377],[-75.785,-51.569],[-75.737,-51.809],[-75.881,-51.809],[-75.833,-51.953],[-75.685,-52.202],[-75.346,-52.479],[-75.275,-52.777],[-74.417,-53.537],[-74.289,-53.786],[-73.985,-53.945],[-73.953,-54.126],[-73.649,-53.996],[-73.234,-54.259],[-73.339,-54.642],[-72.377,-55.073],[-72.209,-55.025],[-72.041,-55.145],[-71.829,-55.148],[-71.576,-55.0],[-71.225,-55.097],[-71.105,-55.169],[-71.144,-55.444],[-70.817,-55.529],[-70.409,-55.889],[-69.761,-56.105],[-69.593,-56.393],[-68.946,-56.643],[-68.105,-56.753],[-67.857,-56.944],[-67.547,-56.704]],[[-112.74,28.636],[-112.895,28.745],[-113.293,29.501],[-113.645,29.635],[-113.542,29.289],[-112.733,28.516],[-112.74,28.636]],[[-110.768,25.801],[-110.85,25.741],[-110.804,25.491],[-110.719,25.607],[-110.768,25.801]],[[-106.335,21.536],[-106.714,21.819],[-106.527,21.427],[-106.368,21.404],[-106.335,21.536]],[[-106.201,21.369],[-106.305,21.334],[-106.235,21.23],[-106.167,21.255],[-106.201,21.369]],[[-105.997,21.04],[-106.107,20.977],[-105.951,20.895],[-105.997,21.04]],[[-110.809,19.377],[-110.837,19.244],[-110.758,19.31],[-110.809,19.377]],[[-110.994,18.897],[-111.096,18.762],[-110.959,18.675],[-110.882,18.762],[-110.994,18.897]],[[-114.778,18.295],[-114.698,18.372],[-114.819,18.364],[-114.778,18.295]],[[-94.632,15.616],[-94.841,15.583],[-94.778,15.322],[-94.68,15.371],[-94.632,15.616]],[[-109.218,10.35],[-109.279,10.308],[-109.185,10.263],[-109.218,10.35]],[[-87.013,5.604],[-87.143,5.495],[-86.984,5.493],[-87.013,5.604]],[[-81.548,4.014],[-81.561,4.024],[-81.589,4.024],[-81.599,4.014],[-81.615,4.012],[-81.633,4.002],[-81.642,3.987],[-81.65,3.971],[-81.65,3.956],[-81.647,3.94],[-81.64,3.926],[-81.625,3.926],[-81.605,3.933],[-81.579,3.946],[-81.564,3.957],[-81.543,3.975],[-81.539,3.993],[-81.548,4.014]],[[-79.111,2.183],[-79.262,2.093],[-79.32,1.858],[-79.111,2.183]],[[-91.989,1.69],[-92.006,1.695],[-92.028,1.685],[-92.034,1.68],[-92.038,1.644],[-92.033,1.635],[-92.007,1.619],[-92.0,1.62],[-91.993,1.622],[-91.969,1.651],[-91.969,1.66],[-91.982,1.685],[-91.989,1.69]],[[-91.798,1.345],[-91.793,1.349],[-91.783,1.39],[-91.787,1.398],[-91.79,1.402],[-91.819,1.424],[-91.848,1.402],[-91.856,1.382],[-91.856,1.377],[-91.853,1.365],[-91.851,1.359],[-91.839,1.345],[-91.834,1.342],[-91.818,1.338],[-91.798,1.345]],[[-90.789,0.682],[-90.834,0.564],[-90.753,0.525],[-90.789,0.682]],[[-90.479,0.418],[-90.574,0.314],[-90.476,0.233],[-90.378,0.311],[-90.479,0.418]],[[-90.263,-1.171],[-90.114,-1.143],[-90.209,-0.881],[-89.957,-0.931],[-89.871,-0.845],[-90.349,-0.215],[-90.794,-0.048],[-90.999,-0.306],[-91.326,0.18],[-91.623,0.025],[-91.433,-0.159],[-91.691,-0.265],[-91.672,-0.414],[-91.524,-0.518],[-91.336,-0.502],[-91.532,-0.891],[-91.442,-1.033],[-90.925,-1.096],[-90.727,-0.882],[-90.263,-1.171]],[[-89.284,-0.646],[-89.562,-0.759],[-89.703,-0.981],[-89.388,-0.973],[-89.221,-0.716],[-89.284,-0.646]],[[-90.406,-1.376],[-90.257,-1.361],[-90.349,-1.214],[-90.545,-1.217],[-90.545,-1.337],[-90.406,-1.376]],[[-89.621,-1.316],[-89.798,-1.396],[-89.603,-1.448],[-89.621,-1.316]],[[-81.147,-3.439],[-81.281,-3.641],[-81.104,-3.57],[-81.147,-3.439]],[[-81.259,-22.075],[-81.401,-22.193],[-81.24,-22.202],[-81.259,-22.075]],[[-87.277,-25.554],[-87.181,-25.488],[-87.314,-25.41],[-87.365,-25.474],[-87.277,-25.554]],[[-89.084,-25.618],[-89.1,-25.485],[-89.247,-25.525],[-89.084,-25.618]],[[-85.489,-25.614],[-85.511,-25.7],[-85.369,-25.713],[-85.374,-25.614],[-85.489,-25.614]],[[-86.548,-25.757],[-86.595,-25.619],[-86.729,-25.685],[-86.654,-25.784],[-86.548,-25.757]],[[-79.929,-26.243],[-80.108,-26.24],[-80.147,-26.325],[-79.869,-26.395],[-79.929,-26.243]],[[-105.441,-26.434],[-105.472,-26.422],[-105.501,-26.429],[-105.514,-26.449],[-105.501,-26.467],[-105.471,-26.486],[-105.436,-26.494],[-105.417,-26.474],[-105.424,-26.451],[-105.441,-26.434]],[[-109.227,-27.063],[-109.412,-27.044],[-109.478,-27.21],[-109.228,-27.154],[-109.227,-27.063]],[[-79.03,-33.772],[-78.713,-33.665],[-78.899,-33.549],[-79.071,-33.676],[-79.03,-33.772]],[[-80.678,-33.779],[-80.783,-33.676],[-80.776,-33.792],[-80.678,-33.779]],[[-66.138,-64.993],[-66.036,-65.132],[-65.766,-65.205],[-65.676,-64.979],[-66.0,-64.9],[-66.138,-64.993]],[[-92.89,-65.008],[-93.079,-65.015],[-93.156,-65.124],[-92.895,-65.192],[-92.801,-65.087],[-92.89,-65.008]],[[-67.053,-65.753],[-66.951,-65.669],[-67.355,-65.471],[-67.345,-65.314],[-67.676,-65.47],[-67.714,-65.639],[-67.053,-65.753]],[[-90.732,-65.654],[-90.538,-65.703],[-90.412,-65.612],[-90.668,-65.58],[-90.732,-65.654]],[[-71.785,-68.448],[-71.646,-68.41],[-71.633,-68.297],[-71.885,-68.282],[-71.785,-68.448]],[[-69.09,-68.514],[-69.233,-68.585],[-69.185,-68.729],[-69.373,-68.78],[-69.247,-68.939],[-69.269,-69.106],[-69.126,-69.068],[-69.15,-68.754],[-68.924,-68.564],[-69.09,-68.514]],[[-70.922,-68.593],[-71.206,-68.547],[-71.022,-68.668],[-70.922,-68.593]],[[-90.827,-68.876],[-90.428,-68.824],[-90.355,-68.735],[-90.762,-68.711],[-90.827,-68.876]],[[-73.645,-68.875],[-73.46,-69.003],[-73.364,-68.885],[-73.512,-68.774],[-73.649,-68.801],[-73.645,-68.875]],[[-73.559,-69.42],[-73.889,-69.569],[-73.456,-69.484],[-73.559,-69.42]],[[-74.329,-69.517],[-74.489,-69.593],[-74.368,-69.62],[-74.329,-69.517]],[[-77.859,-70.083],[-77.369,-70.025],[-77.76,-69.979],[-77.859,-70.083]],[[-94.351,-70.657],[-94.197,-70.769],[-93.953,-70.649],[-94.112,-70.576],[-94.351,-70.657]],[[-77.545,-70.658],[-77.329,-70.694],[-77.522,-70.588],[-77.545,-70.658]],[[-78.69,-70.668],[-78.883,-70.71],[-78.671,-70.771],[-78.69,-70.668]],[[-97.622,-70.776],[-97.651,-70.667],[-98.035,-70.784],[-97.928,-70.848],[-97.622,-70.776]],[[-98.416,-70.77],[-98.801,-70.817],[-98.436,-70.84],[-98.416,-70.77]],[[-92.941,-71.542],[-92.585,-71.681],[-92.441,-71.617],[-92.698,-71.52],[-92.749,-71.362],[-92.98,-71.43],[-92.941,-71.542]],[[-91.552,-71.609],[-91.875,-71.679],[-91.68,-71.741],[-91.38,-71.652],[-91.552,-71.609]],[[-102.708,-71.924],[-102.396,-71.842],[-102.673,-71.841],[-102.708,-71.924]],[[-104.953,-73.215],[-104.503,-73.173],[-104.949,-72.915],[-105.175,-72.983],[-104.953,-73.215]],[[-105.154,-74.103],[-104.705,-74.033],[-105.191,-74.02],[-105.154,-74.103]],[[-92.753,-72.065],[-92.609,-72.185],[-92.722,-72.33],[-92.471,-72.376],[-92.21,-72.291],[-92.177,-72.089],[-91.979,-72.057],[-92.042,-71.97],[-92.293,-71.946],[-92.753,-72.065]],[[-93.953,-72.199],[-94.141,-72.284],[-93.924,-72.303],[-93.953,-72.199]],[[-93.356,-72.194],[-93.116,-72.083],[-93.376,-72.118],[-93.356,-72.194]]]}},{"type":"Feature","properties":{},"geometry":{"type":"Polygon","coordinates":[[[-60.54,-68.664],[-60.46,-68.528],[-60.718,-68.414],[-60.504,-68.036],[-60.52,-67.88],[-60.734,-67.824],[-60.833,-67.625],[-59.882,-67.591],[-59.833,-67.53],[-60.0,-67.39],[-59.998,-67.26],[-59.686,-67.124],[-59.382,-67.228],[-59.537,-66.881],[-59.321,-66.713],[-59.657,-66.737],[-59.681,-66.545],[-60.121,-66.573],[-60.327,-66.386],[-59.669,-66.287],[-59.628,-66.156],[-60.558,-65.834],[-60.743,-65.633],[-60.829,-65.655],[-60.785,-65.801],[-61.097,-65.777],[-61.112,-65.571],[-61.522,-65.525],[-61.754,-65.364],[-61.121,-65.153],[-60.369,-65.119],[-59.897,-65.297],[-59.417,-65.297],[-59.489,-65.057],[-59.93,-65.085],[-60.64,-64.845],[-59.922,-64.48],[-59.825,-64.625],[-59.675,-64.659],[-59.197,-64.542],[-58.75,-64.593],[-58.733,-64.208],[-58.577,-63.977],[-58.315,-63.872],[-58.49,-64.135],[-58.172,-64.123],[-58.169,-64.246],[-58.343,-64.315],[-58.239,-64.409],[-57.977,-64.346],[-57.987,-64.421],[-57.868,-64.449],[-57.749,-64.337],[-57.654,-64.558],[-57.473,-64.553],[-57.353,-64.697],[-56.898,-64.566],[-56.653,-64.591],[-56.566,-64.389],[-56.422,-64.47],[-56.346,-64.224],[-56.789,-64.146],[-57.103,-64.3],[-56.808,-63.991],[-57.257,-64.001],[-57.065,-63.822],[-57.423,-63.697],[-56.472,-63.626],[-56.455,-63.539],[-56.833,-63.446],[-56.974,-63.296],[-56.933,-63.236],[-56.602,-63.319],[-56.177,-63.689],[-55.653,-63.721],[-55.588,-63.57],[-55.894,-63.34],[-55.166,-63.387],[-55.024,-63.238],[-55.577,-63.099],[-56.009,-63.122],[-55.993,-63.057],[-55.49,-62.882],[-55.364,-63.072],[-55.202,-63.074],[-55.141,-63.018],[-55.322,-62.927],[-55.257,-62.809],[-55.979,-62.644],[-56.009,-62.921],[-56.117,-62.964],[-56.417,-62.825],[-56.513,-62.657],[-56.97,-62.706],[-56.932,-62.877],[-57.461,-62.772],[-57.132,-63.192],[-57.778,-62.895],[-57.713,-63.185],[-58.001,-63.017],[-58.244,-63.025],[-58.077,-63.319],[-58.471,-63.066],[-58.769,-63.041],[-59.081,-63.185],[-58.778,-63.423],[-59.276,-63.294],[-59.033,-63.617],[-59.585,-63.641],[-59.48,-63.744],[-59.559,-63.836],[-59.802,-63.752],[-60.113,-63.905],[-60.527,-63.937],[-60.51,-63.669],[-60.846,-63.566],[-61.001,-63.665],[-61.191,-63.648],[-61.247,-63.738],[-61.121,-63.833],[-61.241,-64.025],[-61.054,-63.95],[-61.251,-64.322],[-61.618,-64.326],[-61.682,-64.475],[-62.081,-64.505],[-62.195,-64.624],[-62.465,-64.539],[-62.147,-64.384],[-61.989,-64.12],[-61.761,-63.988],[-61.586,-63.773],[-61.64,-63.684],[-61.858,-63.711],[-61.927,-63.918],[-62.102,-64.021],[-62.633,-63.881],[-62.873,-63.929],[-62.777,-64.049],[-62.804,-64.186],[-62.681,-64.265],[-62.815,-64.498],[-62.513,-64.505],[-62.645,-64.63],[-62.94,-64.631],[-62.8,-64.574],[-62.903,-64.491],[-62.825,-64.398],[-62.879,-64.255],[-63.007,-64.268],[-63.016,-64.479],[-63.161,-64.217],[-63.593,-64.121],[-64.125,-64.479],[-64.313,-64.337],[-64.496,-64.418],[-67.547,-56.704],[-67.049,-56.465],[-66.281,-55.793],[-66.017,-55.289],[-66.029,-55.101],[-65.384,-55.053],[-65.297,-54.953],[-64.001,-54.905],[-63.363,-54.654],[-63.473,-54.497],[-63.39,-54.253],[-63.857,-53.969],[-64.049,-53.489],[-64.467,-53.186],[-64.361,-52.937],[-64.577,-52.937],[-64.565,-52.733],[-64.265,-52.274],[-64.097,-52.313],[-64.097,-52.193],[-63.905,-52.097],[-63.584,-52.204],[-62.969,-51.713],[-62.945,-51.569],[-62.777,-51.617],[-62.657,-51.521],[-62.425,-51.518],[-62.335,-51.403],[-62.417,-51.239],[-61.964,-51.221],[-61.988,-51.588],[-62.17,-51.752],[-61.913,-51.833],[-61.673,-52.097],[-61.217,-52.361],[-60.785,-52.433],[-60.401,-52.697],[-60.233,-52.673],[-60.018,-52.901],[-59.132,-53.062],[-58.933,-53.001],[-58.457,-52.553],[-57.761,-52.217],[-56.897,-51.137],[-56.919,-50.875],[-57.953,-50.345],[-58.313,-50.345],[-58.409,-50.249],[-58.745,-50.297],[-58.913,-50.441],[-59.097,-50.396],[-59.051,-50.22],[-58.769,-50.057],[-58.819,-49.817],[-59.177,-50.153],[-59.318,-50.083],[-59.66,-50.263],[-59.945,-50.249],[-60.112,-50.047],[-60.185,-50.268],[-60.317,-50.296],[-60.366,-50.178],[-60.173,-49.955],[-59.603,-49.922],[-59.82,-49.85],[-59.792,-49.653],[-60.132,-49.465],[-60.452,-49.501],[-60.703,-49.351],[-60.773,-49.039],[-60.911,-49.17],[-61.305,-48.973],[-61.265,-48.833],[-61.404,-48.651],[-61.008,-48.36],[-61.145,-47.873],[-61.049,-47.417],[-61.193,-47.153],[-61.014,-47.148],[-60.761,-46.937],[-60.143,-46.068],[-59.993,-44.609],[-59.726,-43.818],[-60.113,-43.961],[-60.377,-43.817],[-60.005,-43.722],[-59.715,-43.388],[-59.512,-43.495],[-59.297,-43.289],[-59.201,-43.001],[-58.924,-42.894],[-58.481,-42.353],[-57.449,-41.441],[-57.269,-41.406],[-57.305,-41.153],[-57.14,-41.128],[-56.969,-40.841],[-56.478,-40.422],[-55.902,-39.618],[-55.457,-38.777],[-55.214,-37.956],[-54.242,-36.926],[-54.08,-36.924],[-53.705,-36.425],[-53.081,-36.017],[-52.985,-35.849],[-53.041,-35.548],[-52.893,-35.481],[-52.822,-35.632],[-52.529,-35.417],[-52.505,-35.249],[-51.953,-34.577],[-51.953,-34.433],[-51.689,-34.313],[-51.737,-34.097],[-51.497,-33.929],[-51.449,-33.737],[-50.929,-33.57],[-50.849,-33.425],[-50.691,-33.388],[-50.45,-33.062],[-50.459,-32.821],[-49.86,-31.552],[-49.265,-30.905],[-48.62,-30.498],[-48.701,-30.13],[-48.329,-30.089],[-48.377,-29.921],[-48.233,-29.729],[-48.137,-29.249],[-47.705,-28.697],[-47.393,-28.553],[-47.321,-28.097],[-47.393,-28.001],[-47.647,-27.981],[-47.345,-27.761],[-47.345,-27.497],[-47.028,-27.109],[-46.679,-26.833],[-46.747,-26.732],[-46.625,-26.345],[-45.878,-25.752],[-45.617,-25.865],[-45.344,-25.835],[-44.397,-24.429],[-44.057,-24.257],[-43.632,-24.203],[-43.145,-23.921],[-42.047,-23.515],[-41.61,-23.8],[-41.217,-23.537],[-40.535,-22.563],[-40.001,-22.145],[-40.267,-21.209],[-39.905,-20.705],[-39.814,-20.225],[-39.611,-19.85],[-39.243,-19.613],[-38.558,-19.539],[-37.951,-19.275],[-37.841,-19.049],[-37.89,-18.885],[-37.769,-18.305],[-37.296,-18.068],[-37.27,-17.95],[-37.505,-17.705],[-37.721,-17.705],[-38.393,-17.417],[-38.633,-17.129],[-38.639,-16.653],[-38.369,-16.385],[-37.93,-16.242],[-37.971,-15.953],[-38.441,-15.905],[-38.633,-15.785],[-38.666,-15.341],[-38.897,-14.657],[-38.729,-13.865],[-38.729,-13.361],[-37.913,-12.761],[-37.481,-12.161],[-37.241,-11.609],[-36.833,-11.177],[-36.761,-10.985],[-36.657,-11.006],[-36.161,-10.649],[-35.849,-10.145],[-35.45,-9.894],[-35.057,-9.473],[-34.44,-7.826],[-34.487,-7.07],[-9.457,4.806],[-9.089,4.538],[-7.643,4.136],[-5.033,4.999],[-4.889,4.951],[-4.025,5.095],[-2.903,4.625],[-2.528,4.603],[-1.587,4.275],[-0.984,4.517],[0.296,5.566],[0.847,5.551],[1.46,5.979],[3.943,6.175],[4.351,5.959],[4.585,5.709],[4.855,5.143],[4.877,4.86],[5.239,4.327],[5.226,4.129],[5.565,3.854],[6.679,3.655],[7.073,3.846],[7.327,3.751],[8.149,3.81],[8.465,3.639],[8.386,3.343],[8.612,3.156],[8.789,3.219],[9.0,3.569],[9.21,3.516],[9.581,2.851],[9.507,2.468],[9.559,1.975],[9.343,1.519],[9.127,1.327],[8.959,0.871],[8.818,-0.338],[8.407,-0.987],[8.407,-1.289],[8.815,-1.889],[8.839,-2.345],[9.007,-2.609],[9.37,-2.99],[9.837,-3.17],[9.93,-3.355],[9.818,-3.238],[9.807,-3.351],[9.959,-3.535],[10.498,-3.775],[10.553,-3.983],[10.399,-3.977],[10.416,-4.041],[10.624,-4.259],[10.788,-4.145],[11.103,-4.389],[11.079,-4.576],[11.455,-5.033],[11.602,-5.419],[11.539,-5.836],[11.839,-6.017],[11.555,-6.026],[11.518,-6.129],[11.892,-6.986],[12.199,-7.337],[12.415,-7.433],[12.981,-8.576],[12.991,-8.921],[12.729,-9.157],[12.689,-9.394],[13.07,-10.404],[13.567,-11.033],[13.375,-11.537],[13.519,-11.921],[13.377,-12.314],[12.926,-12.738],[12.482,-13.423],[12.463,-13.817],[12.247,-13.937],[12.175,-14.321],[12.223,-14.777],[11.743,-15.569],[11.335,-16.649],[11.334,-16.967],[11.544,-17.884],[11.575,-18.473],[11.767,-18.617],[12.156,-19.227],[12.317,-19.935],[12.895,-20.753],[13.135,-21.881],[13.399,-22.313],[13.514,-22.715],[13.572,-23.434],[13.761,-23.78],[14.008,-23.944],[13.907,-25.022],[14.023,-25.337],[14.215,-25.241],[14.306,-25.394],[14.245,-25.62],[14.392,-25.976],[14.671,-26.225],[14.669,-26.554],[15.008,-27.419],[15.031,-27.809],[14.767,-28.073],[14.567,-28.135],[14.589,-28.468],[14.482,-28.784],[14.641,-29.005],[14.847,-28.848],[14.747,-29.051],[14.839,-29.249],[14.948,-29.404],[15.199,-29.465],[15.271,-29.753],[15.529,-29.831],[15.487,-29.993],[16.567,-30.281],[16.783,-30.545],[17.071,-31.145],[17.335,-31.457],[17.167,-31.721],[17.193,-31.969],[17.672,-32.591],[17.623,-32.849],[17.718,-33.541],[18.007,-34.097],[18.391,-34.457],[18.607,-34.865],[19.039,-35.177],[19.125,-35.368],[19.015,-35.489],[19.279,-35.417],[19.495,-35.537],[19.519,-35.657],[19.818,-35.807],[19.815,-35.895],[19.663,-35.825],[19.765,-36.003],[20.023,-36.065],[20.023,-36.257],[20.25,-36.441],[20.353,-36.446],[20.383,-36.329],[20.479,-36.535],[20.97,-36.661],[21.133,-36.525],[21.247,-36.681],[21.219,-36.429],[21.39,-36.469],[21.912,-36.344],[21.706,-36.109],[21.823,-36.113],[21.919,-35.897],[22.074,-36.014],[22.187,-35.97],[22.195,-35.871],[21.995,-35.762],[22.351,-35.657],[22.423,-35.393],[22.639,-35.129],[23.231,-34.997],[23.359,-34.889],[24.511,-34.793],[24.786,-34.657],[25.006,-34.781],[25.077,-34.58],[26.245,-34.36],[31.181,-68.691],[30.871,-68.729],[30.919,-68.969],[30.607,-69.041],[30.33,-69.257],[29.993,-69.209],[29.265,-69.396],[29.239,-69.569],[29.023,-69.689],[28.691,-69.653],[28.945,-69.5],[28.836,-69.387],[28.06,-69.49],[27.66,-69.675],[27.792,-69.944],[26.527,-69.905],[25.879,-70.181],[25.759,-70.169],[25.836,-70.048],[25.152,-70.009],[24.463,-70.265],[23.839,-70.265],[23.671,-70.145],[23.061,-70.078],[22.091,-70.141],[21.284,-69.831],[19.912,-69.724],[19.388,-69.887],[18.764,-69.878],[18.079,-69.713],[17.959,-69.545],[17.575,-69.497],[17.375,-69.353],[17.263,-69.377],[17.383,-69.545],[17.119,-69.497],[16.9,-69.665],[15.655,-69.401],[15.713,-69.26],[15.588,-69.201],[14.773,-69.47],[13.745,-69.544],[13.449,-69.646],[12.496,-69.492],[11.874,-69.556],[11.508,-69.491],[11.191,-69.569],[11.369,-69.718],[11.263,-69.809],[10.975,-69.713],[8.678,-69.803],[8.353,-69.741],[7.903,-69.833],[7.711,-69.761],[6.357,-70.015],[5.597,-69.949],[3.752,-70.077],[2.24,-70.034],[1.999,-69.929],[1.21,-69.992],[1.008,-69.919],[0.967,-69.809],[0.607,-69.833],[0.03,-69.584],[-1.287,-69.713],[-2.129,-70.169],[-2.809,-70.258],[-3.154,-70.167],[-3.505,-70.422],[-3.989,-70.398],[-4.337,-70.217],[-5.213,-70.251],[-5.727,-70.43],[-6.017,-70.361],[-7.244,-70.441],[-7.793,-70.673],[-8.175,-70.489],[-8.754,-70.531],[-12.329,-71.273],[-12.446,-71.403],[-12.247,-71.645],[-12.281,-71.739],[-13.121,-71.993],[-15.345,-72.159],[-16.529,-72.473],[-17.517,-72.498],[-17.839,-72.635],[-18.32,-72.584],[-19.317,-72.673],[-20.394,-73.276],[-20.729,-73.577],[-20.897,-73.601],[-21.121,-73.905],[-21.272,-73.959],[-22.169,-74.105],[-22.409,-73.961],[-22.433,-74.105],[-22.985,-73.961],[-24.118,-73.859],[-25.664,-74.089],[-25.773,-74.235],[-25.292,-74.538],[-25.673,-74.679],[-25.137,-74.976],[-25.22,-75.121],[-26.284,-75.434],[-27.644,-75.601],[-26.8,-75.807],[-26.62,-75.919],[-26.669,-76.018],[-29.204,-76.362],[-30.745,-76.734],[-32.114,-76.812],[-32.153,-76.961],[-32.609,-77.057],[-33.052,-76.991],[-33.336,-77.071],[-33.527,-77.248],[-34.433,-77.441],[-36.247,-78.241],[-39.337,-78.136],[-39.219,-78.169],[-41.005,-78.002],[-43.65,-78.172],[-49.145,-77.225],[-49.361,-77.081],[-49.865,-77.105],[-50.152,-76.921],[-50.849,-76.937],[-51.336,-77.07],[-52.003,-76.852],[-52.77,-76.836],[-54.317,-76.31],[-61.608,-74.861],[-61.476,-74.723],[-60.892,-74.531],[-60.508,-74.286],[-60.425,-74.129],[-60.67,-74.041],[-60.593,-73.793],[-60.209,-73.649],[-60.137,-73.361],[-59.604,-73.161],[-59.489,-73.025],[-59.826,-72.886],[-59.195,-72.641],[-59.032,-72.459],[-59.369,-72.449],[-59.469,-72.221],[-60.317,-72.046],[-60.247,-71.943],[-60.323,-71.9],[-60.242,-71.862],[-60.291,-71.706],[-60.153,-71.58],[-60.137,-71.081],[-59.585,-70.889],[-59.19,-70.916],[-59.233,-70.827],[-59.609,-70.769],[-59.289,-70.602],[-59.286,-70.46],[-59.777,-70.241],[-60.377,-70.145],[-60.401,-70.025],[-60.863,-69.936],[-60.938,-69.851],[-60.872,-69.709],[-61.431,-69.463],[-61.276,-69.304],[-60.948,-69.316],[-60.916,-69.065],[-60.712,-68.93],[-60.838,-68.849],[-60.657,-68.818],[-60.665,-68.705],[-60.54,-68.664]],[[-57.018,-68.922],[-57.106,-69.036],[-56.8,-68.997],[-57.018,-68.922]],[[-56.698,-69.92],[-56.621,-70.017],[-56.522,-69.971],[-56.599,-69.872],[-56.698,-69.92]],[[-56.964,-69.932],[-57.272,-69.963],[-57.239,-70.18],[-56.834,-70.344],[-56.953,-70.107],[-56.831,-69.999],[-56.964,-69.932]],[[-58.953,-70.528],[-58.725,-70.444],[-59.007,-70.459],[-58.953,-70.528]],[[-59.652,-71.051],[-59.535,-71.135],[-59.364,-71.099],[-59.652,-71.051]],[[-58.877,-71.136],[-59.206,-71.257],[-59.574,-71.26],[-59.679,-71.426],[-59.364,-71.463],[-58.773,-71.205],[-58.877,-71.136]],[[-12.935,-71.352],[-13.017,-71.436],[-12.975,-71.526],[-12.689,-71.513],[-12.935,-71.352]],[[-59.201,-71.537],[-59.584,-71.695],[-59.321,-71.825],[-58.969,-71.776],[-58.951,-71.636],[-59.201,-71.537]],[[-48.644,-72.476],[-48.85,-72.504],[-48.852,-72.591],[-48.579,-72.588],[-48.551,-72.509],[-48.644,-72.476]],[[-49.3,-72.898],[-49.103,-72.857],[-49.272,-72.812],[-49.3,-72.898]],[[-48.934,-73.025],[-48.762,-73.104],[-48.665,-73.025],[-48.934,-73.025]],[[-21.548,-73.625],[-21.377,-73.577],[-21.641,-73.577],[-21.548,-73.625]],[[16.861,-69.447],[17.167,-69.377],[16.903,-69.353],[16.861,-69.447]],[[27.327,-69.659],[27.209,-69.758],[27.433,-69.733],[27.327,-69.659]],[[-56.905,-68.206],[-57.099,-68.227],[-56.895,-68.296],[-56.905,-68.206]],[[-56.249,-67.712],[-56.387,-67.779],[-56.299,-67.904],[-56.43,-67.984],[-56.838,-67.771],[-56.912,-67.829],[-56.825,-67.961],[-56.252,-68.072],[-56.122,-67.959],[-56.249,-67.712]],[[-57.479,-67.789],[-57.593,-67.817],[-57.54,-67.913],[-57.401,-67.868],[-57.479,-67.789]],[[-57.312,-67.336],[-57.419,-67.393],[-57.339,-67.499],[-56.993,-67.601],[-57.312,-67.336]],[[-59.67,-67.352],[-59.701,-67.255],[-59.873,-67.35],[-59.67,-67.352]],[[-55.769,-65.969],[-55.999,-65.977],[-55.864,-66.046],[-55.769,-65.969]],[[-55.449,-65.964],[-55.206,-65.897],[-55.311,-65.736],[-55.504,-65.83],[-55.449,-65.964]],[[-55.16,-65.901],[-54.842,-65.709],[-55.047,-65.726],[-55.16,-65.901]],[[-60.816,-65.4],[-60.881,-65.345],[-60.918,-65.416],[-60.79,-65.61],[-60.816,-65.4]],[[-58.729,-65.035],[-58.825,-65.108],[-58.611,-65.114],[-58.729,-65.035]],[[-54.585,-64.574],[-54.801,-64.663],[-54.802,-64.848],[-54.698,-64.841],[-54.585,-64.574]],[[-54.298,-63.721],[-54.376,-63.655],[-54.88,-63.702],[-55.022,-63.973],[-54.298,-63.721]],[[-55.555,-63.817],[-55.67,-63.881],[-55.385,-63.929],[-55.555,-63.817]],[[-53.81,-63.694],[-53.659,-63.632],[-53.945,-63.593],[-53.81,-63.694]],[[-54.693,-63.555],[-54.114,-63.335],[-54.502,-63.185],[-54.95,-63.416],[-54.86,-63.539],[-54.693,-63.555]],[[-53.699,-62.771],[-53.843,-62.847],[-53.734,-62.962],[-53.63,-62.917],[-53.699,-62.771]],[[-54.313,-62.773],[-54.305,-62.657],[-54.49,-62.49],[-54.515,-62.644],[-54.887,-62.646],[-54.737,-62.921],[-54.545,-62.849],[-54.276,-62.958],[-54.313,-62.773]],[[-60.282,-62.823],[-59.187,-62.371],[-58.886,-62.398],[-58.775,-62.265],[-58.428,-62.296],[-57.324,-62.045],[-57.209,-61.937],[-58.169,-61.769],[-58.769,-61.841],[-58.885,-61.985],[-59.124,-61.865],[-59.876,-61.996],[-60.137,-62.129],[-60.497,-62.129],[-60.644,-62.207],[-60.569,-62.417],[-61.011,-62.247],[-61.189,-62.387],[-61.128,-62.516],[-61.467,-62.408],[-61.673,-62.561],[-61.973,-62.507],[-62.108,-62.594],[-61.865,-62.633],[-61.913,-62.825],[-61.808,-62.948],[-61.409,-62.969],[-61.073,-62.849],[-60.671,-63.06],[-60.468,-62.966],[-60.705,-62.856],[-60.641,-62.715],[-60.282,-62.823]],[[-62.415,-63.012],[-62.285,-62.854],[-62.528,-62.884],[-62.742,-63.095],[-62.415,-63.012]],[[-62.459,-63.117],[-62.698,-63.246],[-62.591,-63.373],[-62.791,-63.45],[-62.792,-63.538],[-61.817,-63.449],[-61.926,-63.249],[-62.459,-63.117]],[[-60.172,-63.397],[-60.373,-63.56],[-60.269,-63.734],[-60.218,-63.574],[-59.87,-63.451],[-59.657,-63.497],[-59.59,-63.345],[-59.743,-63.258],[-60.172,-63.397]],[[-59.869,-63.621],[-59.757,-63.616],[-59.775,-63.533],[-59.896,-63.552],[-59.869,-63.621]],[[-63.643,-63.579],[-63.449,-63.569],[-63.281,-63.425],[-63.87,-63.616],[-63.643,-63.579]],[[-55.792,-62.63],[-55.278,-62.637],[-55.141,-62.449],[-55.798,-62.455],[-55.865,-62.537],[-55.792,-62.63]],[[-55.828,-61.545],[-55.477,-61.538],[-55.448,-61.332],[-54.857,-61.289],[-54.609,-61.104],[-55.491,-60.884],[-55.861,-60.951],[-56.091,-61.2],[-55.686,-61.34],[-55.985,-61.457],[-55.828,-61.545]],[[-46.15,-60.92],[-45.761,-60.881],[-45.829,-60.712],[-45.689,-60.833],[-45.449,-60.785],[-44.979,-60.905],[-44.369,-60.809],[-44.177,-60.884],[-43.889,-60.785],[-44.513,-60.545],[-45.185,-60.569],[-46.193,-60.329],[-46.557,-60.386],[-46.472,-60.596],[-46.728,-60.41],[-47.057,-60.473],[-46.697,-60.809],[-46.169,-60.833],[-46.15,-60.92]],[[-54.044,-61.094],[-54.309,-61.325],[-54.038,-61.312],[-53.977,-61.154],[-54.044,-61.094]],[[-46.244,-61.217],[-46.333,-61.409],[-46.127,-61.277],[-46.244,-61.217]],[[-27.806,-60.197],[-28.027,-60.217],[-27.879,-60.304],[-27.806,-60.197]],[[-27.323,-59.502],[-27.109,-59.426],[-27.432,-59.415],[-27.323,-59.502]],[[-26.501,-58.93],[-26.658,-58.981],[-26.668,-59.099],[-26.442,-59.066],[-26.501,-58.93]],[[-26.212,-58.456],[-26.273,-58.357],[-26.487,-58.421],[-26.249,-58.528],[-26.212,-58.456]],[[-26.529,-57.872],[-26.329,-57.773],[-26.487,-57.717],[-26.589,-57.815],[-26.529,-57.872]],[[-26.657,-57.016],[-26.802,-57.094],[-26.646,-57.134],[-26.657,-57.016]],[[-26.982,-56.676],[-27.242,-56.702],[-27.146,-56.765],[-26.982,-56.676]],[[-28.154,-56.743],[-28.139,-56.708],[-28.142,-56.697],[-28.17,-56.674],[-28.192,-56.674],[-28.193,-56.674],[-28.206,-56.677],[-28.227,-56.686],[-28.243,-56.722],[-28.24,-56.733],[-28.212,-56.756],[-28.189,-56.757],[-28.187,-56.757],[-28.172,-56.753],[-28.154,-56.743]],[[-27.546,-56.246],[-27.634,-56.31],[-27.51,-56.316],[-27.546,-56.246]],[[-35.025,-55.325],[-35.09,-55.137],[-34.735,-55.236],[-34.423,-55.126],[-34.411,-54.956],[-35.003,-54.839],[-35.547,-54.933],[-35.273,-54.713],[-35.249,-54.545],[-35.657,-54.593],[-36.017,-54.212],[-36.338,-54.175],[-36.288,-53.988],[-36.448,-53.912],[-36.617,-54.017],[-36.665,-53.801],[-36.548,-53.739],[-36.585,-53.675],[-36.809,-53.681],[-36.728,-53.904],[-36.859,-54.017],[-37.003,-53.613],[-37.354,-53.623],[-37.249,-53.936],[-37.601,-53.777],[-37.604,-53.655],[-37.975,-53.603],[-38.13,-53.654],[-38.003,-53.77],[-38.05,-53.833],[-38.609,-53.777],[-39.165,-53.903],[-39.089,-54.041],[-39.191,-54.124],[-39.161,-54.233],[-38.892,-53.993],[-38.609,-54.113],[-38.465,-54.065],[-38.417,-54.209],[-38.149,-54.179],[-38.074,-54.38],[-37.904,-54.492],[-37.434,-54.346],[-37.577,-54.497],[-37.547,-54.836],[-36.881,-54.689],[-36.788,-54.958],[-36.545,-54.881],[-36.293,-54.947],[-36.251,-55.16],[-35.993,-55.193],[-35.886,-55.306],[-35.091,-55.432],[-35.025,-55.325]],[[-37.099,-54.979],[-37.357,-54.892],[-37.416,-54.946],[-37.24,-55.038],[-37.099,-54.979]],[[-57.699,-54.9],[-57.161,-54.713],[-56.681,-54.881],[-56.28,-54.58],[-56.225,-54.425],[-58.241,-54.041],[-58.669,-53.866],[-59.468,-53.919],[-61.274,-53.773],[-61.716,-54.067],[-61.619,-54.287],[-61.775,-54.355],[-61.487,-54.442],[-61.43,-54.61],[-61.177,-54.657],[-61.243,-54.76],[-61.173,-54.789],[-60.977,-54.689],[-60.545,-54.809],[-59.665,-54.777],[-59.417,-54.689],[-59.249,-54.785],[-59.073,-54.712],[-58.777,-54.761],[-58.091,-54.579],[-58.0,-54.747],[-57.699,-54.9]],[[-41.762,-53.799],[-41.166,-53.907],[-40.945,-53.854],[-40.913,-53.705],[-40.805,-53.676],[-41.083,-53.557],[-41.548,-53.534],[-42.0,-53.343],[-42.145,-53.375],[-42.257,-53.579],[-42.178,-53.684],[-41.762,-53.799]],[[-52.52,-54.084],[-52.38,-54.165],[-52.211,-54.121],[-52.52,-54.084]],[[-39.149,-54.574],[-38.873,-54.604],[-39.153,-54.455],[-39.149,-54.574]],[[-38.404,-54.548],[-38.176,-54.73],[-37.862,-54.755],[-37.933,-54.562],[-38.284,-54.468],[-38.404,-54.548]],[[-36.237,-53.911],[-36.115,-54.005],[-35.894,-53.883],[-36.237,-53.911]],[[-35.754,-53.995],[-35.609,-54.305],[-35.393,-54.281],[-35.542,-53.941],[-35.754,-53.995]],[[3.29,-54.501],[3.48,-54.479],[3.518,-54.353],[3.273,-54.381],[3.22,-54.442],[3.29,-54.501]],[[-8.465,-47.057],[-8.609,-47.033],[-8.696,-47.199],[-8.563,-47.191],[-8.465,-47.057]],[[-8.26,-47.049],[-8.071,-46.865],[-8.234,-46.895],[-8.26,-47.049]],[[-7.745,-46.913],[-7.523,-46.636],[-7.71,-46.728],[-7.745,-46.913]],[[-4.5,-43.381],[-4.643,-43.468],[-4.601,-43.625],[-4.434,-43.506],[-4.5,-43.381]],[[1.349,-42.97],[1.232,-42.995],[1.225,-43.094],[1.418,-43.106],[1.349,-42.97]],[[-2.507,-42.997],[-2.384,-42.767],[-2.543,-42.856],[-2.507,-42.997]],[[-1.377,-42.477],[-1.349,-42.352],[-1.457,-42.31],[-1.697,-42.521],[-1.584,-42.618],[-1.377,-42.477]],[[-0.374,-42.455],[-0.153,-42.41],[-0.13,-42.285],[-0.377,-42.305],[-0.449,-42.397],[-0.374,-42.455]],[[0.216,-41.824],[-0.056,-41.96],[-0.065,-42.128],[0.114,-42.186],[0.351,-42.114],[0.372,-41.964],[0.216,-41.824]],[[-9.925,-40.233],[-10.069,-40.332],[-9.936,-40.426],[-9.842,-40.349],[-9.925,-40.233]],[[-5.98,-39.519],[-6.329,-39.601],[-5.987,-39.731],[-5.844,-39.6],[-5.98,-39.519]],[[-6.44,-39.578],[-6.552,-39.398],[-6.912,-39.627],[-6.639,-39.675],[-6.44,-39.578]],[[-7.779,-39.4],[-7.854,-39.487],[-7.737,-39.551],[-7.779,-39.4]],[[-12.593,-37.289],[-12.818,-37.297],[-12.72,-37.358],[-12.593,-37.289]],[[-3.837,-37.28],[-3.705,-37.22],[-3.86,-37.163],[-3.913,-37.22],[-3.837,-37.28]],[[-12.206,-37.159],[-12.21,-37.045],[-12.353,-37.073],[-12.324,-37.171],[-12.206,-37.159]],[[15.941,-30.655],[15.688,-30.808],[16.024,-31.01],[15.941,-30.655]],[[-37.739,-20.845],[-37.313,-20.633],[-37.281,-20.512],[-37.736,-20.645],[-38.134,-20.518],[-38.095,-20.678],[-37.739,-20.845]],[[-36.254,-20.443],[-35.868,-20.479],[-36.218,-20.349],[-36.254,-20.443]],[[-36.52,-20.365],[-36.617,-20.294],[-36.727,-20.384],[-36.52,-20.365]],[[-34.836,-20.502],[-34.944,-20.63],[-34.867,-20.764],[-34.6,-20.782],[-34.688,-20.471],[-34.836,-20.502]],[[-28.905,-20.515],[-28.901,-20.533],[-28.885,-20.539],[-28.869,-20.53],[-28.858,-20.509],[-28.865,-20.502],[-28.876,-20.495],[-28.885,-20.495],[-28.903,-20.503],[-28.905,-20.515]],[[-29.327,-20.529],[-29.341,-20.528],[-29.353,-20.531],[-29.368,-20.549],[-29.368,-20.573],[-29.352,-20.597],[-29.327,-20.608],[-29.306,-20.601],[-29.287,-20.586],[-29.29,-20.565],[-29.3,-20.549],[-29.313,-20.535],[-29.327,-20.529]],[[-35.422,-20.66],[-35.507,-20.734],[-35.406,-20.796],[-35.422,-20.66]],[[-38.036,-19.912],[-37.529,-19.793],[-37.819,-19.734],[-37.978,-19.498],[-38.201,-19.529],[-38.455,-19.705],[-38.326,-19.889],[-38.369,-20.105],[-38.081,-20.081],[-38.036,-19.912]],[[-35.937,-17.791],[-36.114,-17.858],[-36.152,-18.002],[-35.989,-17.981],[-35.937,-17.791]],[[-36.776,-17.041],[-37.02,-17.167],[-36.87,-17.222],[-36.776,-17.041]],[[-37.396,-17.048],[-37.447,-16.952],[-37.631,-17.025],[-37.396,-17.048]],[[-5.64,-15.889],[-5.791,-15.924],[-5.801,-16.073],[-5.598,-15.978],[-5.64,-15.889]],[[-6.946,-15.562],[-7.016,-15.652],[-6.946,-15.739],[-6.884,-15.649],[-6.946,-15.562]],[[-5.958,-12.752],[-6.202,-12.859],[-6.175,-12.981],[-5.992,-12.999],[-5.958,-12.752]],[[-14.37,-7.849],[-14.465,-7.941],[-14.413,-8.027],[-14.265,-7.95],[-14.37,-7.849]],[[1.25,-6.397],[1.152,-6.461],[1.169,-6.613],[1.272,-6.543],[1.25,-6.397]],[[5.639,-1.387],[5.633,-1.386],[5.627,-1.387],[5.621,-1.388],[5.606,-1.398],[5.595,-1.412],[5.591,-1.422],[5.589,-1.436],[5.589,-1.437],[5.589,-1.438],[5.589,-1.439],[5.589,-1.44],[5.59,-1.441],[5.59,-1.442],[5.59,-1.443],[5.59,-1.444],[5.589,-1.444],[5.585,-1.452],[5.583,-1.456],[5.582,-1.461],[5.583,-1.469],[5.585,-1.477],[5.59,-1.484],[5.617,-1.503],[5.624,-1.505],[5.629,-1.506],[5.634,-1.505],[5.64,-1.503],[5.645,-1.501],[5.663,-1.485],[5.672,-1.467],[5.676,-1.443],[5.672,-1.423],[5.655,-1.396],[5.65,-1.392],[5.645,-1.389],[5.639,-1.387]],[[6.684,0.437],[6.42,0.225],[6.546,-0.038],[6.785,0.199],[6.796,0.366],[6.684,0.437]],[[7.48,1.758],[7.12,1.568],[7.291,1.31],[7.535,1.528],[7.567,1.663],[7.48,1.758]],[[-61.673,-64.049],[-61.774,-64.092],[-61.762,-64.184],[-61.373,-64.038],[-61.354,-63.841],[-61.673,-64.049]]]}},{"type":"Feature","properties":{},"geometry":{"type":"Polygon","coordinates":[[[-0.001,90.0],[-0.0,61.619],[-0.922,61.536],[-1.193,61.375],[-1.265,61.207],[-1.504,61.201],[-2.591,60.816],[-3.137,60.415],[-4.318,60.19],[-4.388,59.993],[-4.821,59.991],[-5.412,59.683],[-6.034,59.707],[-6.593,59.263],[-7.457,58.999],[-7.622,58.768],[-9.113,58.111],[-9.425,57.679],[-9.377,57.415],[-8.983,56.711],[-9.363,55.588],[-9.881,55.279],[-10.536,54.662],[-10.673,54.319],[-11.785,53.355],[-11.825,53.119],[-11.969,52.999],[-11.825,52.495],[-11.417,52.135],[-11.257,51.821],[-11.153,51.391],[-11.265,51.041],[-11.081,50.935],[-10.771,50.509],[-10.841,50.239],[-10.985,50.095],[-10.889,49.975],[-10.926,49.699],[-11.225,49.303],[-11.096,49.096],[-10.802,49.099],[-10.802,48.921],[-10.457,48.919],[-10.289,48.727],[-10.097,48.823],[-9.739,48.736],[-9.737,48.559],[-9.46,48.538],[-9.508,48.216],[-8.894,48.397],[-8.777,48.223],[-8.574,48.175],[-8.244,48.278],[-7.957,48.025],[-7.65,48.038],[-7.457,47.887],[-7.409,47.671],[-7.203,47.555],[-6.617,47.575],[-5.98,47.241],[-5.753,47.287],[-5.572,47.154],[-5.585,47.047],[-5.105,46.999],[-5.0,46.721],[-4.793,46.711],[-4.649,46.447],[-4.269,46.307],[-4.099,46.103],[-3.938,46.104],[-3.809,46.303],[-3.769,46.096],[-3.598,46.104],[-3.391,45.963],[-3.457,45.888],[-3.649,45.951],[-3.719,45.827],[-3.233,45.535],[-3.004,45.167],[-2.489,45.103],[-2.039,44.762],[-2.078,44.467],[-1.987,44.237],[-2.129,43.927],[-1.865,43.607],[-2.011,43.546],[-3.46,43.586],[-3.675,43.673],[-4.464,43.54],[-4.697,43.759],[-4.889,43.663],[-5.358,43.893],[-5.897,43.831],[-6.06,43.895],[-6.148,43.733],[-6.593,43.951],[-7.043,44.037],[-7.209,43.91],[-7.283,43.952],[-7.241,44.095],[-7.428,44.125],[-7.577,44.023],[-7.815,44.089],[-8.033,43.951],[-8.182,44.014],[-9.401,43.303],[-9.524,43.006],[-47.65,46.212],[-47.417,46.615],[-47.513,46.999],[-47.633,47.095],[-47.54,47.231],[-48.041,47.431],[-48.185,47.599],[-49.817,48.151],[-50.174,48.594],[-51.017,48.679],[-51.488,48.689],[-51.893,48.452],[-52.361,48.487],[-52.481,48.151],[-52.583,48.406],[-53.297,48.103],[-53.636,47.724],[-53.467,48.101],[-52.789,48.544],[-52.689,48.732],[-52.913,48.991],[-53.36,48.714],[-53.537,48.727],[-53.321,49.063],[-53.099,49.184],[-53.229,49.615],[-53.009,49.639],[-53.12,49.841],[-53.489,50.071],[-53.826,50.107],[-54.233,49.879],[-54.809,49.783],[-55.025,49.591],[-55.385,49.567],[-55.679,49.789],[-55.217,49.999],[-55.027,49.98],[-54.646,50.206],[-55.097,50.143],[-55.289,50.215],[-55.665,50.098],[-55.733,50.131],[-55.637,50.214],[-55.817,50.311],[-56.153,50.215],[-56.487,49.955],[-56.666,49.95],[-56.201,50.431],[-55.933,50.462],[-55.817,50.575],[-55.433,50.551],[-55.264,50.491],[-55.194,50.332],[-54.569,50.863],[-54.641,51.327],[-54.809,51.34],[-54.495,51.546],[-54.891,51.885],[-55.107,51.904],[-54.889,52.155],[-54.793,51.985],[-54.207,52.045],[-54.401,52.135],[-54.473,52.303],[-54.857,52.327],[-55.064,52.517],[-54.99,52.575],[-54.641,52.423],[-54.15,52.509],[-54.528,52.634],[-54.516,52.859],[-54.789,52.786],[-55.433,53.791],[-55.208,53.804],[-54.257,53.335],[-53.794,53.305],[-53.462,53.462],[-53.403,53.599],[-53.585,53.623],[-54.137,54.223],[-54.329,54.247],[-54.425,54.439],[-54.641,54.463],[-54.905,54.847],[-55.385,54.727],[-55.541,53.955],[-55.627,53.925],[-56.153,54.127],[-56.216,54.383],[-56.897,54.895],[-57.881,55.183],[-57.377,55.231],[-56.945,55.423],[-56.825,55.305],[-57.076,55.054],[-56.681,54.991],[-56.441,54.751],[-56.268,54.888],[-56.225,55.207],[-56.313,55.31],[-57.0,55.535],[-57.335,55.53],[-57.418,55.649],[-57.347,55.772],[-57.438,55.817],[-58.354,55.687],[-58.377,55.573],[-58.098,55.24],[-58.865,55.351],[-60.089,56.263],[-60.137,56.407],[-60.562,56.734],[-60.613,57.13],[-60.414,57.131],[-60.35,56.883],[-60.113,56.671],[-59.225,56.215],[-58.673,56.383],[-58.553,56.599],[-58.817,56.575],[-58.985,56.695],[-59.435,57.338],[-59.729,57.583],[-59.699,57.69],[-60.547,57.73],[-60.809,57.575],[-61.097,57.727],[-61.276,57.998],[-61.745,58.207],[-61.814,58.305],[-61.753,58.36],[-61.031,58.19],[-60.161,58.327],[-60.217,58.601],[-60.569,58.975],[-61.044,59.278],[-60.986,59.415],[-61.1,59.54],[-61.073,59.647],[-61.793,59.983],[-61.937,60.151],[-62.393,60.295],[-63.51,60.375],[-63.551,60.21],[-63.65,60.202],[-64.217,60.511],[-64.516,60.513],[-64.457,60.655],[-64.289,60.679],[-64.462,60.795],[-64.937,60.679],[-64.865,60.511],[-65.129,60.439],[-65.765,60.766],[-66.545,60.847],[-66.755,60.78],[-68.321,60.799],[-68.633,60.967],[-69.065,61.015],[-69.281,61.207],[-69.569,61.207],[-69.877,61.555],[-69.585,61.92],[-69.593,62.061],[-68.752,62.196],[-68.609,62.071],[-68.296,62.06],[-68.417,61.983],[-68.375,61.922],[-67.914,62.024],[-67.481,61.999],[-67.121,61.831],[-66.674,61.868],[-66.663,61.779],[-67.214,61.648],[-67.097,61.543],[-66.948,61.605],[-66.808,61.437],[-65.585,61.175],[-65.369,61.423],[-65.081,61.255],[-64.649,61.327],[-64.529,61.519],[-64.345,61.602],[-64.396,61.747],[-64.889,61.975],[-65.657,62.095],[-65.897,62.335],[-66.161,62.383],[-67.697,63.223],[-67.562,63.241],[-67.073,62.935],[-66.017,62.671],[-65.105,62.215],[-64.962,62.259],[-64.454,62.117],[-63.953,62.191],[-63.377,62.575],[-62.846,62.727],[-62.777,63.007],[-62.849,63.223],[-63.316,63.788],[-63.698,63.759],[-63.761,63.943],[-63.66,64.026],[-63.905,64.063],[-63.949,64.406],[-64.673,64.471],[-64.889,64.663],[-65.321,64.831],[-66.281,65.071],[-66.35,65.218],[-66.22,65.343],[-66.523,65.53],[-66.497,65.767],[-66.707,65.889],[-66.377,65.935],[-66.461,66.092],[-66.36,66.098],[-65.849,65.647],[-65.249,65.479],[-65.105,65.239],[-64.481,65.047],[-64.265,64.879],[-63.307,64.782],[-63.041,64.927],[-62.588,64.934],[-62.345,65.167],[-61.998,65.291],[-61.969,65.543],[-61.433,65.815],[-61.097,66.103],[-61.073,66.487],[-61.233,66.977],[-61.537,67.42],[-62.513,67.591],[-63.065,67.879],[-63.363,67.641],[-63.401,67.423],[-63.636,67.423],[-63.742,67.594],[-63.555,67.918],[-64.398,68.233],[-64.505,68.479],[-64.907,68.587],[-64.538,68.791],[-64.615,68.913],[-65.661,68.622],[-65.681,68.479],[-65.601,68.421],[-65.753,68.431],[-65.921,68.239],[-66.233,68.359],[-66.401,68.623],[-66.591,68.549],[-67.208,68.712],[-67.279,68.939],[-67.073,69.055],[-65.983,68.959],[-65.617,69.109],[-65.585,69.223],[-65.417,69.295],[-65.585,69.535],[-65.45,69.699],[-65.777,70.015],[-66.084,70.087],[-65.912,70.134],[-65.913,70.212],[-67.073,70.639],[-67.432,70.646],[-67.467,70.706],[-67.289,70.79],[-67.841,70.903],[-67.865,71.047],[-68.8,70.875],[-68.878,70.918],[-68.753,71.023],[-68.68,71.306],[-69.049,71.212],[-69.176,71.402],[-70.095,71.386],[-70.381,71.288],[-70.424,71.172],[-70.145,71.023],[-69.149,71.024],[-69.059,70.941],[-69.879,70.914],[-70.732,70.721],[-70.418,71.017],[-70.785,71.144],[-71.046,71.099],[-71.105,71.239],[-70.542,71.51],[-70.567,71.601],[-71.225,71.599],[-71.345,71.719],[-71.705,71.767],[-71.811,71.912],[-73.001,71.695],[-73.601,71.815],[-74.137,71.797],[-74.009,71.959],[-73.385,71.911],[-73.001,72.055],[-73.255,72.119],[-73.889,72.535],[-74.305,72.643],[-74.609,72.655],[-74.297,72.415],[-74.513,72.271],[-74.849,72.343],[-74.873,72.487],[-75.113,72.583],[-76.832,72.766],[-76.073,72.823],[-75.637,72.975],[-76.025,73.111],[-76.169,73.255],[-77.392,73.579],[-78.089,73.711],[-81.113,73.783],[-80.888,73.303],[-80.489,73.228],[-80.601,73.183],[-81.089,73.279],[-81.263,73.792],[-83.561,73.696],[-85.128,73.353],[-85.212,73.168],[-85.516,73.166],[-85.649,72.967],[-86.1,72.797],[-86.08,72.723],[-85.855,72.718],[-85.558,72.401],[-85.634,72.34],[-86.009,72.367],[-86.177,72.535],[-86.593,72.704],[-86.608,72.818],[-86.013,73.278],[-84.617,73.711],[-84.548,73.819],[-87.832,73.824],[-90.0,73.217],[-89.969,73.927],[-89.729,74.047],[-90.0,74.135],[-90.0,74.52],[-88.745,74.431],[-85.102,74.454],[-84.964,74.525],[-83.257,74.478],[-83.269,74.809],[-83.17,74.784],[-83.046,74.523],[-81.784,74.429],[-81.315,74.532],[-80.266,74.548],[-79.865,74.767],[-79.169,74.839],[-79.495,75.137],[-79.333,75.262],[-79.426,75.463],[-79.889,75.511],[-79.989,75.687],[-82.481,75.895],[-82.801,75.82],[-84.881,75.823],[-85.913,75.703],[-86.077,75.811],[-87.305,75.871],[-88.14,76.056],[-87.983,76.288],[-84.041,76.159],[-83.538,76.392],[-82.241,76.351],[-81.953,76.447],[-81.641,76.327],[-81.7,76.172],[-81.449,76.111],[-79.974,76.124],[-79.888,75.856],[-79.217,75.679],[-77.398,75.818],[-77.306,75.891],[-77.376,75.972],[-78.088,76.274],[-77.713,76.379],[-77.609,76.471],[-77.812,76.525],[-77.393,76.615],[-77.273,76.783],[-76.861,76.767],[-77.059,76.614],[-76.777,76.293],[-76.786,76.119],[-76.553,76.231],[-75.9,76.173],[-75.815,76.258],[-75.929,76.399],[-75.587,76.466],[-75.833,76.687],[-75.761,76.831],[-76.081,76.761],[-76.187,76.882],[-76.169,77.023],[-76.313,76.951],[-76.732,76.981],[-76.889,77.095],[-77.129,77.095],[-77.345,77.263],[-77.597,77.287],[-77.537,77.38],[-77.057,77.455],[-77.454,77.576],[-77.435,77.647],[-77.177,77.671],[-77.382,77.809],[-76.313,77.863],[-75.569,78.031],[-75.425,78.199],[-74.801,78.367],[-75.078,78.447],[-75.062,78.506],[-74.49,78.526],[-74.003,78.726],[-74.04,78.807],[-74.208,78.775],[-74.107,78.969],[-73.157,79.083],[-73.195,79.216],[-73.875,79.315],[-73.898,79.388],[-72.689,79.567],[-70.961,79.663],[-70.721,79.855],[-70.149,79.884],[-70.193,80.071],[-70.031,80.162],[-68.873,80.575],[-64.361,81.487],[-64.471,81.574],[-65.321,81.565],[-65.286,81.644],[-62.256,81.994],[-61.303,82.169],[-60.64,82.431],[-60.086,82.442],[-59.921,82.543],[-57.977,82.591],[-57.569,82.711],[-56.519,82.763],[-55.889,82.927],[-56.633,83.143],[-60.895,83.394],[-65.454,83.394],[-65.873,83.143],[-64.751,82.998],[-65.801,82.903],[-66.281,82.999],[-69.158,83.054],[-69.449,83.191],[-70.169,83.191],[-70.394,83.268],[-70.383,83.426],[-72.233,83.407],[-72.036,83.492],[-67.428,83.778],[-70.184,83.915],[-70.433,83.839],[-71.993,83.887],[-73.177,83.729],[-73.244,83.551],[-73.481,83.455],[-75.329,83.623],[-77.609,83.431],[-77.921,83.335],[-78.281,83.335],[-78.802,83.506],[-79.217,83.455],[-79.162,83.372],[-78.545,83.335],[-78.19,83.187],[-77.249,83.167],[-77.782,82.963],[-79.594,83.116],[-80.297,83.071],[-80.307,83.22],[-81.166,83.324],[-81.233,83.143],[-81.469,83.057],[-81.302,82.888],[-82.402,82.691],[-82.436,82.538],[-82.712,82.476],[-82.893,82.319],[-83.416,82.349],[-84.006,82.611],[-84.973,82.728],[-86.756,82.671],[-86.509,82.322],[-86.921,82.26],[-87.042,82.081],[-87.993,82.176],[-88.868,82.13],[-89.122,82.406],[-89.963,82.287],[-89.982,82.218],[-89.708,82.083],[-90.0,82.029],[-90.0,90.0],[-0.001,90.0]],[[-70.168,79.207],[-70.361,79.015],[-70.541,79.035],[-70.897,78.816],[-72.977,78.463],[-73.121,78.223],[-73.422,78.079],[-73.289,77.959],[-73.389,77.864],[-73.392,77.671],[-73.715,77.604],[-73.744,77.517],[-73.625,77.431],[-72.305,77.239],[-71.273,77.297],[-71.21,77.21],[-71.482,77.09],[-71.369,76.951],[-70.805,76.705],[-70.893,76.447],[-70.124,76.217],[-69.819,76.353],[-69.665,76.135],[-69.113,76.015],[-66.008,75.821],[-65.441,75.967],[-64.865,75.895],[-64.625,75.991],[-64.31,75.91],[-64.053,76.021],[-63.089,75.799],[-63.017,75.874],[-63.17,75.912],[-63.219,76.055],[-63.521,76.015],[-63.506,76.149],[-63.638,76.174],[-63.345,76.344],[-62.871,76.277],[-62.797,76.169],[-62.25,76.256],[-62.53,76.03],[-60.658,75.875],[-60.7,75.585],[-60.285,75.678],[-59.06,75.608],[-59.153,75.439],[-58.913,75.415],[-58.844,75.271],[-59.11,75.291],[-59.143,75.178],[-58.985,75.151],[-58.889,75.007],[-58.697,75.127],[-58.62,74.932],[-58.298,74.941],[-58.385,74.671],[-57.943,74.787],[-57.956,74.553],[-57.254,74.372],[-57.248,74.281],[-57.641,74.047],[-57.09,73.86],[-57.448,73.636],[-57.243,73.515],[-57.268,73.359],[-57.517,73.411],[-57.558,73.345],[-57.448,73.145],[-57.248,73.303],[-56.876,73.146],[-56.947,72.96],[-56.849,72.823],[-56.945,72.655],[-57.185,72.655],[-57.12,72.765],[-57.467,72.927],[-58.145,73.087],[-58.396,72.852],[-58.889,72.679],[-59.104,72.771],[-59.279,72.621],[-58.943,72.561],[-58.789,72.655],[-58.252,72.536],[-58.049,72.583],[-58.073,72.775],[-57.857,72.559],[-57.761,72.703],[-57.569,72.586],[-57.507,72.73],[-57.353,72.679],[-57.403,72.527],[-57.333,72.394],[-57.152,72.368],[-57.038,72.53],[-56.757,72.59],[-56.273,72.487],[-56.19,72.541],[-55.882,72.421],[-56.424,72.225],[-56.039,72.032],[-56.102,71.946],[-57.268,72.094],[-56.959,71.698],[-56.897,71.431],[-56.596,71.493],[-56.583,71.672],[-56.04,71.643],[-55.985,71.575],[-56.224,71.441],[-56.093,71.283],[-54.508,71.215],[-54.025,71.341],[-53.961,71.277],[-54.11,71.152],[-53.897,71.047],[-53.511,71.008],[-53.124,71.167],[-52.625,71.047],[-52.567,71.139],[-52.15,70.844],[-51.831,70.823],[-52.175,70.791],[-52.257,70.663],[-52.674,70.814],[-54.222,70.858],[-54.608,70.758],[-54.809,70.807],[-54.953,70.639],[-55.361,70.567],[-55.809,70.636],[-56.267,70.475],[-56.452,70.235],[-56.705,70.207],[-56.756,70.021],[-57.017,70.135],[-57.395,69.786],[-57.23,69.708],[-56.737,69.805],[-56.57,69.988],[-56.515,69.651],[-56.382,69.512],[-56.096,69.61],[-55.601,69.607],[-54.802,69.394],[-55.481,69.271],[-55.865,69.295],[-55.937,69.391],[-56.249,69.295],[-56.214,69.143],[-56.369,69.055],[-55.78,68.717],[-55.549,68.726],[-55.239,68.972],[-54.866,69.09],[-54.71,68.812],[-54.221,68.717],[-53.554,69.005],[-53.42,68.921],[-53.19,68.997],[-53.393,69.151],[-53.585,69.127],[-53.478,69.227],[-51.953,69.439],[-51.694,69.615],[-51.95,69.84],[-52.705,69.955],[-53.033,70.183],[-53.947,70.37],[-53.236,70.323],[-52.08,69.972],[-51.707,69.988],[-51.665,69.871],[-51.45,69.843],[-51.388,69.629],[-51.48,69.549],[-51.108,69.453],[-51.129,69.322],[-51.251,69.296],[-51.309,68.957],[-52.49,68.962],[-52.725,68.809],[-52.827,68.849],[-52.774,68.964],[-53.009,69.031],[-53.273,68.815],[-53.295,68.662],[-53.612,68.668],[-53.92,68.41],[-53.897,68.239],[-54.152,68.267],[-54.207,68.138],[-54.345,68.365],[-54.867,68.258],[-56.105,68.239],[-57.097,67.876],[-56.858,67.55],[-56.884,67.362],[-56.65,67.337],[-56.264,66.918],[-56.369,66.391],[-56.273,66.151],[-55.889,65.887],[-55.361,65.719],[-54.885,65.17],[-54.465,64.948],[-54.361,64.481],[-54.041,64.255],[-53.486,64.259],[-53.138,64.458],[-53.192,64.921],[-53.106,65.211],[-52.624,64.472],[-52.671,64.362],[-53.169,64.077],[-53.142,63.85],[-52.701,63.501],[-52.673,63.337],[-52.373,63.31],[-52.167,62.995],[-51.667,62.941],[-51.761,62.791],[-51.456,62.681],[-51.463,62.453],[-51.162,62.444],[-51.209,62.599],[-51.05,62.615],[-50.945,62.263],[-50.737,62.105],[-50.385,62.211],[-50.273,62.023],[-50.567,61.993],[-50.561,61.591],[-50.273,61.375],[-50.009,61.327],[-49.828,61.415],[-49.5,60.914],[-48.775,60.561],[-48.609,60.676],[-48.429,60.452],[-48.041,60.343],[-47.825,60.415],[-47.694,60.22],[-47.009,60.199],[-47.227,60.569],[-46.995,60.524],[-46.865,60.324],[-46.713,60.482],[-46.605,60.399],[-46.788,60.165],[-46.593,60.145],[-46.337,59.839],[-45.833,59.719],[-45.665,59.479],[-45.138,59.516],[-45.24,59.639],[-45.127,59.674],[-45.041,59.527],[-44.825,59.455],[-44.407,59.603],[-44.026,59.501],[-43.865,59.599],[-43.711,59.53],[-42.929,59.623],[-42.689,59.743],[-42.641,59.863],[-42.257,59.983],[-42.204,60.26],[-42.473,60.271],[-42.689,60.151],[-42.833,60.319],[-42.425,60.607],[-42.54,60.757],[-42.377,60.823],[-42.432,60.998],[-42.236,60.859],[-42.284,61.026],[-42.209,61.087],[-42.391,61.341],[-42.137,61.207],[-42.157,61.411],[-41.916,61.384],[-42.004,61.594],[-41.611,61.799],[-42.063,61.98],[-41.981,62.109],[-42.161,62.215],[-41.904,62.306],[-42.025,62.594],[-41.81,62.681],[-41.545,62.582],[-41.327,62.783],[-41.452,62.923],[-41.219,63.077],[-41.12,62.957],[-40.913,63.031],[-40.793,63.295],[-40.313,63.649],[-40.519,64.011],[-40.536,64.246],[-39.905,64.279],[-39.754,64.48],[-40.121,64.711],[-40.3,64.703],[-40.293,64.867],[-39.881,64.903],[-39.407,64.614],[-39.037,64.843],[-38.856,64.819],[-38.88,64.9],[-39.489,64.968],[-39.141,65.184],[-39.257,65.311],[-39.144,65.402],[-38.173,65.567],[-38.117,65.452],[-38.347,65.403],[-38.136,65.294],[-37.918,65.401],[-37.996,65.534],[-37.44,65.528],[-37.394,65.457],[-37.787,65.184],[-37.544,65.164],[-37.399,65.256],[-37.289,65.107],[-37.009,65.109],[-36.722,65.29],[-36.7,65.416],[-36.481,65.49],[-36.519,65.697],[-35.928,65.61],[-35.875,65.678],[-36.097,65.695],[-36.073,65.793],[-35.849,65.815],[-35.786,65.952],[-35.446,66.052],[-35.333,66.217],[-35.057,66.216],[-35.053,66.069],[-34.93,66.034],[-34.529,66.247],[-33.785,66.319],[-33.329,66.487],[-33.113,66.836],[-33.257,67.039],[-33.04,66.975],[-32.468,67.325],[-32.825,67.375],[-32.897,67.567],[-32.478,67.842],[-31.894,67.707],[-31.494,67.909],[-31.167,67.83],[-31.345,68.076],[-31.014,68.011],[-29.54,68.106],[-29.08,68.038],[-28.865,67.822],[-28.833,68.088],[-28.673,68.215],[-28.433,68.191],[-28.278,68.023],[-28.001,68.167],[-26.969,68.263],[-26.633,68.431],[-26.345,68.457],[-26.345,68.644],[-26.234,68.763],[-25.955,68.722],[-25.433,68.815],[-25.313,68.935],[-24.898,68.926],[-24.871,69.18],[-23.957,69.315],[-23.824,69.474],[-23.393,69.559],[-23.218,69.468],[-23.432,69.255],[-23.853,69.246],[-23.99,69.143],[-23.938,69.062],[-23.417,69.151],[-23.009,69.367],[-23.033,69.522],[-21.92,69.572],[-22.573,69.677],[-22.716,69.862],[-22.415,69.881],[-22.089,70.043],[-22.1,70.183],[-23.837,70.171],[-25.193,70.471],[-26.177,70.269],[-26.58,70.28],[-25.817,70.572],[-25.577,70.495],[-25.233,70.63],[-25.168,70.749],[-25.265,70.975],[-25.166,71.191],[-24.923,71.238],[-24.478,71.055],[-24.38,70.676],[-24.172,70.683],[-23.897,70.495],[-23.099,70.397],[-22.264,70.421],[-22.236,70.289],[-22.101,70.241],[-21.62,70.358],[-21.233,70.663],[-21.264,70.891],[-21.487,71.061],[-21.427,71.204],[-21.563,71.378],[-21.511,71.499],[-21.592,71.612],[-22.08,71.885],[-22.307,71.819],[-22.466,71.971],[-24.195,72.413],[-23.076,72.282],[-22.745,72.127],[-21.929,72.007],[-21.128,72.532],[-20.964,72.46],[-20.948,72.679],[-20.681,72.799],[-20.572,73.007],[-20.305,72.801],[-19.68,72.847],[-19.299,72.714],[-19.263,72.786],[-19.383,72.843],[-19.193,72.823],[-19.011,73.027],[-19.481,73.063],[-19.793,72.919],[-20.242,72.896],[-20.225,73.039],[-19.938,73.053],[-19.92,73.123],[-20.458,73.179],[-20.552,73.401],[-20.022,73.426],[-19.659,73.638],[-19.488,73.511],[-18.902,73.588],[-18.48,73.747],[-18.542,73.849],[-18.85,73.848],[-18.81,74.052],[-19.01,74.06],[-19.008,74.155],[-18.683,74.175],[-18.681,74.064],[-18.567,74.036],[-18.089,74.119],[-17.692,74.014],[-17.639,74.083],[-17.778,74.142],[-16.625,74.191],[-17.223,74.411],[-17.165,74.506],[-16.724,74.618],[-17.076,74.821],[-17.205,74.788],[-17.183,74.646],[-17.503,74.494],[-17.421,74.338],[-17.602,74.288],[-17.774,74.386],[-17.869,74.334],[-17.886,74.546],[-18.185,74.743],[-18.985,74.799],[-18.951,74.984],[-17.977,74.954],[-17.729,74.839],[-16.887,75.063],[-17.23,75.105],[-17.59,75.312],[-17.674,75.495],[-18.977,75.607],[-19.268,75.863],[-17.779,75.79],[-17.777,75.679],[-17.416,75.616],[-17.045,75.843],[-16.577,75.847],[-16.817,75.919],[-17.426,75.884],[-17.538,75.966],[-17.057,76.111],[-16.673,76.087],[-16.041,75.878],[-16.097,75.727],[-15.927,75.605],[-16.064,75.452],[-15.977,75.511],[-15.551,75.379],[-15.976,75.094],[-15.943,75.021],[-15.737,74.959],[-15.424,75.051],[-15.426,74.979],[-15.614,74.942],[-15.536,74.838],[-14.489,74.959],[-14.393,74.815],[-14.013,74.815],[-13.998,74.896],[-14.417,74.983],[-14.205,75.13],[-14.839,75.272],[-13.76,75.386],[-13.577,75.535],[-13.595,75.691],[-14.033,75.642],[-13.737,75.571],[-13.761,75.505],[-14.925,75.494],[-14.91,75.587],[-14.633,75.559],[-14.161,75.752],[-14.335,75.844],[-14.907,75.876],[-14.969,76.015],[-15.2,76.124],[-13.677,75.944],[-13.271,76.013],[-13.217,76.09],[-13.348,76.182],[-12.857,76.231],[-12.796,76.376],[-12.349,76.524],[-12.564,76.716],[-11.749,76.752],[-11.681,76.903],[-11.345,77.018],[-11.744,77.153],[-11.201,77.167],[-11.21,77.33],[-10.745,77.479],[-9.141,77.671],[-9.329,77.791],[-9.722,77.817],[-10.099,77.675],[-13.034,77.381],[-13.265,77.287],[-13.14,77.104],[-13.602,76.931],[-13.275,76.845],[-13.269,76.732],[-13.592,76.622],[-13.632,76.502],[-14.294,76.473],[-14.225,76.22],[-15.199,76.339],[-15.321,76.252],[-15.272,76.097],[-15.926,75.967],[-16.065,76.091],[-16.572,76.098],[-16.93,76.208],[-17.558,76.089],[-17.619,75.942],[-17.807,75.953],[-17.688,76.051],[-17.735,76.165],[-17.633,76.207],[-17.597,76.477],[-17.996,76.672],[-17.921,77.023],[-18.026,77.211],[-17.676,77.166],[-17.71,77.002],[-17.512,77.001],[-17.39,77.149],[-16.577,77.169],[-16.373,77.337],[-17.057,77.647],[-17.105,77.767],[-17.266,77.76],[-17.233,77.965],[-17.777,78.079],[-17.815,78.339],[-17.637,78.438],[-16.712,78.65],[-16.531,78.505],[-15.905,78.535],[-15.784,78.391],[-15.377,78.367],[-15.281,78.535],[-14.984,78.534],[-14.951,78.471],[-15.166,78.45],[-15.113,78.247],[-14.808,78.211],[-13.946,78.352],[-13.976,78.198],[-14.226,78.079],[-14.467,78.086],[-14.201,78.031],[-14.107,77.888],[-13.799,77.93],[-13.787,78.158],[-13.454,78.229],[-13.179,78.037],[-13.241,78.223],[-13.155,78.411],[-12.265,78.328],[-12.07,78.177],[-11.753,78.247],[-12.017,78.409],[-12.442,78.435],[-12.399,78.627],[-12.472,78.647],[-13.385,78.703],[-13.435,78.519],[-13.326,78.433],[-13.47,78.37],[-13.817,78.391],[-13.577,78.486],[-13.624,78.535],[-14.219,78.541],[-13.741,78.744],[-13.879,78.81],[-13.797,78.903],[-13.625,78.799],[-13.426,78.892],[-13.145,78.871],[-13.518,79.037],[-13.953,78.973],[-14.015,78.798],[-14.774,78.818],[-14.969,78.943],[-15.075,78.806],[-15.252,78.771],[-15.594,78.973],[-16.35,78.988],[-16.582,79.136],[-17.146,79.217],[-16.673,79.279],[-16.266,79.147],[-15.652,79.192],[-15.439,79.012],[-14.96,79.075],[-14.73,79.24],[-14.133,79.323],[-14.201,79.471],[-14.585,79.495],[-14.463,79.625],[-14.561,79.711],[-14.386,79.882],[-13.991,79.964],[-10.027,80.03],[-10.001,79.855],[-9.823,79.834],[-9.26,80.034],[-8.192,80.035],[-8.727,80.295],[-8.299,80.503],[-7.448,80.533],[-7.003,80.677],[-7.33,80.893],[-8.242,81.011],[-8.733,81.208],[-8.768,81.358],[-8.933,81.435],[-9.329,81.439],[-9.955,81.662],[-10.549,81.705],[-11.657,82.111],[-15.586,82.492],[-15.713,82.591],[-15.593,82.783],[-15.736,82.876],[-22.409,83.071],[-23.117,83.29],[-29.062,83.797],[-29.66,83.951],[-33.688,84.146],[-51.206,82.808],[-51.078,82.704],[-48.904,82.594],[-49.011,82.531],[-51.113,82.539],[-51.971,82.45],[-52.049,82.327],[-52.457,82.231],[-53.052,82.361],[-53.369,82.303],[-53.753,82.447],[-53.897,82.375],[-54.377,82.423],[-60.095,82.085],[-60.398,81.95],[-61.917,81.808],[-62.119,81.543],[-62.067,81.464],[-61.846,81.552],[-62.029,81.203],[-63.569,81.271],[-64.889,81.055],[-66.483,80.648],[-67.026,80.703],[-67.074,80.64],[-66.923,80.53],[-67.289,80.551],[-67.361,80.407],[-67.841,80.313],[-67.889,80.232],[-67.745,80.109],[-67.86,80.001],[-68.633,80.071],[-68.873,79.951],[-68.981,80.052],[-69.066,79.899],[-68.879,79.893],[-68.94,79.767],[-69.433,79.813],[-69.375,79.636],[-69.16,79.733],[-69.089,79.567],[-69.59,79.522],[-69.556,79.252],[-70.168,79.207]],[[-67.794,83.514],[-68.734,83.533],[-67.672,83.161],[-67.604,83.37],[-67.794,83.514]],[[-6.706,80.266],[-6.497,80.335],[-6.728,80.331],[-6.706,80.266]],[[-7.476,80.035],[-7.092,80.124],[-7.581,80.108],[-7.476,80.035]],[[-12.761,79.662],[-13.217,79.615],[-13.769,79.303],[-13.259,79.222],[-13.226,79.504],[-12.713,79.495],[-12.47,79.585],[-12.761,79.662]],[[-9.061,79.515],[-9.209,79.399],[-7.385,79.495],[-7.949,79.615],[-9.061,79.515]],[[-10.129,78.831],[-9.783,78.883],[-10.074,78.914],[-10.129,78.831]],[[-11.369,78.655],[-11.345,78.487],[-11.462,78.351],[-10.797,78.365],[-10.74,78.492],[-9.497,78.641],[-11.369,78.655]],[[-5.513,78.415],[-5.5,78.409],[-5.42,78.391],[-5.327,78.385],[-5.287,78.391],[-5.271,78.396],[-5.259,78.403],[-5.251,78.413],[-5.247,78.424],[-5.249,78.439],[-5.255,78.449],[-5.265,78.457],[-5.28,78.463],[-5.297,78.467],[-5.339,78.471],[-5.431,78.465],[-5.501,78.448],[-5.509,78.443],[-5.513,78.439],[-5.513,78.415]],[[-8.87,78.355],[-9.381,78.415],[-9.713,78.319],[-8.944,78.258],[-8.87,78.355]],[[-12.507,78.225],[-12.977,78.223],[-13.038,78.051],[-12.662,78.12],[-12.505,77.939],[-12.521,78.103],[-12.421,78.21],[-12.507,78.225]],[[-11.295,78.027],[-11.004,78.087],[-11.372,78.096],[-11.295,78.027]],[[-16.049,77.337],[-15.761,77.431],[-16.038,77.461],[-16.109,77.392],[-16.049,77.337]],[[-16.043,76.222],[-16.049,76.207],[-16.049,76.183],[-15.767,76.133],[-15.761,76.135],[-15.757,76.144],[-15.759,76.155],[-15.769,76.167],[-15.784,76.179],[-15.827,76.202],[-15.938,76.237],[-15.99,76.241],[-16.012,76.238],[-16.03,76.232],[-16.043,76.222]],[[-7.017,77.354],[-6.488,77.426],[-6.556,77.499],[-7.065,77.394],[-7.017,77.354]],[[-7.005,76.96],[-6.648,77.046],[-7.01,77.069],[-7.005,76.96]],[[-7.795,76.75],[-7.666,76.741],[-7.362,76.766],[-7.345,76.774],[-7.337,76.783],[-7.333,76.805],[-7.334,76.822],[-7.34,76.836],[-7.351,76.845],[-7.365,76.852],[-7.382,76.855],[-7.401,76.857],[-7.48,76.846],[-7.528,76.832],[-7.529,76.831],[-7.771,76.803],[-7.804,76.789],[-7.814,76.78],[-7.819,76.77],[-7.817,76.759],[-7.811,76.754],[-7.795,76.75]],[[-8.82,76.492],[-8.538,76.572],[-8.907,76.589],[-8.82,76.492]],[[-9.624,76.286],[-9.032,76.301],[-9.559,76.359],[-9.624,76.286]],[[-12.089,76.272],[-12.218,76.196],[-12.076,76.163],[-12.089,76.272]],[[-9.49,76.157],[-10.355,76.137],[-10.481,76.063],[-10.036,75.946],[-9.35,76.122],[-9.49,76.157]],[[-12.265,76.132],[-12.586,76.13],[-12.815,75.954],[-12.569,75.919],[-12.522,76.04],[-12.265,76.132]],[[-13.241,75.535],[-13.025,75.367],[-12.81,75.462],[-13.077,75.587],[-13.241,75.535]],[[-12.588,75.369],[-12.651,75.232],[-12.5,75.211],[-12.371,75.251],[-12.425,75.343],[-12.304,75.409],[-12.568,75.503],[-12.662,75.442],[-12.588,75.369]],[[-15.013,74.596],[-14.873,74.551],[-15.04,74.457],[-15.041,74.335],[-15.812,74.279],[-15.903,74.181],[-15.625,74.098],[-14.529,74.42],[-14.703,74.518],[-14.616,74.63],[-14.825,74.729],[-15.029,74.681],[-15.013,74.596]],[[-16.355,74.127],[-16.465,74.054],[-16.261,74.005],[-16.222,73.842],[-15.881,73.903],[-15.953,74.071],[-16.355,74.127]],[[-17.141,73.968],[-17.424,73.93],[-17.009,73.879],[-17.141,73.968]],[[-16.572,74.508],[-16.817,74.461],[-16.664,74.379],[-16.538,74.443],[-16.572,74.508]],[[-16.813,73.548],[-17.043,73.519],[-17.05,73.448],[-16.852,73.408],[-16.599,73.504],[-16.813,73.548]],[[-19.274,73.398],[-19.38,73.339],[-19.067,73.344],[-19.274,73.398]],[[-18.785,72.823],[-18.763,72.747],[-18.59,72.805],[-18.785,72.823]],[[-17.916,72.751],[-17.948,72.662],[-17.75,72.689],[-17.916,72.751]],[[-18.648,72.464],[-18.515,72.413],[-18.302,72.495],[-18.648,72.464]],[[-21.163,72.207],[-20.704,72.292],[-21.017,72.391],[-21.163,72.207]],[[-19.268,72.303],[-19.447,72.218],[-19.348,72.063],[-19.405,72.008],[-20.057,72.055],[-20.225,72.151],[-20.406,72.071],[-20.153,72.031],[-19.951,71.849],[-19.224,71.981],[-18.47,71.964],[-18.557,72.151],[-18.977,72.175],[-19.268,72.303]],[[-21.245,72.119],[-21.497,72.079],[-21.226,72.024],[-21.245,72.119]],[[-20.603,71.013],[-20.249,71.004],[-20.273,71.167],[-20.168,71.273],[-20.49,71.331],[-20.585,71.431],[-20.488,71.46],[-20.934,71.433],[-20.956,71.313],[-20.603,71.013]],[[-8.461,71.097],[-9.13,70.902],[-9.113,70.759],[-9.225,70.646],[-8.567,70.505],[-8.321,70.615],[-8.296,70.809],[-7.935,70.995],[-7.909,71.162],[-8.151,71.204],[-8.461,71.097]],[[-7.391,70.861],[-7.022,70.912],[-7.398,70.986],[-7.474,70.921],[-7.391,70.861]],[[-19.745,70.663],[-19.922,70.657],[-20.167,70.856],[-20.496,70.593],[-19.767,70.419],[-19.577,70.519],[-19.745,70.663]],[[-20.485,70.449],[-20.687,70.349],[-20.483,70.338],[-20.485,70.449]],[[-20.814,70.447],[-21.113,70.423],[-20.945,70.351],[-20.814,70.447]],[[-23.623,68.926],[-24.026,68.82],[-24.761,68.911],[-25.051,68.756],[-24.592,68.713],[-24.737,68.503],[-24.353,68.551],[-24.121,68.694],[-23.776,68.674],[-23.544,68.835],[-23.623,68.926]],[[-24.187,64.901],[-24.393,64.567],[-24.903,64.389],[-24.557,64.29],[-24.003,64.426],[-23.794,64.367],[-23.898,64.158],[-24.583,63.508],[-24.234,63.202],[-23.801,63.415],[-23.444,63.446],[-23.373,63.603],[-23.049,63.544],[-23.089,63.304],[-22.93,63.286],[-22.769,63.535],[-22.377,63.631],[-22.098,63.454],[-22.067,63.186],[-21.785,63.295],[-20.969,63.151],[-20.369,63.151],[-20.038,63.244],[-19.956,63.373],[-18.808,63.237],[-17.403,63.243],[-16.961,63.295],[-16.937,63.463],[-16.798,63.559],[-16.653,63.386],[-15.641,63.487],[-15.918,63.828],[-15.603,63.693],[-15.494,63.495],[-14.837,63.616],[-14.969,63.919],[-14.585,63.655],[-14.144,63.803],[-14.109,63.886],[-14.311,64.115],[-13.858,63.895],[-13.553,63.919],[-13.372,64.072],[-13.045,64.089],[-12.439,64.406],[-12.449,64.591],[-12.185,64.543],[-12.041,64.687],[-12.041,64.903],[-11.87,64.983],[-12.52,65.15],[-12.089,65.167],[-12.018,65.301],[-12.975,65.365],[-12.305,65.383],[-11.869,65.51],[-13.246,65.666],[-13.38,65.781],[-13.542,65.736],[-13.769,65.839],[-13.988,65.754],[-13.841,65.935],[-12.571,66.047],[-12.438,66.194],[-12.77,66.477],[-13.391,66.472],[-13.346,66.664],[-13.59,66.803],[-14.514,66.697],[-14.519,66.975],[-14.836,66.987],[-14.993,67.135],[-15.178,67.161],[-15.36,67.032],[-15.373,67.261],[-15.688,67.179],[-15.824,67.037],[-15.224,66.806],[-15.329,66.631],[-15.593,66.631],[-15.689,66.775],[-16.023,66.754],[-16.798,66.959],[-17.057,66.799],[-16.857,66.667],[-16.762,66.295],[-16.871,66.277],[-16.913,66.415],[-17.283,66.678],[-17.465,66.511],[-17.415,66.312],[-17.64,66.111],[-17.683,66.349],[-17.918,66.675],[-18.387,66.698],[-18.536,66.515],[-18.43,66.267],[-18.522,66.198],[-19.231,66.397],[-19.577,66.247],[-19.802,66.276],[-19.913,66.367],[-19.648,66.699],[-19.898,66.751],[-20.253,66.664],[-20.791,66.107],[-20.87,66.332],[-20.815,66.546],[-21.161,66.415],[-21.333,66.548],[-21.024,66.695],[-20.801,67.111],[-21.666,66.976],[-22.529,67.039],[-23.252,66.849],[-23.86,66.981],[-24.211,66.872],[-24.449,66.919],[-24.858,66.618],[-26.032,66.1],[-26.012,65.985],[-25.538,65.821],[-25.559,65.726],[-26.32,65.81],[-26.444,65.738],[-26.324,65.672],[-26.38,65.569],[-26.592,65.672],[-26.697,65.587],[-26.572,65.416],[-26.75,65.172],[-26.537,65.023],[-26.453,64.788],[-25.985,64.855],[-25.959,64.977],[-25.706,65.02],[-25.695,64.908],[-25.966,64.87],[-25.83,64.751],[-25.869,64.621],[-25.721,64.631],[-25.708,64.763],[-25.32,64.798],[-25.416,64.602],[-25.241,64.567],[-24.943,64.764],[-24.026,65.012],[-24.187,64.901]],[[-36.056,65.054],[-36.166,64.972],[-35.949,64.92],[-36.056,65.054]],[[-38.488,65.048],[-38.346,65.206],[-38.406,65.293],[-38.825,65.215],[-38.971,65.055],[-38.609,64.975],[-38.488,65.048]],[[-35.537,65.359],[-35.105,65.455],[-35.387,65.579],[-35.665,65.361],[-35.537,65.359]],[[-33.618,66.084],[-34.409,65.959],[-33.908,65.868],[-33.583,65.988],[-33.618,66.084]],[[-33.273,66.414],[-33.456,66.363],[-33.219,66.329],[-33.273,66.414]],[[-18.76,67.025],[-18.593,67.087],[-18.616,67.235],[-18.716,67.205],[-18.76,67.025]],[[-18.579,67.026],[-18.454,66.962],[-18.342,67.053],[-18.409,67.107],[-18.579,67.026]],[[-12.374,65.883],[-12.713,65.815],[-12.317,65.711],[-12.135,65.811],[-12.374,65.883]],[[-25.993,63.844],[-26.044,63.958],[-26.177,63.882],[-25.993,63.844]],[[-25.71,63.852],[-25.411,63.913],[-25.397,64.0],[-25.697,63.967],[-25.71,63.852]],[[-24.788,64.261],[-25.061,64.104],[-24.829,64.138],[-24.788,64.261]],[[-36.067,64.252],[-35.897,64.351],[-36.208,64.399],[-36.369,64.324],[-36.067,64.252]],[[-26.204,64.38],[-26.032,64.415],[-26.003,64.505],[-26.235,64.49],[-26.204,64.38]],[[-40.887,62.592],[-40.72,62.487],[-40.577,62.527],[-40.736,62.616],[-40.752,62.789],[-40.906,62.734],[-40.887,62.592]],[[-6.767,62.743],[-7.535,62.694],[-8.087,62.549],[-8.556,62.285],[-8.626,62.107],[-8.47,61.938],[-8.489,61.807],[-8.297,61.687],[-7.985,61.663],[-7.746,61.786],[-7.509,61.573],[-7.548,61.417],[-6.952,61.079],[-6.894,60.767],[-6.545,60.799],[-6.365,60.702],[-6.121,60.732],[-6.423,61.291],[-6.419,61.455],[-5.835,62.017],[-5.425,62.028],[-5.705,61.783],[-5.335,61.669],[-5.182,61.752],[-5.232,62.036],[-4.931,61.907],[-4.689,61.97],[-5.19,62.486],[-6.353,62.743],[-6.767,62.743]],[[-6.222,61.368],[-5.841,61.497],[-5.557,61.3],[-5.478,61.42],[-5.546,61.522],[-6.016,61.657],[-6.161,61.615],[-6.222,61.368]],[[-5.451,61.302],[-5.338,61.279],[-5.273,61.399],[-5.451,61.302]],[[-8.609,60.751],[-8.105,60.895],[-7.976,61.106],[-8.487,61.267],[-8.941,61.161],[-9.195,60.989],[-9.412,61.001],[-9.521,60.823],[-9.398,60.677],[-8.957,60.486],[-8.609,60.751]],[[-10.356,60.444],[-10.001,60.573],[-10.265,60.799],[-10.649,60.751],[-10.499,60.49],[-10.356,60.444]],[[-12.486,60.428],[-12.833,60.367],[-12.353,60.343],[-12.486,60.428]],[[-42.038,60.439],[-41.975,60.56],[-42.044,60.597],[-42.401,60.474],[-42.038,60.439]],[[-41.82,60.751],[-41.734,60.994],[-42.081,60.924],[-41.82,60.751]],[[-41.594,61.216],[-41.297,61.567],[-41.705,61.375],[-41.594,61.216]],[[-40.87,62.115],[-41.151,61.969],[-41.003,61.953],[-40.87,62.115]],[[-62.08,64.174],[-62.297,64.159],[-62.333,64.283],[-63.024,64.319],[-63.169,64.232],[-62.902,63.912],[-62.633,63.871],[-62.609,63.727],[-62.297,63.703],[-61.905,63.741],[-61.945,64.084],[-62.08,64.174]],[[-57.789,68.158],[-57.985,68.125],[-58.096,67.955],[-58.113,67.767],[-58.019,67.646],[-57.521,67.855],[-57.789,68.158]],[[-58.679,68.364],[-58.585,68.474],[-58.589,68.69],[-58.859,68.925],[-59.344,68.752],[-59.255,68.445],[-58.679,68.364]],[[-61.663,73.077],[-61.755,73.227],[-61.643,73.52],[-61.772,73.633],[-62.706,73.525],[-62.973,73.318],[-62.903,73.226],[-61.931,72.967],[-61.663,73.077]],[[-58.96,73.471],[-58.697,73.495],[-58.677,73.724],[-58.437,73.654],[-58.467,73.805],[-58.313,73.927],[-58.361,74.071],[-58.28,74.257],[-58.469,74.26],[-58.564,74.165],[-58.937,74.215],[-58.985,74.071],[-58.889,73.879],[-59.22,73.881],[-59.345,73.782],[-59.355,73.642],[-58.96,73.471]],[[-58.466,73.474],[-58.275,73.509],[-58.393,73.572],[-58.466,73.474]],[[-62.958,74.755],[-62.993,74.911],[-62.819,75.211],[-63.157,75.329],[-63.497,75.319],[-63.643,75.226],[-63.713,75.319],[-64.121,75.343],[-64.136,75.505],[-64.323,75.466],[-64.514,75.626],[-65.897,75.523],[-65.717,75.416],[-65.425,75.477],[-65.276,75.313],[-64.504,75.332],[-64.537,75.164],[-64.265,75.151],[-64.097,75.007],[-63.689,74.887],[-63.449,74.887],[-63.295,75.054],[-63.099,74.881],[-63.089,74.714],[-62.958,74.755]],[[-67.175,75.251],[-67.934,75.403],[-68.048,75.339],[-67.894,75.22],[-67.505,75.151],[-67.19,75.162],[-67.175,75.251]],[[-67.053,75.629],[-67.147,75.728],[-67.309,75.648],[-67.053,75.629]],[[-72.977,75.727],[-73.471,75.778],[-73.548,75.688],[-73.146,75.635],[-72.977,75.727]],[[-61.553,75.631],[-61.563,75.552],[-61.34,75.537],[-61.553,75.631]],[[-60.242,75.541],[-60.137,75.367],[-60.089,75.463],[-59.922,75.47],[-60.242,75.541]],[[-59.779,75.524],[-59.85,75.459],[-59.768,75.262],[-59.68,75.356],[-59.779,75.524]],[[-60.548,75.351],[-60.58,75.454],[-61.241,75.511],[-61.118,75.369],[-60.34,75.157],[-60.548,75.351]],[[-63.31,75.482],[-63.449,75.559],[-63.902,75.489],[-63.314,75.372],[-63.31,75.482]],[[-59.417,74.863],[-59.153,74.91],[-59.264,75.019],[-59.602,75.02],[-59.592,74.912],[-59.417,74.863]],[[-59.074,74.868],[-59.129,74.839],[-58.97,74.774],[-58.849,74.859],[-58.892,74.928],[-59.074,74.868]],[[-72.81,76.963],[-73.507,76.924],[-73.592,76.848],[-72.915,76.621],[-72.377,76.663],[-72.81,76.963]],[[-83.475,82.838],[-83.369,82.879],[-83.876,82.968],[-83.475,82.838]],[[-13.774,59.026],[-13.866,58.946],[-13.659,58.893],[-13.643,58.979],[-13.774,59.026]],[[-14.439,59.022],[-14.612,58.954],[-14.624,58.845],[-14.4,58.844],[-14.356,58.947],[-14.439,59.022]],[[-15.263,58.286],[-15.442,58.267],[-15.466,58.167],[-15.223,58.119],[-15.263,58.286]],[[-13.865,58.111],[-13.946,57.917],[-14.33,57.614],[-14.393,57.399],[-14.211,57.302],[-14.417,57.295],[-14.64,57.028],[-14.993,56.983],[-15.01,56.524],[-14.633,56.623],[-14.489,56.575],[-14.166,56.778],[-14.167,56.86],[-14.398,56.925],[-14.195,57.106],[-13.968,57.169],[-13.871,56.939],[-13.762,56.92],[-13.483,57.077],[-13.704,57.105],[-13.758,57.235],[-13.544,57.302],[-13.169,57.247],[-13.046,57.353],[-13.062,57.457],[-13.316,57.518],[-13.146,57.813],[-13.24,58.04],[-13.379,58.077],[-13.361,57.943],[-13.524,57.799],[-13.793,58.135],[-13.865,58.111]],[[-60.029,58.099],[-60.577,58.102],[-60.809,57.991],[-60.329,57.943],[-60.029,58.099]],[[-14.958,56.391],[-14.887,56.277],[-14.636,56.304],[-14.958,56.391]],[[-11.714,53.996],[-11.558,54.038],[-11.543,54.136],[-11.764,54.093],[-11.714,53.996]],[[-13.418,53.631],[-13.721,53.575],[-14.238,53.295],[-14.286,53.144],[-13.984,53.076],[-14.045,52.92],[-13.957,52.884],[-13.319,53.024],[-13.297,53.089],[-13.525,53.149],[-13.148,53.446],[-13.361,53.599],[-13.169,53.743],[-13.338,53.765],[-13.418,53.631]],[[-52.97,52.876],[-53.225,52.663],[-53.1,52.662],[-52.97,52.876]],[[-53.42,52.448],[-53.248,52.509],[-53.214,52.618],[-53.529,52.536],[-53.42,52.448]],[[-53.932,51.031],[-53.719,51.206],[-53.871,51.173],[-53.932,51.031]],[[-44.986,47.706],[-44.944,47.57],[-44.816,47.534],[-44.871,47.723],[-44.986,47.706]],[[-44.686,47.466],[-44.969,47.455],[-45.328,47.172],[-45.179,46.594],[-44.745,46.628],[-44.378,46.924],[-44.391,47.283],[-44.585,47.287],[-44.686,47.466]]]}},{"type":"Feature","properties":{},"geometry":{"type":"MultiPolygon","coordinates":[[[[152.671,-68.342],[151.952,-68.382],[151.853,-68.504],[151.59,-68.513],[151.404,-68.63],[151.188,-68.612],[151.207,-68.417],[151.093,-68.208],[150.886,-68.149],[150.631,-68.177],[150.508,-68.387],[149.166,-68.249],[148.946,-68.356],[148.302,-68.344],[148.207,-68.201],[147.486,-68.057],[147.87,-67.841],[147.462,-67.577],[147.823,-67.553],[147.678,-67.409],[147.181,-67.468],[147.03,-67.385],[146.372,-67.377],[146.336,-67.594],[145.792,-67.447],[146.131,-67.268],[146.163,-67.127],[146.65,-66.795],[146.191,-66.812],[146.318,-66.699],[146.234,-66.677],[144.836,-67.188],[144.637,-66.93],[143.719,-66.713],[143.274,-66.74],[142.878,-66.881],[142.261,-66.819],[142.189,-66.763],[142.422,-66.641],[141.99,-66.641],[141.343,-66.425],[140.733,-66.434],[140.766,-66.545],[140.994,-66.638],[140.941,-66.718],[140.551,-66.593],[140.229,-66.666],[139.71,-66.473],[139.5,-66.55],[138.416,-66.488],[138.223,-66.449],[138.098,-66.304],[136.424,-66.292],[136.19,-66.14],[136.759,-66.137],[136.56,-66.016],[136.698,-65.809],[136.658,-65.563],[135.442,-65.559],[135.451,-65.648],[135.655,-65.729],[135.607,-65.873],[135.888,-65.956],[135.98,-66.1],[135.588,-66.159],[135.375,-66.047],[134.764,-65.979],[134.722,-65.915],[135.189,-65.587],[134.32,-65.316],[134.143,-65.465],[133.893,-65.356],[133.783,-65.537],[133.615,-65.537],[133.559,-65.631],[133.676,-65.71],[133.959,-65.685],[134.019,-65.775],[132.893,-66.051],[132.654,-65.921],[132.235,-66.021],[132.175,-65.849],[131.884,-65.873],[132.034,-65.751],[132.487,-65.747],[132.534,-65.653],[131.739,-65.504],[131.641,-65.578],[131.742,-65.681],[131.72,-65.819],[131.522,-65.9],[131.479,-66.065],[131.31,-65.945],[131.022,-66.089],[130.319,-66.082],[129.703,-66.401],[129.257,-66.904],[128.883,-66.981],[127.879,-66.881],[127.422,-66.569],[126.148,-66.217],[126.031,-66.065],[125.766,-66.209],[125.19,-66.179],[124.974,-66.425],[124.566,-66.383],[123.455,-66.69],[122.526,-66.713],[121.598,-66.397],[121.183,-66.617],[120.284,-66.663],[120.011,-66.55],[119.766,-66.689],[119.407,-66.665],[119.218,-66.917],[118.23,-66.929],[117.75,-66.761],[116.839,-66.626],[116.694,-66.401],[115.782,-66.257],[115.063,-66.401],[114.918,-66.329],[114.661,-66.384],[114.589,-66.195],[114.031,-66.017],[113.835,-65.814],[112.046,-65.451],[111.975,-65.514],[112.135,-65.585],[112.185,-65.721],[112.455,-65.602],[112.585,-65.712],[112.375,-65.705],[112.286,-65.85],[110.823,-65.961],[110.525,-65.745],[110.619,-65.591],[110.5,-65.539],[110.197,-65.665],[110.19,-65.921],[109.942,-65.987],[110.118,-66.233],[110.239,-66.257],[110.095,-66.436],[109.782,-66.473],[109.275,-66.774],[108.98,-66.795],[108.606,-66.737],[108.419,-66.563],[105.991,-66.275],[105.303,-66.044],[103.993,-65.903],[104.084,-65.723],[103.981,-65.544],[103.495,-65.393],[103.71,-65.369],[104.094,-65.537],[104.695,-65.489],[104.649,-65.327],[104.73,-65.279],[105.559,-65.489],[106.011,-65.457],[106.083,-65.366],[105.895,-65.345],[105.775,-65.177],[105.391,-65.033],[104.43,-65.081],[104.167,-64.961],[103.695,-65.02],[103.458,-65.25],[103.278,-65.105],[102.846,-65.057],[102.783,-64.854],[101.743,-64.745],[101.407,-64.457],[100.703,-64.232],[99.984,-64.287],[99.906,-64.364],[100.303,-64.553],[100.337,-64.74],[100.591,-64.955],[100.983,-64.885],[100.921,-65.082],[101.621,-65.15],[101.734,-64.975],[102.606,-65.129],[102.703,-65.273],[102.982,-65.344],[103.052,-65.49],[102.895,-65.561],[102.876,-65.734],[102.705,-65.775],[102.319,-65.633],[101.491,-65.559],[101.459,-65.481],[101.644,-65.369],[101.596,-65.29],[101.359,-65.369],[100.687,-65.249],[100.155,-65.422],[99.943,-65.273],[99.727,-65.393],[99.487,-65.781],[99.151,-65.638],[98.258,-65.747],[98.401,-65.557],[98.167,-65.489],[98.116,-65.219],[97.907,-65.263],[97.78,-65.405],[96.861,-64.863],[96.875,-64.657],[96.274,-64.44],[96.157,-64.575],[96.443,-64.69],[96.511,-64.993],[95.89,-64.9],[96.023,-64.524],[95.602,-64.537],[95.502,-64.625],[95.649,-64.764],[95.473,-65.219],[95.545,-65.419],[95.402,-65.513],[95.536,-65.657],[95.558,-66.169],[94.892,-66.216],[94.848,-66.317],[94.968,-66.418],[94.172,-66.541],[93.031,-66.497],[92.575,-66.569],[91.735,-66.449],[91.227,-66.51],[91.035,-66.301],[90.775,-66.353],[90.803,-66.574],[90.678,-66.521],[90.211,-66.713],[89.702,-66.553],[89.626,-66.743],[88.738,-66.708],[88.212,-66.548],[86.035,-66.302],[85.088,-66.506],[85.038,-66.67],[84.553,-66.57],[83.96,-66.711],[84.118,-66.901],[84.498,-66.967],[82.617,-67.249],[82.7,-66.941],[82.61,-66.638],[82.37,-66.42],[81.951,-66.327],[81.289,-66.506],[81.228,-67.015],[81.633,-67.327],[81.559,-67.409],[81.472,-67.282],[81.264,-67.343],[81.437,-67.444],[81.17,-67.778],[78.584,-68.184],[78.535,-67.985],[78.295,-68.153],[78.128,-68.066],[78.193,-68.269],[78.461,-68.34],[78.103,-68.513],[77.83,-68.467],[78.036,-68.31],[77.815,-68.371],[77.643,-68.59],[77.791,-68.825],[77.571,-69.006],[77.191,-69.041],[76.471,-69.329],[75.426,-69.554],[75.242,-69.318],[74.913,-69.345],[74.77,-69.606],[74.222,-69.623],[74.254,-69.334],[73.486,-68.879],[72.704,-68.633],[71.413,-68.601],[71.079,-68.701],[70.838,-68.604],[70.684,-68.706],[70.374,-68.707],[70.154,-68.501],[70.397,-68.301],[70.359,-68.176],[70.159,-68.105],[69.956,-68.217],[69.844,-68.163],[69.901,-68.065],[70.275,-67.971],[70.039,-67.817],[70.347,-67.646],[70.207,-67.529],[69.863,-67.655],[69.874,-67.459],[68.753,-67.484],[68.455,-67.553],[68.383,-67.697],[67.87,-67.748],[66.747,-67.664],[66.39,-67.5],[67.423,-67.481],[67.239,-67.381],[66.071,-67.395],[65.263,-67.601],[64.542,-67.577],[64.063,-67.457],[65.863,-67.289],[65.359,-67.121],[65.249,-66.971],[65.952,-66.98],[66.37,-67.253],[66.799,-67.121],[66.247,-67.025],[66.136,-66.893],[65.189,-66.823],[64.975,-66.857],[65.164,-66.951],[65.096,-67.037],[63.198,-66.953],[63.031,-67.241],[63.454,-67.262],[63.015,-67.456],[62.863,-67.361],[62.753,-67.583],[61.999,-67.505],[61.807,-67.385],[61.231,-67.433],[60.99,-67.241],[60.607,-67.193],[60.648,-67.107],[61.342,-66.987],[61.28,-66.856],[60.478,-66.733],[60.03,-66.784],[59.09,-66.638],[58.861,-66.682],[58.999,-66.809],[59.383,-66.833],[59.516,-66.938],[59.542,-67.035],[59.407,-67.145],[59.575,-67.289],[59.326,-67.347],[58.783,-67.001],[58.11,-67.025],[58.011,-66.865],[57.38,-66.969],[56.835,-66.899],[56.904,-66.776],[57.919,-66.665],[58.444,-66.473],[58.183,-66.449],[57.127,-65.873],[56.791,-65.849],[56.944,-66.054],[56.253,-66.27],[55.99,-66.159],[55.953,-66.038],[56.403,-65.988],[56.544,-65.909],[56.498,-65.819],[55.568,-65.712],[55.325,-65.868],[55.207,-65.83],[55.398,-65.735],[55.374,-65.632],[54.214,-65.416],[54.045,-65.583],[54.223,-65.585],[54.295,-65.705],[54.562,-65.637],[54.871,-65.825],[53.704,-65.8],[52.773,-65.91],[52.456,-65.73],[51.594,-65.703],[50.167,-66.257],[50.078,-66.571],[50.359,-66.881],[50.287,-67.097],[49.663,-67.001],[49.279,-66.785],[48.205,-66.976],[48.165,-67.093],[48.609,-67.332],[48.307,-67.371],[48.45,-67.511],[48.383,-67.577],[47.777,-67.545],[47.335,-67.241],[46.463,-67.226],[46.016,-67.425],[46.182,-67.511],[46.153,-67.593],[44.754,-67.706],[44.377,-67.923],[43.698,-68.016],[42.428,-67.94],[42.348,-67.984],[42.46,-68.071],[42.42,-68.148],[40.975,-68.441],[40.279,-68.705],[38.741,-68.801],[38.71,-68.892],[38.863,-68.945],[38.791,-69.089],[38.983,-68.993],[39.452,-69.146],[39.512,-68.994],[39.596,-69.01],[39.67,-69.346],[39.367,-69.617],[38.863,-69.641],[38.641,-69.747],[37.747,-69.561],[38.043,-69.278],[37.567,-69.305],[37.218,-69.497],[36.842,-69.519],[36.799,-69.449],[37.104,-69.317],[36.415,-69.065],[36.121,-69.055],[35.95,-68.912],[35.84,-68.911],[35.672,-69.118],[35.081,-69.035],[34.786,-68.69],[34.929,-68.499],[34.814,-68.436],[34.603,-68.455],[34.417,-68.612],[33.935,-68.488],[33.408,-68.549],[33.175,-68.417],[32.839,-68.465],[32.767,-68.681],[32.53,-68.755],[32.503,-68.585],[32.335,-68.609],[32.239,-68.513],[31.181,-68.691],[26.245,-34.36],[27.175,-33.881],[27.271,-33.713],[28.554,-32.835],[29.383,-32.009],[29.527,-31.745],[29.863,-31.553],[30.703,-30.689],[31.063,-30.041],[31.543,-29.657],[31.735,-29.609],[32.191,-29.105],[32.647,-28.121],[32.695,-27.617],[32.992,-26.943],[33.107,-25.987],[33.273,-25.494],[33.439,-25.385],[33.583,-25.457],[33.753,-25.309],[34.157,-25.187],[34.543,-25.193],[34.903,-25.457],[35.143,-25.313],[35.676,-24.085],[35.743,-23.465],[35.575,-21.401],[36.007,-20.417],[37.111,-19.073],[37.502,-18.153],[37.755,-17.912],[39.127,-17.225],[40.025,-16.525],[40.663,-15.617],[40.783,-15.353],[40.903,-14.489],[40.676,-14.058],[40.591,-12.905],[40.676,-12.766],[40.643,-12.109],[40.804,-11.074],[40.453,-10.286],[39.878,-9.946],[39.772,-9.651],[39.607,-8.993],[39.631,-8.369],[39.91,-7.91],[39.967,-7.601],[39.631,-7.217],[39.607,-6.977],[39.375,-6.716],[39.401,-6.595],[39.631,-6.425],[39.632,-6.294],[39.335,-5.623],[39.127,-5.561],[39.187,-5.301],[39.943,-3.593],[40.039,-3.449],[40.207,-3.497],[40.237,-3.241],[40.522,-2.804],[40.711,-2.873],[40.742,-3.028],[40.951,-2.897],[41.359,-2.033],[42.048,-1.107],[43.255,0.295],[44.841,1.666],[112.508,-24.31],[112.184,-25.23],[112.281,-25.587],[112.161,-25.755],[112.304,-25.82],[112.398,-26.201],[112.841,-27.023],[112.855,-27.281],[113.251,-27.857],[113.215,-28.028],[113.574,-28.745],[114.438,-29.873],[114.703,-30.761],[114.967,-31.265],[115.038,-31.769],[115.227,-31.992],[114.562,-33.27],[114.482,-34.143],[114.678,-34.697],[114.895,-34.913],[115.209,-35.05],[116.874,-35.447],[117.438,-35.393],[117.99,-35.465],[118.375,-35.369],[119.334,-34.817],[120.246,-34.553],[121.686,-34.553],[122.478,-34.697],[122.791,-34.625],[123.515,-34.696],[125.374,-33.888],[125.783,-33.601],[125.899,-33.365],[126.075,-33.252],[126.511,-33.209],[126.63,-33.281],[126.974,-33.192],[127.59,-33.281],[128.501,-33.156],[128.557,-33.306],[129.214,-33.354],[129.342,-33.284],[129.686,-33.362],[129.846,-33.233],[130.184,-33.291],[130.478,-33.075],[130.759,-33.161],[130.798,-33.308],[131.877,-33.54],[132.606,-34.145],[133.023,-34.159],[132.853,-34.401],[133.384,-34.815],[133.57,-34.617],[133.679,-34.706],[133.641,-34.891],[133.98,-34.988],[134.697,-34.987],[135.123,-35.222],[135.167,-35.344],[134.785,-35.38],[135.702,-35.825],[136.214,-36.514],[136.361,-36.483],[136.262,-36.322],[136.736,-36.226],[136.974,-36.425],[137.062,-36.665],[137.393,-36.786],[137.584,-36.701],[137.574,-36.953],[137.82,-37.083],[138.895,-37.193],[139.135,-37.049],[139.254,-37.553],[139.462,-37.508],[139.95,-37.937],[141.174,-38.537],[141.414,-38.753],[142.015,-38.825],[142.567,-39.041],[142.617,-39.189],[143.082,-39.584],[143.048,-39.638],[143.25,-39.637],[143.212,-39.903],[143.3,-40.086],[143.472,-40.155],[143.423,-40.395],[143.574,-40.697],[144.391,-41.441],[144.606,-41.969],[144.831,-42.155],[145.015,-42.929],[145.807,-43.505],[146.238,-43.985],[146.67,-44.081],[146.839,-44.009],[147.006,-44.105],[147.333,-44.041],[152.671,-68.342]],[[146.671,-66.471],[146.696,-66.399],[146.515,-66.44],[146.551,-66.519],[146.671,-66.471]],[[148.381,-66.449],[148.471,-66.343],[148.373,-66.195],[148.287,-66.312],[148.381,-66.449]],[[146.922,-66.206],[146.925,-66.104],[146.599,-66.041],[146.601,-66.215],[146.708,-66.308],[146.91,-66.353],[146.922,-66.206]],[[140.094,-66.305],[140.536,-66.293],[140.63,-65.976],[140.351,-66.212],[140.286,-66.065],[139.734,-65.921],[139.866,-66.222],[140.094,-66.305]],[[137.789,-66.062],[137.435,-66.05],[137.862,-66.137],[137.789,-66.062]],[[140.862,-65.945],[140.815,-66.037],[141.13,-65.914],[140.862,-65.945]],[[140.373,-65.869],[140.407,-65.753],[140.167,-65.729],[140.092,-65.621],[139.953,-65.678],[140.028,-65.852],[140.373,-65.869]],[[141.589,-66.022],[141.777,-65.919],[141.589,-65.945],[141.589,-66.022]],[[143.906,-65.962],[144.283,-66.029],[144.391,-65.969],[143.906,-65.962]],[[145.062,-66.017],[145.065,-66.128],[145.193,-66.135],[145.178,-66.009],[145.062,-66.017]],[[138.945,-65.448],[138.598,-65.448],[138.928,-65.546],[138.945,-65.448]],[[137.3,-65.463],[137.124,-65.314],[136.69,-65.287],[136.614,-65.361],[137.3,-65.463]],[[116.215,-65.633],[116.252,-65.705],[116.337,-65.573],[116.6,-65.549],[116.902,-65.188],[116.298,-65.176],[115.995,-65.319],[115.663,-65.248],[114.171,-65.395],[114.214,-65.473],[114.918,-65.561],[115.902,-65.393],[116.249,-65.565],[116.215,-65.633]],[[129.176,-65.587],[129.193,-65.714],[129.343,-65.801],[129.63,-65.721],[129.417,-65.632],[129.531,-65.563],[129.442,-65.5],[129.176,-65.587]],[[126.778,-65.621],[125.979,-65.758],[126.774,-65.872],[126.869,-65.787],[126.778,-65.621]],[[124.543,-65.797],[124.417,-65.871],[124.566,-65.918],[124.543,-65.797]],[[125.105,-65.913],[125.454,-66.041],[125.628,-65.996],[125.105,-65.913]],[[124.339,-65.94],[123.929,-66.029],[123.761,-65.943],[123.499,-65.985],[123.338,-66.17],[123.529,-66.226],[123.673,-66.034],[123.721,-66.151],[124.34,-66.165],[124.339,-65.94]],[[120.04,-65.966],[119.768,-65.831],[119.67,-65.853],[119.854,-65.989],[119.595,-66.031],[119.923,-66.149],[120.043,-66.074],[120.04,-65.966]],[[123.872,-65.724],[124.027,-65.835],[124.207,-65.753],[123.872,-65.724]],[[115.59,-65.657],[115.495,-65.583],[115.31,-65.697],[115.5,-65.768],[115.59,-65.657]],[[124.832,-65.768],[125.286,-65.633],[124.59,-65.585],[124.611,-65.681],[124.832,-65.768]],[[125.554,-65.454],[125.744,-65.455],[125.814,-65.345],[125.598,-65.345],[125.554,-65.454]],[[137.745,-65.45],[137.941,-65.421],[137.646,-65.369],[137.745,-65.45]],[[132.75,-65.011],[132.479,-65.069],[132.757,-65.13],[132.823,-65.057],[132.75,-65.011]],[[131.287,-65.129],[132.149,-65.052],[132.279,-64.907],[130.933,-64.917],[130.107,-65.061],[131.287,-65.129]],[[132.493,-64.855],[132.487,-64.865],[132.486,-64.889],[132.487,-64.889],[132.501,-64.898],[132.586,-64.928],[132.685,-64.943],[132.728,-64.94],[132.745,-64.935],[132.759,-64.928],[132.769,-64.918],[132.774,-64.905],[132.775,-64.889],[132.77,-64.879],[132.761,-64.869],[132.746,-64.861],[132.708,-64.847],[132.66,-64.837],[132.561,-64.834],[132.52,-64.841],[132.505,-64.847],[132.493,-64.855]],[[133.271,-64.933],[133.783,-64.817],[133.254,-64.826],[133.271,-64.933]],[[134.143,-64.865],[134.22,-64.99],[134.362,-64.923],[134.294,-64.837],[134.143,-64.865]],[[98.325,-64.225],[98.156,-64.266],[98.161,-64.366],[98.497,-64.473],[98.507,-64.341],[98.325,-64.225]],[[97.75,-64.298],[97.639,-64.33],[97.659,-64.435],[97.369,-64.546],[97.055,-64.546],[97.249,-64.626],[97.881,-64.592],[97.996,-64.447],[97.75,-64.298]],[[99.025,-54.787],[98.931,-54.851],[99.062,-54.941],[99.112,-54.865],[99.025,-54.787]],[[49.713,-54.417],[49.583,-54.465],[49.762,-54.517],[49.713,-54.417]],[[44.454,-53.538],[44.569,-53.48],[44.543,-53.384],[44.261,-53.441],[44.454,-53.538]],[[46.808,-53.379],[46.955,-53.47],[47.08,-53.377],[46.941,-53.279],[46.808,-53.379]],[[73.254,-53.106],[73.168,-53.222],[73.316,-53.288],[73.745,-53.216],[73.872,-53.124],[73.838,-53.039],[74.068,-53.139],[73.717,-52.761],[73.422,-52.889],[73.227,-52.853],[73.108,-52.997],[73.35,-53.129],[73.254,-53.106]],[[45.254,-53.056],[45.165,-52.993],[45.054,-53.086],[45.254,-53.056]],[[44.388,-52.901],[44.546,-52.61],[44.352,-52.615],[44.094,-52.874],[44.208,-52.98],[44.388,-52.901]],[[43.681,-52.808],[43.615,-52.793],[43.609,-52.915],[43.842,-52.953],[43.681,-52.808]],[[74.131,-52.622],[74.334,-52.457],[74.097,-52.298],[73.997,-52.397],[74.131,-52.622]],[[71.985,-52.334],[71.791,-52.337],[71.695,-52.505],[71.886,-52.551],[72.125,-52.413],[71.985,-52.334]],[[41.671,-52.337],[41.426,-52.422],[41.592,-52.431],[41.671,-52.337]],[[41.188,-52.31],[41.077,-52.203],[40.884,-52.265],[41.188,-52.31]],[[74.599,-52.577],[74.144,-52.726],[74.071,-52.889],[74.359,-52.913],[74.383,-52.721],[74.697,-52.656],[74.695,-52.572],[74.599,-52.577]],[[45.67,-53.406],[45.593,-53.511],[45.719,-53.505],[45.67,-53.406]],[[71.411,-51.925],[71.254,-52.067],[71.461,-52.063],[71.411,-51.925]],[[76.331,-51.78],[76.721,-51.731],[76.11,-51.569],[75.967,-51.329],[75.75,-51.281],[75.806,-51.547],[76.246,-51.848],[76.331,-51.78]],[[71.041,-51.378],[70.347,-50.947],[70.259,-50.996],[70.432,-51.334],[70.94,-51.457],[71.041,-51.378]],[[71.811,-51.361],[71.975,-51.356],[72.041,-51.225],[71.695,-51.065],[71.625,-51.215],[71.811,-51.361]],[[75.282,-50.645],[75.185,-50.75],[75.308,-50.766],[75.282,-50.645]],[[69.719,-50.359],[69.599,-50.464],[69.752,-50.46],[69.719,-50.359]],[[68.774,-50.369],[68.763,-50.248],[68.631,-50.285],[68.774,-50.369]],[[68.79,-47.586],[68.648,-47.777],[68.756,-47.81],[68.759,-47.914],[68.918,-47.927],[69.007,-48.137],[68.776,-48.231],[68.471,-48.16],[68.316,-48.228],[68.179,-48.636],[68.246,-48.699],[68.401,-48.58],[68.484,-48.742],[68.401,-48.813],[68.119,-48.809],[68.095,-48.713],[67.95,-48.857],[67.75,-48.86],[67.575,-48.573],[67.603,-48.28],[67.179,-48.722],[66.991,-48.688],[67.152,-48.887],[67.207,-49.169],[67.518,-49.265],[67.509,-49.359],[67.325,-49.375],[67.469,-49.629],[67.937,-49.691],[67.738,-49.547],[67.903,-49.409],[67.657,-49.384],[67.511,-48.836],[67.731,-48.97],[67.71,-49.073],[67.855,-49.001],[68.136,-49.047],[68.292,-49.216],[68.18,-49.325],[68.167,-49.601],[67.979,-49.73],[68.14,-49.849],[67.927,-49.937],[68.19,-50.057],[68.215,-49.961],[68.405,-50.055],[68.599,-50.009],[68.733,-50.154],[69.318,-50.05],[69.47,-50.202],[69.644,-50.086],[70.135,-50.105],[70.477,-49.854],[70.687,-49.889],[70.842,-49.677],[71.047,-49.697],[70.974,-49.529],[71.121,-49.37],[70.855,-49.313],[70.913,-49.065],[70.806,-48.878],[70.807,-48.569],[70.951,-48.473],[71.031,-48.217],[71.55,-47.913],[71.511,-47.807],[71.359,-47.777],[71.101,-47.979],[71.191,-47.681],[71.095,-47.585],[71.183,-47.405],[70.879,-47.297],[70.711,-47.681],[70.526,-47.798],[70.246,-47.811],[70.323,-48.048],[70.495,-47.921],[70.735,-47.961],[70.74,-48.251],[70.663,-48.305],[70.519,-48.185],[70.356,-48.25],[69.558,-47.753],[68.982,-47.825],[68.887,-47.537],[68.79,-47.586]],[[68.197,-47.581],[68.479,-47.393],[68.593,-47.166],[68.054,-47.268],[68.021,-47.442],[67.816,-47.652],[68.197,-47.581]],[[67.001,-47.334],[66.726,-47.249],[66.699,-47.324],[66.973,-47.495],[67.057,-47.413],[67.001,-47.334]],[[67.131,-47.312],[67.295,-47.141],[67.132,-47.203],[67.131,-47.312]],[[69.558,-47.348],[69.594,-47.72],[69.781,-47.387],[69.952,-47.477],[70.029,-47.399],[69.973,-47.266],[69.744,-47.169],[69.583,-47.223],[69.558,-47.348]],[[69.504,-47.389],[69.403,-47.41],[69.38,-47.538],[69.504,-47.389]],[[74.231,-50.014],[74.388,-50.002],[74.239,-49.933],[74.231,-50.014]],[[65.16,-50.049],[65.337,-49.96],[65.142,-49.793],[64.704,-49.857],[64.786,-49.985],[65.16,-50.049]],[[65.959,-50.042],[66.133,-50.009],[66.137,-49.912],[65.934,-49.937],[65.959,-50.042]],[[67.832,-48.277],[67.715,-48.476],[67.95,-48.377],[68.151,-48.438],[68.147,-48.29],[67.942,-48.31],[67.872,-48.217],[67.832,-48.277]],[[68.139,-48.233],[68.177,-48.08],[68.058,-48.137],[68.139,-48.233]],[[37.839,-46.821],[37.657,-46.799],[37.549,-46.928],[37.832,-47.001],[37.927,-46.897],[37.839,-46.821]],[[37.975,-46.817],[38.113,-46.66],[37.847,-46.59],[37.975,-46.817]],[[39.635,-46.617],[39.942,-46.521],[39.704,-46.384],[39.533,-46.468],[39.635,-46.617]],[[42.702,-46.615],[42.772,-46.627],[42.906,-46.241],[42.463,-46.169],[42.716,-46.454],[42.702,-46.615]],[[42.022,-46.171],[41.877,-46.269],[42.085,-46.311],[42.022,-46.171]],[[49.553,-46.594],[49.723,-46.593],[49.875,-46.296],[49.888,-46.13],[49.722,-45.973],[49.385,-45.988],[49.209,-46.321],[49.31,-46.487],[49.553,-46.594]],[[49.951,-46.001],[50.071,-46.001],[50.143,-46.169],[50.282,-46.206],[50.215,-46.34],[50.298,-46.579],[50.49,-46.499],[50.373,-46.144],[51.013,-46.077],[50.911,-45.888],[50.949,-45.669],[50.792,-45.55],[50.505,-45.687],[50.359,-45.89],[50.03,-45.846],[50.287,-45.665],[50.165,-45.475],[49.814,-45.63],[49.904,-45.799],[49.778,-45.892],[49.951,-46.001]],[[51.721,-46.476],[51.861,-46.499],[51.895,-46.398],[51.722,-46.301],[51.627,-46.38],[51.721,-46.476]],[[52.238,-46.341],[52.096,-46.427],[52.28,-46.546],[52.341,-46.423],[52.238,-46.341]],[[51.535,-46.649],[51.238,-46.674],[51.203,-46.76],[51.871,-46.745],[51.727,-46.625],[51.535,-46.649]],[[52.736,-46.727],[52.882,-46.688],[52.663,-46.649],[52.736,-46.727]],[[77.572,-38.71],[77.568,-38.703],[77.556,-38.689],[77.549,-38.683],[77.543,-38.68],[77.538,-38.677],[77.53,-38.674],[77.519,-38.672],[77.508,-38.674],[77.5,-38.677],[77.484,-38.691],[77.48,-38.698],[77.478,-38.723],[77.484,-38.74],[77.488,-38.747],[77.491,-38.753],[77.512,-38.765],[77.532,-38.769],[77.536,-38.769],[77.54,-38.769],[77.548,-38.768],[77.569,-38.756],[77.574,-38.749],[77.576,-38.717],[77.572,-38.71]],[[77.562,-37.797],[77.458,-37.848],[77.53,-37.93],[77.614,-37.881],[77.562,-37.797]],[[46.252,-25.635],[47.148,-25.402],[47.479,-24.866],[47.739,-23.574],[47.923,-23.202],[48.009,-22.641],[48.305,-22.092],[48.703,-20.369],[49.879,-17.417],[50.094,-17.249],[50.334,-16.745],[50.385,-16.097],[50.639,-15.446],[50.599,-15.137],[50.359,-14.897],[50.244,-14.46],[50.239,-14.057],[49.977,-13.205],[49.988,-12.716],[49.674,-12.63],[49.639,-12.377],[49.294,-11.871],[49.009,-12.082],[48.504,-12.213],[47.961,-13.38],[47.648,-13.766],[47.641,-14.092],[47.455,-14.225],[47.431,-14.417],[47.071,-14.801],[46.783,-14.897],[46.411,-15.313],[46.098,-15.342],[45.583,-15.641],[44.616,-15.597],[44.213,-15.724],[43.759,-16.073],[43.591,-16.433],[43.207,-16.793],[43.159,-17.225],[43.351,-18.041],[43.879,-18.689],[43.879,-19.697],[43.975,-20.153],[43.591,-21.137],[43.263,-21.423],[43.159,-21.785],[43.113,-22.375],[43.663,-23.513],[43.519,-23.635],[43.618,-24.101],[43.543,-24.353],[43.897,-24.657],[43.973,-25.068],[44.245,-25.514],[44.906,-26.182],[45.144,-26.051],[45.343,-26.297],[45.696,-26.205],[46.252,-25.635]],[[40.392,-22.287],[40.379,-22.284],[40.367,-22.287],[40.359,-22.286],[40.356,-22.286],[40.345,-22.287],[40.339,-22.288],[40.328,-22.291],[40.311,-22.304],[40.304,-22.314],[40.299,-22.335],[40.302,-22.352],[40.306,-22.365],[40.313,-22.376],[40.323,-22.386],[40.333,-22.392],[40.349,-22.396],[40.353,-22.396],[40.373,-22.393],[40.393,-22.381],[40.41,-22.358],[40.416,-22.339],[40.416,-22.317],[40.398,-22.29],[40.392,-22.287]],[[39.744,-21.399],[39.608,-21.447],[39.631,-21.569],[39.784,-21.483],[39.744,-21.399]],[[42.748,-17.129],[42.834,-16.998],[42.621,-16.945],[42.748,-17.129]],[[45.245,-12.997],[45.32,-12.726],[44.981,-12.525],[44.969,-13.005],[45.085,-13.077],[45.245,-12.997]],[[47.61,-12.98],[47.977,-12.673],[48.078,-12.38],[48.354,-12.406],[48.022,-12.137],[47.946,-11.939],[47.719,-12.137],[47.6,-12.465],[47.61,-12.98]],[[43.871,-12.457],[43.951,-12.353],[43.886,-12.269],[43.616,-12.214],[43.559,-12.471],[43.871,-12.457]],[[41.474,-12.22],[41.422,-12.118],[41.341,-12.161],[41.377,-12.274],[41.474,-12.22]],[[44.375,-12.115],[44.163,-12.17],[44.528,-12.405],[44.512,-12.076],[44.375,-12.115]],[[46.491,-12.238],[46.351,-12.329],[46.193,-12.265],[46.132,-12.428],[46.618,-12.415],[46.615,-12.29],[46.491,-12.238]],[[43.519,-11.947],[43.448,-11.393],[43.262,-11.353],[43.193,-11.767],[43.519,-11.947]],[[60.567,-11.3],[60.865,-11.735],[60.955,-11.612],[61.085,-11.68],[61.365,-11.152],[61.286,-11.59],[61.447,-11.417],[61.475,-11.546],[61.698,-11.606],[62.059,-11.326],[61.947,-11.54],[61.561,-11.718],[61.687,-11.729],[61.641,-11.951],[61.855,-11.774],[62.003,-11.93],[62.047,-11.729],[62.334,-11.417],[62.236,-11.273],[62.287,-10.001],[61.798,-9.69],[61.577,-9.844],[61.204,-9.591],[60.429,-10.007],[60.254,-9.859],[59.911,-9.809],[59.598,-9.539],[59.644,-9.778],[59.939,-10.265],[60.042,-10.312],[60.096,-10.183],[60.4,-10.071],[60.367,-10.217],[60.518,-10.347],[60.658,-10.729],[59.995,-10.417],[60.567,-11.3]],[[49.969,-11.047],[49.877,-11.129],[49.958,-11.223],[49.969,-11.047]],[[56.695,-10.441],[56.544,-10.272],[56.458,-10.307],[56.591,-10.497],[56.695,-10.441]],[[50.688,-10.317],[50.599,-10.169],[50.573,-10.357],[50.688,-10.317]],[[51.082,-10.289],[51.21,-10.183],[51.209,-10.062],[50.995,-10.101],[51.082,-10.289]],[[50.813,-10.095],[50.84,-10.014],[50.743,-9.953],[50.685,-10.051],[50.813,-10.095]],[[51.269,-9.881],[51.33,-9.685],[51.155,-9.792],[51.269,-9.881]],[[51.111,-9.751],[51.198,-9.323],[51.06,-9.148],[50.931,-9.573],[50.997,-9.807],[51.111,-9.751]],[[47.682,-9.688],[47.582,-9.642],[47.475,-9.718],[47.62,-9.78],[47.682,-9.688]],[[46.517,-9.692],[46.501,-9.686],[46.476,-9.698],[46.463,-9.714],[46.46,-9.736],[46.463,-9.755],[46.473,-9.78],[46.498,-9.78],[46.523,-9.768],[46.539,-9.739],[46.548,-9.714],[46.536,-9.695],[46.517,-9.692]],[[46.39,-9.464],[46.559,-9.362],[46.317,-9.297],[46.135,-9.383],[46.242,-9.502],[46.39,-9.464]],[[60.174,-9.501],[60.239,-9.57],[60.435,-9.424],[60.45,-9.06],[60.201,-8.706],[59.963,-8.679],[59.98,-9.298],[60.174,-9.501]],[[47.119,-8.705],[47.003,-8.596],[46.883,-8.652],[47.008,-9.041],[47.119,-8.705]],[[60.11,-8.595],[60.295,-8.537],[60.151,-8.287],[59.992,-8.435],[60.11,-8.595]],[[47.424,-11.437],[47.259,-11.582],[47.44,-11.54],[47.424,-11.437]],[[60.525,-13.265],[60.352,-13.813],[60.054,-14.301],[59.936,-15.029],[60.079,-15.401],[60.391,-15.593],[60.785,-15.468],[60.679,-15.257],[60.804,-14.86],[61.037,-14.9],[60.864,-14.976],[60.836,-15.174],[61.161,-15.195],[61.233,-15.087],[61.135,-14.729],[61.194,-13.806],[60.967,-13.553],[60.769,-13.806],[60.793,-13.635],[60.606,-13.553],[60.728,-13.426],[60.656,-13.369],[60.68,-13.167],[60.525,-13.265]],[[60.363,-15.823],[60.247,-16.001],[60.558,-15.809],[60.363,-15.823]],[[59.971,-15.838],[59.671,-15.977],[59.557,-15.835],[59.263,-16.121],[59.191,-16.745],[59.378,-16.952],[59.844,-16.785],[60.149,-16.075],[60.119,-15.928],[59.971,-15.838]],[[60.028,-16.711],[60.152,-16.648],[60.21,-16.46],[60.11,-16.47],[60.028,-16.711]],[[59.113,-17.138],[59.255,-17.371],[59.407,-17.249],[59.407,-17.081],[59.295,-16.971],[59.122,-17.019],[59.113,-17.138]],[[58.73,-17.181],[58.572,-17.293],[58.767,-17.316],[58.73,-17.181]],[[59.333,-17.56],[59.222,-17.819],[59.433,-17.588],[59.333,-17.56]],[[58.622,-18.691],[58.89,-18.656],[58.902,-18.548],[58.659,-18.486],[58.622,-18.691]],[[62.173,-19.696],[62.309,-19.663],[61.831,-19.424],[61.628,-19.424],[62.173,-19.696]],[[63.175,-19.649],[63.077,-19.808],[63.191,-19.881],[63.48,-19.854],[63.629,-19.731],[63.529,-19.601],[63.175,-19.649]],[[57.813,-19.795],[57.486,-20.018],[57.239,-20.417],[57.265,-20.525],[57.488,-20.573],[57.797,-20.426],[57.871,-20.291],[57.813,-19.795]],[[55.26,-20.944],[55.159,-21.081],[55.333,-21.296],[55.581,-21.4],[55.835,-21.361],[55.879,-21.131],[55.682,-20.882],[55.407,-20.834],[55.26,-20.944]],[[56.872,-7.127],[56.818,-7.324],[56.987,-7.514],[57.014,-7.326],[56.872,-7.127]],[[56.339,-7.146],[56.246,-7.031],[56.124,-7.18],[56.229,-7.243],[56.339,-7.146]],[[52.81,-7.048],[52.711,-6.984],[52.735,-7.193],[52.81,-7.048]],[[40.011,-6.975],[39.934,-6.792],[39.806,-6.799],[39.862,-6.949],[40.011,-6.975]],[[55.955,-3.752],[55.711,-3.641],[55.582,-3.714],[55.207,-3.665],[54.62,-3.85],[54.019,-4.465],[53.965,-4.687],[54.727,-4.889],[54.991,-5.057],[55.231,-5.057],[55.434,-5.302],[56.186,-5.434],[56.276,-5.658],[56.233,-6.205],[56.128,-6.409],[56.253,-6.487],[56.421,-6.377],[56.455,-5.873],[56.777,-5.797],[57.013,-5.612],[57.171,-5.236],[56.42,-4.536],[56.167,-3.905],[55.955,-3.752]],[[53.242,-6.125],[53.417,-5.555],[53.368,-4.821],[53.071,-5.777],[52.807,-6.065],[52.975,-6.305],[53.242,-6.125]],[[39.924,-4.837],[39.703,-4.697],[39.656,-4.79],[39.535,-5.177],[39.598,-5.511],[39.834,-5.475],[39.924,-4.837]],[[53.632,-5.74],[53.741,-5.673],[53.721,-5.534],[53.554,-5.616],[53.632,-5.74]],[[55.316,-6.012],[55.408,-5.938],[55.375,-5.815],[55.273,-5.891],[55.316,-6.012]],[[94.974,-65.118],[95.323,-65.01],[94.974,-64.998],[94.903,-65.057],[94.974,-65.118]],[[91.516,-65.396],[91.78,-65.555],[92.047,-65.489],[91.927,-65.376],[92.008,-65.267],[91.516,-65.396]],[[93.159,-65.541],[93.193,-65.636],[92.515,-65.602],[92.19,-65.753],[92.372,-65.865],[93.128,-65.817],[93.446,-65.482],[93.175,-65.473],[93.159,-65.541]],[[88.505,-65.805],[88.459,-65.889],[88.711,-65.969],[88.778,-66.087],[88.999,-66.017],[89.139,-66.137],[89.156,-65.932],[88.505,-65.805]],[[94.054,-66.059],[94.205,-66.226],[94.416,-66.104],[94.303,-65.962],[94.054,-66.059]],[[90.171,-66.566],[90.298,-66.615],[90.357,-66.445],[90.055,-66.209],[89.671,-66.185],[89.551,-66.078],[89.252,-66.204],[89.184,-66.458],[89.293,-66.592],[89.646,-66.473],[90.171,-66.566]],[[84.34,-66.202],[84.171,-66.239],[84.223,-66.425],[84.448,-66.333],[84.34,-66.202]],[[80.983,-66.209],[81.235,-66.141],[81.027,-66.057],[80.591,-66.112],[80.691,-66.306],[80.647,-66.593],[81.003,-66.346],[80.983,-66.209]],[[86.8,-66.155],[87.579,-66.143],[87.812,-66.053],[86.815,-65.969],[86.694,-66.065],[86.8,-66.155]],[[90.174449,-66.569148],[90.174205,-66.568902],[90.174205,-66.568904],[90.174327,-66.569026],[90.174449,-66.569148]],[[83.436,-65.81],[83.303,-65.729],[83.173,-65.785],[83.436,-65.81]],[[82.663,-65.729],[82.18,-65.723],[82.523,-65.81],[82.663,-65.729]],[[90.932,-65.615],[90.85,-65.536],[90.557,-65.593],[90.66,-65.668],[90.932,-65.615]],[[91.084,-65.6],[91.303,-65.513],[91.111,-65.513],[91.084,-65.6]],[[53.727,-65.494],[53.647,-65.585],[53.959,-65.561],[53.906,-65.473],[53.727,-65.494]],[[53.33,-65.609],[53.574,-65.537],[53.071,-65.561],[52.759,-65.705],[53.263,-65.729],[53.33,-65.609]],[[49.808,-66.403],[49.874,-66.32],[49.687,-66.209],[49.662,-66.318],[49.808,-66.403]],[[48.679,-66.666],[47.959,-66.761],[48.175,-66.809],[48.257,-66.733],[48.31,-66.863],[48.773,-66.811],[48.967,-66.569],[48.679,-66.666]],[[46.859,-66.82],[46.778,-66.97],[46.951,-66.929],[46.859,-66.82]],[[46.504,-66.893],[46.391,-66.965],[46.615,-67.001],[46.504,-66.893]],[[44.409,-67.426],[44.287,-67.481],[44.544,-67.481],[44.409,-67.426]],[[43.728,-67.476],[43.645,-67.544],[43.735,-67.625],[44.04,-67.607],[43.728,-67.476]],[[42.084,-68.027],[42.287,-68.064],[42.223,-67.818],[41.868,-67.819],[42.084,-68.027]],[[41.357,-68.037],[41.095,-68.129],[41.306,-68.161],[41.357,-68.037]],[[35.619,-68.381],[35.112,-68.485],[35.53,-68.666],[35.901,-68.598],[36.006,-68.491],[35.819,-68.35],[35.619,-68.381]],[[78.71,-66.67],[78.462,-66.749],[78.75,-66.905],[78.985,-66.743],[78.71,-66.67]],[[80.455,-66.905],[80.845,-67.004],[81.007,-66.929],[80.568,-66.812],[80.455,-66.905]],[[78.084,-66.976],[77.811,-66.836],[77.553,-67.045],[77.887,-67.193],[78.084,-66.976]],[[78.14,-67.081],[78.077,-67.149],[78.147,-67.214],[78.399,-67.067],[78.14,-67.081]],[[75.198,-66.929],[74.929,-67.011],[75.261,-67.002],[75.198,-66.929]],[[63.863,-66.756],[63.374,-66.829],[63.407,-66.893],[63.863,-66.756]],[[63.038,-66.754],[62.727,-66.696],[62.695,-66.809],[63.054,-66.846],[63.038,-66.754]],[[62.86,-67.024],[62.071,-67.097],[61.927,-67.289],[62.119,-67.361],[62.166,-67.206],[62.74,-67.351],[62.933,-67.064],[62.86,-67.024]],[[76.176,-67.239],[75.737,-67.289],[75.583,-67.529],[75.198,-67.649],[76.23,-67.457],[76.375,-67.313],[76.176,-67.239]],[[77.767,-67.529],[77.722,-67.703],[77.983,-67.793],[78.463,-67.721],[78.641,-67.522],[77.767,-67.529]],[[74.288,-67.683],[74.287,-67.673],[74.278,-67.659],[74.268,-67.648],[74.255,-67.64],[74.241,-67.635],[74.225,-67.633],[74.191,-67.633],[74.156,-67.641],[74.026,-67.688],[74.022,-67.691],[74.018,-67.695],[74.016,-67.699],[74.015,-67.703],[74.016,-67.709],[74.018,-67.714],[74.023,-67.721],[74.033,-67.73],[74.048,-67.737],[74.086,-67.745],[74.132,-67.745],[74.225,-67.727],[74.261,-67.712],[74.275,-67.703],[74.284,-67.693],[74.288,-67.683]],[[70.548,-67.3],[70.441,-67.368],[70.578,-67.47],[70.637,-67.401],[70.548,-67.3]],[[78.711,-67.977],[78.717,-67.981],[78.726,-67.983],[78.847,-67.985],[78.947,-67.983],[78.953,-67.981],[78.959,-67.977],[78.963,-67.973],[78.966,-67.966],[78.968,-67.958],[78.968,-67.949],[78.967,-67.937],[78.962,-67.926],[78.954,-67.917],[78.943,-67.911],[78.929,-67.908],[78.913,-67.906],[78.876,-67.907],[78.754,-67.936],[78.734,-67.946],[78.713,-67.962],[78.709,-67.968],[78.709,-67.973],[78.711,-67.977]],[[83.941,-67.002],[83.914,-67.008],[83.959,-67.001],[83.941,-67.002]],[[98.514,-65.44],[98.983,-65.321],[98.55,-65.342],[98.514,-65.44]],[[111.739,-65.517],[111.681,-65.645],[111.889,-65.776],[111.864,-65.564],[111.739,-65.517]],[[105.066,-65.518],[104.886,-65.537],[104.903,-65.601],[105.157,-65.686],[105.194,-65.591],[105.066,-65.518]],[[109.97,-65.562],[109.744,-65.602],[109.647,-65.843],[109.83,-65.777],[109.83,-65.897],[110.038,-65.881],[109.927,-65.705],[110.117,-65.571],[109.97,-65.562]],[[119.16,-66.662],[119.285,-66.618],[119.079,-66.58],[119.16,-66.662]],[[127.477,-66.47],[127.753,-66.339],[127.448,-66.37],[127.477,-66.47]],[[133.284,-65.729],[133.42,-65.671],[133.238,-65.652],[133.284,-65.729]]]]}},{"type":"Feature","properties":{},"geometry":{"type":"Polygon","coordinates":[[[129.822,41.641],[129.943,41.611],[130.422,42.079],[130.807,42.271],[131.741,42.461],[132.294,42.415],[133.593,42.589],[134.156,42.761],[135.27,43.375],[135.75,43.807],[135.799,43.951],[136.638,44.575],[136.687,44.719],[137.006,44.913],[137.102,45.079],[137.282,45.068],[137.479,45.367],[138.347,46.088],[138.415,46.255],[139.58,47.323],[139.662,47.575],[139.83,47.623],[139.807,47.767],[140.077,47.867],[140.766,48.487],[140.742,48.631],[141.006,48.823],[141.318,49.519],[141.693,49.505],[141.462,48.607],[141.496,48.309],[141.347,47.908],[141.841,47.262],[141.534,46.687],[141.151,46.543],[141.054,46.255],[141.146,45.921],[140.895,45.569],[140.954,45.292],[140.766,44.983],[140.911,44.623],[141.12,44.414],[141.214,43.882],[141.117,43.725],[140.886,43.615],[140.862,43.423],[140.239,43.447],[140.4,43.016],[139.803,42.646],[139.709,42.296],[140.046,42.007],[139.923,41.471],[139.737,41.358],[139.902,41.287],[140.063,40.948],[139.859,40.716],[139.807,40.495],[139.638,40.423],[139.567,39.847],[139.834,39.524],[139.856,39.359],[139.655,39.193],[139.672,39.415],[139.593,39.439],[139.503,39.26],[139.518,38.839],[139.158,38.503],[138.984,38.471],[138.739,38.146],[138.543,38.178],[138.63,38.575],[138.271,38.263],[138.175,38.023],[138.208,37.749],[138.366,37.663],[138.628,37.995],[138.67,37.729],[138.511,37.519],[138.15,37.375],[137.881,37.089],[137.479,36.991],[137.334,36.799],[137.094,36.847],[137.196,37.234],[137.518,37.393],[137.46,37.572],[137.526,37.663],[137.383,37.879],[137.142,37.975],[136.774,37.963],[136.283,37.531],[136.23,37.303],[136.428,37.131],[136.422,36.871],[136.135,36.439],[135.98,36.46],[135.846,36.343],[135.918,35.959],[135.768,35.825],[135.413,35.912],[135.367,36.007],[135.072,35.833],[134.233,35.722],[133.776,35.779],[133.802,36.078],[133.67,36.28],[133.47,36.439],[133.254,36.439],[133.015,36.675],[132.87,36.559],[132.806,36.147],[132.441,35.738],[132.151,35.623],[131.314,35.785],[130.65,35.478],[130.108,35.532],[129.74,35.729],[129.704,36.245],[129.603,36.394],[129.787,36.369],[129.846,36.679],[129.583,37.159],[129.606,37.303],[129.143,37.673],[128.617,38.32],[128.204,39.277],[128.07,39.343],[128.186,39.68],[129.319,40.495],[129.414,40.663],[129.583,40.615],[129.812,40.813],[129.798,41.167],[129.895,41.431],[129.774,41.564],[129.822,41.641]],[[139.326,41.47],[139.404,41.535],[139.316,41.542],[139.326,41.47]],[[138.684,38.879],[138.581,38.797],[138.706,38.631],[138.806,38.862],[138.684,38.879]],[[138.456,38.743],[138.348,38.699],[138.318,38.479],[138.456,38.743]],[[130.953,37.579],[130.787,37.469],[130.95,37.447],[130.953,37.579]],[[131.846,37.224],[131.872,37.217],[131.895,37.226],[131.903,37.247],[131.891,37.272],[131.872,37.278],[131.855,37.268],[131.842,37.247],[131.846,37.224]],[[139.542,42.079],[139.586,42.252],[139.422,42.233],[139.398,42.044],[139.539,41.882],[139.542,42.079]],[[140.704,44.896],[140.554,44.756],[140.377,45.042],[139.972,44.941],[140.046,44.671],[140.585,44.395],[140.664,44.243],[140.814,44.647],[140.694,44.719],[140.704,44.896]]]}},{"type":"Feature","properties":{},"geometry":{"type":"Polygon","coordinates":[[[-47.65,46.212],[-36.817,45.301],[-46.66,1.458],[-46.936,1.668],[-46.948,1.841],[-47.321,2.047],[-47.633,2.527],[-48.305,3.247],[-48.521,3.199],[-48.48,3.376],[-48.689,3.703],[-49.121,3.823],[-49.222,3.995],[-49.8,4.287],[-49.985,4.447],[-50.009,4.591],[-50.321,4.759],[-50.498,5.08],[-50.681,5.215],[-50.695,5.377],[-50.822,5.43],[-50.932,5.297],[-51.065,5.527],[-51.713,6.031],[-52.399,6.041],[-52.569,6.352],[-52.489,6.453],[-52.334,6.34],[-52.263,6.39],[-52.577,6.751],[-53.417,7.231],[-53.921,7.399],[-54.122,7.334],[-54.329,7.447],[-55.001,7.423],[-55.227,7.291],[-55.36,7.377],[-55.529,7.255],[-55.673,7.279],[-55.894,7.087],[-56.417,7.303],[-56.74,7.607],[-57.612,8.093],[-57.825,8.103],[-58.289,8.479],[-58.721,8.671],[-59.695,9.546],[-60.089,10.183],[-60.29,10.323],[-60.257,10.783],[-60.511,11.386],[-61.749,11.528],[-61.927,11.454],[-62.873,11.503],[-63.492,11.645],[-64.193,11.503],[-64.841,11.143],[-65.897,11.095],[-66.233,10.807],[-66.521,10.711],[-67.768,10.537],[-68.297,11.263],[-68.609,11.479],[-69.185,11.623],[-69.575,11.842],[-69.737,12.031],[-69.857,12.472],[-70.027,12.652],[-70.433,12.607],[-70.529,12.727],[-70.793,12.799],[-71.129,12.631],[-72.451,12.362],[-72.589,12.162],[-72.929,12.055],[-72.977,11.863],[-73.145,11.839],[-73.193,11.623],[-73.409,11.455],[-74.134,11.41],[-74.363,11.136],[-74.849,11.167],[-75.449,11.007],[-75.583,10.858],[-75.611,10.577],[-76.289,9.751],[-76.529,9.127],[-76.889,8.911],[-77.369,8.851],[-78.305,9.511],[-79.361,9.751],[-79.688,9.714],[-80.873,8.983],[-81.421,8.931],[-81.39,9.17],[-82.121,9.367],[-82.697,9.727],[-82.865,9.991],[-83.105,10.135],[-83.465,10.759],[-83.541,11.15],[-82.475,12.475],[-82.361,12.727],[-82.361,13.039],[-81.953,13.759],[-81.897,14.338],[-81.545,14.863],[-81.601,15.353],[-81.105,15.215],[-80.897,15.463],[-81.161,16.087],[-81.422,16.35],[-81.233,16.423],[-81.225,16.284],[-80.928,15.912],[-80.817,15.951],[-80.875,16.119],[-81.113,16.495],[-81.377,16.543],[-81.662,16.38],[-82.063,16.834],[-82.183,16.784],[-82.193,16.615],[-82.433,16.711],[-82.654,16.61],[-82.841,16.663],[-83.033,16.495],[-84.206,16.091],[-84.749,16.137],[-85.193,16.063],[-85.641,16.256],[-86.687,16.056],[-86.873,16.183],[-87.113,16.063],[-87.337,16.147],[-87.929,15.967],[-88.125,15.802],[-88.231,15.846],[-88.26,16.036],[-87.953,16.525],[-87.992,17.149],[-87.816,17.208],[-87.7,17.587],[-87.773,17.665],[-88.006,17.572],[-87.516,19.074],[-87.353,19.207],[-87.334,19.892],[-87.419,20.032],[-87.305,20.095],[-87.145,20.453],[-87.12,20.251],[-86.989,20.232],[-86.705,20.503],[-86.646,20.737],[-86.969,20.669],[-86.777,20.815],[-86.393,21.463],[-86.528,22.107],[-86.977,22.462],[-87.113,22.879],[-87.113,23.407],[-87.272,23.582],[-88.097,23.911],[-88.385,23.719],[-88.529,23.815],[-88.553,23.983],[-88.759,23.978],[-89.081,23.719],[-89.337,23.251],[-89.802,23.175],[-90.364,22.68],[-91.392,22.433],[-92.276,22.097],[-92.417,21.919],[-92.513,21.055],[-92.465,20.719],[-92.189,20.14],[-92.221,19.916],[-92.657,19.615],[-92.823,19.307],[-92.998,19.24],[-92.982,19.093],[-93.233,18.967],[-94.183,18.702],[-94.817,18.751],[-95.439,18.98],[-95.969,19.447],[-96.593,20.407],[-96.593,20.551],[-96.819,20.786],[-97.347,22.097],[-97.437,22.588],[-97.382,23.374],[-97.049,24.319],[-96.905,24.319],[-96.905,24.559],[-96.569,25.039],[-96.353,25.591],[-96.328,26.528],[-96.456,26.863],[-96.161,27.415],[-95.647,27.708],[-94.721,27.871],[-93.458,27.741],[-93.137,27.848],[-93.086,27.697],[-92.772,27.924],[-91.857,27.849],[-91.605,27.977],[-91.476,27.908],[-91.337,27.991],[-91.145,27.943],[-90.576,28.043],[-89.943,28.275],[-89.949,28.63],[-89.34,28.59],[-89.177,28.807],[-88.481,29.191],[-87.581,29.375],[-87.08,29.814],[-86.153,29.311],[-85.577,28.591],[-84.761,27.871],[-84.593,26.719],[-84.42,26.482],[-84.377,25.471],[-84.07,24.893],[-83.561,24.535],[-83.071,24.355],[-82.568,24.295],[-81.067,24.411],[-80.969,24.559],[-80.782,24.564],[-80.395,24.787],[-80.033,25.351],[-80.057,25.879],[-79.913,26.863],[-79.961,28.663],[-80.201,29.647],[-80.201,30.223],[-80.033,30.751],[-79.625,31.435],[-78.661,32.496],[-77.122,33.268],[-76.385,33.871],[-75.031,35.217],[-74.801,35.527],[-74.777,36.367],[-74.465,37.423],[-73.563,38.398],[-73.359,38.447],[-72.621,39.168],[-72.324,39.322],[-72.281,39.511],[-71.729,39.895],[-71.163,40.07],[-70.229,40.063],[-69.918,39.929],[-69.342,39.971],[-67.367,40.48],[-66.842,40.751],[-65.993,41.469],[-65.736,41.881],[-66.076,42.16],[-67.155,42.227],[-67.685,42.191],[-68.405,41.798],[-68.249,42.103],[-67.776,42.378],[-67.974,42.497],[-67.946,42.616],[-67.481,42.679],[-67.769,42.895],[-67.481,43.063],[-67.13,43.077],[-66.977,42.967],[-67.041,42.76],[-66.977,42.703],[-66.689,42.583],[-66.126,42.54],[-65.496,42.131],[-63.901,42.816],[-62.678,42.857],[-62.465,42.991],[-61.745,43.015],[-61.217,43.279],[-59.205,43.693],[-59.047,43.843],[-59.176,44.119],[-59.081,44.206],[-58.827,43.926],[-58.446,44.077],[-58.433,44.191],[-58.289,44.143],[-57.977,44.311],[-57.545,44.335],[-57.185,44.551],[-57.26,44.77],[-58.049,45.727],[-60.155,47.058],[-60.112,47.263],[-60.305,47.263],[-60.294,47.432],[-60.565,47.72],[-61.121,48.079],[-62.081,48.343],[-62.801,48.415],[-63.398,48.77],[-64.001,48.871],[-64.769,49.231],[-65.295,49.317],[-66.785,49.183],[-68.369,48.751],[-68.249,48.967],[-67.745,49.231],[-67.284,49.266],[-66.896,49.556],[-66.848,49.815],[-66.148,50.043],[-65.921,49.927],[-63.857,49.495],[-63.617,49.303],[-62.753,49.039],[-60.767,48.815],[-60.568,48.951],[-60.578,49.1],[-61.289,49.447],[-62.299,49.639],[-62.336,49.758],[-62.201,49.855],[-60.783,49.829],[-60.011,49.38],[-59.489,49.975],[-57.614,50.706],[-57.641,50.431],[-57.977,50.143],[-58.193,50.119],[-59.009,49.663],[-59.724,48.6],[-59.699,48.229],[-59.561,48.127],[-59.553,47.91],[-59.347,47.603],[-58.433,47.287],[-58.241,47.359],[-58.367,47.532],[-58.318,47.577],[-57.553,47.568],[-57.473,47.383],[-57.737,47.383],[-58.145,47.119],[-57.857,46.879],[-57.185,47.359],[-56.777,47.359],[-56.585,47.551],[-56.177,47.599],[-56.256,47.376],[-57.473,46.615],[-57.257,46.255],[-56.249,45.223],[-56.081,44.911],[-55.73,44.935],[-55.481,45.079],[-55.337,45.031],[-55.193,45.151],[-54.497,45.103],[-54.281,44.791],[-54.089,44.791],[-53.609,44.479],[-53.009,44.407],[-52.76,44.067],[-51.905,43.495],[-50.508,42.861],[-49.944,42.915],[-49.601,43.207],[-49.548,43.372],[-49.385,43.399],[-49.448,43.575],[-49.265,43.735],[-49.258,43.873],[-49.121,43.879],[-49.193,44.071],[-49.025,44.119],[-49.134,44.912],[-48.884,45.076],[-48.685,45.513],[-48.566,45.498],[-47.849,45.919],[-47.65,46.212]],[[-64.988,32.193],[-64.721,32.263],[-64.568,32.509],[-64.858,32.491],[-65.059,32.293],[-64.988,32.193]],[[-78.781,27.44],[-79.193,27.367],[-79.193,27.079],[-78.929,26.575],[-78.713,26.466],[-77.983,26.601],[-77.549,26.043],[-77.151,25.845],[-77.133,26.179],[-76.955,26.324],[-76.928,26.609],[-77.345,26.932],[-78.781,27.44]],[[-77.906,25.864],[-78.365,25.834],[-79.065,26.131],[-79.307,25.876],[-79.335,25.594],[-79.183,25.031],[-79.265,24.463],[-79.006,23.466],[-78.58,22.918],[-77.801,22.591],[-77.317,22.162],[-76.757,22.264],[-76.361,22.015],[-76.14,22.265],[-75.807,22.02],[-75.723,21.722],[-75.502,21.92],[-75.209,21.967],[-75.175,22.268],[-75.618,22.219],[-75.85,22.808],[-75.618,23.04],[-75.342,23.124],[-74.834,22.833],[-74.82,23.086],[-75.046,23.234],[-75.303,23.725],[-75.68,23.549],[-76.145,23.839],[-76.78,24.71],[-76.768,24.886],[-76.636,24.938],[-76.083,24.59],[-76.077,25.191],[-76.707,25.621],[-76.897,25.568],[-76.974,25.282],[-77.585,25.087],[-77.225,24.391],[-77.221,24.018],[-77.109,23.914],[-76.709,23.904],[-76.56,23.654],[-76.698,23.451],[-77.105,23.431],[-77.369,23.719],[-77.656,24.506],[-77.633,24.655],[-78.095,25.358],[-78.058,25.445],[-77.825,25.375],[-77.565,25.533],[-77.69,25.769],[-77.906,25.864]],[[-75.999,24.589],[-75.69,24.348],[-75.516,24.073],[-75.221,24.144],[-75.636,24.717],[-75.999,24.589]],[[-74.561,24.127],[-74.586,23.944],[-74.502,23.883],[-74.387,24.056],[-74.436,24.338],[-74.561,24.127]],[[-75.064,23.922],[-75.168,23.824],[-75.02,23.747],[-75.064,23.922]],[[-74.992,23.745],[-74.951,23.63],[-74.723,23.635],[-74.753,23.791],[-74.992,23.745]],[[-73.649,23.141],[-73.844,23.093],[-73.615,23.06],[-73.649,23.141]],[[-74.39,22.832],[-74.308,22.108],[-73.854,22.41],[-73.768,22.755],[-74.277,22.894],[-74.39,22.832]],[[-73.603,22.548],[-73.437,22.627],[-73.602,22.65],[-73.603,22.548]],[[-73.153,22.296],[-72.663,22.316],[-73.137,22.488],[-73.153,22.296]],[[-74.495,22.162],[-74.597,22.052],[-74.441,22.039],[-74.495,22.162]],[[-72.068,21.99],[-72.393,21.877],[-72.507,21.616],[-72.2,21.461],[-71.851,20.971],[-71.542,20.99],[-71.535,21.419],[-71.374,21.761],[-71.78,21.873],[-71.873,22.015],[-72.068,21.99]],[[-71.356,21.021],[-70.963,21.291],[-71.05,21.572],[-71.166,21.525],[-71.356,21.021]],[[-70.579,21.087],[-70.745,20.983],[-70.965,21.012],[-71.007,20.91],[-70.889,20.793],[-70.568,20.752],[-70.432,20.871],[-70.505,21.103],[-70.579,21.087]],[[-69.993,20.813],[-69.977,20.316],[-69.533,20.228],[-69.569,20.407],[-69.362,20.639],[-69.666,20.684],[-69.888,20.93],[-69.993,20.813]],[[-74.126,20.28],[-74.478,20.38],[-74.849,20.719],[-75.475,20.787],[-75.676,21.14],[-76.025,21.127],[-76.249,21.287],[-76.861,21.456],[-77.433,21.867],[-77.873,22.399],[-78.137,22.543],[-78.953,22.783],[-79.315,22.724],[-80.417,23.287],[-81.004,23.317],[-81.403,23.143],[-82.313,23.215],[-82.582,23.084],[-83.585,22.951],[-84.521,22.519],[-85.006,21.962],[-84.892,21.795],[-84.526,21.908],[-84.506,21.737],[-83.781,21.985],[-83.285,21.834],[-83.149,21.486],[-82.871,21.409],[-82.337,21.535],[-82.162,21.44],[-81.897,21.583],[-80.914,21.542],[-80.918,21.678],[-81.407,21.956],[-80.454,22.017],[-79.716,21.498],[-79.529,21.103],[-78.497,20.575],[-78.134,20.307],[-77.882,19.837],[-77.711,19.8],[-76.201,19.962],[-75.131,19.857],[-74.783,20.013],[-74.248,20.045],[-74.104,20.184],[-74.126,20.28]],[[-68.952,20.137],[-68.987,19.896],[-68.709,19.916],[-68.813,20.185],[-68.952,20.137]],[[-70.942,19.971],[-71.177,19.903],[-71.513,20.047],[-71.801,20.047],[-71.945,19.951],[-71.835,19.79],[-71.899,19.751],[-72.523,19.893],[-72.717,20.089],[-72.953,20.119],[-73.012,19.958],[-73.422,19.857],[-73.493,19.69],[-73.413,19.606],[-73.011,19.572],[-72.857,19.415],[-72.843,19.047],[-72.678,18.808],[-73.175,19.001],[-73.328,18.918],[-72.785,18.655],[-72.712,18.48],[-74.258,18.702],[-74.688,18.415],[-74.12,18.222],[-73.864,17.978],[-73.383,18.173],[-71.981,18.148],[-71.735,17.876],[-71.729,17.671],[-71.588,17.632],[-71.697,17.447],[-71.588,17.382],[-70.978,18.235],[-70.649,18.271],[-70.439,18.079],[-70.169,18.175],[-69.852,18.443],[-68.864,18.318],[-68.799,18.1],[-68.526,18.009],[-68.459,18.085],[-68.578,18.28],[-68.18,18.486],[-67.957,18.445],[-67.97,18.638],[-68.14,18.587],[-68.83,19.141],[-69.069,19.152],[-69.185,19.375],[-69.727,19.356],[-69.914,19.705],[-70.169,19.687],[-70.942,19.971]],[[-64.882,18.646],[-65.673,18.503],[-67.133,18.595],[-67.287,18.394],[-67.255,18.237],[-67.406,18.202],[-67.442,18.092],[-67.316,17.909],[-67.086,17.852],[-66.713,17.935],[-66.473,17.815],[-66.185,17.815],[-65.689,18.058],[-64.769,18.175],[-64.144,18.627],[-64.257,18.763],[-64.678,18.848],[-64.882,18.646]],[[-63.435,18.563],[-63.428,18.563],[-63.402,18.577],[-63.398,18.584],[-63.395,18.612],[-63.416,18.63],[-63.422,18.631],[-63.429,18.632],[-63.449,18.624],[-63.459,18.598],[-63.458,18.59],[-63.435,18.563]],[[-63.108,18.564],[-63.121,18.425],[-63.329,18.295],[-63.206,18.08],[-62.873,17.719],[-62.241,17.48],[-62.393,17.791],[-62.705,18.096],[-62.465,18.343],[-62.917,18.372],[-62.924,18.568],[-63.108,18.564]],[[-62.095,17.516],[-61.985,17.383],[-62.153,17.173],[-62.007,16.977],[-61.551,17.011],[-61.675,17.343],[-61.625,17.455],[-61.79,17.763],[-62.095,17.769],[-62.208,17.614],[-62.095,17.516]],[[-62.502,16.958],[-62.489,17.167],[-62.585,17.291],[-62.942,17.549],[-63.043,17.532],[-62.502,16.958]],[[-77.345,17.095],[-77.326,17.314],[-78.027,17.161],[-78.512,17.329],[-78.571,17.481],[-78.797,17.631],[-79.043,17.39],[-78.908,16.803],[-78.613,16.899],[-78.353,16.687],[-77.709,17.005],[-77.674,16.818],[-77.345,17.095]],[[-62.258,16.819],[-62.244,16.673],[-62.135,16.656],[-62.155,16.855],[-62.258,16.819]],[[-80.288,16.669],[-80.933,16.905],[-80.777,16.303],[-80.509,15.97],[-80.249,16.159],[-80.288,16.669]],[[-61.571,16.499],[-61.846,16.37],[-61.793,16.039],[-61.627,15.795],[-61.385,15.895],[-61.214,15.848],[-61.2,16.017],[-61.527,15.98],[-61.531,16.067],[-61.112,16.116],[-60.962,16.359],[-61.193,16.303],[-61.409,16.526],[-61.571,16.499]],[[-78.634,15.796],[-78.544,15.877],[-78.593,15.944],[-78.796,15.805],[-78.634,15.796]],[[-79.684,15.914],[-79.937,16.082],[-80.081,16.063],[-80.155,15.933],[-79.937,15.703],[-79.684,15.914]],[[-63.666,15.72],[-63.667,15.681],[-63.663,15.677],[-63.637,15.666],[-63.636,15.666],[-63.61,15.678],[-63.605,15.706],[-63.622,15.728],[-63.627,15.731],[-63.639,15.733],[-63.666,15.72]],[[-61.443,15.667],[-61.519,15.536],[-61.355,15.173],[-61.231,15.27],[-61.19,15.544],[-61.443,15.667]],[[-79.399,15.945],[-79.284,16.026],[-79.334,16.167],[-79.49,16.106],[-79.399,15.945]],[[-87.613,16.948],[-87.85,16.895],[-87.783,16.678],[-87.63,16.742],[-87.613,16.948]],[[-87.501,17.478],[-87.595,17.387],[-87.596,17.11],[-87.425,17.435],[-87.501,17.478]],[[-83.972,17.406],[-83.936,17.392],[-83.899,17.394],[-83.884,17.404],[-83.886,17.421],[-83.904,17.43],[-83.923,17.434],[-83.937,17.438],[-83.96,17.434],[-83.972,17.421],[-83.972,17.406]],[[-77.559,17.615],[-77.417,17.647],[-77.263,17.507],[-77.063,17.508],[-76.708,17.901],[-76.505,17.815],[-76.191,17.848],[-76.136,17.944],[-76.313,18.175],[-76.901,18.443],[-77.83,18.583],[-78.355,18.386],[-78.399,18.241],[-78.147,18.116],[-78.141,17.951],[-78.004,17.992],[-78.01,17.838],[-77.738,17.783],[-77.559,17.615]],[[-87.322,18.404],[-87.206,18.707],[-87.371,18.832],[-87.529,18.5],[-87.454,18.352],[-87.322,18.404]],[[-84.017,18.735],[-83.748,18.915],[-83.952,18.887],[-84.017,18.735]],[[-83.987,18.426],[-83.989,18.58],[-84.126,18.522],[-83.987,18.426]],[[-75.998,18.364],[-75.717,18.481],[-75.713,18.559],[-75.998,18.364]],[[-78.239,17.588],[-78.391,17.502],[-78.245,17.496],[-78.239,17.588]],[[-75.949,17.479],[-76.071,17.356],[-75.929,17.359],[-75.949,17.479]],[[-63.904,17.337],[-63.665,17.191],[-63.329,17.239],[-63.19,17.39],[-63.164,17.666],[-63.481,17.692],[-63.497,17.599],[-63.887,17.448],[-63.904,17.337]],[[-64.583,17.695],[-64.45,17.821],[-64.846,17.822],[-64.939,17.68],[-64.583,17.695]],[[-67.849,18.144],[-67.958,18.067],[-67.857,18.029],[-67.849,18.144]],[[-81.236,19.256],[-81.063,19.348],[-81.451,19.408],[-81.418,19.258],[-81.236,19.256]],[[-79.745,19.789],[-80.117,19.724],[-80.142,19.65],[-79.802,19.673],[-79.706,19.73],[-79.745,19.789]],[[-86.373,21.181],[-86.463,21.107],[-86.441,20.982],[-86.373,21.181]],[[-73.109,21.318],[-73.229,21.207],[-73.395,21.263],[-73.704,21.134],[-73.709,20.914],[-73.139,20.864],[-72.953,21.223],[-72.953,21.415],[-72.788,21.54],[-73.075,21.546],[-73.109,21.318]],[[-79.875,24.178],[-80.489,24.007],[-80.507,23.718],[-79.985,23.479],[-79.532,23.414],[-79.484,23.518],[-79.875,24.178]],[[-85.919,16.524],[-86.013,16.401],[-85.745,16.476],[-85.771,16.56],[-85.919,16.524]],[[-86.156,16.475],[-86.494,16.435],[-86.675,16.247],[-86.115,16.379],[-86.156,16.475]],[[-61.142,14.615],[-61.073,14.431],[-60.868,14.378],[-60.763,14.449],[-60.785,15.055],[-61.245,14.862],[-61.142,14.615]],[[-80.183,14.475],[-80.359,14.458],[-80.457,14.228],[-80.125,14.351],[-80.183,14.475]],[[-81.065,14.407],[-81.093,14.602],[-81.285,14.495],[-81.402,14.155],[-81.308,14.0],[-81.113,14.119],[-81.065,14.407]],[[-61.049,14.095],[-61.107,13.799],[-60.929,13.639],[-60.833,14.095],[-60.934,14.178],[-61.049,14.095]],[[-80.121,13.577],[-80.09,13.547],[-80.06,13.577],[-80.09,13.608],[-80.121,13.577]],[[-81.278,13.56],[-81.364,13.529],[-81.439,13.26],[-81.303,13.336],[-81.278,13.56]],[[-61.297,13.277],[-61.242,13.081],[-61.313,12.847],[-61.481,12.703],[-61.538,12.465],[-61.825,12.049],[-62.033,11.959],[-62.077,11.789],[-61.841,11.815],[-61.529,12.055],[-61.145,12.631],[-61.025,12.991],[-61.073,13.279],[-61.188,13.41],[-61.297,13.277]],[[-59.508,12.981],[-59.399,13.169],[-59.617,13.374],[-59.668,13.114],[-59.508,12.981]],[[-64.257,11.943],[-64.615,11.927],[-64.678,11.823],[-64.361,11.623],[-64.257,11.943]],[[-66.602,11.738],[-66.513,11.912],[-66.616,12.055],[-66.852,12.038],[-66.994,11.911],[-66.859,11.713],[-66.602,11.738]],[[-67.411,12.034],[-67.516,12.025],[-67.484,11.93],[-67.365,11.949],[-67.411,12.034]],[[-67.655,12.072],[-67.663,12.087],[-67.674,12.093],[-67.693,12.093],[-67.707,12.09],[-67.714,12.074],[-67.704,12.04],[-67.698,12.009],[-67.704,11.98],[-67.686,11.957],[-67.678,11.954],[-67.671,11.952],[-67.651,11.949],[-67.646,11.948],[-67.641,11.949],[-67.633,11.95],[-67.614,11.963],[-67.607,11.977],[-67.616,11.998],[-67.628,12.009],[-67.64,12.023],[-67.645,12.033],[-67.655,12.072]],[[-68.198,12.071],[-68.174,12.236],[-68.416,12.33],[-68.438,12.229],[-68.278,12.005],[-68.198,12.071]],[[-68.72,12.078],[-69.191,12.404],[-69.188,12.283],[-68.996,12.101],[-68.818,12.013],[-68.72,12.078]],[[-66.181,11.741],[-66.076,11.784],[-66.02,11.987],[-66.221,11.831],[-66.181,11.741]],[[-81.756,12.434],[-81.638,12.468],[-81.671,12.633],[-81.756,12.434]],[[-81.261,12.258],[-81.14,12.395],[-81.288,12.356],[-81.261,12.258]],[[-81.868,12.23],[-81.948,12.095],[-81.895,12.005],[-81.776,12.142],[-81.868,12.23]],[[-66.597,11.1],[-66.737,10.975],[-66.481,10.898],[-66.597,11.1]]]}},{"type":"Feature","properties":{},"geometry":{"type":"Polygon","coordinates":[[[-9.524,43.006],[-9.521,42.727],[-9.271,42.376],[-9.401,41.858],[-9.161,41.383],[-9.35,41.018],[-9.295,40.718],[-9.573,40.378],[-9.593,39.655],[-9.418,39.55],[-9.761,39.415],[-10.049,38.911],[-9.833,38.695],[-9.689,38.695],[-9.569,38.455],[-9.058,38.315],[-9.015,37.584],[-9.137,37.124],[-9.041,36.847],[-8.009,36.837],[-7.589,36.949],[-7.145,36.871],[-6.713,36.487],[-6.521,36.095],[-6.281,35.911],[-5.461,36.025],[-5.033,36.391],[-4.625,36.415],[-4.192,36.666],[-3.076,36.685],[-2.843,36.558],[-2.366,36.723],[-2.163,36.588],[-1.853,36.862],[-1.718,37.241],[-1.256,37.497],[-0.892,37.471],[-0.521,37.567],[-0.353,37.807],[-0.45,38.011],[0.343,38.359],[0.475,38.559],[0.444,38.915],[0.066,39.266],[0.08,39.457],[0.332,39.634],[0.745,39.728],[1.178,40.161],[1.368,40.563],[1.366,40.99],[2.037,41.143],[2.709,41.414],[2.839,41.575],[3.036,41.524],[3.27,41.604],[3.415,41.743],[3.319,41.911],[3.463,42.007],[3.535,42.223],[3.451,42.389],[3.751,42.727],[4.375,42.834],[4.471,42.943],[4.693,42.872],[5.215,43.111],[6.145,42.94],[6.607,43.015],[6.607,43.135],[6.775,43.207],[6.775,43.351],[7.263,43.677],[8.062,43.814],[8.551,44.287],[8.904,44.347],[9.288,44.256],[9.791,43.868],[9.949,43.267],[9.728,43.035],[9.943,42.775],[10.13,42.141],[10.218,42.282],[10.365,42.302],[10.303,42.439],[10.422,42.559],[10.705,42.553],[10.789,42.499],[10.771,42.349],[11.047,42.127],[11.417,42.123],[11.983,41.791],[12.287,41.395],[12.958,41.063],[12.761,40.978],[12.808,40.876],[13.039,40.855],[13.252,41.032],[13.639,41.023],[13.847,40.892],[13.849,40.68],[14.197,40.688],[14.2,40.514],[14.712,40.577],[14.749,40.489],[14.588,40.326],[14.719,40.159],[15.343,39.919],[15.511,40.015],[15.701,39.95],[15.751,39.631],[15.991,39.319],[16.112,38.833],[15.786,38.688],[15.871,38.551],[15.775,38.311],[15.545,38.378],[15.151,38.191],[14.767,38.215],[14.153,38.07],[13.687,38.095],[13.351,38.287],[13.063,38.239],[12.904,38.11],[12.736,38.222],[12.579,38.14],[12.487,38.215],[12.391,38.095],[12.227,38.135],[12.151,38.023],[12.007,38.023],[12.207,37.71],[12.059,37.654],[11.832,37.772],[11.599,37.399],[11.39,37.541],[11.299,37.501],[11.721,37.25],[11.887,37.015],[12.343,36.847],[12.607,36.895],[12.703,36.991],[12.679,37.135],[12.89,37.101],[12.929,37.256],[12.738,37.297],[13.032,37.361],[13.434,37.105],[14.095,36.943],[14.335,36.775],[14.501,36.326],[14.436,36.175],[14.159,36.019],[14.309,35.788],[14.791,35.479],[15.121,35.425],[15.34,35.597],[15.306,36.182],[15.463,36.439],[15.247,36.847],[15.368,37.012],[15.175,37.447],[15.275,37.782],[15.567,38.14],[15.724,37.903],[16.171,37.916],[16.228,38.159],[16.623,38.396],[16.608,38.747],[17.118,38.854],[17.241,38.964],[17.143,39.487],[16.57,39.736],[16.6,39.842],[16.8,39.844],[16.759,39.967],[16.933,40.412],[17.311,40.327],[17.863,40.015],[17.887,39.775],[18.156,39.659],[18.563,39.734],[18.754,39.901],[18.607,40.519],[18.463,40.735],[18.189,40.821],[18.062,40.979],[17.478,41.082],[17.287,41.311],[17.11,41.322],[16.711,42.055],[16.783,42.175],[16.653,42.447],[17.264,42.567],[17.902,42.531],[18.487,42.271],[18.631,41.815],[18.943,41.575],[18.983,40.819],[19.285,40.349],[19.684,40.064],[19.563,40.06],[19.347,39.814],[19.707,39.633],[20.167,39.127],[20.534,39.04],[20.532,38.503],[20.372,38.375],[20.339,38.127],[20.616,37.987],[20.593,37.809],[20.799,37.626],[21.007,37.639],[21.004,37.859],[21.295,37.591],[21.552,37.498],[21.609,37.358],[21.498,37.045],[21.635,36.932],[21.679,36.716],[21.985,36.722],[22.059,36.969],[22.269,36.8],[22.329,36.496],[22.491,36.361],[22.582,36.675],[22.663,36.751],[22.787,36.696],[22.891,36.536],[22.863,36.158],[23.312,35.803],[23.326,35.946],[23.126,36.22],[23.233,36.456],[23.093,36.641],[23.142,36.792],[22.831,37.471],[23.023,37.399],[23.156,37.187],[23.553,37.219],[23.575,37.471],[23.973,37.418],[24.007,37.567],[24.204,37.626],[24.343,37.447],[24.354,37.126],[24.506,37.081],[24.679,37.231],[24.511,37.375],[24.466,37.665],[24.65,37.843],[24.933,37.655],[24.601,37.612],[24.779,37.505],[24.833,36.984],[24.625,37.073],[24.631,36.871],[24.256,36.831],[24.247,36.656],[24.318,36.572],[24.511,36.583],[24.755,36.864],[25.099,36.846],[25.159,36.788],[25.065,36.692],[24.85,36.728],[24.755,36.63],[25.183,36.583],[25.399,36.271],[25.525,36.34],[25.375,36.559],[25.534,36.805],[25.806,36.744],[26.216,36.906],[25.992,36.968],[25.75,36.88],[25.903,37.135],[26.042,37.16],[26.033,37.252],[25.915,37.269],[25.879,37.159],[25.675,37.245],[25.653,37.505],[25.351,37.56],[24.833,38.044],[24.655,37.975],[24.619,38.198],[24.32,38.221],[24.492,38.452],[24.255,38.401],[24.232,38.832],[24.151,38.719],[23.827,38.73],[23.503,38.863],[23.431,39.103],[23.803,39.044],[23.863,38.959],[24.031,39.079],[24.031,39.007],[24.134,39.038],[24.007,39.247],[24.224,39.389],[24.223,39.559],[23.752,39.199],[23.361,39.297],[23.149,39.55],[23.18,39.677],[23.471,39.94],[23.768,39.909],[23.549,40.133],[24.031,39.943],[24.092,40.071],[23.827,40.32],[24.151,40.25],[24.288,40.101],[24.411,40.124],[24.272,40.423],[24.343,40.567],[24.607,40.471],[24.955,40.541],[25.408,40.342],[26.379,40.511],[26.111,40.323],[25.016,40.019],[24.771,39.486],[24.967,39.367],[25.495,39.559],[25.957,39.511],[26.107,39.378],[25.613,39.403],[25.375,39.343],[25.19,39.169],[25.495,39.247],[25.543,39.007],[25.823,39.128],[26.479,38.935],[26.455,38.791],[26.215,38.647],[25.792,38.61],[25.903,38.359],[25.751,38.355],[25.903,38.119],[26.671,38.119],[27.047,37.904],[26.671,37.831],[26.479,37.687],[26.095,37.687],[25.918,37.513],[26.407,37.519],[26.362,37.351],[26.892,37.025],[26.791,36.784],[26.879,36.672],[27.055,36.727],[27.113,36.553],[27.209,36.536],[27.14,36.734],[27.439,36.895],[27.478,36.83],[27.339,36.666],[27.775,36.679],[27.73,36.57],[27.822,36.499],[28.581,36.71],[29.047,36.511],[29.071,36.376],[29.239,36.247],[29.672,36.094],[30.172,36.244],[30.466,36.192],[30.697,36.849],[30.871,36.751],[31.469,36.71],[32.03,36.472],[32.263,36.199],[32.721,35.965],[33.223,36.079],[33.877,36.074],[34.274,36.41],[34.57,36.479],[34.82,36.241],[35.071,36.175],[35.442,36.23],[35.527,36.103],[35.679,36.197],[35.9,36.037],[35.679,35.56],[35.887,35.239],[35.815,34.687],[35.602,34.243],[35.598,34.017],[35.383,33.871],[35.354,33.642],[35.191,33.511],[34.813,32.806],[34.567,32.047],[34.111,31.567],[33.895,31.639],[33.199,31.567],[31.831,32.071],[30.631,32.047],[30.217,31.932],[29.807,31.365],[29.285,31.05],[28.792,31.067],[28.279,31.231],[28.087,31.183],[27.871,31.303],[27.507,31.272],[27.487,31.375],[27.223,31.471],[26.431,31.615],[26.29,31.787],[26.167,31.735],[25.563,31.883],[25.375,31.639],[25.183,31.807],[25.213,31.995],[25.028,32.135],[23.767,32.359],[23.086,32.751],[23.036,32.987],[22.327,32.935],[21.87,33.007],[21.391,32.863],[21.031,32.863],[20.839,32.743],[20.287,32.719],[19.845,32.209],[19.467,32.007],[19.471,31.711],[19.706,30.97],[19.495,30.655],[19.326,30.599],[18.367,31.159],[17.583,31.458],[16.639,31.495],[16.423,31.639],[16.135,32.119],[15.943,32.191],[15.787,32.412],[14.784,32.591],[14.671,32.767],[13.831,33.079],[13.663,33.247],[13.183,33.223],[12.829,33.31],[12.649,33.732],[12.707,33.851],[12.871,33.895],[12.83,34.159],[13.461,34.184],[13.567,34.437],[13.018,34.755],[13.484,34.896],[13.522,35.067],[13.364,35.244],[13.095,35.307],[13.095,35.448],[12.924,35.669],[12.823,35.503],[12.559,35.671],[12.511,35.959],[12.223,35.887],[12.454,35.78],[12.37,35.647],[12.007,35.983],[11.959,36.151],[11.767,36.007],[11.473,36.103],[11.479,36.679],[11.335,36.967],[11.434,37.079],[11.191,37.159],[11.071,37.375],[10.79,37.27],[10.55,37.378],[11.024,37.934],[10.461,37.784],[10.396,37.635],[9.679,37.447],[9.111,37.69],[9.177,37.826],[9.103,37.855],[8.577,37.447],[8.64,37.353],[8.899,37.346],[8.826,37.181],[8.527,37.231],[7.698,37.039],[7.358,37.172],[6.978,37.014],[6.409,37.128],[6.027,36.953],[5.728,36.938],[5.349,36.722],[4.759,36.943],[3.81,36.959],[3.511,36.847],[2.791,36.847],[2.577,36.722],[1.129,36.558],[-0.641,35.839],[-1.234,35.733],[-1.313,35.599],[-1.841,35.287],[-2.657,35.311],[-2.891,35.552],[-3.161,35.407],[-3.665,35.431],[-4.157,35.25],[-4.241,35.263],[-4.17,35.397],[-4.265,35.431],[-4.391,35.4],[-4.337,35.239],[-4.769,35.311],[-5.201,35.695],[-5.262,35.933],[-5.364,35.954],[-5.774,35.942],[-6.437,35.619],[-6.486,35.275],[-6.857,34.735],[-6.962,34.313],[-8.114,33.933],[-8.618,33.656],[-9.506,32.92],[-9.905,32.047],[-10.145,31.855],[-10.283,31.872],[-10.121,31.759],[-10.214,31.522],[-10.097,30.871],[-10.193,30.727],[-9.977,30.367],[-10.056,30.002],[-10.984,29.274],[-12.214,28.965],[-12.63,28.712],[-13.295,28.054],[-13.654,27.477],[-13.793,26.911],[-13.985,26.887],[-15.069,26.027],[-15.113,25.903],[-15.905,25.447],[-16.313,24.847],[-16.379,24.554],[-16.727,24.137],[-17.417,22.111],[-17.496,21.31],[-17.665,20.972],[-17.657,20.143],[-17.513,19.903],[-17.153,19.735],[-16.759,19.186],[-16.508,17.984],[-16.565,17.559],[-16.793,17.047],[-16.769,16.759],[-16.961,15.919],[-17.345,14.959],[-17.633,14.767],[-17.561,14.071],[-17.417,13.807],[-17.705,12.895],[-17.537,12.391],[-17.391,12.257],[-17.393,11.407],[-17.322,11.087],[-17.225,11.023],[-17.345,10.807],[-17.177,10.855],[-17.105,10.711],[-17.225,10.663],[-17.196,10.603],[-16.919,10.533],[-16.793,10.327],[-16.807,10.111],[-16.648,10.026],[-16.511,9.587],[-15.497,9.223],[-15.209,9.007],[-14.825,8.959],[-14.633,8.671],[-14.159,8.49],[-14.175,8.322],[-14.376,8.414],[-14.261,7.915],[-13.684,7.358],[-12.692,7.225],[-12.305,7.087],[-12.052,6.824],[-11.826,6.813],[-10.937,6.151],[-10.745,5.863],[-9.977,5.383],[-9.457,4.806],[-34.487,-7.07],[-34.971,-5.818],[-34.936,-5.558],[-35.153,-4.745],[-35.657,-4.697],[-35.969,-4.817],[-36.377,-4.769],[-36.883,-4.568],[-38.181,-3.276],[-38.592,-3.144],[-39.061,-2.781],[-39.329,-2.441],[-39.908,-2.143],[-40.361,-2.057],[-40.697,-2.105],[-40.889,-1.913],[-41.009,-2.057],[-41.657,-2.177],[-42.545,-2.009],[-42.857,-1.865],[-44.495,0.182],[-44.609,0.175],[-44.705,0.319],[-45.353,0.463],[-46.147,0.936],[-46.66,1.458],[-36.817,45.301],[-9.524,43.006]],[[-31.137,39.629],[-31.069,39.749],[-31.172,39.732],[-31.137,39.629]],[[-31.267,39.331],[-31.103,39.414],[-31.203,39.602],[-31.31,39.485],[-31.267,39.331]],[[-28.005,38.981],[-27.914,39.063],[-28.073,39.151],[-28.11,39.053],[-28.005,38.981]],[[-27.24,38.843],[-27.418,38.773],[-27.345,38.642],[-27.079,38.603],[-26.949,38.699],[-27.24,38.843]],[[-27.76,38.611],[-28.387,38.786],[-28.039,38.561],[-27.765,38.509],[-27.76,38.611]],[[-28.25,38.525],[-28.717,38.675],[-28.872,38.601],[-28.463,38.376],[-28.014,38.396],[-28.25,38.525]],[[-25.512,37.678],[-25.147,37.727],[-25.07,37.873],[-25.888,37.906],[-25.803,37.746],[-25.512,37.678]],[[-25.176,36.917],[-24.988,36.977],[-25.169,37.111],[-25.176,36.917]],[[-16.35,32.989],[-16.247,33.067],[-16.405,33.201],[-16.458,33.102],[-16.35,32.989]],[[-16.987,32.619],[-16.673,32.719],[-16.452,32.414],[-16.625,32.815],[-17.179,32.903],[-17.335,32.831],[-16.987,32.619]],[[-13.701,31.08],[-13.572,31.116],[-13.629,31.214],[-13.73,31.175],[-13.701,31.08]],[[-15.87,30.105],[-15.862,30.104],[-15.836,30.115],[-15.831,30.121],[-15.825,30.141],[-15.825,30.149],[-15.84,30.173],[-15.849,30.179],[-15.865,30.183],[-15.886,30.174],[-15.895,30.165],[-15.905,30.138],[-15.877,30.106],[-15.87,30.105]],[[-16.056,30.031],[-16.026,30.001],[-15.995,30.031],[-16.026,30.062],[-16.056,30.031]],[[-13.906,28.893],[-14.274,28.466],[-14.35,28.247],[-14.544,28.203],[-14.785,27.945],[-14.609,27.919],[-13.868,28.178],[-13.779,28.781],[-13.499,28.93],[-13.272,29.416],[-13.519,29.437],[-13.906,28.893]],[[-15.397,28.207],[-15.851,28.126],[-15.926,27.983],[-15.875,27.8],[-15.665,27.679],[-15.373,27.737],[-15.307,27.858],[-15.397,28.207]],[[-17.91,27.879],[-18.184,27.783],[-18.182,27.701],[-17.966,27.616],[-17.851,27.805],[-17.91,27.879]],[[-16.391,28.139],[-16.324,28.351],[-16.087,28.517],[-16.106,28.623],[-16.313,28.638],[-16.553,28.456],[-16.937,28.399],[-16.697,27.966],[-16.391,28.139]],[[-17.211,27.985],[-17.057,28.076],[-17.057,28.215],[-17.258,28.295],[-17.437,28.237],[-17.374,28.06],[-17.211,27.985]],[[-17.712,28.605],[-17.764,28.866],[-18.009,28.823],[-17.855,28.431],[-17.712,28.605]],[[-25.299,16.888],[-25.145,16.879],[-25.049,16.735],[-24.857,16.783],[-24.667,16.624],[-24.587,16.657],[-24.828,16.971],[-24.966,16.995],[-25.025,17.215],[-25.378,17.09],[-25.299,16.888]],[[-23.053,16.743],[-22.946,16.569],[-22.855,16.577],[-22.889,16.879],[-23.053,16.743]],[[-24.003,16.562],[-24.344,16.708],[-24.459,16.649],[-24.329,16.423],[-24.21,16.566],[-24.003,16.562]],[[-23.314,15.373],[-23.274,15.141],[-23.106,15.095],[-23.127,15.564],[-22.961,15.703],[-22.932,15.903],[-22.721,15.871],[-22.625,15.967],[-22.604,16.149],[-22.871,16.355],[-23.103,16.215],[-23.077,15.982],[-23.253,15.795],[-23.201,15.535],[-23.314,15.373]],[[-23.738,15.362],[-23.815,15.296],[-23.8,15.026],[-23.686,14.907],[-23.48,14.89],[-23.404,15.07],[-23.738,15.362]],[[-24.288,15.03],[-24.478,15.034],[-24.545,14.886],[-24.27,14.807],[-24.288,15.03]],[[-24.696,14.929],[-24.787,14.876],[-24.725,14.775],[-24.696,14.929]],[[-29.395,0.802],[-29.316,0.859],[-29.381,0.922],[-29.456,0.865],[-29.395,0.802]],[[-32.396,-3.777],[-32.483,-3.901],[-32.329,-3.897],[-32.396,-3.777]],[[-33.702,-3.922],[-33.67,-3.806],[-33.905,-3.809],[-33.702,-3.922]],[[-35.97,-3.907],[-36.032,-3.992],[-35.809,-4.06],[-35.97,-3.907]],[[-3.112,35.957],[-3.137,35.839],[-2.866,36.019],[-3.112,35.957]],[[12.029,36.712],[12.06,36.826],[11.903,36.851],[12.029,36.712]],[[12.792,36.782],[13.01,36.861],[12.992,37.015],[12.775,36.943],[12.792,36.782]],[[11.602,36.294],[11.855,36.378],[11.819,36.654],[11.602,36.294]],[[12.841,35.826],[12.857,35.822],[12.873,35.822],[12.892,35.829],[12.896,35.832],[12.906,35.863],[12.904,35.874],[12.894,35.89],[12.887,35.896],[12.867,35.903],[12.856,35.902],[12.849,35.901],[12.841,35.899],[12.834,35.896],[12.818,35.875],[12.816,35.87],[12.822,35.844],[12.827,35.837],[12.835,35.83],[12.841,35.826]],[[13.455,35.32],[13.511,35.419],[13.383,35.478],[13.343,35.395],[13.455,35.32]],[[23.485,35.323],[23.605,35.206],[24.492,35.124],[24.733,34.902],[25.61,34.976],[25.735,34.807],[25.822,34.979],[26.189,34.92],[26.38,35.134],[26.402,35.328],[26.221,35.384],[25.872,35.236],[25.855,35.383],[25.226,35.491],[24.371,35.425],[24.175,35.647],[23.737,35.72],[23.554,35.658],[23.485,35.323]],[[27.127,35.733],[27.031,35.503],[26.802,35.449],[26.806,35.334],[27.257,35.455],[27.253,35.89],[27.127,35.733]],[[27.703,35.791],[28.113,36.037],[28.269,36.474],[27.494,36.253],[27.481,36.192],[27.66,36.175],[27.703,35.791]],[[25.917,36.292],[25.844,36.429],[25.668,36.361],[25.772,36.256],[25.917,36.292]],[[27.265,36.436],[27.473,36.385],[27.361,36.509],[27.265,36.436]],[[26.371,36.497],[26.492,36.538],[26.489,36.623],[26.353,36.666],[26.117,36.544],[26.371,36.497]],[[34.576,35.733],[33.706,35.413],[32.887,35.455],[32.767,35.215],[32.253,35.16],[32.214,35.077],[32.431,34.639],[32.993,34.526],[33.679,34.783],[33.749,34.913],[34.118,34.942],[33.998,35.277],[34.188,35.315],[34.593,35.622],[34.576,35.733]],[[15.248,34.761],[15.696,34.874],[15.689,35.014],[15.601,35.096],[15.207,35.049],[15.026,34.688],[15.146,34.653],[15.248,34.761]],[[24.133,34.785],[24.186,34.851],[24.073,34.991],[23.871,34.956],[24.133,34.785]],[[14.295,34.3],[14.429,34.325],[14.437,34.409],[14.248,34.434],[14.295,34.3]],[[25.684,38.573],[25.601,38.678],[25.45,38.547],[25.529,38.479],[25.684,38.573]],[[25.444,38.917],[25.197,38.987],[25.087,38.887],[25.351,38.719],[25.487,38.792],[25.444,38.917]],[[24.581,38.737],[24.708,38.769],[24.724,38.917],[24.305,39.394],[24.438,39.247],[24.334,38.819],[24.581,38.737]],[[23.917,36.827],[23.913,36.855],[23.91,36.86],[23.885,36.874],[23.877,36.874],[23.855,36.865],[23.846,36.843],[23.846,36.836],[23.862,36.81],[23.869,36.806],[23.883,36.803],[23.901,36.806],[23.917,36.827]],[[23.463,36.874],[23.486,36.883],[23.497,36.915],[23.493,36.926],[23.485,36.939],[23.484,36.94],[23.483,36.943],[23.462,36.958],[23.456,36.959],[23.45,36.96],[23.426,36.948],[23.422,36.917],[23.422,36.915],[23.427,36.901],[23.43,36.894],[23.447,36.878],[23.453,36.876],[23.463,36.874]],[[15.037,38.377],[14.975,38.546],[14.771,38.591],[14.974,38.337],[15.037,38.377]],[[1.439,38.5],[1.616,38.625],[1.782,39.045],[1.683,39.182],[1.208,39.115],[1.006,38.963],[0.991,38.767],[1.12,38.554],[1.439,38.5]],[[2.768,38.949],[3.367,39.319],[3.775,39.679],[3.799,39.83],[4.412,39.74],[4.473,39.899],[4.207,40.183],[3.75,40.207],[3.607,40.039],[3.214,40.062],[2.277,39.745],[2.095,39.583],[2.139,39.323],[2.555,39.265],[2.768,38.949]],[[8.027,40.31],[8.167,40.015],[8.12,39.827],[8.215,39.583],[8.044,39.315],[8.005,39.045],[8.52,38.625],[9.127,38.719],[9.271,38.863],[9.203,38.984],[9.32,39.137],[9.559,39.055],[9.697,39.207],[9.679,39.343],[9.795,39.456],[9.799,40.087],[9.703,40.255],[9.897,40.351],[10.015,40.591],[9.871,40.735],[9.943,40.879],[9.847,41.215],[9.679,41.287],[9.462,41.744],[9.681,42.188],[9.679,42.535],[9.534,42.755],[9.606,43.09],[9.506,43.288],[9.257,43.01],[9.29,42.804],[8.767,42.703],[8.526,42.402],[8.503,42.175],[8.623,42.059],[8.528,41.883],[8.677,41.838],[8.628,41.738],[8.747,41.674],[8.731,41.134],[8.611,41.072],[8.314,41.178],[8.178,41.075],[7.94,40.637],[8.027,40.31]],[[13.393,40.765],[13.415,40.755],[13.426,40.758],[13.438,40.763],[13.454,40.778],[13.459,40.788],[13.457,40.819],[13.432,40.832],[13.428,40.832],[13.42,40.83],[13.404,40.823],[13.399,40.818],[13.391,40.808],[13.387,40.798],[13.393,40.765]],[[15.188,38.75],[15.2,38.745],[15.212,38.743],[15.217,38.742],[15.232,38.746],[15.239,38.75],[15.249,38.758],[15.253,38.764],[15.257,38.77],[15.259,38.774],[15.262,38.778],[15.267,38.79],[15.269,38.798],[15.259,38.827],[15.254,38.831],[15.245,38.836],[15.238,38.839],[15.233,38.84],[15.224,38.842],[15.219,38.842],[15.212,38.842],[15.206,38.84],[15.187,38.828],[15.184,38.827],[15.176,38.822],[15.168,38.817],[15.157,38.79],[15.169,38.764],[15.188,38.75]],[[13.201,38.744],[13.186,38.748],[13.185,38.748],[13.169,38.748],[13.153,38.743],[13.141,38.735],[13.132,38.726],[13.127,38.719],[13.123,38.701],[13.123,38.693],[13.144,38.666],[13.156,38.662],[13.165,38.661],[13.17,38.661],[13.182,38.663],[13.195,38.669],[13.216,38.684],[13.227,38.712],[13.211,38.738],[13.201,38.744]],[[14.512,38.584],[14.513,38.571],[14.518,38.559],[14.526,38.546],[14.545,38.532],[14.567,38.527],[14.573,38.526],[14.576,38.526],[14.588,38.527],[14.614,38.549],[14.606,38.583],[14.605,38.586],[14.593,38.602],[14.581,38.61],[14.57,38.614],[14.552,38.618],[14.547,38.618],[14.524,38.61],[14.512,38.584]],[[14.386,38.56],[14.357,38.582],[14.349,38.581],[14.335,38.577],[14.316,38.562],[14.314,38.538],[14.317,38.526],[14.347,38.505],[14.355,38.506],[14.369,38.51],[14.388,38.524],[14.39,38.548],[14.386,38.56]]]}},{"type":"Feature","properties":{},"geometry":{"type":"Polygon","coordinates":[[[130.196,-0.905],[130.574,-0.941],[130.607,-1.013],[129.989,-1.546],[129.676,-1.627],[129.514,-1.838],[129.654,-1.913],[129.541,-2.037],[129.244,-1.892],[129.408,-2.15],[129.678,-2.105],[130.342,-2.348],[130.889,-2.373],[131.287,-2.729],[131.624,-2.866],[131.719,-3.041],[132.209,-3.093],[132.487,-3.281],[132.87,-4.145],[133.188,-4.129],[133.563,-4.39],[133.66,-4.326],[133.689,-4.053],[133.961,-3.99],[134.43,-4.049],[134.696,-4.34],[134.73,-4.555],[134.462,-4.778],[134.538,-5.099],[134.168,-5.468],[134.118,-5.753],[133.783,-6.257],[133.74,-6.515],[133.453,-6.53],[133.098,-6.87],[132.919,-7.333],[132.87,-7.817],[133.065,-7.941],[132.874,-7.943],[132.848,-8.024],[133.061,-8.162],[132.894,-8.177],[132.873,-8.328],[132.559,-8.537],[132.75,-8.609],[132.87,-8.465],[132.863,-8.64],[133.138,-8.807],[133.254,-8.993],[133.063,-8.993],[132.687,-9.272],[132.466,-9.96],[132.199,-9.751],[132.391,-9.665],[132.36,-9.453],[132.126,-9.209],[131.959,-9.305],[131.887,-9.218],[131.943,-9.089],[131.677,-9.348],[131.443,-9.257],[131.324,-9.313],[131.07,-9.545],[131.022,-9.785],[130.897,-9.707],[130.475,-9.958],[129.687,-9.914],[129.31,-9.652],[129.103,-9.689],[128.945,-9.565],[128.287,-9.497],[128.022,-9.617],[127.71,-10.025],[127.633,-9.953],[127.342,-10.014],[127.08,-10.215],[126.739,-10.11],[126.379,-10.633],[125.862,-10.601],[125.671,-10.673],[125.526,-10.817],[125.521,-11.041],[125.167,-11.414],[125.233,-11.569],[124.662,-11.849],[124.493,-11.765],[124.581,-11.747],[124.762,-11.359],[124.622,-11.102],[124.158,-11.489],[123.318,-11.585],[123.151,-11.849],[123.33,-12.062],[123.47,-12.045],[123.462,-11.897],[123.655,-11.729],[123.644,-11.603],[123.752,-11.665],[123.736,-11.809],[123.583,-11.897],[123.554,-12.213],[123.172,-12.093],[122.935,-12.187],[122.917,-12.28],[123.415,-12.401],[123.558,-12.593],[123.87,-12.594],[123.918,-12.665],[123.779,-12.874],[123.895,-13.025],[124.077,-13.0],[124.102,-13.113],[123.678,-13.505],[123.742,-13.709],[123.318,-14.009],[123.235,-14.166],[122.935,-14.177],[122.751,-14.347],[122.599,-14.345],[122.239,-14.681],[121.71,-14.945],[121.303,-15.521],[121.086,-15.641],[120.857,-16.363],[120.87,-16.889],[120.251,-17.679],[119.862,-17.753],[119.667,-17.943],[119.43,-17.801],[117.214,-19.035],[116.193,-19.25],[115.588,-19.603],[111.288,-8.405],[111.666,-8.467],[111.87,-8.369],[112.777,-8.549],[113.119,-8.345],[113.286,-8.609],[113.47,-8.514],[114.704,-8.879],[114.627,-8.539],[114.775,-8.465],[114.797,-8.649],[115.038,-8.921],[115.678,-8.793],[115.521,-8.589],[115.743,-8.37],[115.555,-8.173],[115.199,-8.026],[114.926,-8.151],[114.587,-8.084],[114.511,-7.697],[115.37,-7.162],[115.907,-7.241],[116.238,-7.097],[116.387,-6.486],[117.233,-4.881],[117.202,-4.555],[117.414,-4.001],[117.703,-3.617],[118.323,-3.325],[118.421,-3.121],[118.212,-2.674],[118.038,-2.609],[117.654,-2.177],[117.486,-2.225],[117.318,-2.057],[117.356,-1.647],[117.823,-1.097],[117.943,-0.761],[117.985,-0.437],[117.804,-0.0],[119.554,-0.0],[119.721,-0.225],[119.742,-0.522],[119.454,-0.857],[119.214,-1.433],[119.259,-1.922],[118.998,-2.489],[118.782,-2.613],[118.729,-2.767],[118.877,-3.591],[119.425,-3.524],[119.525,-4.222],[119.457,-4.347],[119.248,-4.265],[119.037,-4.312],[119.132,-4.576],[118.902,-4.721],[119.068,-5.084],[118.95,-5.393],[119.296,-5.661],[119.513,-5.686],[119.838,-5.897],[120.403,-5.74],[120.366,-6.017],[120.246,-6.113],[120.389,-6.432],[120.234,-6.631],[120.431,-6.738],[120.606,-6.041],[120.485,-5.69],[120.492,-5.269],[120.558,-5.153],[120.727,-5.129],[120.783,-4.991],[120.75,-4.739],[120.5,-4.366],[120.494,-3.434],[120.663,-3.148],[120.886,-3.258],[120.825,-3.587],[121.11,-4.097],[121.305,-4.245],[121.422,-4.668],[121.375,-4.841],[121.71,-5.441],[122.022,-5.561],[122.439,-5.434],[122.437,-5.705],[122.681,-5.743],[122.832,-5.711],[122.982,-5.465],[123.26,-5.318],[123.007,-5.021],[123.288,-4.805],[123.314,-4.649],[123.103,-4.337],[123.309,-4.149],[123.318,-4.025],[122.838,-3.953],[122.814,-3.857],[122.571,-3.758],[122.685,-3.439],[123.054,-3.689],[123.198,-3.674],[123.188,-3.523],[123.016,-3.322],[122.863,-3.353],[122.71,-3.234],[122.614,-2.986],[122.445,-2.965],[122.109,-2.69],[121.806,-2.129],[122.863,-0.969],[123.02,-0.935],[123.204,-1.106],[122.884,-1.158],[122.644,-1.592],[122.766,-1.577],[123.022,-1.787],[123.027,-1.935],[122.841,-2.163],[123.076,-2.146],[123.127,-2.265],[123.324,-2.176],[123.462,-2.273],[123.933,-2.156],[124.143,-2.011],[124.422,-2.129],[125.239,-1.913],[125.765,-2.03],[126.054,-2.513],[126.118,-2.44],[126.03,-2.02],[126.535,-1.817],[125.358,-1.721],[124.974,-1.553],[124.83,-1.601],[124.243,-1.438],[123.831,-1.471],[123.343,-1.121],[123.553,-0.723],[123.488,-0.595],[122.214,-0.089],[121.83,-0.161],[121.672,-0.067],[121.545,-0.11],[121.629,-0.329],[121.497,-0.551],[121.54,-0.718],[121.164,-1.205],[120.807,-1.253],[120.696,-1.152],[120.733,-0.994],[121.072,-0.743],[121.083,-0.634],[120.817,-0.642],[120.367,-0.849],[120.115,-0.612],[120.079,-0.209],[120.228,-0.0],[127.131,-0.0],[126.99,-0.239],[127.135,-0.794],[127.728,-0.953],[127.975,-0.881],[128.147,-1.1],[128.515,-1.216],[128.604,-1.143],[128.483,-0.923],[128.653,-0.64],[128.479,-0.425],[128.094,-0.329],[127.976,-0.0],[129.294,-0.0],[129.343,-0.185],[129.535,-0.246],[129.698,-0.0],[129.869,-0.0],[130.063,-0.281],[130.078,-0.569],[129.613,-0.739],[129.703,-1.08],[129.648,-1.194],[129.373,-1.079],[129.272,-1.195],[129.476,-1.335],[129.606,-1.241],[129.782,-1.297],[129.99,-1.194],[129.87,-0.977],[130.033,-0.776],[130.196,-0.905]],[[129.925,-0.37],[129.798,-0.401],[129.899,-0.555],[130.015,-0.478],[129.925,-0.37]],[[127.823,-1.218],[127.364,-1.118],[127.389,-1.288],[127.255,-1.454],[127.554,-1.892],[127.841,-1.726],[128.394,-1.68],[128.381,-1.545],[128.191,-1.553],[127.823,-1.218]],[[128.603,-1.522],[128.772,-1.521],[128.688,-1.405],[128.603,-1.522]],[[128.927,-2.743],[128.814,-2.825],[127.903,-2.886],[127.751,-3.121],[127.453,-3.305],[127.618,-3.391],[127.735,-3.281],[127.876,-3.303],[127.955,-3.803],[128.509,-3.643],[128.846,-3.701],[128.759,-3.378],[128.862,-3.281],[128.959,-3.401],[129.515,-3.499],[129.638,-3.362],[129.8,-3.354],[130.393,-3.661],[130.615,-3.881],[131.094,-3.953],[131.262,-4.145],[131.447,-4.196],[131.467,-3.969],[130.927,-3.799],[130.975,-3.497],[130.878,-3.305],[130.404,-2.924],[129.538,-2.75],[129.145,-2.877],[129.04,-2.715],[128.927,-2.743]],[[127.268,-3.822],[127.155,-3.786],[127.12,-3.873],[127.234,-3.926],[127.268,-3.822]],[[126.695,-3.862],[127.255,-3.665],[127.298,-3.381],[127.163,-3.13],[126.731,-3.028],[126.016,-3.117],[126.012,-3.423],[126.142,-3.586],[126.695,-3.862]],[[131.591,-4.458],[131.704,-4.771],[131.793,-4.786],[131.599,-4.324],[131.591,-4.458]],[[130.037,-4.575],[129.939,-4.479],[129.829,-4.554],[130.081,-4.654],[130.037,-4.575]],[[129.807,-4.514],[129.789,-4.496],[129.773,-4.49],[129.763,-4.488],[129.744,-4.495],[129.739,-4.498],[129.733,-4.541],[129.746,-4.558],[129.77,-4.57],[129.772,-4.57],[129.797,-4.554],[129.805,-4.539],[129.807,-4.514]],[[124.224,-5.21],[124.207,-5.225],[124.199,-5.237],[124.198,-5.249],[124.201,-5.263],[124.209,-5.277],[124.235,-5.306],[124.271,-5.332],[124.311,-5.352],[124.348,-5.371],[124.364,-5.373],[124.381,-5.368],[124.391,-5.356],[124.399,-5.345],[124.401,-5.334],[124.4,-5.324],[124.396,-5.313],[124.39,-5.303],[124.381,-5.293],[124.331,-5.259],[124.25,-5.223],[124.243,-5.218],[124.235,-5.21],[124.233,-5.209],[124.231,-5.208],[124.23,-5.208],[124.227,-5.209],[124.224,-5.21]],[[133.023,-5.264],[132.921,-5.391],[132.658,-5.336],[132.411,-5.837],[132.444,-6.183],[132.606,-6.185],[132.644,-6.074],[132.87,-6.016],[133.004,-5.739],[133.244,-5.537],[133.183,-5.225],[133.023,-5.264]],[[124.09,-5.867],[124.02,-5.807],[124.087,-5.657],[123.696,-5.362],[123.672,-5.243],[123.498,-5.232],[123.47,-5.345],[123.623,-5.548],[123.401,-5.44],[123.349,-5.51],[123.649,-5.881],[123.774,-5.969],[123.918,-5.921],[124.054,-6.065],[124.09,-5.867]],[[127.763,-5.424],[127.831,-5.42],[127.779,-5.312],[127.763,-5.424]],[[131.937,-5.4],[131.966,-5.419],[131.969,-5.419],[131.979,-5.418],[131.998,-5.407],[132.006,-5.404],[132.014,-5.4],[132.029,-5.384],[132.045,-5.342],[132.044,-5.319],[132.037,-5.301],[132.01,-5.282],[131.999,-5.282],[131.997,-5.282],[131.984,-5.285],[131.971,-5.292],[131.962,-5.297],[131.953,-5.305],[131.938,-5.326],[131.932,-5.341],[131.929,-5.37],[131.931,-5.384],[131.937,-5.4]],[[132.396,-5.414],[132.175,-5.537],[132.134,-5.8],[132.318,-5.777],[132.46,-5.489],[132.396,-5.414]],[[124.241,-5.696],[124.157,-5.78],[124.365,-5.835],[124.241,-5.696]],[[127.567,-5.463],[127.555,-5.46],[127.54,-5.464],[127.532,-5.468],[127.516,-5.497],[127.521,-5.513],[127.522,-5.52],[127.538,-5.54],[127.548,-5.545],[127.561,-5.548],[127.584,-5.538],[127.588,-5.502],[127.586,-5.5],[127.587,-5.492],[127.584,-5.483],[127.567,-5.463]],[[130.001,-6.356],[130.014,-6.359],[130.026,-6.356],[130.034,-6.353],[130.047,-6.341],[130.052,-6.335],[130.049,-6.299],[130.044,-6.293],[130.031,-6.284],[130.014,-6.278],[130.004,-6.276],[129.988,-6.28],[129.982,-6.284],[129.968,-6.313],[129.968,-6.32],[129.977,-6.339],[129.984,-6.346],[129.993,-6.352],[130.001,-6.356]],[[120.918,-6.737],[120.943,-6.929],[121.105,-7.119],[121.375,-7.049],[121.284,-6.411],[120.967,-6.445],[120.918,-6.737]],[[131.53,-6.679],[131.405,-6.932],[131.479,-7.001],[131.347,-7.188],[130.807,-7.505],[130.852,-7.684],[130.563,-8.35],[130.629,-8.466],[131.022,-8.393],[131.191,-8.27],[131.635,-7.742],[131.791,-7.697],[131.862,-7.385],[131.994,-7.346],[132.091,-6.947],[131.699,-6.891],[131.677,-6.64],[131.53,-6.679]],[[132.319,-8.418],[131.833,-8.553],[131.639,-8.885],[131.349,-8.902],[131.198,-9.15],[131.496,-9.163],[131.657,-9.01],[132.077,-9.035],[132.086,-8.77],[132.511,-8.585],[132.319,-8.418]],[[125.805,-9.221],[126.479,-9.013],[126.798,-8.801],[126.918,-8.825],[127.375,-8.393],[126.955,-8.282],[126.587,-8.441],[126.403,-8.391],[125.135,-8.603],[124.83,-8.969],[123.972,-9.326],[123.669,-9.589],[123.546,-10.017],[123.246,-10.145],[123.311,-10.424],[122.959,-10.697],[122.616,-10.739],[122.646,-10.913],[122.774,-11.058],[122.926,-11.065],[123.486,-10.697],[123.678,-10.409],[124.159,-10.241],[124.372,-10.281],[124.81,-9.926],[125.121,-9.486],[125.805,-9.221]],[[121.524,-10.699],[121.871,-10.692],[122.068,-10.465],[121.808,-10.386],[121.455,-10.613],[121.524,-10.699]],[[120.102,-10.385],[121.021,-10.23],[120.913,-9.98],[120.63,-9.737],[120.583,-9.497],[120.327,-9.535],[119.945,-9.259],[119.776,-9.351],[119.143,-9.353],[118.936,-9.48],[118.906,-9.61],[118.998,-9.737],[119.683,-9.892],[120.102,-10.385]],[[117.071,-9.158],[118.296,-8.85],[118.95,-8.873],[119.27,-8.73],[119.905,-8.901],[120.126,-8.825],[120.294,-8.945],[120.484,-8.837],[121.303,-8.993],[121.47,-8.897],[122.482,-8.776],[123.062,-8.543],[123.588,-8.595],[123.814,-8.346],[123.798,-8.417],[124.086,-8.586],[125.13,-8.382],[125.169,-8.234],[125.1,-8.132],[124.615,-8.081],[124.25,-8.153],[124.144,-8.273],[124.033,-8.154],[123.998,-8.295],[123.815,-8.151],[123.303,-8.221],[122.862,-8.04],[122.561,-8.344],[122.262,-8.321],[122.214,-8.465],[121.999,-8.393],[121.431,-8.513],[120.598,-8.204],[119.419,-8.41],[119.108,-8.337],[119.166,-8.184],[119.095,-8.103],[118.958,-8.267],[118.481,-8.217],[118.304,-8.302],[118.135,-8.081],[117.767,-8.06],[117.336,-8.125],[117.42,-8.249],[117.354,-8.396],[117.138,-8.272],[116.814,-8.393],[116.67,-8.225],[116.365,-8.174],[116.011,-8.324],[116.019,-8.568],[115.761,-8.756],[116.029,-8.97],[116.622,-8.969],[117.071,-9.158]],[[121.652,-8.291],[121.767,-8.353],[121.745,-8.266],[121.652,-8.291]],[[125.688,-8.078],[126.068,-7.914],[126.475,-7.995],[126.876,-7.693],[126.627,-7.53],[126.201,-7.683],[125.959,-7.625],[125.688,-8.078]],[[117.194,-7.657],[117.659,-7.499],[118.015,-7.55],[117.87,-7.361],[117.6,-7.303],[117.341,-7.451],[117.121,-7.424],[117.178,-7.857],[117.257,-7.789],[117.194,-7.657]],[[118.135,-7.361],[118.445,-7.16],[118.018,-6.986],[117.959,-7.144],[118.135,-7.361]],[[118.586,-7.096],[118.95,-6.929],[119.12,-6.97],[119.235,-6.795],[118.865,-6.499],[118.576,-6.666],[118.118,-6.515],[118.086,-6.593],[118.586,-7.096]],[[118.686,-6.497],[118.826,-6.319],[118.787,-6.229],[118.607,-6.236],[118.429,-6.388],[118.509,-6.494],[118.686,-6.497]],[[120.687,-6.919],[120.462,-6.929],[120.395,-7.128],[120.599,-7.216],[120.796,-7.168],[120.846,-6.787],[120.739,-6.774],[120.687,-6.919]],[[128.503,-7.116],[128.638,-7.25],[128.731,-7.126],[128.619,-7.034],[128.503,-7.116]],[[121.884,-7.183],[121.432,-7.188],[121.759,-7.529],[121.902,-7.409],[121.884,-7.183]],[[127.278,-7.505],[127.352,-7.685],[127.662,-7.577],[127.44,-7.472],[127.278,-7.505]],[[129.681,-7.608],[129.744,-7.563],[129.658,-7.505],[129.681,-7.608]],[[129.974,-7.676],[130.015,-7.801],[130.11,-7.794],[129.974,-7.676]],[[129.734,-7.768],[129.511,-7.816],[129.457,-7.926],[129.871,-8.272],[129.99,-8.081],[129.895,-7.985],[129.949,-7.88],[129.734,-7.768]],[[129.042,-8.18],[128.574,-8.129],[128.411,-8.209],[128.498,-8.363],[128.622,-8.225],[129.022,-8.291],[129.042,-8.18]],[[128.151,-8.141],[127.738,-8.054],[127.559,-8.208],[128.223,-8.313],[128.26,-8.223],[128.151,-8.141]],[[125.641,-8.276],[125.633,-8.106],[125.475,-8.281],[125.577,-8.347],[125.641,-8.276]],[[127.193,-8.14],[127.264,-8.086],[127.188,-7.989],[127.122,-8.09],[127.193,-8.14]],[[121.241,-7.548],[121.493,-7.428],[121.23,-7.433],[121.135,-7.267],[120.77,-7.254],[121.241,-7.548]],[[129.137,-6.931],[129.134,-6.931],[129.121,-6.934],[129.112,-6.938],[129.104,-6.943],[129.097,-6.95],[129.087,-6.969],[129.086,-6.98],[129.093,-7.003],[129.102,-7.013],[129.112,-7.021],[129.123,-7.026],[129.135,-7.029],[129.138,-7.028],[129.145,-7.028],[129.161,-7.022],[129.169,-7.016],[129.18,-6.996],[129.183,-6.981],[129.179,-6.961],[129.171,-6.947],[129.148,-6.932],[129.137,-6.931]],[[129.527,-6.691],[129.52,-6.691],[129.514,-6.691],[129.508,-6.693],[129.499,-6.692],[129.497,-6.692],[129.481,-6.697],[129.471,-6.703],[129.459,-6.715],[129.452,-6.73],[129.448,-6.742],[129.448,-6.754],[129.469,-6.787],[129.472,-6.788],[129.477,-6.792],[129.486,-6.797],[129.501,-6.801],[129.504,-6.801],[129.514,-6.8],[129.533,-6.791],[129.54,-6.784],[129.546,-6.776],[129.557,-6.752],[129.559,-6.745],[129.561,-6.737],[129.561,-6.725],[129.559,-6.717],[129.536,-6.693],[129.527,-6.691]],[[118.358,-6.117],[118.28,-5.906],[118.503,-5.539],[118.466,-5.38],[118.086,-5.825],[118.193,-6.079],[118.358,-6.117]],[[117.337,-5.959],[117.897,-5.746],[118.038,-5.417],[117.924,-4.994],[117.606,-5.153],[117.068,-5.763],[117.132,-5.936],[117.337,-5.959]],[[118.39,-6.046],[118.537,-5.971],[118.577,-5.83],[118.456,-5.853],[118.39,-6.046]],[[122.162,-13.375],[121.854,-13.483],[121.878,-13.817],[121.686,-14.128],[121.779,-14.248],[121.939,-14.221],[122.042,-14.081],[121.95,-13.841],[122.167,-13.649],[122.162,-13.375]],[[119.605,-17.201],[119.7,-16.981],[119.538,-17.05],[119.605,-17.201]],[[119.298,-17.41],[119.439,-17.395],[119.436,-17.267],[119.27,-17.257],[119.298,-17.41]],[[118.916,-17.772],[119.06,-17.63],[118.927,-17.458],[118.792,-17.597],[118.916,-17.772]]]}},{"type":"Feature","properties":{},"geometry":{"type":"Polygon","coordinates":[[[180,19.403],[121.516,23.439],[121.71,23.983],[121.686,24.174],[121.95,24.535],[122.195,24.667],[122.172,24.781],[122.014,24.848],[122.262,25.22],[122.092,25.314],[122.092,25.423],[122.902,25.765],[123.335,25.699],[124.131,25.781],[124.159,25.975],[124.615,25.879],[124.542,26.047],[124.653,26.127],[124.61,26.265],[124.806,26.455],[124.815,26.586],[125.094,26.575],[125.671,26.911],[125.862,27.247],[126.078,27.415],[126.126,27.703],[126.655,28.132],[126.816,28.631],[127.615,29.935],[127.999,31.039],[128.311,31.399],[128.289,31.603],[128.496,31.952],[128.396,32.253],[128.045,32.623],[128.274,32.741],[128.252,32.984],[128.381,32.932],[128.43,32.617],[128.791,32.503],[128.743,32.335],[128.889,32.384],[129.006,32.575],[129.162,32.582],[129.366,32.479],[129.414,32.311],[129.761,32.186],[129.798,31.903],[129.649,31.621],[129.918,31.711],[130.015,31.375],[130.23,31.183],[130.544,31.133],[130.662,30.822],[130.358,30.408],[130.395,30.205],[130.903,30.127],[131.094,30.463],[131.301,30.604],[131.5,31.272],[131.767,31.735],[131.719,32.047],[132.09,32.725],[132.406,32.735],[132.99,32.465],[133.459,33.115],[133.696,33.292],[133.944,33.313],[134.19,33.103],[134.265,33.417],[134.89,33.694],[135.832,33.423],[136.542,34.159],[136.878,34.159],[137.526,34.519],[137.901,34.602],[138.103,34.519],[138.15,34.351],[138.317,34.359],[138.334,34.728],[138.611,35.074],[138.789,35.082],[138.721,34.676],[138.84,34.532],[138.972,34.537],[139.168,34.858],[139.174,35.182],[139.295,35.265],[139.734,35.047],[139.702,34.907],[139.83,34.807],[140.214,35.047],[140.613,35.076],[141.223,35.479],[141.223,35.767],[141.002,35.992],[140.911,36.391],[141.583,37.231],[141.678,37.903],[141.846,38.071],[141.87,38.743],[142.128,39.295],[142.26,39.954],[141.99,40.735],[141.486,40.951],[141.615,41.688],[141.515,41.702],[141.318,41.479],[141.126,41.551],[141.337,42.326],[141.514,42.396],[142.05,42.316],[142.722,42.016],[143.027,41.653],[143.58,41.661],[143.656,42.221],[144.279,42.841],[144.558,42.679],[144.906,42.704],[146.167,43.159],[147.065,43.54],[147.723,44.181],[147.366,44.311],[147.198,44.191],[146.742,44.167],[146.623,44.383],[146.77,44.695],[146.724,44.791],[146.55,44.623],[146.118,44.551],[145.432,43.988],[145.265,44.033],[145.425,44.465],[145.109,44.185],[144.729,44.085],[144.482,44.123],[144.366,44.263],[144.079,44.311],[144.055,44.412],[144.119,44.533],[144.255,44.435],[144.403,44.923],[144.311,45.013],[144.246,44.887],[144.108,44.925],[143.735,45.192],[143.7,45.728],[143.88,46.118],[143.773,46.201],[143.861,46.336],[143.742,46.471],[143.934,46.831],[143.694,47.143],[143.67,47.431],[144.702,47.743],[144.868,47.88],[144.971,47.778],[144.799,47.767],[144.874,47.633],[145.297,47.651],[145.398,48.151],[145.566,48.319],[145.375,48.367],[145.42,48.585],[145.051,48.725],[145.11,48.823],[145.046,48.938],[145.365,49.228],[145.297,49.41],[145.356,49.605],[145.134,49.639],[144.823,49.929],[144.943,50.023],[145.228,49.876],[145.27,49.954],[144.614,50.083],[144.438,50.455],[144.209,50.607],[144.211,50.831],[144.336,50.874],[144.007,51.199],[144.246,51.439],[144.27,51.943],[144.413,51.887],[144.472,51.979],[144.174,52.591],[144.079,53.023],[143.908,53.201],[143.839,53.503],[144.007,53.815],[143.846,54.153],[143.889,54.373],[143.662,54.441],[143.755,54.85],[143.55,54.943],[143.294,55.262],[143.518,55.614],[143.351,55.655],[142.969,55.417],[143.07,55.567],[142.95,55.735],[143.317,55.792],[143.354,55.947],[143.262,56.119],[143.574,55.879],[144.594,56.021],[144.318,56.143],[144.221,56.375],[143.653,56.541],[143.823,56.621],[143.959,56.839],[144.246,56.805],[144.313,56.978],[144.195,57.048],[144.213,57.156],[144.031,57.151],[144.186,57.355],[144.194,57.56],[144.079,57.703],[144.303,57.671],[144.399,57.453],[144.946,57.585],[145.039,57.415],[144.982,57.339],[144.49,57.379],[144.507,57.269],[144.894,57.055],[144.855,56.744],[144.99,56.839],[145.11,56.791],[145.266,57.058],[145.518,57.103],[145.347,56.567],[145.452,56.476],[145.769,56.463],[146.574,56.719],[146.701,56.599],[146.623,56.479],[146.671,56.244],[147.438,56.1],[147.918,56.248],[147.264,56.242],[146.886,56.527],[147.124,56.632],[147.681,56.65],[147.973,56.375],[148.108,56.43],[148.709,56.29],[148.783,56.035],[149.598,56.095],[149.791,55.999],[149.941,56.274],[149.862,56.431],[149.745,56.402],[149.75,56.488],[149.949,56.602],[150.02,56.573],[150.032,56.241],[150.167,56.083],[150.294,56.095],[150.318,56.287],[150.585,56.216],[150.855,56.316],[150.736,56.528],[151.033,56.699],[150.39,57.007],[150.884,57.067],[150.914,57.152],[150.734,57.277],[150.942,57.271],[151.076,57.448],[151.575,57.684],[151.566,57.895],[151.806,57.751],[151.782,57.991],[152.094,57.799],[152.486,57.808],[153.339,58.199],[154.311,58.4],[154.348,58.262],[155.599,58.663],[155.934,58.663],[156.77,59.226],[157.063,59.119],[156.654,58.735],[156.27,58.615],[156.222,58.447],[155.75,57.968],[155.652,57.984],[155.622,58.207],[155.503,58.174],[155.455,58.044],[155.623,57.844],[155.407,57.511],[155.415,57.379],[154.368,56.929],[154.207,56.256],[154.385,55.908],[154.536,55.214],[154.428,54.911],[154.646,54.659],[154.375,54.415],[154.407,53.806],[154.697,53.452],[154.758,53.191],[154.638,52.999],[154.83,52.855],[154.764,52.634],[155.063,52.373],[155.094,52.159],[155.382,52.111],[155.622,51.895],[155.766,51.895],[156.342,51.319],[155.862,50.743],[155.716,50.751],[155.646,50.479],[155.178,50.312],[154.978,49.96],[155.19,49.783],[155.502,49.855],[155.777,49.789],[155.526,49.471],[155.31,49.375],[155.502,49.111],[155.694,49.399],[156.444,49.781],[156.438,50.119],[156.534,50.263],[157.326,50.479],[158.022,51.223],[158.478,51.895],[158.798,52.159],[158.755,52.749],[159.054,52.903],[159.582,52.711],[159.922,52.919],[160.398,52.687],[160.678,52.766],[160.275,53.1],[160.207,53.287],[160.254,53.623],[160.605,53.614],[160.422,53.815],[160.478,54.031],[160.83,54.079],[161.166,54.319],[161.64,54.383],[162.299,54.686],[162.27,54.895],[162.054,55.087],[161.935,55.359],[162.135,55.777],[162.39,55.807],[162.438,56.071],[162.606,56.143],[162.846,55.927],[163.136,55.901],[163.273,56.105],[163.59,56.161],[163.718,56.325],[163.451,56.459],[163.518,56.599],[163.402,56.822],[163.057,56.87],[163.326,57.031],[163.278,57.199],[163.494,57.271],[163.304,57.49],[163.83,57.727],[163.502,57.949],[163.886,58.086],[163.998,58.279],[163.92,58.468],[164.991,58.947],[165.233,59.322],[165.342,59.263],[165.318,59.167],[165.442,59.336],[165.613,59.331],[165.494,59.197],[165.552,59.084],[166.158,59.095],[166.512,59.344],[166.387,59.588],[166.542,59.575],[166.926,59.815],[167.694,59.863],[168.196,60.112],[169.989,59.834],[170.15,59.612],[170.273,59.598],[170.692,59.808],[170.929,60.04],[171.012,60.297],[171.994,60.65],[172.502,60.64],[173.028,60.874],[173.662,60.81],[174.198,60.895],[175.446,61.495],[176.776,61.84],[177.486,61.903],[177.645,61.824],[177.534,61.687],[177.702,61.543],[178.59,61.567],[178.441,61.479],[178.59,61.255],[179.022,60.991],[179.726,60.846],[180,60.93],[180,52.449],[179.794,52.444],[179.344,51.957],[179.632,51.831],[180,52.024],[180,19.403]],[[170.015,58.611],[169.896,58.557],[169.94,58.455],[170.057,58.492],[170.015,58.611]],[[168.565,54.415],[167.376,55.041],[166.481,55.378],[166.123,55.47],[165.767,55.425],[165.52,55.596],[165.173,55.589],[165.154,55.442],[165.942,55.087],[166.712,54.499],[166.974,54.607],[167.126,54.44],[167.391,54.603],[167.598,54.487],[168.486,54.319],[168.688,54.188],[168.565,54.415]],[[179.578,54.439],[179.499,54.402],[179.626,54.143],[179.739,54.135],[179.805,54.281],[179.578,54.439]],[[171.079,53.047],[171.12,53.099],[170.804,53.328],[170.646,53.335],[170.885,53.029],[170.846,52.935],[171.079,53.047]],[[173.864,52.159],[174.061,52.33],[174.773,52.619],[172.892,53.126],[172.231,52.923],[172.646,52.753],[173.138,52.352],[173.864,52.159]],[[178.446,51.826],[178.676,51.98],[178.161,52.091],[178.084,52.054],[178.15,51.917],[177.894,51.991],[177.777,52.157],[176.802,52.116],[176.334,52.207],[175.978,52.416],[175.681,52.432],[176.602,51.936],[177.179,52.009],[177.223,51.933],[177.025,51.782],[177.073,51.729],[177.626,51.82],[178.375,51.655],[179.134,51.259],[179.55,51.343],[179.327,51.515],[178.446,51.826]],[[179.377,52.237],[178.964,52.157],[178.902,51.996],[179.342,52.076],[179.377,52.237]],[[175.851,51.64],[176.138,51.958],[176.083,52.074],[175.908,52.079],[175.878,51.919],[175.687,51.895],[175.521,51.746],[175.71,51.607],[175.851,51.64]],[[175.239,52.173],[175.34,52.219],[175.316,52.324],[175.175,52.269],[175.239,52.173]],[[154.226,48.82],[154.659,49.035],[154.69,49.21],[154.95,49.279],[155.015,49.638],[154.648,49.651],[154.386,49.051],[154.133,48.941],[153.896,49.006],[153.885,48.923],[154.037,48.857],[153.699,48.362],[153.94,48.485],[154.226,48.82]],[[154.453,47.98],[154.93,48.275],[155.047,48.703],[155.21,48.84],[155.182,48.953],[155.002,48.935],[154.855,48.631],[154.449,48.3],[154.453,47.98]],[[153.206,47.918],[153.386,48.038],[153.346,48.131],[153.116,48.123],[153.126,47.911],[152.959,47.839],[152.766,47.455],[153.149,47.741],[153.206,47.918]],[[154.533,49.665],[154.452,49.861],[154.285,49.743],[154.389,49.545],[154.533,49.665]],[[155.639,50.952],[155.494,50.994],[155.418,50.875],[155.683,50.797],[155.742,50.887],[155.639,50.952]],[[151.959,55.291],[152.313,55.589],[151.796,55.348],[151.959,55.291]],[[144.804,55.332],[145.334,55.495],[146.094,55.351],[146.423,55.494],[146.555,55.408],[146.584,55.465],[146.262,55.663],[145.782,55.735],[145.686,55.903],[145.338,56.003],[145.683,56.317],[145.23,56.311],[144.933,56.455],[144.632,56.258],[145.093,56.076],[144.742,56.114],[144.512,55.498],[144.332,55.379],[144.804,55.332]],[[146.244,56.37],[146.31,56.119],[146.463,56.101],[146.478,56.359],[146.291,56.428],[146.244,56.37]],[[146.74,55.772],[146.883,55.819],[146.629,55.836],[146.74,55.772]],[[152.432,47.222],[152.719,47.407],[152.409,47.408],[152.432,47.222]],[[152.327,47.215],[152.153,47.208],[151.684,46.869],[151.692,46.785],[151.907,46.713],[152.346,47.091],[152.327,47.215]],[[149.282,45.47],[149.684,45.508],[149.912,45.632],[150.583,46.159],[150.894,46.255],[150.98,46.522],[150.848,46.535],[150.723,46.373],[150.485,46.283],[150.286,46.299],[149.623,45.895],[149.224,45.579],[149.282,45.47]],[[147.558,44.671],[148.901,45.317],[148.92,45.546],[148.615,45.631],[148.339,45.364],[148.278,45.559],[148.084,45.369],[147.907,45.466],[147.738,45.231],[147.448,45.157],[147.459,45.026],[147.076,44.818],[146.768,44.373],[147.017,44.293],[147.558,44.671]],[[149.753,45.231],[149.97,45.348],[149.782,45.329],[149.753,45.231]],[[149.094,45.199],[147.947,44.749],[148.092,44.495],[147.918,44.143],[148.23,44.239],[149.394,44.956],[149.37,45.062],[149.094,45.199]],[[139.471,34.807],[139.325,34.83],[139.299,34.691],[139.47,34.646],[139.471,34.807]],[[139.23,34.183],[139.534,34.494],[139.521,34.587],[139.264,34.55],[138.99,34.135],[139.23,34.183]],[[139.441,34.095],[139.579,34.034],[139.595,34.203],[139.441,34.095]],[[138.886,33.909],[138.962,34.087],[138.742,33.974],[138.788,33.838],[138.886,33.909]],[[139.626,33.922],[139.566,33.836],[139.649,33.84],[139.626,33.922]],[[139.298,33.62],[139.328,33.651],[139.298,33.681],[139.267,33.651],[139.298,33.62]],[[140.206,33.633],[140.046,33.535],[140.265,33.501],[140.206,33.633]],[[139.816,33.173],[139.636,33.125],[139.939,32.994],[139.816,33.173]],[[139.783,32.485],[139.757,32.501],[139.75,32.5],[139.726,32.472],[139.726,32.453],[139.74,32.427],[139.757,32.415],[139.774,32.411],[139.795,32.419],[139.8,32.456],[139.783,32.485]],[[140.056,31.471],[140.041,31.475],[140.011,31.445],[140.03,31.417],[140.045,31.413],[140.075,31.443],[140.056,31.471]],[[140.334,30.516],[140.317,30.522],[140.308,30.522],[140.289,30.515],[140.283,30.51],[140.271,30.485],[140.271,30.479],[140.276,30.464],[140.281,30.457],[140.306,30.443],[140.311,30.444],[140.323,30.445],[140.343,30.457],[140.35,30.466],[140.356,30.49],[140.343,30.51],[140.334,30.516]],[[130.173,30.515],[130.185,30.416],[130.271,30.423],[130.173,30.515]],[[130.183,30.692],[130.061,30.761],[129.983,30.565],[130.183,30.692]],[[130.233,30.735],[130.328,30.701],[130.488,30.826],[130.28,30.847],[130.233,30.735]],[[129.988,30.843],[129.975,30.863],[129.963,30.87],[129.957,30.874],[129.95,30.878],[129.943,30.881],[129.932,30.882],[129.923,30.881],[129.916,30.879],[129.906,30.873],[129.9,30.868],[129.896,30.866],[129.887,30.861],[129.883,30.857],[129.879,30.817],[129.881,30.814],[129.901,30.791],[129.917,30.785],[129.928,30.783],[129.939,30.783],[129.954,30.787],[129.965,30.792],[129.972,30.798],[129.981,30.807],[129.99,30.834],[129.988,30.843]],[[129.455,30.867],[129.431,30.878],[129.416,30.875],[129.398,30.839],[129.4,30.834],[129.42,30.812],[129.429,30.81],[129.449,30.818],[129.453,30.821],[129.455,30.867]],[[129.617,31.107],[129.8,31.332],[129.779,31.444],[129.638,31.43],[129.389,31.148],[129.617,31.107]],[[129.922,29.92],[129.929,29.919],[129.938,29.921],[129.95,29.924],[129.959,29.929],[129.966,29.934],[129.977,29.96],[129.964,29.985],[129.961,29.99],[129.955,29.995],[129.948,30.004],[129.946,30.008],[129.936,30.021],[129.931,30.025],[129.913,30.031],[129.892,30.024],[129.88,30.003],[129.876,29.998],[129.873,29.968],[129.873,29.96],[129.884,29.94],[129.89,29.935],[129.895,29.931],[129.904,29.926],[129.911,29.923],[129.922,29.92]],[[129.582,29.886],[129.58,29.915],[129.575,29.921],[129.566,29.93],[129.559,29.934],[129.55,29.938],[129.542,29.94],[129.536,29.94],[129.532,29.94],[129.525,29.939],[129.498,29.913],[129.497,29.906],[129.502,29.886],[129.507,29.877],[129.519,29.867],[129.526,29.863],[129.54,29.859],[129.549,29.861],[129.561,29.865],[129.582,29.886]],[[129.893,29.907],[129.83,29.839],[129.93,29.791],[129.893,29.907]],[[129.75,29.69],[129.745,29.691],[129.705,29.683],[129.698,29.679],[129.695,29.676],[129.689,29.67],[129.683,29.651],[129.682,29.639],[129.683,29.625],[129.683,29.624],[129.684,29.623],[129.684,29.622],[129.684,29.621],[129.684,29.62],[129.685,29.619],[129.696,29.59],[129.7,29.585],[129.706,29.58],[129.712,29.578],[129.719,29.576],[129.725,29.577],[129.73,29.578],[129.734,29.579],[129.761,29.598],[129.771,29.61],[129.781,29.633],[129.782,29.636],[129.783,29.643],[129.783,29.649],[129.782,29.656],[129.77,29.679],[129.767,29.682],[129.763,29.685],[129.759,29.688],[129.754,29.69],[129.75,29.69]],[[129.62,29.495],[129.598,29.502],[129.582,29.498],[129.575,29.494],[129.563,29.479],[129.559,29.469],[129.56,29.445],[129.564,29.436],[129.572,29.426],[129.58,29.42],[129.6,29.413],[129.612,29.413],[129.642,29.436],[129.645,29.448],[129.643,29.468],[129.639,29.478],[129.632,29.488],[129.62,29.495]],[[129.371,29.249],[129.174,29.153],[129.291,29.1],[129.371,29.249]],[[129.294,27.967],[129.637,28.259],[130.086,28.231],[130.053,28.393],[129.861,28.426],[129.926,28.803],[129.763,28.825],[129.698,28.624],[129.151,28.327],[129.126,28.111],[128.865,27.896],[128.868,27.713],[129.019,27.629],[129.07,27.938],[129.294,27.967]],[[142.091,27.229],[142.088,26.618],[142.188,26.455],[142.26,26.607],[142.158,26.911],[142.304,27.12],[142.27,27.573],[141.983,27.978],[141.953,27.837],[142.158,27.444],[142.091,27.229]],[[127.245,25.902],[127.391,26.058],[127.576,26.0],[127.979,26.143],[128.094,26.431],[128.408,26.732],[128.38,26.843],[128.248,26.915],[127.902,26.743],[127.638,26.815],[127.592,26.738],[127.854,26.56],[127.578,26.326],[126.675,26.389],[126.811,26.245],[127.155,26.293],[127.165,25.955],[127.245,25.902]],[[131.279,25.907],[131.288,25.9],[131.296,25.896],[131.31,25.892],[131.312,25.892],[131.318,25.893],[131.334,25.898],[131.34,25.902],[131.349,25.912],[131.355,25.922],[131.354,25.953],[131.347,25.964],[131.33,25.977],[131.31,25.982],[131.302,25.984],[131.297,25.983],[131.285,25.982],[131.259,25.948],[131.261,25.936],[131.268,25.919],[131.279,25.907]],[[131.3,25.877],[131.273,25.899],[131.261,25.904],[131.253,25.906],[131.241,25.906],[131.235,25.905],[131.224,25.9],[131.219,25.896],[131.198,25.875],[131.187,25.857],[131.183,25.843],[131.183,25.837],[131.183,25.824],[131.184,25.819],[131.186,25.813],[131.19,25.809],[131.195,25.805],[131.233,25.79],[131.253,25.789],[131.26,25.79],[131.267,25.793],[131.273,25.798],[131.278,25.803],[131.282,25.811],[131.287,25.822],[131.287,25.825],[131.287,25.826],[131.287,25.827],[131.293,25.834],[131.296,25.836],[131.301,25.842],[131.303,25.845],[131.306,25.851],[131.307,25.858],[131.306,25.865],[131.304,25.872],[131.3,25.877]],[[127.22,26.547],[127.229,26.549],[127.236,26.549],[127.258,26.558],[127.266,26.565],[127.274,26.592],[127.272,26.602],[127.254,26.625],[127.245,26.629],[127.233,26.631],[127.228,26.631],[127.217,26.629],[127.203,26.622],[127.195,26.616],[127.188,26.608],[127.182,26.597],[127.19,26.558],[127.196,26.553],[127.215,26.547],[127.22,26.547]],[[127.986,26.866],[128.08,27.161],[127.789,26.998],[127.873,26.862],[127.986,26.866]],[[128.437,27.096],[128.366,27.041],[128.449,26.99],[128.437,27.096]],[[140.901,27.26],[140.881,27.275],[140.841,27.265],[140.831,27.231],[140.841,27.201],[140.876,27.191],[140.911,27.206],[140.911,27.231],[140.901,27.26]],[[128.704,27.484],[128.52,27.442],[128.506,27.347],[128.693,27.346],[128.704,27.484]],[[128.24,27.898],[128.23,27.9],[128.211,27.893],[128.2,27.864],[128.202,27.848],[128.213,27.829],[128.222,27.822],[128.242,27.815],[128.252,27.817],[128.272,27.841],[128.274,27.852],[128.264,27.88],[128.247,27.895],[128.24,27.898]],[[126.006,24.918],[126.192,25.326],[125.886,25.551],[125.743,25.279],[126.006,24.918]],[[141.248,25.408],[141.283,25.398],[141.318,25.413],[141.318,25.438],[141.308,25.468],[141.288,25.483],[141.248,25.473],[141.238,25.438],[141.248,25.408]],[[124.866,24.453],[125.643,24.756],[125.468,25.15],[125.207,25.102],[125.188,24.937],[125.003,24.732],[124.651,24.885],[124.617,24.67],[124.866,24.453]],[[141.282,24.698],[141.383,24.806],[141.273,24.8],[141.282,24.698]],[[123.871,24.176],[124.377,24.382],[124.39,24.619],[124.005,24.464],[123.756,24.51],[123.65,24.113],[123.806,24.024],[123.871,24.176]],[[153.948,24.263],[154.003,24.317],[153.913,24.324],[153.948,24.263]],[[141.464,24.258],[141.46,24.258],[141.443,24.253],[141.436,24.248],[141.425,24.211],[141.427,24.205],[141.442,24.189],[141.449,24.185],[141.463,24.182],[141.495,24.199],[141.498,24.205],[141.501,24.222],[141.5,24.229],[141.474,24.256],[141.464,24.258]],[[123.54,24.273],[123.427,24.205],[123.587,24.176],[123.54,24.273]],[[123.011,24.503],[122.915,24.425],[123.027,24.423],[123.011,24.503]],[[175.671,23.013],[175.583,22.963],[175.603,22.858],[175.696,22.893],[175.671,23.013]]]}},{"type":"Feature","properties":{},"geometry":{"type":"MultiPolygon","coordinates":[[[[89.999,90.0],[89.999,81.902],[89.269,81.936],[88.545,81.741],[88.23,81.583],[88.173,81.256],[88.059,81.152],[88.331,80.991],[88.327,80.863],[88.626,80.756],[89.263,80.754],[89.502,80.553],[89.232,80.206],[89.999,80.129],[89.999,80.024],[89.087,80.034],[88.976,80.233],[87.046,80.387],[86.981,80.341],[87.271,80.119],[87.271,79.975],[86.041,80.045],[86.639,79.652],[88.687,79.351],[88.828,78.969],[88.154,78.917],[86.959,79.015],[86.695,79.207],[86.419,79.217],[86.416,79.362],[86.293,79.458],[85.039,79.663],[84.799,79.855],[84.487,79.927],[84.487,80.071],[83.123,80.075],[82.818,80.194],[82.862,80.487],[82.303,80.599],[82.398,80.719],[82.303,80.863],[81.717,81.018],[81.663,81.194],[81.007,81.319],[80.791,81.511],[80.143,81.679],[75.247,81.535],[74.839,81.439],[74.153,81.159],[74.135,81.07],[74.406,80.947],[73.927,80.743],[73.987,80.661],[74.407,80.599],[73.879,80.407],[74.402,80.005],[74.479,79.591],[76.225,79.179],[76.259,78.917],[76.895,78.745],[77.203,78.514],[77.263,78.319],[77.094,78.127],[78.103,78.031],[78.438,77.935],[78.438,77.743],[77.942,77.524],[77.535,77.483],[77.455,77.329],[75.198,77.335],[74.959,77.215],[74.589,77.261],[73.831,77.119],[73.583,77.183],[73.518,77.088],[73.782,76.945],[73.759,76.872],[73.141,76.883],[73.246,76.718],[72.902,76.585],[72.021,76.569],[72.247,76.303],[72.433,76.26],[72.366,76.174],[71.143,76.279],[70.542,76.231],[70.183,76.327],[70.303,76.423],[70.237,76.505],[69.909,76.44],[69.909,76.305],[69.534,76.399],[69.42,76.322],[69.75,76.087],[70.788,76.011],[70.906,76.142],[71.241,76.104],[71.267,76.031],[71.095,76.015],[71.018,75.823],[71.359,75.631],[71.191,75.439],[70.009,75.484],[69.851,75.341],[69.164,75.467],[68.868,75.355],[69.068,75.293],[69.058,75.227],[68.631,75.268],[68.55,75.127],[68.143,74.959],[67.735,74.983],[67.424,74.888],[67.207,75.007],[66.916,74.997],[67.047,74.867],[67.0,74.758],[66.799,74.647],[66.527,74.72],[66.498,74.576],[66.315,74.746],[65.719,74.815],[65.359,74.719],[64.537,74.715],[64.517,74.653],[64.668,74.618],[64.578,74.56],[63.848,74.609],[63.841,74.515],[64.227,74.366],[63.513,74.316],[63.631,74.143],[63.27,74.029],[63.295,73.831],[63.031,73.831],[62.695,73.615],[62.334,73.591],[62.142,73.471],[61.647,73.489],[61.687,73.279],[61.448,73.271],[60.963,72.967],[59.344,72.687],[59.384,72.585],[59.969,72.531],[60.007,72.416],[59.551,72.439],[59.252,72.194],[58.682,72.051],[58.812,71.684],[58.771,71.57],[59.575,71.263],[59.965,71.23],[60.007,71.143],[59.935,70.975],[59.727,70.998],[59.61,70.796],[59.314,70.743],[59.263,70.639],[59.094,70.735],[58.098,70.874],[58.015,71.095],[58.032,70.967],[57.888,70.939],[57.151,71.383],[56.599,71.551],[55.903,72.151],[55.947,72.447],[56.479,72.847],[56.791,72.919],[57.223,73.279],[58.591,73.927],[59.359,74.023],[60.679,74.791],[62.063,75.088],[61.978,75.223],[61.721,75.27],[61.776,75.336],[63.639,75.668],[64.023,75.528],[67.926,76.072],[68.071,76.159],[69.185,76.196],[69.306,76.265],[69.24,76.462],[69.391,76.543],[69.26,76.648],[69.318,76.807],[68.119,77.191],[67.95,77.119],[67.206,77.138],[67.076,77.072],[67.225,76.987],[65.737,76.711],[65.908,76.573],[65.424,76.593],[65.027,76.775],[64.67,76.805],[63.703,76.663],[63.535,76.471],[63.247,76.423],[63.332,76.304],[62.969,76.239],[62.766,76.351],[61.882,76.479],[61.856,76.59],[61.999,76.687],[61.921,76.818],[62.067,77.077],[61.964,77.187],[62.022,77.237],[63.03,77.089],[63.117,77.268],[63.895,77.095],[64.018,77.22],[64.195,77.238],[64.368,77.174],[64.232,77.03],[65.047,77.023],[65.599,77.119],[65.822,77.252],[66.738,77.326],[65.075,77.613],[64.879,77.479],[64.867,77.612],[64.615,77.743],[62.846,77.656],[62.704,77.573],[62.657,77.244],[62.503,77.335],[61.334,77.341],[61.183,77.239],[61.183,77.047],[60.926,76.996],[60.96,76.927],[61.389,76.92],[61.531,77.08],[61.902,77.047],[61.831,76.807],[61.567,76.711],[61.743,76.577],[61.686,76.484],[61.395,76.505],[61.486,76.657],[61.422,76.718],[59.863,76.615],[59.391,76.463],[59.64,76.325],[59.508,76.249],[58.903,76.183],[58.508,76.038],[58.43,76.214],[57.62,76.145],[57.707,76.301],[57.906,76.307],[58.009,76.617],[58.135,76.687],[57.601,77.057],[57.463,76.831],[57.127,76.831],[57.113,76.983],[56.287,77.095],[56.215,77.215],[56.167,77.071],[55.741,77.092],[55.591,76.951],[55.3,76.937],[55.032,76.793],[54.727,76.807],[54.01,76.465],[53.815,76.591],[53.735,76.388],[53.446,76.265],[52.911,76.257],[52.906,76.023],[52.236,75.952],[52.447,75.823],[52.371,75.682],[52.039,75.655],[51.535,75.391],[51.223,75.367],[50.815,75.151],[50.839,74.959],[50.623,74.935],[50.503,74.767],[49.975,74.671],[49.718,74.523],[49.528,74.538],[49.327,74.695],[48.535,74.647],[48.304,74.719],[48.225,74.669],[48.295,74.623],[48.246,74.507],[48.093,74.585],[47.609,74.57],[47.551,74.647],[47.134,74.482],[48.489,74.188],[48.559,74.023],[48.823,74.023],[48.679,73.951],[48.722,73.896],[49.063,73.975],[49.542,73.855],[50.029,73.873],[50.145,74.047],[50.372,73.882],[50.575,73.879],[50.743,73.999],[51.581,74.127],[51.631,74.371],[52.615,74.431],[52.615,74.575],[52.891,74.914],[52.864,75.07],[53.071,75.199],[54.452,75.392],[55.111,75.391],[54.92,75.132],[54.323,74.892],[54.127,74.599],[54.199,74.407],[54.055,74.287],[53.119,73.975],[52.831,73.999],[52.782,74.143],[52.584,74.058],[52.375,74.263],[52.279,74.01],[52.032,74.085],[52.075,73.917],[52.44,73.775],[52.091,73.599],[52.039,73.471],[51.825,73.445],[51.799,73.235],[51.535,73.063],[50.857,73.042],[50.858,72.656],[49.879,72.631],[49.21,72.433],[48.991,72.535],[48.87,72.415],[48.445,72.489],[48.426,72.581],[48.597,72.644],[48.555,72.693],[47.528,72.729],[47.344,72.553],[47.328,72.379],[47.071,72.487],[46.369,72.416],[46.387,72.334],[46.558,72.358],[46.621,72.278],[46.159,72.055],[45.391,72.007],[45.247,72.079],[44.119,71.839],[43.903,71.551],[43.408,71.28],[41.304,71.313],[40.714,71.153],[40.495,70.807],[40.087,70.639],[40.063,70.447],[39.139,70.269],[38.983,70.399],[38.801,70.298],[38.223,70.397],[38.256,70.617],[37.975,70.591],[37.577,70.729],[37.327,71.071],[36.247,71.411],[34.952,71.474],[34.25,71.391],[34.276,71.25],[33.714,71.227],[33.583,70.975],[32.935,70.975],[33.379,70.73],[33.452,70.855],[33.527,70.823],[33.559,70.687],[33.847,70.543],[33.672,70.384],[33.703,70.313],[34.063,70.327],[34.087,70.495],[34.209,70.575],[34.234,70.322],[34.471,70.327],[34.891,70.017],[35.173,70.077],[35.073,69.958],[35.179,69.821],[35.118,69.756],[34.591,69.764],[34.514,69.842],[34.652,69.875],[34.598,69.954],[34.282,69.941],[34.207,70.063],[33.967,69.943],[33.847,70.063],[33.679,70.039],[32.338,70.455],[32.266,70.426],[32.382,70.28],[32.323,70.206],[31.573,70.195],[31.671,70.077],[31.612,69.931],[31.308,70.009],[30.686,69.845],[29.795,69.961],[29.719,70.039],[30.607,70.015],[31.398,70.369],[31.111,70.615],[29.211,71.024],[28.505,70.796],[28.807,71.047],[28.218,71.222],[27.322,71.207],[27.055,71.071],[27.079,70.807],[26.944,70.684],[26.803,70.727],[26.884,70.882],[26.743,71.023],[26.075,70.844],[26.057,70.946],[26.431,71.119],[26.239,71.167],[25.039,71.239],[23.794,71.186],[23.756,71.009],[23.511,70.872],[23.551,71.023],[23.458,71.089],[22.303,70.999],[21.629,70.668],[21.615,70.588],[22.039,70.447],[22.508,70.498],[22.708,70.429],[22.213,70.337],[21.341,70.466],[21.036,70.402],[20.927,70.269],[20.858,70.362],[20.959,70.399],[21.012,70.659],[20.128,70.825],[20.767,70.999],[21.075,70.824],[21.32,70.812],[21.799,70.999],[21.737,71.131],[20.935,71.167],[20.624,71.291],[20.543,71.248],[20.575,71.095],[20.023,71.023],[19.855,71.143],[19.91,71.339],[19.711,71.479],[19.575,71.3],[18.967,71.071],[18.847,71.119],[18.322,70.969],[18.607,70.783],[20.091,70.599],[19.671,70.452],[19.297,70.55],[17.335,70.45],[17.354,70.369],[18.298,70.114],[18.198,70.046],[18.079,70.135],[17.311,70.207],[16.759,69.943],[17.863,69.823],[17.683,69.683],[16.856,69.788],[16.231,69.682],[16.669,69.373],[16.258,69.014],[16.116,69.072],[16.28,69.355],[16.188,69.423],[15.174,69.341],[14.275,69.082],[14.428,68.869],[14.197,68.972],[14.191,69.055],[14.047,68.983],[13.84,69.078],[13.295,68.845],[12.752,68.743],[12.663,68.634],[11.959,68.551],[10.783,68.167],[10.735,67.999],[10.399,67.855],[10.495,67.663],[10.471,67.447],[10.255,67.423],[10.543,67.135],[10.827,67.111],[11.888,67.325],[12.35,67.308],[12.751,67.567],[14.335,68.095],[15.415,68.215],[15.175,68.047],[14.362,67.799],[14.227,67.488],[14.047,67.543],[13.633,67.365],[13.36,67.38],[13.495,67.231],[13.444,67.135],[12.698,66.961],[11.787,66.548],[11.741,66.427],[12.082,66.365],[12.091,66.278],[11.671,66.247],[11.363,66.06],[11.386,65.787],[11.023,65.623],[10.999,65.455],[10.759,65.359],[10.831,65.215],[10.625,65.211],[10.279,64.831],[10.375,64.663],[10.135,64.519],[10.244,64.49],[10.566,64.673],[10.749,64.617],[10.231,64.447],[10.083,64.308],[9.973,64.345],[9.751,64.039],[9.292,63.763],[9.14,63.721],[9.056,63.794],[9.532,64.177],[9.47,64.26],[8.911,64.207],[8.047,63.871],[8.191,63.751],[8.167,63.583],[8.013,63.678],[7.663,63.535],[7.519,63.343],[7.303,63.439],[6.805,63.444],[6.74,63.295],[5.55,63.332],[4.977,62.889],[3.649,62.533],[3.744,62.284],[4.39,61.8],[4.351,61.663],[4.445,61.447],[4.373,61.03],[4.551,60.907],[4.951,60.103],[4.975,59.695],[4.831,59.575],[4.807,59.311],[5.172,59.075],[5.383,59.143],[5.12,58.881],[5.716,58.456],[6.469,58.234],[6.527,58.082],[6.943,57.943],[7.639,57.943],[8.503,58.135],[9.878,58.903],[9.943,58.807],[10.146,58.874],[10.656,58.479],[10.861,58.009],[10.491,58.153],[9.775,58.063],[9.199,57.847],[7.599,57.516],[6.559,57.607],[5.191,58.111],[4.663,58.159],[3.718,58.619],[3.487,58.999],[3.462,59.39],[3.295,59.671],[3.223,60.487],[2.943,60.835],[1.315,61.782],[0.871,61.735],[0.799,61.879],[0.559,61.999],[0.064,61.841],[0.083,61.687],[-0.0,61.619],[-0.001,90.0],[89.999,90.0]],[[45.953,82.079],[46.807,81.884],[46.541,81.723],[44.623,81.871],[44.341,82.036],[43.103,82.027],[43.495,81.823],[44.887,81.474],[44.924,81.339],[44.695,81.127],[44.959,80.959],[45.845,80.829],[44.527,80.695],[45.031,80.551],[45.855,80.524],[46.085,80.41],[47.433,80.564],[47.695,80.719],[48.412,80.623],[47.357,80.474],[47.537,80.414],[47.514,80.346],[47.239,80.407],[46.589,80.29],[47.231,80.117],[47.626,80.197],[47.626,80.042],[48.295,80.023],[49.11,80.143],[49.008,80.325],[49.189,80.345],[49.487,80.176],[48.599,79.934],[50.359,79.591],[51.99,79.759],[52.255,79.951],[51.511,80.023],[51.198,80.143],[50.55,80.09],[50.791,80.239],[50.431,80.311],[50.38,80.467],[50.188,80.441],[51.77,80.686],[51.655,80.791],[51.025,80.809],[51.073,80.863],[50.973,80.962],[50.528,80.97],[50.99,81.076],[51.055,81.175],[50.964,81.239],[50.374,81.315],[49.682,81.099],[48.416,81.012],[48.252,81.15],[49.236,81.32],[49.201,81.473],[48.843,81.639],[49.439,81.767],[49.346,82.04],[47.863,82.207],[45.953,82.079]],[[56.023,81.105],[55.725,81.049],[54.26,81.144],[54.007,81.031],[54.354,80.921],[53.81,80.897],[53.743,80.815],[55.256,80.718],[55.538,80.609],[56.204,80.581],[56.414,80.452],[55.755,80.446],[55.924,80.228],[55.684,80.094],[55.943,79.954],[55.783,79.927],[55.727,79.787],[55.071,79.806],[55.058,79.737],[55.993,79.662],[55.886,79.838],[57.236,79.947],[57.374,80.088],[57.655,79.975],[57.939,80.007],[58.5,80.141],[58.667,80.286],[58.782,80.185],[58.61,80.069],[57.775,79.831],[57.124,79.871],[56.935,79.735],[56.374,79.673],[57.535,79.591],[58.112,79.819],[58.394,79.659],[58.94,79.657],[58.87,79.827],[58.966,79.865],[59.143,79.735],[59.67,79.729],[60.036,79.59],[60.079,79.507],[59.975,79.372],[60.135,79.268],[59.503,79.231],[58.477,79.47],[57.463,79.447],[57.459,79.364],[57.701,79.321],[57.487,79.255],[57.033,79.386],[54.654,79.55],[54.823,79.327],[55.327,79.183],[54.418,79.033],[59.164,79.028],[59.407,78.943],[61.076,79.182],[60.958,79.306],[60.295,79.405],[60.375,79.446],[61.489,79.359],[61.967,79.135],[60.714,79.031],[60.535,78.895],[59.975,78.918],[59.646,78.791],[60.295,78.601],[60.173,78.424],[60.247,78.381],[60.558,78.631],[61.03,78.511],[61.482,78.547],[61.793,78.69],[61.739,78.762],[61.102,78.805],[61.052,78.929],[61.994,78.922],[62.746,79.048],[62.803,79.088],[62.696,79.208],[64.288,79.602],[64.365,79.735],[64.303,79.927],[64.499,80.06],[64.096,80.11],[64.135,80.215],[63.456,80.041],[63.338,80.085],[63.429,80.179],[63.254,80.186],[63.175,80.023],[62.693,79.966],[63.189,79.905],[63.061,79.817],[61.177,79.871],[60.607,79.746],[59.974,79.75],[60.248,79.851],[60.254,80.114],[61.927,80.263],[61.976,80.323],[61.815,80.384],[62.766,80.575],[63.079,80.527],[63.186,80.386],[64.398,80.322],[65.254,80.405],[65.858,80.62],[65.934,80.911],[65.526,81.223],[64.997,81.389],[63.366,81.247],[63.302,81.129],[62.715,81.24],[62.455,81.031],[61.822,80.952],[61.727,81.001],[61.881,81.116],[61.825,81.187],[60.686,81.148],[59.797,81.009],[59.196,80.668],[58.892,80.683],[59.301,81.051],[61.14,81.3],[61.004,81.423],[60.415,81.415],[60.295,81.631],[60.097,81.65],[60.703,81.727],[60.863,81.812],[60.812,81.869],[60.031,81.775],[59.959,81.631],[59.431,81.655],[59.803,81.876],[61.055,82.109],[60.961,82.19],[57.768,81.887],[57.874,81.684],[58.099,81.669],[58.166,81.57],[57.401,81.694],[56.657,81.57],[56.612,81.444],[56.143,81.463],[56.209,81.308],[56.143,81.391],[54.938,81.442],[54.73,81.34],[53.212,81.355],[53.508,81.233],[55.375,81.223],[56.023,81.105]],[[61.974,81.919],[61.079,81.733],[61.016,81.647],[61.372,81.499],[63.126,81.463],[64.687,81.703],[64.063,81.895],[61.974,81.919]],[[62.556,80.249],[62.481,80.115],[63.042,80.138],[62.886,80.263],[62.556,80.249]],[[62.021,80.187],[61.663,80.095],[61.974,80.08],[62.021,80.187]],[[57.008,78.446],[55.974,78.387],[56.117,78.256],[56.815,78.199],[57.058,78.343],[57.008,78.446]],[[55.724,78.239],[55.063,78.271],[54.864,78.047],[55.111,77.983],[55.245,77.837],[55.522,77.908],[56.473,77.813],[56.469,78.015],[56.933,78.055],[56.852,78.123],[55.756,78.093],[55.325,77.956],[55.253,78.05],[55.724,78.239]],[[41.107,79.202],[40.531,79.307],[39.221,79.08],[39.041,78.964],[38.497,78.94],[38.455,78.751],[38.823,78.833],[38.883,78.758],[38.215,78.607],[35.815,78.599],[35.143,78.223],[34.783,78.151],[34.699,78.03],[34.011,77.932],[33.317,78.016],[33.463,78.127],[33.533,78.368],[34.447,78.511],[34.653,78.668],[33.379,78.484],[33.233,78.379],[33.343,78.343],[33.343,78.223],[32.955,78.158],[33.281,78.055],[33.199,77.891],[33.285,77.665],[32.592,77.752],[32.481,77.629],[32.28,77.619],[32.084,77.41],[31.797,77.598],[31.019,77.243],[30.419,77.416],[29.921,77.295],[29.835,77.341],[29.878,77.469],[29.551,77.551],[29.535,77.665],[29.198,77.563],[28.634,77.649],[28.289,77.584],[27.91,77.783],[28.002,77.967],[28.315,77.947],[28.268,78.059],[26.512,78.124],[26.38,78.336],[26.536,78.457],[26.787,78.388],[27.902,78.443],[29.126,78.703],[29.191,78.583],[29.023,78.463],[29.224,78.349],[30.605,78.398],[30.675,78.49],[30.405,78.557],[29.718,78.577],[31.179,78.893],[31.259,79.04],[31.649,78.879],[31.864,78.942],[32.407,78.871],[32.808,79.085],[34.063,79.221],[31.879,79.327],[29.503,79.159],[29.095,79.255],[26.623,79.135],[25.386,78.96],[25.659,78.699],[25.497,78.75],[25.322,78.655],[25.159,78.727],[25.048,78.611],[24.533,78.615],[24.297,78.846],[24.071,78.853],[24.058,78.926],[27.303,79.441],[27.639,79.596],[28.435,79.633],[28.495,79.754],[28.399,79.999],[28.943,80.065],[28.831,80.311],[29.15,80.325],[29.318,80.489],[28.761,80.521],[28.937,80.632],[28.111,80.647],[27.991,80.791],[26.935,81.055],[26.616,81.008],[26.317,81.127],[26.056,81.059],[25.879,81.151],[25.141,81.198],[24.895,81.319],[24.639,81.249],[24.384,81.369],[24.007,81.247],[23.92,81.126],[23.815,81.319],[23.605,81.249],[23.455,81.343],[23.339,81.244],[21.84,81.286],[21.631,81.175],[19.255,81.127],[17.719,80.911],[17.432,80.781],[16.117,80.642],[16.834,80.262],[17.623,80.119],[17.747,80.007],[17.649,79.944],[16.288,80.286],[16.004,80.219],[15.836,80.388],[14.921,80.72],[13.974,80.67],[13.699,80.608],[13.594,80.424],[12.572,80.427],[12.391,80.335],[12.125,80.425],[11.756,80.298],[11.407,80.383],[11.099,80.272],[11.193,80.009],[10.775,79.973],[9.354,79.545],[8.811,79.524],[8.407,79.351],[8.911,79.135],[9.044,78.987],[11.014,79.068],[9.131,78.831],[9.175,78.762],[9.607,78.751],[9.703,78.415],[10.065,78.303],[10.876,78.365],[11.71,78.152],[12.215,78.148],[12.199,78.343],[12.402,78.377],[12.727,78.199],[13.689,78.162],[13.567,78.079],[12.799,78.007],[9.564,78.115],[9.762,77.957],[10.615,77.767],[11.716,77.765],[11.719,77.599],[12.079,77.599],[11.791,77.407],[12.151,77.383],[12.162,77.209],[12.319,77.191],[12.241,77.349],[12.308,77.426],[12.993,77.454],[13.2,77.323],[12.6,77.115],[12.774,77.015],[13.451,77.106],[13.337,76.924],[14.239,76.567],[14.911,76.543],[15.391,76.351],[16.029,76.261],[15.913,76.163],[15.321,76.125],[14.983,75.991],[15.726,75.899],[15.733,75.824],[15.247,75.628],[15.391,75.439],[15.664,75.348],[15.603,75.204],[15.668,75.1],[15.895,75.079],[16.022,74.962],[17.084,74.933],[17.791,75.007],[17.935,75.128],[18.151,75.031],[18.223,74.887],[18.593,74.826],[18.607,74.767],[18.151,74.767],[17.909,74.551],[18.175,74.311],[17.879,74.162],[17.889,74.092],[18.079,73.927],[18.463,73.831],[19.119,73.85],[19.423,73.951],[20.478,73.898],[20.613,74.058],[20.822,74.038],[21.003,74.202],[22.063,74.239],[24.847,74.671],[25.94,75.241],[26.205,75.163],[26.935,75.607],[28.021,75.687],[27.417,75.781],[27.36,75.886],[27.071,75.974],[27.126,76.094],[27.631,76.135],[28.018,75.848],[28.069,76.014],[28.498,75.901],[28.759,76.087],[28.738,76.235],[29.102,76.428],[28.659,76.405],[28.801,76.751],[29.01,76.879],[28.876,77.127],[29.183,77.024],[29.359,77.071],[29.895,76.787],[30.079,76.951],[30.189,76.708],[30.933,76.956],[31.111,76.855],[32.191,76.807],[33.731,76.484],[33.972,76.601],[34.5,76.517],[34.831,76.653],[36.655,76.759],[36.899,76.866],[37.327,76.783],[37.903,76.903],[39.328,76.954],[39.487,76.759],[39.367,77.023],[39.689,77.164],[39.415,77.239],[39.007,77.167],[38.417,77.412],[38.146,77.241],[37.903,77.359],[37.422,77.364],[36.559,77.575],[37.01,77.668],[36.951,77.811],[37.255,77.887],[37.794,77.832],[37.592,77.697],[37.686,77.627],[38.416,77.731],[38.453,77.815],[38.237,77.956],[37.703,78.015],[38.671,78.199],[38.863,78.295],[38.952,78.484],[40.07,78.729],[40.173,78.83],[40.078,78.969],[40.303,78.991],[40.47,79.135],[41.215,79.108],[41.107,79.202]],[[44.162,79.104],[44.258,79.02],[45.141,79.135],[45.387,79.034],[44.362,78.956],[44.525,78.808],[44.263,78.655],[44.417,78.61],[45.886,78.922],[45.966,78.789],[46.855,78.895],[47.624,79.238],[44.905,79.666],[44.441,79.642],[44.143,79.495],[43.947,79.248],[44.144,79.212],[44.162,79.104]],[[31.022,79.563],[33.283,79.887],[38.613,79.926],[38.841,80.061],[38.582,80.127],[39.191,80.132],[39.995,80.341],[39.759,80.5],[39.482,80.517],[39.553,80.674],[38.999,80.757],[39.239,80.944],[39.202,81.042],[38.486,81.201],[37.893,81.172],[37.608,81.051],[34.849,81.128],[34.218,81.367],[33.523,81.272],[32.867,81.44],[32.153,81.377],[32.023,81.511],[31.855,81.415],[30.136,81.458],[29.774,81.232],[29.696,80.991],[30.427,80.628],[30.46,80.446],[30.174,80.424],[30.124,80.327],[30.507,80.156],[30.285,80.08],[30.127,79.879],[29.551,79.759],[30.162,79.719],[30.001,79.552],[30.091,79.482],[31.022,79.563]],[[53.4,79.106],[53.887,79.087],[53.822,79.24],[54.199,79.375],[53.044,79.41],[53.033,79.323],[53.196,79.3],[53.4,79.106]],[[57.75,78.487],[58.28,78.49],[57.657,78.595],[57.538,78.533],[57.75,78.487]],[[55.742,78.447],[55.591,78.391],[55.857,78.426],[55.742,78.447]],[[58.096,77.686],[57.38,77.568],[57.307,77.358],[57.388,77.333],[57.535,77.479],[57.622,77.352],[58.159,77.359],[58.259,77.542],[58.096,77.686]],[[39.899,76.781],[40.917,76.796],[41.068,76.7],[41.117,76.878],[41.021,76.97],[40.303,76.997],[39.899,76.781]],[[38.515,76.156],[38.147,76.151],[37.999,76.063],[38.514,76.016],[38.602,76.088],[38.515,76.156]],[[36.583,75.875],[36.154,75.798],[35.454,75.857],[35.349,75.701],[34.578,75.779],[33.568,75.516],[33.564,75.339],[33.295,75.199],[31.975,75.103],[31.423,74.887],[32.341,74.522],[32.983,74.695],[33.127,74.575],[33.289,74.581],[33.926,74.79],[35.958,74.605],[36.038,74.492],[35.87,74.446],[35.902,74.377],[36.345,74.34],[36.655,74.191],[36.919,74.311],[36.995,74.164],[37.579,73.937],[38.191,74.071],[38.389,74.21],[38.462,74.105],[38.287,73.929],[38.623,74.071],[38.886,74.047],[38.935,73.9],[39.126,74.141],[39.536,73.99],[39.582,74.151],[39.74,74.175],[39.828,74.311],[40.033,74.086],[40.437,74.067],[40.434,74.253],[40.653,74.256],[40.616,74.409],[40.948,74.522],[40.734,74.617],[40.823,74.83],[40.429,74.921],[40.564,75.074],[39.566,75.228],[39.317,75.387],[38.817,75.293],[37.906,75.37],[37.854,75.445],[38.119,75.583],[36.775,75.775],[36.583,75.875]],[[32.435,74.326],[32.167,74.335],[32.273,74.237],[32.435,74.326]],[[32.636,74.334],[32.791,74.383],[32.551,74.383],[32.636,74.334]],[[17.323,74.152],[16.989,74.14],[16.632,73.991],[16.83,73.949],[17.323,74.152]],[[17.477,74.163],[17.479,74.383],[17.576,74.491],[17.455,74.671],[17.239,74.743],[16.884,74.694],[17.186,74.547],[17.477,74.163]],[[31.889,77.936],[31.961,77.837],[32.599,77.887],[32.769,78.048],[31.889,77.936]],[[53.552,80.062],[53.561,80.139],[53.772,80.193],[54.146,80.066],[54.608,80.134],[54.605,80.33],[54.823,80.335],[54.847,80.215],[55.018,80.181],[55.297,80.186],[55.591,80.335],[55.008,80.578],[53.885,80.64],[53.791,80.623],[53.769,80.467],[53.935,80.383],[53.691,80.336],[53.569,80.42],[53.583,80.615],[53.338,80.69],[53.077,80.635],[53.038,80.469],[52.351,80.575],[52.015,80.455],[52.375,80.047],[53.719,79.975],[53.552,80.062]],[[51.618,80.388],[51.289,80.319],[51.701,80.166],[51.618,80.388]],[[51.931,80.493],[51.747,80.438],[51.928,80.413],[51.931,80.493]],[[52.962,81.091],[52.537,81.087],[52.465,81.01],[52.703,80.885],[53.349,80.89],[52.962,81.091]],[[55.655,81.639],[55.498,81.758],[55.567,81.871],[55.275,81.943],[54.895,81.943],[54.841,81.822],[53.932,81.715],[54.607,81.727],[54.692,81.597],[55.655,81.639]],[[53.479,81.943],[52.834,81.921],[53.461,81.881],[53.479,81.943]],[[56.183,81.873],[55.804,81.801],[56.12,81.65],[56.432,81.812],[56.183,81.873]],[[56.673,81.748],[56.787,81.808],[56.503,81.847],[56.673,81.748]],[[36.261,73.289],[34.646,73.114],[34.539,72.977],[34.972,72.891],[35.881,73.109],[36.754,73.052],[36.943,73.255],[36.887,73.39],[36.683,73.474],[36.331,73.43],[36.261,73.289]],[[46.618,73.185],[46.459,73.115],[46.471,72.892],[46.561,72.912],[46.551,73.045],[46.85,73.103],[46.618,73.185]],[[47.052,72.547],[47.215,72.655],[47.024,72.641],[47.052,72.547]],[[17.452,71.276],[17.947,71.504],[17.719,71.215],[18.127,71.191],[18.487,71.431],[17.978,71.713],[17.551,71.527],[17.406,71.329],[17.452,71.276]],[[9.871,65.383],[10.025,65.218],[10.517,65.274],[10.261,65.395],[9.871,65.383]],[[8.695,64.423],[8.923,64.451],[9.319,64.783],[8.635,65.025],[8.369,65.006],[8.407,64.687],[8.513,64.604],[8.359,64.495],[8.695,64.423]],[[7.29,63.663],[7.735,63.799],[7.143,63.837],[7.29,63.663]],[[54.353,75.215],[54.031,75.151],[54.427,75.108],[54.353,75.215]],[[60.37,77.112],[60.009,76.96],[60.619,77.037],[60.37,77.112]],[[58.319,76.63],[58.641,76.634],[58.279,76.687],[58.319,76.63]],[[66.002,75.103],[66.151,75.151],[65.917,75.184],[66.002,75.103]],[[64.01,74.704],[64.255,74.767],[63.943,74.775],[64.01,74.704]],[[61.942,73.736],[62.142,73.807],[61.874,73.785],[61.942,73.736]],[[59.185,72.269],[59.243,72.388],[59.071,72.435],[59.185,72.269]]],[[[56.022677,81.105345],[56.022716,81.105292],[56.022594,81.10279],[56.022677,81.105345]]]]}},{"type":"Feature","properties":{},"geometry":{"type":"Polygon","coordinates":[[[-90.0,90.0],[-90.0,82.029],[-91.799,82.045],[-91.817,81.847],[-92.129,81.823],[-92.417,81.679],[-91.9,81.466],[-90.929,81.487],[-90.499,81.342],[-90.109,81.361],[-90.088,81.282],[-90.382,81.17],[-90.0,81.009],[-90.0,80.57],[-91.001,80.791],[-91.577,81.055],[-91.721,81.223],[-92.249,81.319],[-94.29,81.44],[-94.625,81.328],[-94.616,81.227],[-94.457,81.151],[-94.673,81.079],[-95.033,81.199],[-95.652,81.119],[-95.716,81.17],[-95.569,81.287],[-95.969,81.319],[-95.793,81.376],[-95.828,81.44],[-96.667,81.427],[-96.761,81.294],[-96.641,81.127],[-97.09,81.054],[-95.818,80.763],[-96.314,80.581],[-96.797,80.558],[-96.729,80.277],[-96.521,80.239],[-96.785,80.191],[-96.809,79.999],[-97.601,79.999],[-97.937,80.167],[-97.913,80.287],[-98.271,80.216],[-100.241,80.527],[-101.078,80.172],[-100.577,80.047],[-100.337,79.879],[-99.987,79.85],[-99.545,79.591],[-97.871,79.495],[-97.745,79.447],[-97.662,79.261],[-97.001,79.231],[-96.737,79.351],[-96.449,79.351],[-96.449,79.231],[-96.337,79.213],[-95.849,79.279],[-95.489,79.063],[-95.513,78.943],[-95.381,78.776],[-95.705,78.679],[-96.929,78.775],[-97.169,78.871],[-97.265,79.039],[-97.794,79.114],[-98.009,78.919],[-99.068,78.877],[-99.543,78.728],[-100.481,78.919],[-100.625,79.039],[-100.913,79.063],[-101.068,79.269],[-101.743,79.385],[-104.925,79.393],[-104.848,79.494],[-104.934,79.563],[-105.127,79.374],[-105.185,79.519],[-105.425,79.423],[-105.49,79.524],[-105.857,79.543],[-105.789,79.41],[-105.645,79.445],[-105.574,79.367],[-105.925,79.265],[-106.049,79.039],[-106.523,79.014],[-106.21,78.881],[-106.23,78.66],[-106.922,78.667],[-106.961,78.742],[-106.645,78.897],[-107.226,78.963],[-107.369,78.926],[-107.345,78.775],[-109.001,78.727],[-110.801,78.895],[-111.521,78.775],[-112.409,78.919],[-113.225,78.871],[-113.557,78.983],[-113.704,78.744],[-113.39,78.657],[-113.687,78.534],[-113.878,78.725],[-114.367,78.668],[-114.208,78.488],[-114.263,78.423],[-115.001,78.439],[-115.342,78.532],[-114.745,78.601],[-114.683,78.686],[-115.418,78.701],[-115.649,78.607],[-115.769,78.439],[-116.484,78.302],[-116.349,78.158],[-117.224,78.042],[-117.569,78.175],[-117.776,78.054],[-117.285,77.89],[-117.381,77.738],[-117.736,77.896],[-118.155,77.834],[-118.039,77.647],[-118.427,77.717],[-118.913,77.599],[-119.562,77.605],[-119.777,77.407],[-119.929,77.534],[-120.299,77.513],[-120.401,77.335],[-120.873,77.349],[-121.529,77.143],[-121.416,76.96],[-121.841,76.999],[-121.769,77.119],[-121.892,77.214],[-122.213,77.199],[-122.105,77.047],[-122.232,76.907],[-122.933,76.741],[-122.969,76.591],[-123.257,76.567],[-123.515,76.416],[-123.779,76.46],[-124.049,76.231],[-123.809,76.183],[-123.737,76.063],[-123.207,75.816],[-122.777,75.895],[-122.281,75.715],[-121.856,75.888],[-120.905,75.439],[-120.34,75.603],[-120.137,75.535],[-120.016,75.366],[-119.921,75.415],[-119.945,75.559],[-119.724,75.559],[-119.374,75.463],[-119.396,75.23],[-119.281,75.189],[-119.106,75.219],[-119.177,75.391],[-119.036,75.466],[-118.612,75.472],[-118.745,75.295],[-118.643,75.22],[-118.165,75.298],[-118.193,75.439],[-117.816,75.498],[-117.847,75.36],[-118.397,75.112],[-117.857,75.175],[-117.857,75.031],[-117.593,75.007],[-117.063,75.124],[-116.991,74.972],[-115.833,74.956],[-115.889,74.863],[-115.762,74.802],[-115.553,74.815],[-115.409,74.935],[-115.046,74.901],[-115.232,74.751],[-112.986,74.239],[-112.865,74.119],[-112.325,74.198],[-112.473,74.353],[-112.217,74.359],[-112.049,74.239],[-111.579,74.469],[-109.937,74.551],[-109.289,74.719],[-108.641,74.719],[-108.39,74.633],[-106.909,74.692],[-106.08,74.596],[-105.844,74.694],[-105.449,74.599],[-104.964,74.691],[-104.585,74.623],[-104.465,74.503],[-104.201,74.599],[-104.225,74.455],[-104.033,74.479],[-103.841,74.311],[-104.273,74.311],[-104.489,74.431],[-104.657,74.239],[-103.963,74.143],[-103.791,74.028],[-105.225,74.059],[-105.785,73.927],[-105.998,73.996],[-105.872,74.097],[-105.938,74.142],[-106.793,73.927],[-107.921,73.975],[-108.113,74.071],[-109.649,74.047],[-109.865,73.927],[-110.777,73.951],[-111.018,73.726],[-111.281,73.807],[-112.097,73.783],[-112.389,73.66],[-112.385,73.519],[-112.283,73.475],[-111.953,73.447],[-111.843,73.591],[-111.785,73.471],[-111.491,73.397],[-110.897,73.375],[-110.633,73.519],[-110.249,73.495],[-110.473,73.397],[-110.448,73.332],[-109.509,73.496],[-109.665,73.311],[-109.28,73.276],[-109.166,73.078],[-109.928,73.069],[-110.129,73.207],[-110.552,73.205],[-110.759,73.321],[-111.089,73.207],[-111.281,73.015],[-111.569,72.967],[-112.546,73.118],[-112.601,73.222],[-112.409,73.279],[-112.495,73.372],[-113.227,73.234],[-112.961,73.375],[-113.081,73.471],[-112.989,73.607],[-114.992,73.623],[-115.841,73.903],[-116.105,74.095],[-116.585,74.119],[-116.799,74.27],[-118.018,74.454],[-118.793,74.287],[-120.017,74.335],[-120.761,74.527],[-120.647,74.616],[-120.023,74.646],[-120.023,74.742],[-121.043,74.965],[-121.505,74.671],[-121.965,74.643],[-122.156,74.792],[-122.609,74.575],[-123.103,74.621],[-123.329,74.491],[-124.121,74.527],[-125.121,74.377],[-125.789,74.025],[-125.869,73.871],[-126.424,73.659],[-126.473,73.423],[-126.377,73.231],[-126.641,73.111],[-126.534,72.979],[-126.868,72.988],[-127.001,72.727],[-127.148,72.675],[-125.468,72.66],[-125.456,72.577],[-125.605,72.505],[-126.657,72.383],[-126.851,72.101],[-126.617,71.887],[-125.731,71.632],[-125.014,71.501],[-124.457,71.592],[-124.075,71.511],[-123.881,71.215],[-123.137,71.047],[-121.969,71.091],[-121.201,71.017],[-120.953,71.095],[-119.663,70.917],[-119.705,71.071],[-119.513,71.071],[-119.371,71.219],[-119.248,70.986],[-118.985,71.047],[-118.913,70.903],[-117.977,70.735],[-117.59,70.577],[-117.536,70.496],[-117.89,70.434],[-117.689,70.423],[-117.569,70.303],[-117.311,70.295],[-117.162,70.393],[-117.413,70.533],[-116.856,70.471],[-116.87,70.257],[-117.281,70.231],[-117.745,70.035],[-117.609,69.768],[-117.313,69.599],[-117.282,69.472],[-116.908,69.532],[-117.089,69.343],[-116.75,69.281],[-116.768,69.198],[-117.113,69.199],[-117.202,69.364],[-117.553,69.42],[-118.145,69.295],[-118.385,69.391],[-118.69,69.369],[-118.961,69.439],[-118.961,69.607],[-119.17,69.458],[-119.489,69.583],[-120.569,69.631],[-121.129,69.844],[-122.993,69.991],[-124.361,70.375],[-124.553,70.447],[-124.594,70.571],[-125.518,70.55],[-125.585,70.327],[-125.965,70.328],[-126.052,70.251],[-126.041,70.039],[-126.319,69.968],[-126.602,70.051],[-126.713,70.279],[-127.265,70.471],[-127.423,70.626],[-127.394,71.21],[-127.978,71.423],[-129.089,71.527],[-130.466,71.554],[-131.163,71.338],[-134.897,70.927],[-136.328,70.485],[-137.795,70.336],[-138.102,70.212],[-138.065,70.088],[-138.233,69.919],[-138.581,69.896],[-138.847,69.929],[-139.193,70.135],[-141.392,70.402],[-141.761,70.519],[-143.937,70.636],[-144.785,70.807],[-147.198,70.986],[-147.977,71.143],[-151.783,71.387],[-152.657,71.719],[-154.077,71.849],[-154.441,71.988],[-154.591,71.956],[-154.625,71.839],[-155.515,71.656],[-155.249,71.887],[-155.753,71.959],[-155.614,72.184],[-156.074,72.096],[-156.305,72.199],[-156.611,72.177],[-156.929,72.247],[-157.052,72.419],[-157.265,72.343],[-157.116,72.177],[-157.385,72.175],[-157.676,72.345],[-157.721,72.439],[-157.575,72.471],[-157.632,72.55],[-158.369,72.703],[-158.753,72.679],[-159.449,72.967],[-159.809,72.943],[-159.917,73.089],[-160.362,73.06],[-160.408,72.903],[-160.241,72.583],[-160.025,72.415],[-160.937,72.463],[-160.985,72.559],[-161.465,72.727],[-161.703,72.63],[-161.722,72.895],[-162.36,72.995],[-161.718,73.049],[-161.696,73.127],[-161.949,73.296],[-161.239,73.471],[-161.214,73.573],[-161.393,73.591],[-161.537,73.735],[-162.113,73.807],[-162.426,73.607],[-162.667,73.587],[-162.851,73.685],[-163.121,73.519],[-163.7,73.463],[-163.732,73.7],[-164.129,73.807],[-163.863,73.806],[-163.862,73.949],[-163.543,74.028],[-163.538,74.135],[-163.682,74.205],[-164.531,74.055],[-164.177,74.023],[-164.033,73.903],[-164.651,73.827],[-164.805,73.876],[-164.609,73.975],[-164.673,74.04],[-165.228,73.962],[-165.713,74.095],[-166.145,73.927],[-168.647,73.946],[-168.605,74.172],[-168.883,74.327],[-168.737,74.335],[-168.721,74.501],[-168.593,74.599],[-168.833,74.599],[-168.937,74.776],[-168.844,74.929],[-169.114,75.01],[-169.337,74.959],[-169.049,74.815],[-169.346,74.73],[-169.331,74.569],[-171.089,74.599],[-170.729,74.503],[-170.933,74.408],[-170.904,74.327],[-170.567,74.308],[-170.396,74.486],[-170.068,74.515],[-169.793,74.095],[-169.025,74.119],[-169.149,74.029],[-170.002,73.994],[-170.657,74.023],[-170.777,74.167],[-170.945,74.167],[-170.817,74.022],[-170.912,73.885],[-170.516,73.766],[-170.555,73.676],[-170.897,73.759],[-172.35,73.783],[-173.046,73.579],[-173.588,73.896],[-174.041,73.999],[-174.849,73.792],[-175.001,73.927],[-174.976,74.157],[-174.806,74.154],[-174.677,73.997],[-174.497,74.167],[-174.926,74.263],[-175.217,74.191],[-175.097,73.999],[-175.158,73.53],[-175.922,73.297],[-176.561,73.279],[-177.898,73.438],[-177.674,73.509],[-177.614,73.673],[-177.678,73.714],[-178.481,73.567],[-179.331,73.802],[-179.465,73.639],[-179.608,73.627],[-179.922,73.824],[-179.248,74.01],[-180.0,74.314],[-180.0,74.454],[-179.681,74.473],[-180.0,74.575],[-180.0,90],[-90.0,90.0]],[[-101.07,80.458],[-101.297,80.383],[-100.936,80.368],[-101.07,80.458]],[[-114.219,79.824],[-114.418,79.728],[-114.969,79.82],[-115.099,79.749],[-114.983,79.702],[-114.936,79.513],[-113.297,79.519],[-111.158,79.695],[-110.718,79.782],[-110.455,79.949],[-110.556,80.022],[-112.817,79.999],[-114.219,79.824]],[[-116.872,78.378],[-117.07,78.334],[-116.777,78.34],[-116.872,78.378]],[[-121.932,77.798],[-121.544,77.866],[-121.918,77.88],[-121.932,77.798]],[[-120.369,77.796],[-120.545,77.695],[-120.038,77.793],[-120.369,77.796]],[[-122.253,77.779],[-123.041,77.599],[-122.284,77.632],[-122.201,77.696],[-122.253,77.779]],[[-163.711,77.691],[-163.994,77.565],[-163.701,77.586],[-163.711,77.691]],[[-164.605,77.401],[-164.852,77.331],[-164.29,76.969],[-164.195,77.03],[-164.201,77.215],[-163.882,77.375],[-164.156,77.509],[-164.537,77.503],[-164.605,77.401]],[[-121.881,77.431],[-121.777,77.355],[-121.353,77.407],[-121.881,77.431]],[[-162.113,76.991],[-161.947,76.911],[-161.631,77.001],[-161.786,77.077],[-162.113,76.991]],[[-158.348,76.977],[-158.2,76.907],[-158.023,77.032],[-158.348,76.977]],[[-157.792,76.664],[-157.2,76.653],[-157.018,76.838],[-157.814,76.742],[-157.792,76.664]],[[-158.148,76.2],[-158.825,75.991],[-158.417,75.919],[-157.881,76.128],[-157.945,76.227],[-158.148,76.2]],[[-167.555,75.993],[-167.909,75.918],[-167.454,75.871],[-167.555,75.993]],[[-168.546,75.196],[-168.305,75.031],[-168.089,75.031],[-167.873,75.223],[-167.176,75.278],[-167.348,75.332],[-167.253,75.476],[-167.466,75.678],[-167.61,75.624],[-167.449,75.562],[-167.489,75.302],[-168.086,75.365],[-168.128,75.517],[-168.484,75.582],[-168.353,75.775],[-168.145,75.815],[-168.173,75.878],[-168.398,75.872],[-168.561,75.746],[-169.049,75.751],[-169.04,75.665],[-168.754,75.577],[-168.732,75.435],[-168.218,75.292],[-168.546,75.196]],[[-168.637,75.216],[-169.03,75.295],[-169.172,75.225],[-168.905,75.079],[-168.66,75.126],[-168.637,75.216]],[[-169.225,75.86],[-169.307,75.94],[-169.47,75.892],[-169.225,75.86]],[[-169.045,75.923],[-169.049,75.919],[-169.049,75.895],[-168.914,75.868],[-168.806,75.866],[-168.765,75.875],[-168.75,75.882],[-168.74,75.892],[-168.736,75.904],[-168.737,75.919],[-168.744,75.93],[-168.756,75.939],[-168.773,75.946],[-168.817,75.953],[-168.978,75.942],[-169.045,75.923]],[[-168.018,75.647],[-167.789,75.602],[-167.729,75.703],[-167.838,75.779],[-168.018,75.647]],[[-167.504,75.093],[-168.041,74.983],[-167.787,74.913],[-167.537,74.983],[-167.504,75.093]],[[-175.074,75.026],[-175.332,74.958],[-175.108,74.929],[-175.074,75.026]],[[-177.153,75.009],[-177.413,74.926],[-177.147,74.908],[-177.153,75.009]],[[-169.508,74.905],[-169.634,74.773],[-169.396,74.865],[-169.508,74.905]],[[-179.64,74.876],[-179.849,74.815],[-179.585,74.791],[-179.64,74.876]],[[-166.938,76.194],[-167.297,76.111],[-166.986,76.067],[-166.895,76.116],[-166.938,76.194]],[[-177.799,74.451],[-177.566,74.231],[-176.895,74.266],[-177.419,74.408],[-177.239,74.558],[-177.312,74.693],[-177.738,74.605],[-177.799,74.451]],[[-176.153,74.503],[-176.609,74.431],[-176.011,74.429],[-176.081,74.665],[-176.227,74.623],[-176.153,74.503]],[[-173.821,74.63],[-173.894,74.518],[-173.576,74.603],[-173.821,74.63]],[[-175.533,74.615],[-175.639,74.547],[-175.457,74.527],[-175.533,74.615]],[[-174.77,74.377],[-174.744,74.374],[-174.682,74.377],[-174.622,74.392],[-174.598,74.403],[-174.581,74.418],[-174.573,74.435],[-174.576,74.456],[-174.593,74.479],[-174.599,74.484],[-174.605,74.487],[-174.611,74.49],[-174.617,74.491],[-174.623,74.491],[-174.629,74.49],[-174.643,74.487],[-174.713,74.455],[-174.787,74.417],[-174.8,74.403],[-174.8,74.391],[-174.789,74.383],[-174.77,74.377]],[[-171.545,74.383],[-171.353,74.287],[-171.208,74.344],[-171.545,74.383]],[[-170.353,74.28],[-170.435,74.189],[-170.261,74.134],[-170.353,74.28]],[[-173.144,74.189],[-173.381,74.084],[-173.098,74.052],[-173.144,74.189]],[[-178.916,74.225],[-179.068,74.276],[-179.139,74.198],[-178.962,74.147],[-178.916,74.225]],[[-176.528,74.177],[-176.753,74.097],[-176.637,73.858],[-176.34,73.863],[-176.465,74.023],[-176.402,74.13],[-176.528,74.177]],[[-175.454,74.008],[-175.265,74.047],[-175.547,74.081],[-175.454,74.008]],[[-177.008,73.88],[-177.233,73.783],[-177.027,73.787],[-177.008,73.88]],[[-178.304,73.79],[-178.526,74.054],[-178.674,73.922],[-179.057,73.87],[-178.501,73.733],[-178.304,73.79]],[[-178.007,74.062],[-177.775,73.977],[-177.845,73.846],[-177.703,73.791],[-177.174,73.972],[-177.562,74.171],[-178.007,74.062]],[[-176.195,73.495],[-175.963,73.431],[-175.745,73.543],[-176.001,73.611],[-176.195,73.495]],[[-162.089,73.97],[-161.726,73.826],[-161.443,73.953],[-161.597,74.08],[-162.089,73.97]],[[-162.601,73.884],[-163.037,73.958],[-163.313,73.783],[-163.621,73.846],[-163.723,73.719],[-163.217,73.663],[-163.068,73.785],[-162.905,73.831],[-162.785,73.759],[-162.601,73.884]],[[-121.839,70.189],[-122.204,70.147],[-122.009,70.015],[-121.038,70.014],[-121.162,70.11],[-121.839,70.189]],[[-119.598,74.788],[-119.441,74.863],[-119.681,74.863],[-119.598,74.788]],[[-111.833,73.375],[-111.665,73.255],[-111.665,73.087],[-111.432,73.183],[-111.683,73.396],[-111.833,73.375]]]}},{"type":"Feature","properties":{},"geometry":{"type":"Polygon","coordinates":[[[155.442,78.82],[155.029,78.947],[159.126,79.015],[157.947,79.292],[155.681,79.377],[153.066,79.66],[152.054,79.867],[151.223,79.904],[150.344,79.857],[148.332,79.522],[143.991,79.668],[143.726,79.487],[142.542,79.183],[142.015,79.183],[141.496,79.334],[141.151,79.231],[140.742,79.279],[139.377,79.134],[139.167,79.015],[139.927,78.991],[140.742,78.775],[140.597,78.697],[140.085,78.722],[140.223,78.009],[140.198,77.305],[140.073,76.953],[139.814,76.906],[139.375,77.147],[138.702,77.335],[137.901,77.025],[137.67,76.855],[137.719,76.687],[137.384,76.628],[137.022,76.399],[136.878,76.159],[136.426,76.12],[136.279,75.994],[136.226,76.067],[136.331,76.263],[136.062,76.327],[135.943,76.495],[135.655,76.63],[135.132,76.63],[135.044,76.396],[134.838,76.471],[134.719,76.639],[134.391,76.447],[133.158,76.692],[133.162,76.769],[133.71,76.759],[134.157,76.613],[134.187,76.669],[133.839,76.854],[134.002,76.923],[134.287,76.711],[134.769,76.794],[134.719,76.951],[134.958,77.107],[134.445,77.188],[134.381,77.097],[134.551,77.071],[134.646,76.927],[134.359,76.951],[134.311,77.095],[133.998,77.119],[134.022,77.311],[133.662,77.263],[133.439,77.398],[133.32,77.305],[131.568,77.315],[131.047,77.095],[130.328,77.257],[129.825,77.149],[129.754,77.041],[129.98,76.86],[130.906,77.017],[131.006,76.748],[129.726,76.447],[127.649,76.892],[128.187,76.5],[128.23,76.409],[128.139,76.347],[127.615,76.399],[127.446,76.615],[127.158,76.351],[126.745,76.399],[126.75,76.543],[126.55,76.628],[126.895,76.615],[126.989,76.705],[126.918,76.903],[127.207,76.903],[127.518,77.047],[127.214,77.208],[125.549,77.061],[125.407,76.903],[124.951,76.879],[125.214,76.687],[124.983,76.607],[125.142,76.423],[124.878,76.389],[124.699,76.487],[124.662,76.396],[124.829,76.31],[124.806,76.239],[124.539,76.224],[124.399,76.375],[123.987,76.516],[123.606,76.375],[123.285,76.499],[121.83,76.279],[121.279,76.399],[121.447,76.567],[121.188,76.68],[121.233,76.738],[121.813,76.689],[122.599,76.807],[122.838,76.927],[123.295,76.927],[123.774,77.095],[123.012,77.306],[121.375,77.407],[121.207,77.311],[120.222,77.191],[118.902,77.215],[116.43,77.551],[116.072,77.465],[115.779,77.577],[115.747,77.497],[115.927,77.431],[116.019,77.279],[116.39,77.195],[116.238,77.143],[116.176,76.856],[116.046,76.779],[115.34,77.088],[115.354,77.161],[115.61,77.156],[115.555,77.282],[114.75,77.143],[114.411,77.408],[114.557,77.471],[114.823,77.263],[114.99,77.407],[115.59,77.503],[115.303,77.671],[114.654,77.671],[114.535,77.551],[114.414,77.599],[113.828,77.473],[113.67,77.744],[112.927,77.575],[112.063,77.623],[111.823,77.527],[111.142,77.702],[110.89,77.548],[109.606,77.603],[109.57,77.653],[109.735,77.719],[109.616,77.771],[108.151,77.575],[107.989,77.72],[108.039,77.871],[107.806,77.909],[107.803,77.976],[108.68,78.1],[109.655,78.097],[109.785,78.213],[109.567,78.439],[108.734,78.357],[107.836,78.432],[108.181,78.565],[107.821,78.631],[107.568,78.518],[107.079,78.533],[107.015,78.687],[105.752,78.642],[105.701,78.937],[106.306,78.989],[106.337,79.108],[105.583,79.471],[104.959,79.543],[101.204,79.512],[101.046,79.447],[101.216,79.241],[100.687,79.015],[100.35,78.991],[100.206,79.13],[100.398,79.375],[101.24,79.881],[103.569,80.054],[102.628,80.329],[100.953,80.375],[100.93,80.572],[100.422,80.695],[100.517,80.875],[100.04,80.928],[99.847,81.079],[98.948,81.131],[98.431,81.055],[97.639,81.223],[97.897,81.377],[97.851,81.452],[96.482,81.511],[96.079,81.439],[95.891,81.513],[95.599,81.439],[95.335,81.463],[95.151,81.621],[95.071,81.367],[94.718,81.332],[94.71,81.463],[94.95,81.583],[94.759,81.781],[93.846,81.799],[92.597,81.507],[92.496,81.66],[92.712,81.709],[92.668,81.778],[89.999,81.902],[89.999,90.0],[180,90],[180.0,74.74],[179.9,74.987],[179.37,74.927],[179.549,74.775],[179.5,74.703],[179.334,74.839],[178.852,74.893],[179.351,75.018],[178.926,75.103],[178.158,75.007],[178.134,74.887],[177.799,74.895],[177.439,74.729],[177.835,74.656],[177.815,74.573],[177.198,74.671],[176.863,74.503],[176.792,74.614],[177.357,75.028],[176.942,75.025],[176.433,74.766],[176.286,74.887],[175.981,74.931],[175.917,75.113],[176.166,75.295],[176.449,75.335],[176.329,75.423],[175.205,75.129],[174.811,75.175],[175.102,75.371],[174.674,75.496],[174.054,75.295],[173.623,75.343],[173.31,75.175],[172.934,75.166],[172.705,75.644],[173.106,75.738],[173.21,75.872],[172.576,75.769],[172.557,75.853],[172.806,75.919],[172.615,76.015],[172.734,76.111],[172.374,76.183],[171.265,75.927],[171.734,76.152],[171.534,76.279],[171.539,76.405],[171.291,76.447],[171.106,76.345],[171.36,76.154],[170.985,76.08],[170.908,76.099],[171.027,76.24],[170.978,76.29],[169.926,76.255],[169.614,76.353],[169.422,76.255],[169.544,76.065],[169.447,75.895],[169.789,75.742],[168.908,75.61],[168.367,75.78],[168.102,76.015],[168.53,76.238],[168.39,76.327],[168.482,76.439],[168.005,76.388],[167.454,76.615],[166.75,76.372],[166.248,76.642],[166.371,76.801],[165.709,76.845],[165.891,76.749],[165.836,76.665],[165.332,76.816],[165.495,77.004],[166.178,77.203],[165.888,77.279],[165.894,77.407],[165.56,77.412],[165.542,77.487],[165.678,77.561],[165.6,77.621],[164.946,77.49],[165.135,77.361],[165.039,77.307],[164.646,77.383],[164.712,77.518],[164.382,77.503],[164.31,77.383],[164.022,77.287],[164.18,77.131],[164.128,76.951],[163.395,76.98],[163.3,77.055],[163.463,77.217],[162.918,77.335],[162.823,77.479],[162.583,77.551],[162.636,77.628],[163.146,77.547],[163.782,77.671],[163.651,77.81],[163.134,77.983],[162.328,78.052],[161.742,77.935],[161.678,77.801],[161.516,77.794],[161.357,77.941],[160.638,78.199],[159.255,78.425],[159.003,78.591],[158.459,78.574],[158.3,78.71],[156.87,78.727],[156.222,78.847],[155.91,78.607],[154.975,78.651],[155.02,78.728],[155.593,78.765],[155.442,78.82]]]}},{"type":"Feature","properties":{},"geometry":{"type":"Polygon","coordinates":[[[-177.577,-43.38],[-177.576,-43.381],[-177.574,-43.383],[-177.573,-43.384],[-177.572,-43.384],[-177.569,-43.385],[-177.58,-43.383],[-177.581,-43.382],[-177.582,-43.382],[-177.581,-43.381],[-177.579,-43.38],[-177.577,-43.38]]]}},{"type":"Feature","properties":{},"geometry":{"type":"Polygon","coordinates":[[[-177.69,-43.721],[-177.691,-43.721],[-177.689,-43.721],[-177.69,-43.721]]]}},{"type":"Feature","properties":{},"geometry":{"type":"Polygon","coordinates":[[[-72.749,-41.66],[-72.699,-41.743],[-72.814,-41.747],[-72.785,-41.681],[-72.932,-41.582],[-72.828,-41.549],[-72.749,-41.66]]]}},{"type":"Feature","properties":{},"geometry":{"type":"Polygon","coordinates":[[[-72.946,-41.917],[-72.946,-41.915],[-72.945,-41.914],[-72.944,-41.913],[-72.942,-41.914],[-72.94,-41.914],[-72.929,-41.921],[-72.933,-41.919],[-72.937,-41.917],[-72.946,-41.917]]]}},{"type":"Feature","properties":{},"geometry":{"type":"Polygon","coordinates":[[[-59.052,-42.487],[-59.079,-42.375],[-58.877,-42.282],[-59.052,-42.487]]]}},{"type":"Feature","properties":{},"geometry":{"type":"Polygon","coordinates":[[[-59.489,-43.193],[-59.653,-43.195],[-59.585,-42.977],[-59.399,-43.088],[-59.489,-43.193]]]}},{"type":"Feature","properties":{},"geometry":{"type":"Polygon","coordinates":[[[-59.894,-43.422],[-60.239,-43.435],[-60.006,-43.214],[-59.849,-43.289],[-59.894,-43.422]]]}},{"type":"Feature","properties":{},"geometry":{"type":"Polygon","coordinates":[[[-74.368,-43.644],[-73.833,-43.646],[-73.741,-43.76],[-74.372,-43.814],[-74.489,-43.745],[-74.368,-43.644]]]}},{"type":"Feature","properties":{},"geometry":{"type":"Polygon","coordinates":[[[-60.632,-46.342],[-60.48,-46.396],[-60.777,-46.538],[-60.639,-46.091],[-60.632,-46.342]]]}},{"type":"Feature","properties":{},"geometry":{"type":"Polygon","coordinates":[[[-75.316,-47.795],[-75.251,-47.9],[-75.425,-47.993],[-75.443,-47.846],[-75.316,-47.795]]]}},{"type":"Feature","properties":{},"geometry":{"type":"Polygon","coordinates":[[[-75.553,-48.253],[-75.584,-48.396],[-75.689,-48.292],[-75.551,-48.002],[-75.615,-48.083],[-75.553,-48.253]]]}},{"type":"Feature","properties":{},"geometry":{"type":"Polygon","coordinates":[[[-61.649,-49.577],[-61.965,-49.577],[-62.02,-49.503],[-61.446,-49.073],[-61.067,-49.195],[-61.229,-49.473],[-61.649,-49.577]]]}},{"type":"Feature","properties":{},"geometry":{"type":"Polygon","coordinates":[[[-74.864,-50.53],[-74.914,-50.421],[-74.783,-50.319],[-74.864,-50.53]]]}},{"type":"Feature","properties":{},"geometry":{"type":"Polygon","coordinates":[[[-75.174,-50.764],[-75.18,-50.618],[-74.999,-50.534],[-75.174,-50.764]]]}},{"type":"Feature","properties":{},"geometry":{"type":"Polygon","coordinates":[[[-62.134,-50.705],[-62.571,-50.811],[-62.616,-50.745],[-62.273,-50.612],[-62.128,-50.633],[-62.134,-50.705]]]}},{"type":"Feature","properties":{},"geometry":{"type":"Polygon","coordinates":[[[-62.528,-51.27],[-62.687,-51.273],[-62.849,-51.089],[-62.207,-50.872],[-62.528,-51.27]]]}},{"type":"Feature","properties":{},"geometry":{"type":"Polygon","coordinates":[[[-74.391,-52.728],[-73.857,-52.8],[-73.842,-52.945],[-73.64,-53.016],[-74.215,-52.92],[-74.489,-52.753],[-74.391,-52.728]]]}},{"type":"Feature","properties":{},"geometry":{"type":"Polygon","coordinates":[[[-63.223,-51.518],[-63.255,-51.813],[-63.579,-51.953],[-63.619,-51.598],[-63.223,-51.518]]]}},{"type":"Feature","properties":{},"geometry":{"type":"Polygon","coordinates":[[[-72.946,-41.917],[-72.642,-42.162],[-72.929,-42.281],[-73.073,-42.113],[-73.294,-42.057],[-73.269,-41.949],[-73.054,-42.007],[-72.946,-41.917]]]}},{"type":"Feature","properties":{},"geometry":{"type":"Polygon","coordinates":[[[-72.916,-42.373],[-72.786,-42.428],[-72.881,-42.497],[-73.025,-42.425],[-72.916,-42.373]]]}},{"type":"Feature","properties":{},"geometry":{"type":"Polygon","coordinates":[[[60.971,-11.294],[60.889,-11.252],[60.875,-10.963],[61.007,-11.024],[60.971,-11.294]]]}},{"type":"Feature","properties":{},"geometry":{"type":"Polygon","coordinates":[[[59.887,-16.241],[59.699,-16.15],[59.921,-16.07],[59.887,-16.241]]]}},{"type":"Feature","properties":{},"geometry":{"type":"Polygon","coordinates":[[[46.134,-25.383],[46.016,-25.337],[46.303,-25.241],[46.134,-25.383]]]}},{"type":"Feature","properties":{},"geometry":{"type":"Polygon","coordinates":[[[14.816,-28.575],[14.722,-28.529],[14.848,-28.385],[14.816,-28.575]]]}},{"type":"Feature","properties":{},"geometry":{"type":"Polygon","coordinates":[[[15.151,-29.249],[14.999,-29.133],[15.014,-28.98],[15.125,-29.064],[15.151,-29.249]]]}},{"type":"Feature","properties":{},"geometry":{"type":"Polygon","coordinates":[[[69.784,-48.151],[69.75,-48.257],[69.581,-48.163],[69.511,-48.329],[69.207,-48.329],[69.467,-48.025],[69.655,-47.993],[69.784,-48.151]]]}},{"type":"Feature","properties":{},"geometry":{"type":"Polygon","coordinates":[[[68.456,-49.936],[68.311,-49.817],[68.486,-49.866],[68.456,-49.936]]]}},{"type":"Feature","properties":{},"geometry":{"type":"Polygon","coordinates":[[[61.486,-10.546],[61.829,-10.51],[61.831,-10.385],[61.568,-10.174],[61.686,-10.001],[61.919,-10.05],[62.023,-11.033],[61.72,-11.09],[61.754,-10.629],[61.542,-10.906],[61.375,-10.673],[61.079,-10.643],[60.945,-10.432],[61.063,-10.313],[61.039,-10.145],[61.149,-9.957],[61.309,-10.108],[61.486,-10.546]]]}},{"type":"Feature","properties":{},"geometry":{"type":"Polygon","coordinates":[[[68.790172,-47.585626],[68.789317,-47.58648],[68.790172,-47.585504],[68.790172,-47.585626]]]}},{"type":"Feature","properties":{},"geometry":{"type":"Polygon","coordinates":[[[51.269298,-9.881158],[51.27064,-9.881158],[51.269298,-9.88128],[51.269298,-9.881158]]]}},{"type":"Feature","properties":{},"geometry":{"type":"Polygon","coordinates":[[[73.254405,-53.105768],[73.254283,-53.105645],[73.254527,-53.105035],[73.254649,-53.105401],[73.254405,-53.105768]]]}},{"type":"Feature","properties":{},"geometry":{"type":"Polygon","coordinates":[[[42.74818,-17.129083],[42.750621,-17.129083],[42.748302,-17.129327],[42.74818,-17.129083]]]}},{"type":"Feature","properties":{},"geometry":{"type":"Polygon","coordinates":[[[127.555,-0.0],[127.645,-0.0],[127.636,-0.129],[127.555,-0.0]]]}},{"type":"Feature","properties":{},"geometry":{"type":"Polygon","coordinates":[[[122.527,-0.701],[122.185,-0.74],[122.022,-0.881],[121.83,-0.809],[121.806,-0.641],[122.409,-0.49],[122.561,-0.616],[122.527,-0.701]]]}},{"type":"Feature","properties":{},"geometry":{"type":"Polygon","coordinates":[[[127.862,-0.544],[127.816,-0.638],[127.687,-0.641],[127.687,-0.545],[127.862,-0.544]]]}},{"type":"Feature","properties":{},"geometry":{"type":"Polygon","coordinates":[[[134.814,-2.489],[134.674,-2.381],[134.67,-2.249],[134.828,-2.372],[134.814,-2.489]]]}},{"type":"Feature","properties":{},"geometry":{"type":"Polygon","coordinates":[[[150.164,-5.44],[150.222,-5.225],[150.313,-5.213],[150.325,-5.311],[150.164,-5.44]]]}},{"type":"Feature","properties":{},"geometry":{"type":"Polygon","coordinates":[[[145.387,-8.227],[145.274,-8.147],[145.374,-8.047],[145.467,-8.117],[145.387,-8.227]]]}},{"type":"Feature","properties":{},"geometry":{"type":"Polygon","coordinates":[[[149.349,-8.57],[149.212,-8.437],[149.334,-8.393],[149.349,-8.57]]]}},{"type":"Feature","properties":{},"geometry":{"type":"Polygon","coordinates":[[[149.899,-8.602],[150.006,-8.777],[150.15,-8.681],[150.343,-8.729],[150.054,-9.161],[150.15,-9.601],[150.35,-9.546],[150.425,-9.66],[150.668,-9.689],[150.935,-10.124],[151.139,-10.235],[150.368,-10.163],[149.866,-9.919],[149.905,-9.798],[150.102,-9.761],[150.106,-9.653],[149.695,-9.513],[149.453,-9.291],[149.515,-8.762],[149.646,-8.609],[149.899,-8.602]]]}},{"type":"Feature","properties":{},"geometry":{"type":"Polygon","coordinates":[[[148.816,-8.613],[149.096,-8.706],[148.878,-8.729],[148.76,-8.653],[148.816,-8.613]]]}},{"type":"Feature","properties":{},"geometry":{"type":"Polygon","coordinates":[[[133.597,-8.983],[133.412,-8.935],[133.331,-8.745],[133.46,-8.681],[133.588,-8.741],[133.689,-8.889],[133.597,-8.983]]]}},{"type":"Feature","properties":{},"geometry":{"type":"Polygon","coordinates":[[[145.188,-8.816],[145.021,-8.733],[145.148,-8.688],[145.188,-8.816]]]}},{"type":"Feature","properties":{},"geometry":{"type":"Polygon","coordinates":[[[150.823,-9.161],[150.708,-9.101],[150.75,-9.017],[150.845,-9.055],[150.823,-9.161]]]}},{"type":"Feature","properties":{},"geometry":{"type":"Polygon","coordinates":[[[151.043,-10.453],[150.721,-10.446],[150.873,-10.364],[151.043,-10.453]]]}},{"type":"Feature","properties":{},"geometry":{"type":"Polygon","coordinates":[[[124.126,-12.955],[123.995,-12.871],[124.174,-12.822],[124.126,-12.955]]]}},{"type":"Feature","properties":{},"geometry":{"type":"Polygon","coordinates":[[[143.984,-14.402],[143.868,-14.354],[144.02,-14.253],[143.984,-14.402]]]}},{"type":"Feature","properties":{},"geometry":{"type":"Polygon","coordinates":[[[177.664,-16.696],[177.87,-16.841],[178.398,-16.889],[178.542,-17.033],[178.502,-17.215],[178.206,-17.201],[178.038,-17.081],[177.638,-17.083],[177.664,-16.696]]]}},{"type":"Feature","properties":{},"geometry":{"type":"Polygon","coordinates":[[[178.928,-17.529],[178.695,-17.542],[178.59,-17.369],[178.928,-17.529]]]}},{"type":"Feature","properties":{},"geometry":{"type":"Polygon","coordinates":[[[124.347,-33.745],[124.145,-33.65],[124.44,-33.3],[124.347,-33.745]]]}},{"type":"Feature","properties":{},"geometry":{"type":"Polygon","coordinates":[[[132.256,-33.594],[132.115,-33.579],[132.078,-33.47],[132.497,-33.401],[132.478,-33.517],[132.256,-33.594]]]}},{"type":"Feature","properties":{},"geometry":{"type":"Polygon","coordinates":[[[122.943,-34.285],[122.56,-34.335],[122.493,-34.199],[122.625,-34.082],[122.943,-34.285]]]}},{"type":"Feature","properties":{},"geometry":{"type":"Polygon","coordinates":[[[139.53,-36.32],[139.057,-36.804],[138.823,-36.713],[139.015,-36.497],[138.846,-36.377],[138.837,-36.221],[139.107,-36.03],[139.336,-36.026],[139.523,-36.194],[139.53,-36.32]]]}},{"type":"Feature","properties":{},"geometry":{"type":"Polygon","coordinates":[[[139.536,-36.571],[139.445,-36.552],[139.555,-36.39],[139.536,-36.571]]]}},{"type":"Feature","properties":{},"geometry":{"type":"Polygon","coordinates":[[[139.545,-36.906],[139.4,-36.822],[139.573,-36.694],[139.747,-36.718],[139.725,-36.825],[139.545,-36.906]]]}},{"type":"Feature","properties":{},"geometry":{"type":"Polygon","coordinates":[[[139.638,-37.313],[139.482,-37.186],[139.581,-37.092],[139.681,-37.157],[139.638,-37.313]]]}},{"type":"Feature","properties":{},"geometry":{"type":"Polygon","coordinates":[[[142.544,-38.627],[142.71,-38.585],[142.842,-38.778],[142.706,-38.851],[142.4,-38.63],[142.458,-38.563],[142.544,-38.627]]]}},{"type":"Feature","properties":{},"geometry":{"type":"Polygon","coordinates":[[[143.858,-40.275],[143.743,-40.1],[143.887,-40.176],[143.858,-40.275]]]}},{"type":"Feature","properties":{},"geometry":{"type":"Polygon","coordinates":[[[174.532,-41.324],[174.5,-41.124],[174.665,-41.027],[174.532,-41.324]]]}},{"type":"Feature","properties":{},"geometry":{"type":"Polygon","coordinates":[[[145.047,-42.283],[144.909,-42.194],[144.858,-41.817],[145.038,-41.897],[145.047,-42.283]]]}},{"type":"Feature","properties":{},"geometry":{"type":"Polygon","coordinates":[[[167.33,-47.752],[167.323,-47.865],[166.738,-47.996],[166.859,-47.765],[167.33,-47.752]]]}},{"type":"Feature","properties":{},"geometry":{"type":"Polygon","coordinates":[[[167.478,-47.945],[167.622,-48.209],[167.574,-48.305],[167.262,-48.113],[167.047,-48.137],[167.166,-47.993],[167.478,-47.945]]]}},{"type":"Feature","properties":{},"geometry":{"type":"Polygon","coordinates":[[[167.111,-50.126],[166.907,-50.038],[167.128,-49.994],[167.111,-50.126]]]}},{"type":"Feature","properties":{},"geometry":{"type":"Polygon","coordinates":[[[169.902,-52.337],[169.786,-52.231],[170.023,-52.096],[169.902,-52.337]]]}},{"type":"Feature","properties":{},"geometry":{"type":"Polygon","coordinates":[[[169.975,-52.667],[169.915,-52.763],[169.807,-52.673],[169.975,-52.667]]]}},{"type":"Feature","properties":{},"geometry":{"type":"Polygon","coordinates":[[[134.389,-1.941],[134.412,-1.964],[134.383,-1.937],[134.384,-1.938],[134.389,-1.941]]]}},{"type":"Feature","properties":{},"geometry":{"type":"Polygon","coordinates":[[[152.058,-9.487],[152.06,-9.485],[152.06,-9.484],[152.061,-9.483],[152.061,-9.485],[152.061,-9.486],[152.06,-9.487],[152.058,-9.487]]]}},{"type":"Feature","properties":{},"geometry":{"type":"Polygon","coordinates":[[[153.587,-2.025],[153.591,-1.707],[153.68,-1.88],[153.587,-2.025]]]}},{"type":"Feature","properties":{},"geometry":{"type":"Polygon","coordinates":[[[155.318,-4.687],[155.309,-4.729],[155.308,-4.727],[155.31,-4.695],[155.325,-4.656],[155.325,-4.652],[155.333,-4.651],[155.333,-4.65],[155.334,-4.65],[155.318,-4.687]]]}},{"type":"Feature","properties":{},"geometry":{"type":"Polygon","coordinates":[[[163.908,-19.458],[163.903,-19.473],[163.854,-19.409],[163.854,-19.408],[163.854,-19.407],[163.897,-19.421],[163.901,-19.426],[163.907,-19.442],[163.908,-19.458]]]}},{"type":"Feature","properties":{},"geometry":{"type":"Polygon","coordinates":[[[149.697,-1.641],[149.692,-1.643],[149.692,-1.642],[149.691,-1.642],[149.69,-1.641],[149.697,-1.641]]]}},{"type":"Feature","properties":{},"geometry":{"type":"Polygon","coordinates":[[[155.357,-4.649],[155.355,-4.65],[155.339,-4.648],[155.345,-4.646],[155.355,-4.646],[155.361,-4.648],[155.36,-4.649],[155.359,-4.649],[155.358,-4.649],[155.357,-4.649]]]}},{"type":"Feature","properties":{},"geometry":{"type":"Polygon","coordinates":[[[144.518,-1.109],[144.512,-1.115],[144.511,-1.101],[144.518,-1.104],[144.518,-1.109]]]}},{"type":"Feature","properties":{},"geometry":{"type":"Polygon","coordinates":[[[163.105357,-18.588556],[163.105479,-18.588678],[163.105113,-18.588556],[163.105357,-18.588556]]]}},{"type":"Feature","properties":{},"geometry":{"type":"Polygon","coordinates":[[[130.147,-0.869],[130.151,-0.872],[130.15,-0.871],[130.147,-0.869]]]}},{"type":"Feature","properties":{},"geometry":{"type":"Polygon","coordinates":[[[159.15,-5.389],[159.15,-5.393],[159.15,-5.392],[159.149,-5.39],[159.149,-5.389],[159.15,-5.389]]]}},{"type":"Feature","properties":{},"geometry":{"type":"Polygon","coordinates":[[[151.183,-8.442],[151.183,-8.443],[151.183,-8.442],[151.182,-8.441],[151.183,-8.442]]]}},{"type":"Feature","properties":{},"geometry":{"type":"Polygon","coordinates":[[[152.453,-10.986],[152.452,-10.986],[152.453,-10.985],[152.454,-10.985],[152.453,-10.986]]]}},{"type":"Feature","properties":{},"geometry":{"type":"Polygon","coordinates":[[[-92.874,79.259],[-93.094,79.314],[-92.822,79.346],[-92.874,79.259]]]}},{"type":"Feature","properties":{},"geometry":{"type":"Polygon","coordinates":[[[-93.857,78.703],[-92.904,78.365],[-93.312,78.2],[-93.197,77.986],[-93.883,77.988],[-94.001,78.271],[-94.297,78.278],[-94.169,78.415],[-94.6,78.52],[-94.284,78.608],[-94.313,78.679],[-95.133,79.088],[-95.066,79.167],[-93.891,79.141],[-94.385,78.991],[-93.857,78.703]]]}},{"type":"Feature","properties":{},"geometry":{"type":"Polygon","coordinates":[[[-97.425,78.909],[-97.673,78.967],[-97.519,79.0],[-97.425,78.909]]]}},{"type":"Feature","properties":{},"geometry":{"type":"Polygon","coordinates":[[[-90.0,77.928],[-90.276,77.876],[-90.307,77.712],[-91.597,77.893],[-91.358,77.995],[-90.833,77.911],[-90.041,77.989],[-90.0,78.152],[-90.0,77.928]]]}},{"type":"Feature","properties":{},"geometry":{"type":"Polygon","coordinates":[[[-105.353,78.799],[-105.258,78.749],[-105.641,78.751],[-105.353,78.799]]]}},{"type":"Feature","properties":{},"geometry":{"type":"Polygon","coordinates":[[[-104.171,78.738],[-104.154,78.62],[-104.633,78.679],[-104.171,78.738]]]}},{"type":"Feature","properties":{},"geometry":{"type":"Polygon","coordinates":[[[-112.745,78.559],[-112.923,78.554],[-112.817,78.679],[-112.458,78.678],[-112.745,78.559]]]}},{"type":"Feature","properties":{},"geometry":{"type":"Polygon","coordinates":[[[-90.0,78.51],[-90.015,78.514],[-90.023,78.52],[-90.021,78.526],[-90.022,78.532],[-90.024,78.54],[-90.027,78.546],[-90.032,78.551],[-90.05,78.56],[-90.049,78.57],[-90.045,78.579],[-90.034,78.582],[-90.0,78.582],[-90.0,78.51]]]}},{"type":"Feature","properties":{},"geometry":{"type":"Polygon","coordinates":[[[-115.927,78.268],[-116.094,78.316],[-115.928,78.342],[-115.927,78.268]]]}},{"type":"Feature","properties":{},"geometry":{"type":"Polygon","coordinates":[[[-103.937,78.127],[-103.169,78.031],[-103.529,77.802],[-103.841,77.767],[-104.291,77.848],[-104.44,78.025],[-104.657,78.079],[-104.439,78.187],[-103.937,78.127]]]}},{"type":"Feature","properties":{},"geometry":{"type":"Polygon","coordinates":[[[-105.11,78.034],[-105.329,78.103],[-105.129,78.107],[-105.11,78.034]]]}},{"type":"Feature","properties":{},"geometry":{"type":"Polygon","coordinates":[[[-98.145,77.975],[-98.417,78.031],[-98.253,78.065],[-98.145,77.975]]]}},{"type":"Feature","properties":{},"geometry":{"type":"Polygon","coordinates":[[[-92.439,77.935],[-93.096,78.005],[-92.477,78.032],[-92.393,77.983],[-92.439,77.935]]]}},{"type":"Feature","properties":{},"geometry":{"type":"Polygon","coordinates":[[[-116.822,77.786],[-117.015,77.848],[-116.74,77.953],[-116.711,77.854],[-116.822,77.786]]]}},{"type":"Feature","properties":{},"geometry":{"type":"Polygon","coordinates":[[[-91.765,77.869],[-92.057,77.671],[-92.372,77.843],[-92.153,77.983],[-91.765,77.869]]]}},{"type":"Feature","properties":{},"geometry":{"type":"Polygon","coordinates":[[[-98.18,77.536],[-98.877,77.696],[-98.537,77.719],[-98.135,77.613],[-98.18,77.536]]]}},{"type":"Feature","properties":{},"geometry":{"type":"Polygon","coordinates":[[[-114.312,77.505],[-114.737,77.335],[-115.049,77.503],[-114.881,77.599],[-114.621,77.482],[-114.606,77.611],[-114.309,77.578],[-114.312,77.505]]]}},{"type":"Feature","properties":{},"geometry":{"type":"Polygon","coordinates":[[[-100.674,77.519],[-101.015,77.575],[-100.577,77.599],[-100.674,77.519]]]}},{"type":"Feature","properties":{},"geometry":{"type":"Polygon","coordinates":[[[-99.398,77.509],[-99.584,77.573],[-99.431,77.617],[-99.398,77.509]]]}},{"type":"Feature","properties":{},"geometry":{"type":"Polygon","coordinates":[[[-96.665,77.479],[-96.569,77.455],[-96.808,77.413],[-96.881,77.575],[-96.665,77.479]]]}},{"type":"Feature","properties":{},"geometry":{"type":"Polygon","coordinates":[[[-117.525,77.476],[-117.842,77.523],[-117.584,77.573],[-117.525,77.476]]]}},{"type":"Feature","properties":{},"geometry":{"type":"Polygon","coordinates":[[[-113.523,77.473],[-113.394,77.386],[-113.777,77.287],[-114.017,77.311],[-114.041,77.431],[-114.188,77.485],[-113.523,77.473]]]}},{"type":"Feature","properties":{},"geometry":{"type":"Polygon","coordinates":[[[-98.598,77.336],[-98.921,77.503],[-98.609,77.503],[-98.598,77.336]]]}},{"type":"Feature","properties":{},"geometry":{"type":"Polygon","coordinates":[[[-100.397,77.346],[-100.601,77.407],[-100.412,77.437],[-100.397,77.346]]]}},{"type":"Feature","properties":{},"geometry":{"type":"Polygon","coordinates":[[[-102.861,77.349],[-102.689,77.239],[-102.726,77.185],[-103.385,77.143],[-103.073,77.335],[-102.861,77.349]]]}},{"type":"Feature","properties":{},"geometry":{"type":"Polygon","coordinates":[[[-106.113,77.128],[-106.364,77.162],[-106.067,77.238],[-106.113,77.128]]]}},{"type":"Feature","properties":{},"geometry":{"type":"Polygon","coordinates":[[[-98.288,77.135],[-98.777,77.071],[-98.415,77.214],[-98.288,77.135]]]}},{"type":"Feature","properties":{},"geometry":{"type":"Polygon","coordinates":[[[-98.288,77.135],[-98.274,77.142],[-98.273,77.143],[-98.275,77.139],[-98.276,77.137],[-98.278,77.135],[-98.28,77.134],[-98.282,77.133],[-98.284,77.133],[-98.286,77.134],[-98.288,77.135]]]}},{"type":"Feature","properties":{},"geometry":{"type":"Polygon","coordinates":[[[-115.232,77.2],[-114.932,77.053],[-115.145,77.023],[-115.217,77.143],[-115.41,77.162],[-115.232,77.2]]]}},{"type":"Feature","properties":{},"geometry":{"type":"Polygon","coordinates":[[[-101.945,77.167],[-101.681,77.095],[-99.903,77.124],[-99.867,76.946],[-98.834,76.988],[-98.873,76.831],[-98.955,76.822],[-100.649,76.999],[-100.865,76.903],[-101.978,76.784],[-102.568,76.878],[-102.905,76.802],[-103.131,76.888],[-103.049,77.047],[-102.302,76.972],[-102.257,77.143],[-101.945,77.167]]]}},{"type":"Feature","properties":{},"geometry":{"type":"Polygon","coordinates":[[[-114.18,76.989],[-114.455,77.04],[-114.244,77.122],[-114.115,77.044],[-114.18,76.989]]]}},{"type":"Feature","properties":{},"geometry":{"type":"Polygon","coordinates":[[[-104.965,77.015],[-104.345,76.951],[-105.089,76.951],[-104.965,77.015]]]}},{"type":"Feature","properties":{},"geometry":{"type":"Polygon","coordinates":[[[-103.413,76.772],[-104.132,76.781],[-104.192,76.848],[-104.021,76.967],[-103.413,76.772]]]}},{"type":"Feature","properties":{},"geometry":{"type":"Polygon","coordinates":[[[-106.925,76.855],[-107.101,76.735],[-107.18,76.794],[-107.171,76.858],[-106.925,76.855]]]}},{"type":"Feature","properties":{},"geometry":{"type":"Polygon","coordinates":[[[-115.625,76.591],[-115.649,76.687],[-115.218,76.651],[-115.625,76.591]]]}},{"type":"Feature","properties":{},"geometry":{"type":"Polygon","coordinates":[[[-113.309,76.608],[-113.544,76.648],[-113.242,76.688],[-113.309,76.608]]]}},{"type":"Feature","properties":{},"geometry":{"type":"Polygon","coordinates":[[[-106.468,76.468],[-106.886,76.422],[-106.721,76.351],[-106.766,76.254],[-106.627,76.222],[-106.669,76.156],[-106.865,76.231],[-107.405,76.131],[-107.606,76.234],[-107.458,76.315],[-107.495,76.412],[-107.777,76.471],[-107.297,76.471],[-107.005,76.689],[-106.5,76.551],[-106.468,76.468]]]}},{"type":"Feature","properties":{},"geometry":{"type":"Polygon","coordinates":[[[-102.521,76.543],[-102.439,76.48],[-102.659,76.501],[-102.521,76.543]]]}},{"type":"Feature","properties":{},"geometry":{"type":"Polygon","coordinates":[[[-123.479,76.182],[-123.488,76.27],[-123.274,76.298],[-123.479,76.182]]]}},{"type":"Feature","properties":{},"geometry":{"type":"Polygon","coordinates":[[[-118.097,76.135],[-118.658,76.001],[-118.778,76.064],[-118.726,76.148],[-118.313,76.233],[-118.097,76.135]]]}},{"type":"Feature","properties":{},"geometry":{"type":"Polygon","coordinates":[[[-117.044,76.075],[-117.257,76.183],[-117.065,76.18],[-117.044,76.075]]]}},{"type":"Feature","properties":{},"geometry":{"type":"Polygon","coordinates":[[[-111.495,76.077],[-111.617,75.991],[-111.809,76.039],[-111.495,76.077]]]}},{"type":"Feature","properties":{},"geometry":{"type":"Polygon","coordinates":[[[-93.378,75.781],[-93.674,75.988],[-93.549,76.031],[-93.238,75.858],[-93.378,75.781]]]}},{"type":"Feature","properties":{},"geometry":{"type":"Polygon","coordinates":[[[-117.041,76.015],[-116.777,75.895],[-117.161,75.823],[-117.423,75.896],[-117.351,75.991],[-117.041,76.015]]]}},{"type":"Feature","properties":{},"geometry":{"type":"Polygon","coordinates":[[[-110.502,75.921],[-110.249,75.871],[-110.508,75.8],[-110.579,75.864],[-110.502,75.921]]]}},{"type":"Feature","properties":{},"geometry":{"type":"Polygon","coordinates":[[[-119.225,75.775],[-119.729,75.631],[-119.993,75.751],[-119.406,75.864],[-119.225,75.775]]]}},{"type":"Feature","properties":{},"geometry":{"type":"Polygon","coordinates":[[[-117.545,75.57],[-117.909,75.625],[-117.689,75.799],[-117.353,75.775],[-117.545,75.57]]]}},{"type":"Feature","properties":{},"geometry":{"type":"Polygon","coordinates":[[[-110.908,75.68],[-111.191,75.751],[-111.041,75.799],[-110.879,75.735],[-110.908,75.68]]]}},{"type":"Feature","properties":{},"geometry":{"type":"Polygon","coordinates":[[[-93.777,75.611],[-93.893,75.619],[-93.905,75.775],[-93.781,75.756],[-93.777,75.611]]]}},{"type":"Feature","properties":{},"geometry":{"type":"Polygon","coordinates":[[[-104.06,75.589],[-104.24,75.65],[-104.089,75.696],[-104.06,75.589]]]}},{"type":"Feature","properties":{},"geometry":{"type":"Polygon","coordinates":[[[-96.929,75.199],[-96.841,75.089],[-96.872,74.927],[-96.689,74.841],[-97.313,74.791],[-97.289,74.959],[-97.029,74.969],[-97.145,75.127],[-97.073,75.247],[-97.173,75.456],[-97.114,75.558],[-96.929,75.199]]]}},{"type":"Feature","properties":{},"geometry":{"type":"Polygon","coordinates":[[[-93.353,75.319],[-93.65,75.516],[-93.349,75.427],[-93.353,75.319]]]}},{"type":"Feature","properties":{},"geometry":{"type":"Polygon","coordinates":[[[-113.945,75.247],[-114.034,75.308],[-113.994,75.409],[-113.884,75.345],[-113.945,75.247]]]}},{"type":"Feature","properties":{},"geometry":{"type":"Polygon","coordinates":[[[-169.244,74.292],[-169.367,74.363],[-169.097,74.407],[-169.244,74.292]]]}},{"type":"Feature","properties":{},"geometry":{"type":"Polygon","coordinates":[[[-97.023,74.24],[-96.412,74.096],[-96.903,73.982],[-97.479,74.146],[-97.402,74.237],[-97.023,74.24]]]}},{"type":"Feature","properties":{},"geometry":{"type":"Polygon","coordinates":[[[-102.618,73.903],[-102.744,73.825],[-103.254,73.853],[-103.097,74.023],[-102.581,74.076],[-102.618,73.903]]]}},{"type":"Feature","properties":{},"geometry":{"type":"Polygon","coordinates":[[[-170.129,73.807],[-170.369,73.783],[-170.565,73.904],[-169.961,73.855],[-170.129,73.807]]]}},{"type":"Feature","properties":{},"geometry":{"type":"Polygon","coordinates":[[[-125.108,73.677],[-125.222,73.735],[-125.007,73.805],[-125.0,73.715],[-125.108,73.677]]]}},{"type":"Feature","properties":{},"geometry":{"type":"Polygon","coordinates":[[[-96.233,73.639],[-96.416,73.712],[-96.211,73.769],[-96.233,73.639]]]}},{"type":"Feature","properties":{},"geometry":{"type":"Polygon","coordinates":[[[-174.329,73.488],[-174.593,73.543],[-174.358,73.57],[-174.329,73.488]]]}},{"type":"Feature","properties":{},"geometry":{"type":"Polygon","coordinates":[[[-124.989,73.422],[-125.129,73.495],[-124.978,73.528],[-124.989,73.422]]]}},{"type":"Feature","properties":{},"geometry":{"type":"Polygon","coordinates":[[[-103.346,73.174],[-102.979,73.176],[-102.936,73.088],[-103.649,73.087],[-103.793,73.207],[-104.228,73.248],[-103.897,73.424],[-103.346,73.174]]]}},{"type":"Feature","properties":{},"geometry":{"type":"Polygon","coordinates":[[[-103.174,73.276],[-103.352,73.321],[-103.118,73.372],[-103.174,73.276]]]}},{"type":"Feature","properties":{},"geometry":{"type":"Polygon","coordinates":[[[-162.514,72.97],[-162.665,72.98],[-162.785,73.111],[-162.504,73.034],[-162.514,72.97]]]}},{"type":"Feature","properties":{},"geometry":{"type":"Polygon","coordinates":[[[-158.993,72.559],[-159.062,72.428],[-159.242,72.485],[-158.993,72.559]]]}},{"type":"Feature","properties":{},"geometry":{"type":"Polygon","coordinates":[[[-103.96,72.471],[-104.034,72.398],[-104.438,72.488],[-104.131,72.569],[-103.96,72.471]]]}},{"type":"Feature","properties":{},"geometry":{"type":"Polygon","coordinates":[[[-101.969,71.527],[-102.198,71.596],[-101.924,71.649],[-101.873,71.599],[-101.969,71.527]]]}},{"type":"Feature","properties":{},"geometry":{"type":"Polygon","coordinates":[[[-96.353,71.647],[-96.225,71.67],[-96.083,71.537],[-96.473,71.599],[-96.353,71.647]]]}},{"type":"Feature","properties":{},"geometry":{"type":"Polygon","coordinates":[[[-96.350575,71.646613],[-96.352956,71.646735],[-96.353261,71.646796],[-96.350575,71.646613]]]}},{"type":"Feature","properties":{},"geometry":{"type":"Polygon","coordinates":[[[-96.771,71.464],[-97.009,71.517],[-96.774,71.629],[-96.771,71.464]]]}},{"type":"Feature","properties":{},"geometry":{"type":"Polygon","coordinates":[[[-118.529,71.407],[-117.905,71.287],[-119.026,71.171],[-118.529,71.407]]]}},{"type":"Feature","properties":{},"geometry":{"type":"Polygon","coordinates":[[[-109.925,68.318],[-110.085,68.149],[-110.201,68.332],[-109.841,68.383],[-109.925,68.318]]]}},{"type":"Feature","properties":{},"geometry":{"type":"Polygon","coordinates":[[[-110.249,68.335],[-110.409,68.103],[-110.729,68.095],[-110.825,67.999],[-111.833,67.831],[-112.409,67.879],[-112.595,67.77],[-112.739,67.86],[-111.424,68.039],[-111.003,68.187],[-110.849,68.095],[-110.777,68.251],[-110.249,68.335]]]}},{"type":"Feature","properties":{},"geometry":{"type":"Polygon","coordinates":[[[-108.545,67.879],[-108.524,67.678],[-108.718,67.728],[-108.545,67.879]]]}},{"type":"Feature","properties":{},"geometry":{"type":"Polygon","coordinates":[[[-179.39,61.306],[-179.46,61.243],[-179.82,61.293],[-180.0,61.167],[-180.0,61.948],[-179.709,61.901],[-179.445,61.709],[-179.657,61.52],[-179.39,61.306]]]}},{"type":"Feature","properties":{},"geometry":{"type":"Polygon","coordinates":[[[-146.975,59.635],[-146.968,59.369],[-147.295,59.456],[-147.257,59.599],[-147.137,59.647],[-147.193,60.119],[-146.893,60.302],[-147.317,60.785],[-146.943,60.906],[-146.729,60.631],[-146.732,60.425],[-146.764,60.235],[-147.089,60.055],[-147.113,59.815],[-146.975,59.635]]]}},{"type":"Feature","properties":{},"geometry":{"type":"Polygon","coordinates":[[[-147.545,60.727],[-147.807,60.498],[-148.017,60.591],[-148.08,60.722],[-147.848,60.645],[-147.513,60.816],[-147.545,60.727]]]}},{"type":"Feature","properties":{},"geometry":{"type":"Polygon","coordinates":[[[-147.896,60.203],[-147.713,60.175],[-147.736,60.03],[-147.826,60.006],[-147.896,60.203]]]}},{"type":"Feature","properties":{},"geometry":{"type":"Polygon","coordinates":[[[-144.936,59.859],[-144.98,59.908],[-144.833,60.031],[-144.617,60.031],[-144.936,59.859]]]}},{"type":"Feature","properties":{},"geometry":{"type":"Polygon","coordinates":[[[-149.185,59.618],[-149.081,59.335],[-149.504,59.61],[-149.484,59.846],[-149.194,59.756],[-149.185,59.618]]]}},{"type":"Feature","properties":{},"geometry":{"type":"Polygon","coordinates":[[[-148.16,59.454],[-148.281,59.507],[-148.096,59.584],[-148.16,59.454]]]}},{"type":"Feature","properties":{},"geometry":{"type":"Polygon","coordinates":[[[-173.79,59.252],[-173.948,59.349],[-173.786,59.397],[-173.79,59.252]]]}},{"type":"Feature","properties":{},"geometry":{"type":"Polygon","coordinates":[[[-176.77,59.033],[-176.963,59.107],[-176.813,59.166],[-176.77,59.033]]]}},{"type":"Feature","properties":{},"geometry":{"type":"Polygon","coordinates":[[[-172.861,59.069],[-172.919,58.913],[-173.161,59.071],[-172.861,59.069]]]}},{"type":"Feature","properties":{},"geometry":{"type":"Polygon","coordinates":[[[-175.667,58.855],[-175.822,58.946],[-175.687,58.981],[-175.667,58.855]]]}},{"type":"Feature","properties":{},"geometry":{"type":"Polygon","coordinates":[[[-172.56,57.957],[-172.434,57.838],[-172.697,57.847],[-173.031,58.08],[-172.859,58.148],[-172.56,57.957]]]}},{"type":"Feature","properties":{},"geometry":{"type":"Polygon","coordinates":[[[-133.788,57.341],[-133.86,57.564],[-133.726,57.44],[-133.788,57.341]]]}},{"type":"Feature","properties":{},"geometry":{"type":"Polygon","coordinates":[[[-133.725,57.155],[-133.866,57.234],[-133.725,57.289],[-133.725,57.155]]]}},{"type":"Feature","properties":{},"geometry":{"type":"Polygon","coordinates":[[[-171.785,56.863],[-172.025,57.031],[-171.855,57.027],[-171.785,56.863]]]}},{"type":"Feature","properties":{},"geometry":{"type":"Polygon","coordinates":[[[-128.561,52.255],[-128.597,52.152],[-128.848,52.168],[-128.561,52.255]]]}},{"type":"Feature","properties":{},"geometry":{"type":"Polygon","coordinates":[[[-103.921,74.41],[-103.933,74.421],[-103.913,74.407],[-103.921,74.41]]]}},{"type":"Feature","properties":{},"geometry":{"type":"Polygon","coordinates":[[[-117.847,75.36],[-117.833,75.367],[-117.848,75.357],[-117.849,75.357],[-117.85,75.357],[-117.847,75.36]]]}},{"type":"Feature","properties":{},"geometry":{"type":"Polygon","coordinates":[[[-105.329,78.448],[-105.316,78.248],[-105.401,78.191],[-105.977,78.127],[-106.409,78.343],[-106.433,78.199],[-106.772,78.137],[-106.257,77.967],[-107.07,78.037],[-107.4,77.895],[-107.22,77.803],[-106.625,77.885],[-106.788,77.711],[-106.767,77.621],[-106.196,77.545],[-106.289,77.455],[-106.823,77.479],[-106.558,77.349],[-106.893,77.154],[-107.014,77.148],[-107.054,77.3],[-107.837,77.413],[-108.199,77.359],[-108.151,77.28],[-107.801,77.239],[-107.729,77.095],[-107.333,77.056],[-107.374,76.785],[-107.993,76.807],[-108.185,76.999],[-108.462,77.046],[-108.722,76.936],[-109.677,77.005],[-109.721,76.831],[-109.985,76.783],[-110.504,76.951],[-110.705,76.735],[-110.973,76.714],[-111.256,76.537],[-111.298,76.704],[-111.626,76.803],[-111.995,76.733],[-111.737,76.495],[-110.875,76.371],[-110.76,76.292],[-110.796,76.166],[-110.393,76.159],[-110.84,75.905],[-111.065,75.943],[-111.051,76.084],[-111.305,76.231],[-111.905,76.183],[-112.025,76.471],[-112.289,76.447],[-112.529,76.279],[-113.549,76.448],[-113.633,76.341],[-113.729,76.375],[-113.537,76.519],[-112.97,76.532],[-112.865,76.615],[-113.033,76.687],[-112.961,76.783],[-113.054,76.899],[-112.798,76.962],[-112.702,77.134],[-113.337,77.24],[-113.304,77.333],[-112.529,77.263],[-112.049,77.119],[-110.582,77.375],[-110.505,77.163],[-111.418,77.152],[-111.426,77.03],[-110.738,77.092],[-110.227,77.011],[-109.745,77.263],[-109.344,77.314],[-109.385,77.527],[-108.819,77.454],[-108.83,77.633],[-109.673,77.839],[-109.434,77.862],[-109.447,78.016],[-109.3,78.043],[-109.386,78.231],[-108.955,78.242],[-108.785,78.439],[-108.305,78.415],[-107.813,78.542],[-107.633,78.391],[-107.449,78.386],[-107.475,78.306],[-107.729,78.247],[-107.551,78.147],[-106.608,78.308],[-106.839,78.425],[-106.792,78.49],[-105.947,78.402],[-105.833,78.559],[-105.686,78.568],[-105.329,78.448]],[[-108.067,78.337],[-108.401,78.343],[-108.453,78.244],[-108.785,78.151],[-108.503,78.069],[-107.987,78.279],[-108.067,78.337]],[[-111.145,76.99],[-111.161,76.975],[-111.162,76.952],[-111.161,76.951],[-111.13,76.933],[-111.045,76.906],[-110.957,76.898],[-110.923,76.906],[-110.902,76.923],[-110.897,76.951],[-110.91,76.969],[-110.94,76.983],[-111.026,77.0],[-111.114,76.999],[-111.145,76.99]],[[-112.325,76.973],[-112.552,76.877],[-112.217,76.879],[-112.325,76.973]]]}},{"type":"Feature","properties":{},"geometry":{"type":"Polygon","coordinates":[[[-92.808,77.438],[-91.937,77.623],[-91.697,77.239],[-91.86,77.14],[-92.411,77.193],[-92.225,77.047],[-92.382,76.996],[-92.742,77.1],[-92.748,77.298],[-93.065,77.359],[-92.808,77.438]]]}},{"type":"Feature","properties":{},"geometry":{"type":"Polygon","coordinates":[[[-97.609,77.397],[-96.929,77.215],[-97.08,77.163],[-97.697,77.263],[-97.961,77.095],[-98.103,77.201],[-98.1,77.087],[-97.83,76.987],[-97.838,76.916],[-98.484,76.951],[-98.225,76.999],[-98.225,77.287],[-98.081,77.431],[-97.937,77.383],[-97.666,77.504],[-97.609,77.397]]]}},{"type":"Feature","properties":{},"geometry":{"type":"Polygon","coordinates":[[[-105.648,76.503],[-105.687,76.417],[-105.497,76.351],[-104.9,76.305],[-104.825,76.159],[-105.113,76.159],[-105.14,76.243],[-105.193,76.143],[-105.672,76.115],[-106.241,76.303],[-106.133,76.457],[-105.809,76.447],[-105.761,76.567],[-105.648,76.503]]]}},{"type":"Feature","properties":{},"geometry":{"type":"Polygon","coordinates":[[[-103.902,72.832],[-103.46,72.798],[-103.601,72.967],[-103.193,72.967],[-103.046,72.82],[-103.169,72.727],[-103.145,72.559],[-102.926,72.365],[-103.448,72.281],[-103.553,72.175],[-103.916,72.186],[-103.927,72.265],[-103.691,72.338],[-103.75,72.637],[-104.464,72.673],[-104.568,72.755],[-104.357,72.856],[-104.393,72.991],[-104.258,73.056],[-103.747,73.041],[-103.758,72.965],[-104.033,72.919],[-103.902,72.832]]]}},{"type":"Feature","properties":{},"geometry":{"type":"Polygon","coordinates":[[[-173.005,56.958],[-173.248,57.133],[-173.062,57.353],[-172.884,57.393],[-172.793,57.127],[-173.005,56.958]]]}},{"type":"Feature","properties":{},"geometry":{"type":"Polygon","coordinates":[[[-158.465,55.279],[-158.382,55.088],[-158.47,54.985],[-158.729,55.039],[-158.851,55.177],[-158.751,55.268],[-158.465,55.279]]]}},{"type":"Feature","properties":{},"geometry":{"type":"Polygon","coordinates":[[[-135.022,58.675],[-135.105,58.502],[-135.265,58.997],[-135.022,58.675]]]}},{"type":"Feature","properties":{},"geometry":{"type":"Polygon","coordinates":[[[-154.135,57.945],[-154.193,57.799],[-154.891,57.47],[-155.009,57.127],[-155.404,56.693],[-156.148,56.43],[-156.177,56.342],[-155.979,56.322],[-155.958,56.222],[-156.28,56.066],[-156.033,55.683],[-156.128,55.451],[-156.447,55.488],[-156.665,55.591],[-156.785,55.783],[-157.001,55.783],[-156.641,55.927],[-156.369,55.897],[-156.581,56.085],[-156.473,56.239],[-156.508,56.58],[-156.217,56.639],[-155.958,57.28],[-155.074,57.819],[-154.333,58.042],[-153.833,58.375],[-153.835,58.251],[-154.135,57.945]]]}},{"type":"Feature","properties":{},"geometry":{"type":"Polygon","coordinates":[[[-133.572,57.455],[-133.839,57.679],[-133.999,57.983],[-133.706,57.768],[-133.572,57.455]]]}},{"type":"Feature","properties":{},"geometry":{"type":"Polygon","coordinates":[[[-131.106,55.053],[-131.131,54.699],[-131.265,54.684],[-131.291,54.769],[-131.119,54.89],[-131.177,55.039],[-131.106,55.053]]]}},{"type":"Feature","properties":{},"geometry":{"type":"Polygon","coordinates":[[[-124.137196,49.428046],[-124.145131,49.422797],[-124.137257,49.428107],[-124.137196,49.428046]]]}},{"type":"Feature","properties":{},"geometry":{"type":"Polygon","coordinates":[[[-124.137,49.428],[-123.366,49.295],[-123.394,49.052],[-124.141,49.349],[-124.137,49.428]]]}},{"type":"Feature","properties":{},"geometry":{"type":"Polygon","coordinates":[[[-124.419,48.44],[-124.944,48.355],[-124.985,48.151],[-125.105,48.127],[-125.057,48.367],[-124.873,48.491],[-124.419,48.44]]]}},{"type":"Feature","properties":{},"geometry":{"type":"Polygon","coordinates":[[[-90.0,73.217],[-90.065,73.087],[-90.0,72.734],[-90.32,72.766],[-90.347,72.685],[-90.163,72.612],[-90.473,72.415],[-90.617,72.559],[-90.761,72.511],[-90.641,72.439],[-90.689,72.247],[-90.609,71.969],[-90.808,71.714],[-90.785,71.575],[-90.992,71.533],[-91.049,71.311],[-92.198,71.154],[-92.129,71.311],[-92.321,71.359],[-92.225,71.551],[-92.393,71.671],[-92.249,71.935],[-92.364,72.147],[-91.985,72.735],[-91.614,72.739],[-91.601,72.891],[-91.265,73.087],[-91.097,72.991],[-90.604,72.966],[-90.532,73.032],[-90.569,73.183],[-90.808,73.391],[-90.305,73.759],[-90.0,73.811],[-90.0,73.217]]]}},{"type":"Feature","properties":{},"geometry":{"type":"Polygon","coordinates":[[[-90.0,74.52],[-90.0,74.135],[-91.533,74.147],[-92.715,74.37],[-92.404,74.55],[-91.097,74.335],[-90.663,74.39],[-90.77,74.533],[-90.714,74.571],[-90.0,74.52]]]}},{"type":"Feature","properties":{},"geometry":{"type":"Polygon","coordinates":[[[-168.545829,75.195685],[-168.54589,75.196112],[-168.545096,75.198798],[-168.545829,75.195685]]]}},{"type":"Feature","properties":{},"geometry":{"type":"Polygon","coordinates":[[[-65.417,81.607],[-65.657,81.511],[-66.628,81.478],[-65.946,81.615],[-65.417,81.607]]]}},{"type":"Feature","properties":{},"geometry":{"type":"Polygon","coordinates":[[[-79.083,80.793],[-79.483,80.787],[-79.198,80.878],[-79.067,80.857],[-79.083,80.793]]]}},{"type":"Feature","properties":{},"geometry":{"type":"Polygon","coordinates":[[[-12.864,80.683],[-12.305,80.431],[-15.785,80.023],[-16.793,80.071],[-15.317,80.29],[-14.777,80.503],[-13.625,80.575],[-13.254,80.506],[-13.212,80.557],[-13.346,80.681],[-12.864,80.683]]]}},{"type":"Feature","properties":{},"geometry":{"type":"Polygon","coordinates":[[[-9.875,80.591],[-10.073,80.671],[-9.932,80.69],[-9.875,80.591]]]}},{"type":"Feature","properties":{},"geometry":{"type":"Polygon","coordinates":[[[-11.738,80.33],[-12.069,80.394],[-11.675,80.406],[-11.738,80.33]]]}},{"type":"Feature","properties":{},"geometry":{"type":"Polygon","coordinates":[[[-9.903,80.18],[-10.362,80.236],[-9.955,80.344],[-9.737,80.287],[-9.903,80.18]]]}},{"type":"Feature","properties":{},"geometry":{"type":"Polygon","coordinates":[[[-81.533,79.689],[-81.936,79.742],[-82.049,79.879],[-81.726,79.942],[-81.533,79.689]]]}},{"type":"Feature","properties":{},"geometry":{"type":"Polygon","coordinates":[[[-16.615,79.627],[-17.033,79.615],[-17.033,79.447],[-17.215,79.355],[-17.731,79.304],[-18.233,79.495],[-17.321,79.687],[-16.672,79.707],[-16.615,79.627]]]}},{"type":"Feature","properties":{},"geometry":{"type":"Polygon","coordinates":[[[-67.865,79.519],[-67.688,79.547],[-67.647,79.453],[-67.777,79.414],[-68.027,79.517],[-67.949,79.693],[-67.865,79.519]]]}},{"type":"Feature","properties":{},"geometry":{"type":"Polygon","coordinates":[[[-84.635,79.283],[-84.846,79.357],[-84.673,79.417],[-84.635,79.283]]]}},{"type":"Feature","properties":{},"geometry":{"type":"Polygon","coordinates":[[[-87.963,78.673],[-88.142,78.746],[-88.16,78.888],[-88.009,78.93],[-87.963,78.673]]]}},{"type":"Feature","properties":{},"geometry":{"type":"Polygon","coordinates":[[[-87.579,78.226],[-87.785,78.079],[-87.089,78.079],[-86.974,77.983],[-88.683,77.921],[-89.761,77.745],[-90.0,77.928],[-90.0,78.152],[-89.105,78.079],[-88.285,78.217],[-88.049,78.319],[-87.802,78.648],[-87.614,78.617],[-86.992,78.823],[-87.006,78.681],[-87.59,78.495],[-87.579,78.226]]]}},{"type":"Feature","properties":{},"geometry":{"type":"Polygon","coordinates":[[[-87.579,78.226],[-87.569,78.247],[-87.578,78.228],[-87.579,78.226]]]}},{"type":"Feature","properties":{},"geometry":{"type":"Polygon","coordinates":[[[-17.201,78.775],[-17.351,78.681],[-17.57,78.726],[-17.201,78.775]]]}},{"type":"Feature","properties":{},"geometry":{"type":"Polygon","coordinates":[[[-90.0,78.51],[-89.982,78.583],[-89.798,78.445],[-90.0,78.51]]]}},{"type":"Feature","properties":{},"geometry":{"type":"Polygon","coordinates":[[[-85.228,78.062],[-85.395,78.078],[-85.21,78.157],[-85.228,78.062]]]}},{"type":"Feature","properties":{},"geometry":{"type":"Polygon","coordinates":[[[-77.914,77.897],[-77.94,77.879],[-78.003,77.85],[-78.11,77.867],[-78.113,77.874],[-78.117,77.879],[-78.123,77.884],[-78.148,77.893],[-78.157,77.894],[-78.25,77.894],[-78.261,77.901],[-78.277,77.914],[-78.281,77.921],[-78.174,77.937],[-78.171,77.939],[-78.167,77.941],[-78.161,77.946],[-78.159,77.95],[-78.155,77.957],[-78.142,77.959],[-77.898,77.915],[-77.905,77.906],[-77.914,77.897]]]}},{"type":"Feature","properties":{},"geometry":{"type":"Polygon","coordinates":[[[-71.466,77.707],[-71.321,77.599],[-71.825,77.503],[-72.689,77.647],[-72.353,77.791],[-71.466,77.707]],[[-72.342,77.619],[-72.209,77.671],[-72.449,77.671],[-72.342,77.619]]]}},{"type":"Feature","properties":{},"geometry":{"type":"Polygon","coordinates":[[[-17.318,77.594],[-17.153,77.527],[-17.61,77.552],[-17.318,77.594]]]}},{"type":"Feature","properties":{},"geometry":{"type":"Polygon","coordinates":[[[-87.966,77.253],[-88.242,77.362],[-87.971,77.366],[-87.905,77.32],[-87.966,77.253]]]}},{"type":"Feature","properties":{},"geometry":{"type":"Polygon","coordinates":[[[-77.921,77.119],[-78.167,77.214],[-77.849,77.263],[-77.921,77.119]]]}},{"type":"Feature","properties":{},"geometry":{"type":"Polygon","coordinates":[[[-19.193,76.707],[-19.395,76.645],[-19.432,76.444],[-19.864,76.505],[-20.079,76.68],[-20.041,76.735],[-19.649,76.591],[-19.385,76.759],[-19.193,76.707]]]}},{"type":"Feature","properties":{},"geometry":{"type":"Polygon","coordinates":[[[-19.109,75.945],[-19.499,76.011],[-19.126,76.054],[-19.109,75.945]]]}},{"type":"Feature","properties":{},"geometry":{"type":"Polygon","coordinates":[[[-78.331,75.936],[-78.837,76.002],[-78.36,76.034],[-78.281,75.991],[-78.331,75.936]]]}},{"type":"Feature","properties":{},"geometry":{"type":"Polygon","coordinates":[[[-19.295,74.791],[-19.553,74.836],[-19.226,74.873],[-19.295,74.791]]]}},{"type":"Feature","properties":{},"geometry":{"type":"Polygon","coordinates":[[[-22.051,74.214],[-22.052,74.214],[-22.054,74.215],[-22.049,74.215],[-22.05,74.215],[-22.051,74.214]]]}},{"type":"Feature","properties":{},"geometry":{"type":"Polygon","coordinates":[[[-19.702,74.17],[-19.253,74.19],[-19.097,74.095],[-19.977,73.951],[-20.482,74.027],[-20.408,74.118],[-19.702,74.17]]]}},{"type":"Feature","properties":{},"geometry":{"type":"Polygon","coordinates":[[[-56.873,73.495],[-56.617,73.376],[-57.094,73.431],[-56.873,73.495]]]}},{"type":"Feature","properties":{},"geometry":{"type":"Polygon","coordinates":[[[-80.424,73.164],[-80.455,73.221],[-80.273,73.159],[-80.297,72.967],[-80.388,72.993],[-80.424,73.164]]]}},{"type":"Feature","properties":{},"geometry":{"type":"Polygon","coordinates":[[[-77.327,72.827],[-77.01,72.812],[-78.065,72.751],[-78.38,72.623],[-79.244,72.513],[-79.889,72.631],[-78.172,72.868],[-77.327,72.827]]]}},{"type":"Feature","properties":{},"geometry":{"type":"Polygon","coordinates":[[[-24.534,72.74],[-24.785,72.751],[-24.839,72.836],[-24.588,72.901],[-24.534,72.74]]]}},{"type":"Feature","properties":{},"geometry":{"type":"Polygon","coordinates":[[[-21.495,72.565],[-21.514,72.541],[-21.545,72.511],[-21.568,72.506],[-21.614,72.507],[-21.853,72.56],[-21.857,72.559],[-21.843,72.565],[-21.759,72.583],[-21.531,72.594],[-21.497,72.583],[-21.493,72.576],[-21.495,72.565]]]}},{"type":"Feature","properties":{},"geometry":{"type":"Polygon","coordinates":[[[-53.69,71.552],[-53.334,71.512],[-53.31,71.266],[-53.465,71.383],[-53.807,71.424],[-53.69,71.552]]]}},{"type":"Feature","properties":{},"geometry":{"type":"Polygon","coordinates":[[[-71.337,70.925],[-71.317,71.022],[-71.408,71.065],[-71.224,71.189],[-71.228,71.022],[-71.337,70.925]]]}},{"type":"Feature","properties":{},"geometry":{"type":"Polygon","coordinates":[[[-67.586,70.686],[-67.841,70.447],[-68.225,70.399],[-68.065,70.646],[-67.634,70.766],[-67.586,70.686]]]}},{"type":"Feature","properties":{},"geometry":{"type":"Polygon","coordinates":[[[-54.517,70.529],[-54.329,70.519],[-54.209,70.375],[-54.562,70.362],[-54.73,70.535],[-54.517,70.529]]]}},{"type":"Feature","properties":{},"geometry":{"type":"Polygon","coordinates":[[[-27.392,69.996],[-27.614,70.115],[-27.228,70.231],[-27.392,69.996]]]}},{"type":"Feature","properties":{},"geometry":{"type":"Polygon","coordinates":[[[-56.343,69.991],[-56.085,69.975],[-56.057,69.847],[-56.417,69.895],[-56.343,69.991]]]}},{"type":"Feature","properties":{},"geometry":{"type":"Polygon","coordinates":[[[-56.343,69.991],[-56.344,69.991],[-56.345,69.991],[-56.34,69.992],[-56.343,69.991]]]}},{"type":"Feature","properties":{},"geometry":{"type":"Polygon","coordinates":[[[-86.339,69.789],[-86.563,69.784],[-86.657,69.871],[-86.424,69.902],[-86.339,69.789]]]}},{"type":"Feature","properties":{},"geometry":{"type":"Polygon","coordinates":[[[-86.852,69.766],[-86.991,69.838],[-86.734,69.877],[-86.852,69.766]]]}},{"type":"Feature","properties":{},"geometry":{"type":"Polygon","coordinates":[[[-86.71,69.669],[-85.877,69.528],[-85.791,69.424],[-85.95,69.256],[-86.393,69.559],[-86.633,69.511],[-86.849,69.607],[-86.71,69.669]]]}},{"type":"Feature","properties":{},"geometry":{"type":"Polygon","coordinates":[[[-66.554,69.483],[-66.761,69.535],[-66.513,69.553],[-66.554,69.483]]]}},{"type":"Feature","properties":{},"geometry":{"type":"Polygon","coordinates":[[[-86.033,69.007],[-85.793,69.031],[-85.679,68.92],[-86.105,68.911],[-86.177,69.055],[-86.033,69.007]]]}},{"type":"Feature","properties":{},"geometry":{"type":"Polygon","coordinates":[[[-51.517,68.813],[-51.449,68.743],[-51.724,68.763],[-51.557,68.873],[-51.517,68.813]]]}},{"type":"Feature","properties":{},"geometry":{"type":"Polygon","coordinates":[[[-85.958,68.633],[-86.279,68.639],[-86.117,68.703],[-85.958,68.633]]]}},{"type":"Feature","properties":{},"geometry":{"type":"Polygon","coordinates":[[[-64.869,68.301],[-64.795,68.178],[-65.273,68.143],[-65.561,68.239],[-65.321,68.335],[-64.869,68.301]]]}},{"type":"Feature","properties":{},"geometry":{"type":"Polygon","coordinates":[[[-61.68,67.335],[-61.706,67.249],[-61.889,67.279],[-62.105,67.159],[-62.537,67.279],[-62.369,67.399],[-61.793,67.423],[-61.68,67.335]]]}},{"type":"Feature","properties":{},"geometry":{"type":"Polygon","coordinates":[[[-53.847,66.745],[-54.041,66.703],[-54.088,66.526],[-55.169,66.319],[-54.809,66.535],[-54.425,66.559],[-54.012,66.813],[-53.83,66.834],[-53.847,66.745]]]}},{"type":"Feature","properties":{},"geometry":{"type":"Polygon","coordinates":[[[-13.696,66.263],[-13.961,66.151],[-14.535,66.185],[-13.556,66.46],[-13.545,66.313],[-13.696,66.263]]]}},{"type":"Feature","properties":{},"geometry":{"type":"Polygon","coordinates":[[[-55.315,66.117],[-55.852,66.064],[-55.937,66.151],[-55.769,66.103],[-55.543,66.233],[-55.277,66.184],[-55.315,66.117]]]}},{"type":"Feature","properties":{},"geometry":{"type":"Polygon","coordinates":[[[-20.997,65.757],[-21.189,65.783],[-21.154,65.923],[-20.944,65.928],[-20.897,65.791],[-20.997,65.757]]]}},{"type":"Feature","properties":{},"geometry":{"type":"Polygon","coordinates":[[[-89.49,65.826],[-89.21,65.753],[-89.581,65.69],[-89.726,65.791],[-89.648,65.878],[-89.49,65.826]]]}},{"type":"Feature","properties":{},"geometry":{"type":"Polygon","coordinates":[[[-52.025,63.544],[-52.593,63.495],[-52.109,63.636],[-52.025,63.544]]]}},{"type":"Feature","properties":{},"geometry":{"type":"Polygon","coordinates":[[[-63.618,63.46],[-63.497,63.439],[-63.641,63.223],[-63.86,63.153],[-63.618,63.46]]]}},{"type":"Feature","properties":{},"geometry":{"type":"Polygon","coordinates":[[[-63.618,63.46],[-63.622,63.46],[-63.621,63.461],[-63.617,63.463],[-63.618,63.462],[-63.618,63.46]]]}},{"type":"Feature","properties":{},"geometry":{"type":"Polygon","coordinates":[[[-51.462,62.991],[-51.638,63.056],[-51.513,63.11],[-51.462,62.991]]]}},{"type":"Feature","properties":{},"geometry":{"type":"Polygon","coordinates":[[[-5.65,62.131],[-5.711,62.165],[-5.635,62.289],[-5.496,62.318],[-5.65,62.131]]]}},{"type":"Feature","properties":{},"geometry":{"type":"Polygon","coordinates":[[[-66.416,61.649],[-66.549,61.71],[-66.379,61.783],[-66.416,61.649]]]}},{"type":"Feature","properties":{},"geometry":{"type":"Polygon","coordinates":[[[-84.448,60.782],[-84.101,60.743],[-84.833,60.727],[-84.448,60.782]]]}},{"type":"Feature","properties":{},"geometry":{"type":"Polygon","coordinates":[[[-87.328,60.561],[-87.473,60.679],[-87.333,60.669],[-87.328,60.561]]]}},{"type":"Feature","properties":{},"geometry":{"type":"Polygon","coordinates":[[[-86.673,60.375],[-87.257,60.319],[-86.085,60.084],[-86.201,60.007],[-87.187,60.058],[-87.281,59.983],[-86.849,59.887],[-86.29,59.905],[-86.21,59.696],[-86.321,59.575],[-86.321,59.383],[-86.543,59.227],[-86.702,59.282],[-86.691,59.413],[-86.939,59.42],[-87.017,59.575],[-87.329,59.599],[-87.758,59.458],[-87.977,59.599],[-87.751,59.89],[-87.42,59.923],[-87.792,60.072],[-87.377,60.295],[-87.482,60.373],[-88.005,60.336],[-88.008,60.413],[-86.585,60.463],[-86.673,60.375]]]}},{"type":"Feature","properties":{},"geometry":{"type":"Polygon","coordinates":[[[-65.804,60.061],[-65.441,60.199],[-65.348,60.154],[-65.424,59.945],[-65.546,59.879],[-65.655,59.973],[-65.804,59.666],[-65.993,59.647],[-66.137,59.455],[-66.327,59.47],[-66.689,59.308],[-66.848,59.538],[-67.145,59.575],[-66.283,59.853],[-66.237,59.968],[-66.371,60.155],[-66.064,60.337],[-65.849,60.343],[-65.804,60.061]]]}},{"type":"Feature","properties":{},"geometry":{"type":"Polygon","coordinates":[[[-67.659,59.569],[-67.841,59.671],[-67.587,59.709],[-67.553,59.623],[-67.659,59.569]]]}},{"type":"Feature","properties":{},"geometry":{"type":"Polygon","coordinates":[[[-67.081,59.458],[-67.13,59.38],[-67.601,59.455],[-67.433,59.575],[-67.081,59.458]]]}},{"type":"Feature","properties":{},"geometry":{"type":"Polygon","coordinates":[[[-61.133,58.706],[-61.269,58.753],[-61.049,58.807],[-61.133,58.706]]]}},{"type":"Feature","properties":{},"geometry":{"type":"Polygon","coordinates":[[[-61.889,58.327],[-62.105,58.423],[-61.96,58.434],[-61.889,58.327]]]}},{"type":"Feature","properties":{},"geometry":{"type":"Polygon","coordinates":[[[-13.732,53.113],[-13.982,53.189],[-13.891,53.232],[-13.732,53.113]]]}},{"type":"Feature","properties":{},"geometry":{"type":"Polygon","coordinates":[[[-65.419,49.901],[-65.657,50.047],[-65.441,50.039],[-65.419,49.901]]]}},{"type":"Feature","properties":{},"geometry":{"type":"Polygon","coordinates":[[[-62.466,49.748],[-62.849,49.831],[-62.611,49.857],[-62.466,49.748]]]}},{"type":"Feature","properties":{},"geometry":{"type":"Polygon","coordinates":[[[-9.156,49.319],[-9.3,49.346],[-9.305,49.447],[-9.17,49.43],[-9.156,49.319]]]}},{"type":"Feature","properties":{},"geometry":{"type":"Polygon","coordinates":[[[-9.569,49.111],[-9.666,49.174],[-9.64,49.315],[-9.569,49.111]]]}},{"type":"Feature","properties":{},"geometry":{"type":"Polygon","coordinates":[[[-8.601,49.228],[-8.921,49.135],[-8.873,49.231],[-8.582,49.323],[-8.601,49.228]]]}},{"type":"Feature","properties":{},"geometry":{"type":"Polygon","coordinates":[[[-69.078,48.405],[-69.377,48.295],[-69.029,48.517],[-69.078,48.405]]]}},{"type":"Feature","properties":{},"geometry":{"type":"Polygon","coordinates":[[[-51.415,48.168],[-51.377,48.079],[-51.568,48.033],[-51.666,48.143],[-51.498,48.232],[-51.415,48.168]]]}},{"type":"Feature","properties":{},"geometry":{"type":"Polygon","coordinates":[[[-5.262,47.316],[-5.414,47.338],[-5.427,47.416],[-5.181,47.564],[-5.262,47.316]]]}},{"type":"Feature","properties":{},"geometry":{"type":"Polygon","coordinates":[[[-55.464,47.276],[-55.677,47.29],[-55.367,47.46],[-55.464,47.276]]]}},{"type":"Feature","properties":{},"geometry":{"type":"Polygon","coordinates":[[[-55.993,47.079],[-56.091,47.169],[-55.88,47.214],[-55.993,47.079]]]}},{"type":"Feature","properties":{},"geometry":{"type":"Polygon","coordinates":[[[-54.881,46.351],[-54.987,46.446],[-55.001,46.807],[-54.538,47.143],[-54.593,46.831],[-54.881,46.351]]]}},{"type":"Feature","properties":{},"geometry":{"type":"Polygon","coordinates":[[[-58.577,45.871],[-58.485,45.814],[-58.858,45.641],[-59.055,45.681],[-58.887,45.858],[-58.577,45.871]]]}},{"type":"Feature","properties":{},"geometry":{"type":"Polygon","coordinates":[[[-62.421,44.306],[-62.321,44.431],[-62.06,44.465],[-62.421,44.306]]]}},{"type":"Feature","properties":{},"geometry":{"type":"Polygon","coordinates":[[[-63.228,43.444],[-63.314,43.604],[-63.066,43.801],[-63.022,44.069],[-62.705,44.287],[-62.777,43.711],[-63.228,43.444]]]}},{"type":"Feature","properties":{},"geometry":{"type":"Polygon","coordinates":[[[-67.476,43.941],[-67.32,43.949],[-67.368,43.771],[-67.265,43.558],[-67.015,43.531],[-67.106,43.244],[-67.307,43.212],[-67.265,43.375],[-67.398,43.444],[-67.621,43.2],[-68.164,43.239],[-67.937,43.735],[-67.349,44.269],[-67.476,43.941]]]}},{"type":"Feature","properties":{},"geometry":{"type":"Polygon","coordinates":[[[-63.521,43.711],[-63.709,43.368],[-63.977,43.639],[-64.193,43.615],[-64.076,43.818],[-63.47,44.002],[-63.521,43.711]]]}},{"type":"Feature","properties":{},"geometry":{"type":"Polygon","coordinates":[[[-68.407,43.14],[-68.225,43.159],[-68.2,43.068],[-68.465,43.063],[-68.459,43.176],[-68.407,43.14]]]}},{"type":"Feature","properties":{},"geometry":{"type":"Polygon","coordinates":[[[-69.418,42.248],[-69.464,42.135],[-69.135,41.997],[-69.161,41.863],[-69.593,41.911],[-69.919,42.313],[-69.929,43.039],[-69.641,42.799],[-69.065,42.535],[-68.863,42.57],[-68.738,42.454],[-68.845,42.3],[-69.418,42.248]]]}},{"type":"Feature","properties":{},"geometry":{"type":"Polygon","coordinates":[[[-68.299,42.295],[-68.445,42.338],[-68.62,42.63],[-68.369,42.679],[-68.299,42.295]]]}},{"type":"Feature","properties":{},"geometry":{"type":"Polygon","coordinates":[[[-72.016,21.835],[-71.563,21.6],[-71.733,21.3],[-71.903,21.298],[-72.33,21.64],[-72.345,21.732],[-72.016,21.835]]]}},{"type":"Feature","properties":{},"geometry":{"type":"Polygon","coordinates":[[[-64.361,10.831],[-64.296,10.491],[-64.409,10.423],[-65.235,10.499],[-65.619,10.43],[-65.993,10.639],[-65.945,10.855],[-65.561,10.951],[-64.985,10.831],[-64.577,11.023],[-64.376,10.931],[-64.361,10.831]]]}},{"type":"Feature","properties":{},"geometry":{"type":"Polygon","coordinates":[[[-78.538,8.463],[-78.385,8.179],[-78.823,8.282],[-78.761,8.575],[-78.538,8.463]]]}},{"type":"Feature","properties":{},"geometry":{"type":"Polygon","coordinates":[[[-81.473,7.375],[-81.594,7.446],[-81.533,7.572],[-81.448,7.517],[-81.473,7.375]]]}},{"type":"Feature","properties":{},"geometry":{"type":"Polygon","coordinates":[[[-12.041,7.074],[-12.305,7.255],[-12.084,7.221],[-12.041,7.074]]]}},{"type":"Feature","properties":{},"geometry":{"type":"Polygon","coordinates":[[[-45.161,0.056],[-45.332,0.159],[-45.118,0.258],[-45.063,0.175],[-45.161,0.056]]]}},{"type":"Feature","properties":{},"geometry":{"type":"Polygon","coordinates":[[[-55.241,50.457],[-55.241,50.455],[-55.242,50.458],[-55.242,50.459],[-55.241,50.459],[-55.241,50.457]]]}},{"type":"Feature","properties":{},"geometry":{"type":"Polygon","coordinates":[[[-12.617,60.439],[-12.62,60.439],[-12.618,60.439],[-12.617,60.439]]]}},{"type":"Feature","properties":{},"geometry":{"type":"Polygon","coordinates":[[[-45.432,59.783],[-45.281,59.793],[-45.243,59.64],[-45.482,59.654],[-45.432,59.783]]]}},{"type":"Feature","properties":{},"geometry":{"type":"Polygon","coordinates":[[[-45.432,59.783],[-45.449,59.767],[-45.434,59.783],[-45.433,59.784],[-45.432,59.784],[-45.432,59.783]]]}},{"type":"Feature","properties":{},"geometry":{"type":"Polygon","coordinates":[[[-88.547,77.353],[-88.375,77.235],[-88.854,77.278],[-89.005,77.157],[-89.21,77.151],[-89.297,77.191],[-89.271,77.337],[-89.386,77.372],[-89.23,77.499],[-89.51,77.625],[-89.31,77.703],[-88.485,77.559],[-88.547,77.353]]]}},{"type":"Feature","properties":{},"geometry":{"type":"Polygon","coordinates":[[[-78.593,76.999],[-78.792,76.862],[-78.895,76.963],[-79.219,76.986],[-78.775,77.101],[-78.593,76.999]]]}},{"type":"Feature","properties":{},"geometry":{"type":"Polygon","coordinates":[[[-81.039,65.407],[-81.121,65.217],[-80.883,65.162],[-80.981,65.323],[-80.753,65.335],[-80.129,64.999],[-79.505,64.951],[-79.09,64.749],[-79.042,64.453],[-78.881,64.567],[-78.604,64.521],[-78.526,64.39],[-77.861,64.231],[-77.9,64.132],[-78.307,64.172],[-78.353,64.039],[-78.567,63.925],[-78.477,63.841],[-77.646,63.791],[-77.657,63.535],[-78.984,63.587],[-79.169,63.415],[-78.792,63.186],[-78.895,63.04],[-77.375,62.964],[-77.237,63.064],[-77.242,63.352],[-77.009,63.223],[-76.379,63.132],[-75.905,63.199],[-76.132,63.432],[-76.359,63.424],[-76.697,63.679],[-77.609,63.751],[-77.321,63.895],[-77.585,64.153],[-77.551,64.213],[-76.937,64.159],[-76.265,63.943],[-76.073,63.991],[-75.593,63.895],[-75.401,64.015],[-75.092,63.755],[-74.954,63.889],[-75.341,64.034],[-75.322,64.138],[-74.345,63.823],[-74.177,63.895],[-73.763,63.788],[-73.506,63.911],[-73.409,63.727],[-73.241,63.775],[-73.145,63.631],[-72.233,63.391],[-71.441,62.959],[-71.225,62.647],[-70.865,62.503],[-70.865,62.263],[-71.031,62.189],[-70.807,61.941],[-70.582,61.833],[-70.444,61.918],[-70.394,61.857],[-70.577,61.711],[-70.902,61.9],[-71.147,61.834],[-72.737,62.383],[-73.121,62.431],[-73.505,62.599],[-73.505,62.743],[-73.649,62.839],[-75.425,63.175],[-75.713,63.151],[-75.929,62.983],[-75.108,62.62],[-74.991,62.409],[-75.279,62.606],[-75.658,62.419],[-76.66,62.59],[-78.228,62.665],[-79.793,62.527],[-80.777,62.599],[-82.22,63.12],[-80.575,63.134],[-79.865,63.319],[-79.745,63.463],[-79.339,63.496],[-79.241,63.631],[-79.715,63.69],[-80.037,63.871],[-80.081,64.039],[-81.497,64.399],[-82.025,64.735],[-83.105,65.023],[-83.633,65.263],[-83.945,65.287],[-84.474,65.564],[-84.289,65.738],[-82.969,65.336],[-82.754,65.418],[-82.99,65.647],[-83.003,65.81],[-83.308,65.944],[-83.248,66.03],[-82.553,65.815],[-82.534,65.646],[-82.097,65.527],[-81.742,65.724],[-81.377,65.671],[-81.305,65.517],[-80.883,65.519],[-81.039,65.407]],[[-81.494,65.457],[-81.857,65.551],[-81.639,65.43],[-81.494,65.457]],[[-80.677,65.147],[-80.797,65.127],[-80.783,65.05],[-80.642,65.054],[-80.677,65.147]],[[-80.467,64.894],[-80.321,64.975],[-80.503,64.983],[-80.467,64.894]],[[-78.748,63.728],[-78.646,63.646],[-78.645,63.787],[-78.748,63.728]],[[-72.757,63.375],[-72.943,63.312],[-72.734,63.276],[-72.757,63.375]],[[-75.679,63.612],[-75.528,63.73],[-75.659,63.711],[-75.736,63.828],[-76.096,63.758],[-76.054,63.671],[-75.761,63.727],[-75.679,63.612]],[[-74.801,63.775],[-74.701,63.651],[-74.492,63.698],[-74.585,63.823],[-74.801,63.775]]]}},{"type":"Feature","properties":{},"geometry":{"type":"Polygon","coordinates":[[[-81.396,61.974],[-81.713,61.663],[-82.001,61.567],[-82.158,61.603],[-82.142,61.743],[-82.378,61.764],[-82.289,61.617],[-82.649,61.255],[-82.985,61.423],[-83.421,61.258],[-83.521,61.414],[-83.873,61.399],[-83.97,61.203],[-83.918,60.959],[-84.041,61.087],[-84.353,61.087],[-84.403,61.226],[-84.569,61.255],[-84.869,61.54],[-84.599,61.638],[-84.281,61.567],[-84.252,61.428],[-83.934,61.467],[-83.841,61.606],[-83.221,61.67],[-82.485,61.944],[-82.192,61.883],[-82.121,62.143],[-81.273,62.377],[-81.449,62.095],[-81.396,61.974]]]}},{"type":"Feature","properties":{},"geometry":{"type":"Polygon","coordinates":[[[-86.21,61.687],[-85.817,61.471],[-85.521,61.164],[-85.08,61.173],[-85.046,61.062],[-85.142,60.964],[-85.481,61.111],[-85.67,61.03],[-86.249,61.063],[-86.77,60.864],[-86.921,61.039],[-87.03,60.927],[-87.386,60.868],[-87.521,61.087],[-87.641,61.063],[-87.641,61.183],[-87.833,61.255],[-87.161,61.447],[-87.341,61.624],[-86.21,61.687]]]}},{"type":"Feature","properties":{},"geometry":{"type":"Polygon","coordinates":[[[-4.457,46.951],[-4.169,46.831],[-3.929,46.855],[-3.857,46.543],[-3.738,46.428],[-4.333,46.459],[-4.481,46.687],[-4.457,46.951]]]}},{"type":"Feature","properties":{},"geometry":{"type":"Polygon","coordinates":[[[-66.733,77.652],[-66.325,77.592],[-66.131,77.468],[-66.657,77.569],[-66.686,77.4],[-67.193,77.431],[-67.111,77.644],[-66.859,77.574],[-66.733,77.652]]]}},{"type":"Feature","properties":{},"geometry":{"type":"Polygon","coordinates":[[[-68.403,77.48],[-67.866,77.446],[-68.948,77.441],[-68.403,77.48]]]}},{"type":"Feature","properties":{},"geometry":{"type":"Polygon","coordinates":[[[-64.251,76.247],[-64.415,76.161],[-64.578,76.215],[-64.372,76.232],[-64.348,76.322],[-64.251,76.247]]]}},{"type":"Feature","properties":{},"geometry":{"type":"Polygon","coordinates":[[[-52.6,71.657],[-52.628,71.565],[-52.819,71.604],[-52.6,71.657]]]}},{"type":"Feature","properties":{},"geometry":{"type":"Polygon","coordinates":[[[-33.405,66.768],[-33.473,66.575],[-33.642,66.524],[-34.001,66.703],[-33.718,66.848],[-33.405,66.768]]]}},{"type":"Feature","properties":{},"geometry":{"type":"Polygon","coordinates":[[[-37.433,66.295],[-37.955,66.025],[-37.677,66.294],[-37.433,66.295]]]}},{"type":"Feature","properties":{},"geometry":{"type":"Polygon","coordinates":[[[-40.608,65.017],[-40.628,64.928],[-41.013,64.905],[-40.937,65.047],[-40.608,65.017]]]}},{"type":"Feature","properties":{},"geometry":{"type":"Polygon","coordinates":[[[-19.829,79.857],[-19.761,79.795],[-19.961,79.762],[-20.249,79.887],[-19.928,80.011],[-19.829,79.857]]]}},{"type":"Feature","properties":{},"geometry":{"type":"Polygon","coordinates":[[[-19.336,77.419],[-19.121,77.368],[-19.123,77.267],[-19.422,77.263],[-19.577,77.356],[-19.336,77.419]]]}},{"type":"Feature","properties":{},"geometry":{"type":"Polygon","coordinates":[[[-21.761,74.155],[-22.18,74.081],[-22.035,74.213],[-21.761,74.155]]]}},{"type":"Feature","properties":{},"geometry":{"type":"Polygon","coordinates":[[[-24.473,73.615],[-24.473,73.614],[-24.473,73.615],[-24.474,73.615],[-24.473,73.615]]]}},{"type":"Feature","properties":{},"geometry":{"type":"Polygon","coordinates":[[[-24.167,73.693],[-23.777,73.471],[-23.12,73.325],[-22.169,73.207],[-21.313,73.401],[-20.961,73.187],[-21.766,73.216],[-21.625,73.074],[-21.137,72.991],[-21.521,72.919],[-22.049,73.111],[-24.037,73.434],[-24.434,73.66],[-24.167,73.693]]]}},{"type":"Feature","properties":{},"geometry":{"type":"Polygon","coordinates":[[[-24.282,72.512],[-24.487,72.43],[-24.582,72.524],[-24.545,72.631],[-24.282,72.512]]]}},{"type":"Feature","properties":{},"geometry":{"type":"Polygon","coordinates":[[[-27.926,70.675],[-28.036,70.681],[-27.892,70.86],[-27.979,70.948],[-27.761,70.921],[-27.926,70.675]]]}},{"type":"Feature","properties":{},"geometry":{"type":"Polygon","coordinates":[[[-27.828,68.431],[-27.857,68.322],[-28.134,68.216],[-28.316,68.364],[-27.828,68.431]]]}},{"type":"Feature","properties":{},"geometry":{"type":"Polygon","coordinates":[[[-31.781,68.028],[-32.046,67.986],[-31.971,68.108],[-32.212,68.382],[-31.768,68.12],[-31.781,68.028]]]}},{"type":"Feature","properties":{},"geometry":{"type":"Polygon","coordinates":[[[-77.123,77.864],[-77.12,77.864],[-77.119,77.864],[-77.123,77.864]]]}},{"type":"Feature","properties":{},"geometry":{"type":"Polygon","coordinates":[[[-24.186818,64.900946],[-24.186879,64.900946],[-24.185292,64.902777],[-24.186818,64.900946]]]}},{"type":"Feature","properties":{},"geometry":{"type":"Polygon","coordinates":[[[-16.329,28.281],[-16.328,28.281],[-16.328,28.282],[-16.329,28.281]]]}},{"type":"Feature","properties":{},"geometry":{"type":"Polygon","coordinates":[[[-16.328786,28.28089],[-16.328847,28.280829],[-16.328908,28.280829],[-16.328786,28.28089]]]}},{"type":"Feature","properties":{},"geometry":{"type":"Polygon","coordinates":[[[-67.409291,11.958808],[-67.410817,11.956732],[-67.410756,11.957343],[-67.409291,11.958808]]]}},{"type":"Feature","properties":{},"geometry":{"type":"Polygon","coordinates":[[[-87.500966,17.478095],[-87.497243,17.478827],[-87.5006,17.477973],[-87.500966,17.478095]]]}},{"type":"Feature","properties":{},"geometry":{"type":"Polygon","coordinates":[[[-16.328786,28.28089],[-16.328542,28.281195],[-16.328603,28.281073],[-16.328725,28.280951],[-16.328786,28.28089]]]}},{"type":"Feature","properties":{},"geometry":{"type":"Polygon","coordinates":[[[-90.0,80.57],[-90.0,81.009],[-89.518,80.994],[-89.39,80.849],[-88.049,80.647],[-87.268,80.603],[-86.801,80.695],[-86.757,80.576],[-85.481,80.479],[-79.865,80.665],[-80.489,80.503],[-83.234,80.333],[-82.55,80.046],[-83.681,80.287],[-86.457,80.373],[-86.682,80.147],[-86.591,79.981],[-87.245,80.112],[-87.545,80.455],[-88.389,80.483],[-88.817,80.311],[-89.057,80.551],[-90.0,80.57]]]}},{"type":"Feature","properties":{},"geometry":{"type":"Polygon","coordinates":[[[-69.16,79.733],[-69.162,79.734],[-69.161,79.735],[-69.159,79.734],[-69.16,79.733]]]}},{"type":"Feature","properties":{},"geometry":{"type":"Polygon","coordinates":[[[-8.294423,80.023017],[-8.297353,80.022773],[-8.29424,80.023139],[-8.294253,80.02313],[-8.294423,80.023017]]]}},{"type":"Feature","properties":{},"geometry":{"type":"Polygon","coordinates":[[[-53.153615,64.780646],[-53.15331,64.782782],[-53.153554,64.780707],[-53.153615,64.780646]]]}},{"type":"Feature","properties":{},"geometry":{"type":"Polygon","coordinates":[[[-77.127,77.863],[-77.129,77.863],[-77.123,77.864],[-77.127,77.863]]]}},{"type":"Feature","properties":{},"geometry":{"type":"Polygon","coordinates":[[[-10.171,31.635],[-10.169,31.639],[-10.172,31.633],[-10.171,31.635]]]}},{"type":"Feature","properties":{},"geometry":{"type":"Polygon","coordinates":[[[-16.327382,28.282538],[-16.327443,28.282355],[-16.327443,28.282416],[-16.327382,28.282538]]]}},{"type":"Feature","properties":{},"geometry":{"type":"Polygon","coordinates":[[[-15.783925,78.390692],[-15.783864,78.390509],[-15.78539,78.390815],[-15.785288,78.390806],[-15.783925,78.390692]]]}},{"type":"Feature","properties":{},"geometry":{"type":"Polygon","coordinates":[[[-90.0,72.734],[-90.0,73.06],[-89.537,73.039],[-90.0,72.734]]]}},{"type":"Feature","properties":{},"geometry":{"type":"Polygon","coordinates":[[[-12.507,78.225],[-12.521,78.223],[-12.502,78.228],[-12.501,78.227],[-12.502,78.227],[-12.507,78.225]]]}},{"type":"Feature","properties":{},"geometry":{"type":"Polygon","coordinates":[[[-70.167958,79.206855],[-70.16924,79.206794],[-70.167592,79.206977],[-70.167958,79.206855]]]}},{"type":"Feature","properties":{},"geometry":{"type":"Polygon","coordinates":[[[22.794,81.135],[22.632,81.173],[22.884,81.224],[22.794,81.135]]]}},{"type":"Feature","properties":{},"geometry":{"type":"Polygon","coordinates":[[[33.867,80.929],[33.664,80.93],[33.55,81.076],[34.303,81.199],[34.591,81.079],[34.351,80.935],[33.867,80.929]]]}},{"type":"Feature","properties":{},"geometry":{"type":"Polygon","coordinates":[[[37.911,80.972],[38.839,80.815],[38.617,80.72],[35.547,80.385],[34.143,80.047],[34.119,80.17],[33.919,80.191],[34.023,80.302],[35.431,80.503],[35.767,80.695],[36.877,80.697],[37.911,80.972]]]}},{"type":"Feature","properties":{},"geometry":{"type":"Polygon","coordinates":[[[23.713,80.834],[23.563,80.92],[23.839,80.935],[23.713,80.834]]]}},{"type":"Feature","properties":{},"geometry":{"type":"Polygon","coordinates":[[[32.779,80.887],[32.694,80.777],[32.431,80.839],[32.779,80.887]]]}},{"type":"Feature","properties":{},"geometry":{"type":"Polygon","coordinates":[[[48.989,80.691],[49.205,80.664],[49.066,80.552],[48.734,80.547],[48.799,80.695],[48.655,80.815],[48.919,80.815],[48.989,80.691]]]}},{"type":"Feature","properties":{},"geometry":{"type":"Polygon","coordinates":[[[23.807,80.63],[23.431,80.543],[23.236,80.686],[23.502,80.778],[23.761,80.729],[23.807,80.63]]]}},{"type":"Feature","properties":{},"geometry":{"type":"Polygon","coordinates":[[[57.107,80.61],[57.07,80.51],[56.791,80.551],[57.107,80.61]]]}},{"type":"Feature","properties":{},"geometry":{"type":"Polygon","coordinates":[[[82.45,80.321],[82.279,80.479],[82.465,80.445],[82.45,80.321]]]}},{"type":"Feature","properties":{},"geometry":{"type":"Polygon","coordinates":[[[59.407,80.191],[58.847,80.214],[58.969,80.277],[59.407,80.191]]]}},{"type":"Feature","properties":{},"geometry":{"type":"Polygon","coordinates":[[[83.972,79.643],[83.661,79.694],[83.815,79.807],[84.044,79.749],[83.972,79.643]]]}},{"type":"Feature","properties":{},"geometry":{"type":"Polygon","coordinates":[[[84.727,79.327],[84.702,79.203],[84.406,79.213],[84.271,79.063],[84.132,79.054],[84.054,79.113],[84.177,79.281],[83.775,79.307],[83.623,79.468],[84.224,79.57],[84.727,79.327]]]}},{"type":"Feature","properties":{},"geometry":{"type":"Polygon","coordinates":[[[56.407,79.159],[56.401,79.128],[56.366,79.107],[56.313,79.095],[56.184,79.091],[56.086,79.103],[56.071,79.111],[56.077,79.137],[56.092,79.153],[56.114,79.162],[56.141,79.165],[56.287,79.159],[56.307,79.163],[56.358,79.192],[56.372,79.198],[56.385,79.196],[56.396,79.184],[56.407,79.159]]]}},{"type":"Feature","properties":{},"geometry":{"type":"Polygon","coordinates":[[[60.874,78.722],[60.943,78.679],[60.588,78.729],[60.874,78.722]]]}},{"type":"Feature","properties":{},"geometry":{"type":"Polygon","coordinates":[[[15.37,78.422],[15.875,78.417],[14.887,78.175],[14.311,78.175],[14.488,78.299],[14.911,78.295],[15.108,78.501],[15.37,78.422]]]}},{"type":"Feature","properties":{},"geometry":{"type":"Polygon","coordinates":[[[36.762,78.122],[36.298,78.106],[36.173,78.19],[36.665,78.254],[36.847,78.199],[36.762,78.122]]]}},{"type":"Feature","properties":{},"geometry":{"type":"Polygon","coordinates":[[[14.032,78.218],[14.14,78.164],[13.845,78.161],[14.032,78.218]]]}},{"type":"Feature","properties":{},"geometry":{"type":"Polygon","coordinates":[[[25.655,78.07],[25.459,78.09],[25.783,78.175],[25.655,78.07]]]}},{"type":"Feature","properties":{},"geometry":{"type":"Polygon","coordinates":[[[19.567,78.079],[19.811,78.107],[19.715,78.005],[19.207,78.031],[19.516,78.172],[19.567,78.079]]]}},{"type":"Feature","properties":{},"geometry":{"type":"Polygon","coordinates":[[[34.637,77.848],[34.803,77.853],[34.827,77.781],[34.251,77.782],[34.471,77.908],[34.637,77.848]]]}},{"type":"Feature","properties":{},"geometry":{"type":"Polygon","coordinates":[[[36.288,77.681],[36.043,77.731],[36.295,77.779],[36.288,77.681]]]}},{"type":"Feature","properties":{},"geometry":{"type":"Polygon","coordinates":[[[19.327,77.599],[19.536,77.511],[19.682,77.572],[19.735,77.479],[19.994,77.546],[20.216,77.411],[19.98,77.4],[19.802,77.272],[19.724,77.034],[19.935,77.2],[20.093,77.135],[19.702,76.88],[19.543,76.999],[19.399,76.951],[19.351,77.047],[19.129,77.062],[19.053,77.26],[18.895,77.239],[18.574,77.533],[19.166,77.675],[19.327,77.599]]]}},{"type":"Feature","properties":{},"geometry":{"type":"Polygon","coordinates":[[[64.988,77.269],[64.682,77.339],[64.913,77.382],[64.988,77.269]]]}},{"type":"Feature","properties":{},"geometry":{"type":"Polygon","coordinates":[[[31.863,77.273],[32.039,77.212],[31.663,77.311],[31.863,77.273]]]}},{"type":"Feature","properties":{},"geometry":{"type":"Polygon","coordinates":[[[31.303,77.095],[31.137,77.087],[31.03,77.1],[30.998,77.117],[30.991,77.143],[31.012,77.164],[31.058,77.175],[31.117,77.178],[31.241,77.16],[31.287,77.143],[31.311,77.12],[31.303,77.095]]]}},{"type":"Feature","properties":{},"geometry":{"type":"Polygon","coordinates":[[[38.824,77.002],[38.685,77.108],[38.863,77.119],[38.824,77.002]]]}},{"type":"Feature","properties":{},"geometry":{"type":"Polygon","coordinates":[[[18.197,76.876],[18.229,76.69],[18.127,76.605],[17.773,76.677],[18.032,76.844],[17.773,76.864],[17.788,76.943],[18.081,76.99],[18.197,76.876]]]}},{"type":"Feature","properties":{},"geometry":{"type":"Polygon","coordinates":[[[14.856,76.642],[14.64,76.68],[14.791,76.831],[15.012,76.853],[15.037,76.744],[14.856,76.642]]]}},{"type":"Feature","properties":{},"geometry":{"type":"Polygon","coordinates":[[[22.068,76.434],[21.2,76.357],[21.103,76.423],[21.839,76.567],[22.183,76.519],[22.068,76.434]]]}},{"type":"Feature","properties":{},"geometry":{"type":"Polygon","coordinates":[[[17.848,76.379],[18.079,76.423],[18.121,76.247],[18.339,76.117],[18.103,75.991],[18.129,75.777],[17.743,75.655],[17.47,75.258],[17.193,75.312],[16.855,75.223],[16.807,75.535],[16.159,75.919],[16.279,76.111],[16.194,76.259],[17.662,76.494],[17.848,76.379]]]}},{"type":"Feature","properties":{},"geometry":{"type":"Polygon","coordinates":[[[64.43,76.394],[63.997,76.377],[64.05,76.458],[64.364,76.498],[64.43,76.394]]]}},{"type":"Feature","properties":{},"geometry":{"type":"Polygon","coordinates":[[[72.734,76.312],[72.702,76.307],[72.659,76.309],[72.569,76.332],[72.534,76.351],[72.512,76.374],[72.511,76.399],[72.53,76.417],[72.562,76.423],[72.604,76.42],[72.691,76.392],[72.725,76.372],[72.747,76.349],[72.75,76.327],[72.734,76.312]]]}},{"type":"Feature","properties":{},"geometry":{"type":"Polygon","coordinates":[[[20.483,76.227],[20.299,76.276],[20.496,76.317],[20.483,76.227]]]}},{"type":"Feature","properties":{},"geometry":{"type":"Polygon","coordinates":[[[58.253,75.722],[58.192,75.746],[58.658,75.816],[58.253,75.722]]]}},{"type":"Feature","properties":{},"geometry":{"type":"Polygon","coordinates":[[[66.174,74.623],[65.647,74.623],[65.847,74.727],[66.174,74.623]]]}},{"type":"Feature","properties":{},"geometry":{"type":"Polygon","coordinates":[[[64.616,74.24],[64.35,74.215],[64.279,74.335],[64.535,74.346],[64.616,74.24]]]}},{"type":"Feature","properties":{},"geometry":{"type":"Polygon","coordinates":[[[49.135,74.167],[48.885,74.213],[49.158,74.338],[49.135,74.167]]]}},{"type":"Feature","properties":{},"geometry":{"type":"Polygon","coordinates":[[[37.813,74.144],[37.629,74.204],[37.91,74.26],[37.813,74.144]]]}},{"type":"Feature","properties":{},"geometry":{"type":"Polygon","coordinates":[[[52.239,73.26],[52.142,73.275],[52.216,73.383],[52.435,73.41],[52.239,73.26]]]}},{"type":"Feature","properties":{},"geometry":{"type":"Polygon","coordinates":[[[60.624,71.184],[60.338,71.239],[60.68,71.281],[60.624,71.184]]]}},{"type":"Feature","properties":{},"geometry":{"type":"Polygon","coordinates":[[[62.134,70.716],[61.866,70.627],[61.78,70.747],[61.997,70.808],[62.134,70.716]]]}},{"type":"Feature","properties":{},"geometry":{"type":"Polygon","coordinates":[[[62.752,70.612],[62.968,70.362],[62.534,70.364],[62.393,70.18],[62.071,70.231],[61.002,70.081],[61.11,70.279],[61.539,70.373],[61.338,70.539],[61.981,70.487],[62.206,70.632],[62.752,70.612]]]}},{"type":"Feature","properties":{},"geometry":{"type":"Polygon","coordinates":[[[0.487,61.591],[0.331,61.635],[0.665,61.732],[0.487,61.591]]]}},{"type":"Feature","properties":{},"geometry":{"type":"Polygon","coordinates":[[[20.097,57.147],[19.831,57.151],[20.047,57.415],[20.343,57.491],[20.097,57.147]]]}},{"type":"Feature","properties":{},"geometry":{"type":"Polygon","coordinates":[[[15.259,43.243],[15.191,43.273],[15.256,43.432],[15.474,43.61],[15.623,43.579],[15.415,43.303],[15.259,43.243]]]}},{"type":"Feature","properties":{},"geometry":{"type":"Polygon","coordinates":[[[15.197,42.896],[14.993,43.018],[15.055,43.183],[15.247,43.207],[15.338,43.099],[15.197,42.896]]]}},{"type":"Feature","properties":{},"geometry":{"type":"Polygon","coordinates":[[[15.066,42.809],[14.906,42.678],[14.624,42.848],[14.804,42.95],[15.066,42.809]]]}},{"type":"Feature","properties":{},"geometry":{"type":"Polygon","coordinates":[[[28.375,40.951],[28.933,40.872],[29.186,40.729],[28.678,40.573],[28.327,40.735],[27.895,40.663],[27.429,40.767],[27.631,40.927],[28.375,40.951]]]}},{"type":"Feature","properties":{},"geometry":{"type":"Polygon","coordinates":[[[22.46,38.307],[22.722,38.269],[22.919,38.097],[22.76,38.051],[22.201,38.263],[22.46,38.307]]]}},{"type":"Feature","properties":{},"geometry":{"type":"Polygon","coordinates":[[[27.663,36.967],[27.664,36.966],[27.655,36.967],[27.66,36.968],[27.662,36.967],[27.663,36.967]]]}},{"type":"Feature","properties":{},"geometry":{"type":"Polygon","coordinates":[[[57.247,24.223],[57.225,24.22],[57.189,24.234],[57.052,24.33],[56.989,24.396],[56.983,24.415],[56.994,24.433],[57.01,24.437],[57.029,24.43],[57.127,24.343],[57.216,24.308],[57.242,24.292],[57.259,24.271],[57.262,24.249],[57.247,24.223]]]}},{"type":"Feature","properties":{},"geometry":{"type":"Polygon","coordinates":[[[89.389,21.109],[89.288,21.164],[89.566,21.363],[89.389,21.109]]]}},{"type":"Feature","properties":{},"geometry":{"type":"Polygon","coordinates":[[[73.165,0.851],[73.167,0.836],[73.157,0.845],[73.165,0.851]]]}},{"type":"Feature","properties":{},"geometry":{"type":"Polygon","coordinates":[[[72.97,0.488],[72.972,0.415],[72.982,0.549],[72.97,0.488]]]}},{"type":"Feature","properties":{},"geometry":{"type":"Polygon","coordinates":[[[20.79,38.55],[20.781,38.559],[20.78,38.56],[20.791,38.551],[20.791,38.55],[20.79,38.55]]]}},{"type":"Feature","properties":{},"geometry":{"type":"Polygon","coordinates":[[[20.79,38.55],[20.911,38.455],[20.898,38.16],[20.767,38.263],[20.79,38.55]]]}},{"type":"Feature","properties":{},"geometry":{"type":"Polygon","coordinates":[[[32.35,44.82],[32.198,44.865],[32.222,44.872],[32.25,44.873],[32.267,44.869],[32.287,44.863],[32.35,44.82]]]}},{"type":"Feature","properties":{},"geometry":{"type":"Polygon","coordinates":[[[32.35,44.82],[32.749,44.703],[32.767,44.575],[33.055,44.455],[33.415,44.383],[33.535,44.191],[33.679,44.143],[34.016,44.205],[34.553,44.657],[34.759,44.719],[35.525,44.705],[35.863,44.791],[36.406,44.613],[36.98,44.767],[37.855,44.575],[38.239,44.335],[38.743,44.191],[39.223,43.807],[39.415,43.759],[39.572,43.534],[40.207,43.279],[40.38,42.928],[40.975,42.93],[41.175,42.739],[41.176,42.568],[41.575,42.247],[41.618,41.928],[41.735,41.81],[41.407,41.479],[40.161,40.978],[39.655,41.143],[39.151,41.167],[38.287,40.978],[38.239,41.119],[38.094,41.095],[37.879,41.239],[37.524,41.098],[37.255,41.311],[37.224,41.518],[36.441,41.439],[36.031,41.839],[35.756,41.849],[34.927,42.247],[33.223,42.079],[32.575,41.911],[31.135,41.263],[30.703,41.191],[30.526,41.263],[30.521,41.46],[29.92,41.367],[29.359,41.431],[28.687,41.839],[28.399,42.343],[28.423,42.799],[28.615,43.087],[29.088,43.272],[29.344,43.5],[30.319,43.783],[30.615,43.961],[30.952,44.285],[31.135,44.647],[32.198,44.865],[32.35,44.82]]]}},{"type":"Feature","properties":{},"geometry":{"type":"Polygon","coordinates":[[[32.749,44.703],[32.375,44.813],[32.617,44.809],[32.749,44.703]]]}},{"type":"Feature","properties":{},"geometry":{"type":"Polygon","coordinates":[[[34.644,70.738],[34.366,70.756],[34.574,70.832],[34.644,70.738]]]}},{"type":"Feature","properties":{},"geometry":{"type":"Polygon","coordinates":[[[20.434,69.824],[20.431,69.823],[20.43,69.823],[20.426,69.827],[20.426,69.829],[20.427,69.83],[20.427,69.832],[20.433,69.839],[20.44,69.845],[20.447,69.854],[20.447,69.855],[20.443,69.837],[20.439,69.829],[20.437,69.826],[20.434,69.824]]]}},{"type":"Feature","properties":{},"geometry":{"type":"Polygon","coordinates":[[[20.356,70.054],[20.471,69.997],[20.451,69.89],[20.164,70.055],[20.473,70.317],[20.356,70.054]]]}},{"type":"Feature","properties":{},"geometry":{"type":"Polygon","coordinates":[[[32.891,70.013],[33.131,69.965],[33.163,69.881],[32.767,69.919],[32.431,70.135],[32.63,70.147],[32.891,70.013]]]}},{"type":"Feature","properties":{},"geometry":{"type":"Polygon","coordinates":[[[31.514,69.76],[31.301,69.819],[31.505,69.901],[31.514,69.76]]]}},{"type":"Feature","properties":{},"geometry":{"type":"Polygon","coordinates":[[[33.655,69.799],[34.039,69.727],[34.293,69.528],[34.018,69.52],[33.762,69.345],[33.055,69.535],[33.419,69.681],[33.729,69.56],[33.679,69.679],[33.286,69.845],[33.487,69.895],[33.655,69.799]]]}},{"type":"Feature","properties":{},"geometry":{"type":"Polygon","coordinates":[[[35.959,69.655],[36.49,69.445],[36.679,69.151],[36.564,69.304],[35.922,69.36],[35.887,69.511],[35.431,69.511],[35.314,69.626],[35.959,69.655]]]}},{"type":"Feature","properties":{},"geometry":{"type":"Polygon","coordinates":[[[37.68,69.372],[38.959,69.103],[38.636,68.997],[38.287,69.103],[37.063,69.151],[36.941,69.275],[36.754,69.259],[36.794,69.394],[37.68,69.372]]]}},{"type":"Feature","properties":{},"geometry":{"type":"Polygon","coordinates":[[[16.981,68.902],[16.855,68.944],[17.014,69.014],[16.981,68.902]]]}},{"type":"Feature","properties":{},"geometry":{"type":"Polygon","coordinates":[[[15.946,68.351],[15.948,68.316],[15.928,68.287],[15.894,68.263],[15.85,68.246],[15.758,68.23],[15.723,68.231],[15.703,68.239],[15.697,68.254],[15.706,68.27],[15.726,68.285],[15.818,68.324],[15.871,68.335],[15.87,68.335],[15.87,68.336],[15.871,68.336],[15.875,68.34],[15.876,68.339],[15.905,68.34],[15.946,68.351]]]}},{"type":"Feature","properties":{},"geometry":{"type":"Polygon","coordinates":[[[12.43,68.038],[12.233,68.02],[12.295,68.239],[12.438,68.191],[12.43,68.038]]]}},{"type":"Feature","properties":{},"geometry":{"type":"Polygon","coordinates":[[[11.479,67.855],[11.239,67.711],[10.855,67.759],[11.361,67.93],[11.479,67.855]]]}},{"type":"Feature","properties":{},"geometry":{"type":"Polygon","coordinates":[[[34.833,66.419],[34.93,66.264],[35.119,66.319],[35.239,66.223],[36.319,66.079],[36.703,65.839],[36.741,65.653],[36.437,65.486],[35.911,65.743],[35.291,65.847],[34.258,66.405],[34.833,66.419]]]}},{"type":"Feature","properties":{},"geometry":{"type":"Polygon","coordinates":[[[4.52,62.071],[4.315,62.084],[4.663,62.167],[4.52,62.071]]]}},{"type":"Feature","properties":{},"geometry":{"type":"Polygon","coordinates":[[[18.594,58.76],[18.593,58.761],[18.592,58.761],[18.593,58.762],[18.594,58.762],[18.607,58.759],[18.594,58.76]]]}},{"type":"Feature","properties":{},"geometry":{"type":"Polygon","coordinates":[[[18.594,58.76],[18.736,58.61],[18.271,58.615],[18.328,58.717],[18.594,58.76]]]}},{"type":"Feature","properties":{},"geometry":{"type":"Polygon","coordinates":[[[27.919,36.967],[27.919,36.847],[27.511,36.847],[27.666,36.966],[27.919,36.967]]]}},{"type":"Feature","properties":{},"geometry":{"type":"Polygon","coordinates":[[[34.524,28.112],[34.476,28.388],[34.797,29.324],[34.93,29.445],[34.73,28.445],[34.524,28.112]]]}},{"type":"Feature","properties":{},"geometry":{"type":"Polygon","coordinates":[[[36.799,22.494],[36.643,22.507],[36.655,22.615],[36.391,22.927],[35.911,23.047],[36.007,23.431],[35.739,24.203],[35.311,24.583],[35.215,24.847],[34.896,25.19],[34.912,25.324],[34.716,25.479],[34.639,25.759],[34.227,26.279],[34.147,26.694],[33.962,26.996],[33.967,27.391],[34.081,27.45],[33.952,27.672],[34.042,27.751],[34.274,27.704],[34.422,27.944],[34.947,27.865],[35.551,27.415],[35.64,27.111],[36.06,26.468],[36.225,26.475],[36.415,26.071],[36.368,25.903],[36.471,25.614],[36.643,25.403],[36.775,25.399],[36.943,25.135],[37.11,24.365],[37.303,24.367],[37.519,24.223],[37.615,24.079],[37.855,23.983],[37.906,23.744],[38.007,23.726],[38.041,23.834],[38.245,23.69],[38.304,23.444],[38.482,23.426],[38.61,23.158],[38.577,22.936],[38.713,22.783],[38.781,22.829],[38.747,22.366],[38.863,22.255],[38.676,22.063],[38.69,21.852],[38.795,21.654],[39.036,21.62],[39.085,21.512],[38.896,21.075],[39.219,20.843],[39.367,20.599],[39.535,20.551],[39.526,20.286],[39.678,20.191],[39.694,19.978],[39.845,19.898],[39.65,19.751],[39.823,19.543],[39.861,19.304],[40.082,19.119],[40.327,19.159],[40.403,18.957],[40.597,18.943],[40.541,18.805],[40.642,18.431],[40.865,18.492],[40.619,18.151],[40.813,17.361],[40.975,17.359],[40.993,17.12],[41.215,16.783],[41.719,16.255],[42.265,15.149],[42.103,15.271],[42.034,15.182],[42.153,14.996],[42.247,15.031],[42.439,14.863],[42.607,14.551],[42.439,14.455],[42.324,14.056],[42.148,14.29],[42.162,14.572],[41.959,14.839],[41.767,15.415],[40.379,16.853],[40.015,17.047],[39.796,17.287],[39.319,17.167],[39.151,17.239],[39.127,17.599],[38.603,18.331],[38.739,18.58],[38.479,18.775],[38.431,18.919],[38.191,19.015],[38.219,19.258],[37.999,19.495],[37.615,19.368],[37.334,19.567],[37.505,19.898],[37.511,20.103],[37.36,20.245],[37.471,20.719],[37.423,21.103],[37.207,21.391],[37.173,21.691],[37.063,21.823],[37.111,22.015],[36.799,22.327],[36.799,22.494]],[[39.519,17.414],[39.592,17.418],[39.613,17.581],[39.429,17.523],[39.519,17.414]]]}},{"type":"Feature","properties":{},"geometry":{"type":"Polygon","coordinates":[[[41.107,79.202],[41.094,79.207],[41.108,79.203],[41.107,79.202]]]}},{"type":"Feature","properties":{},"geometry":{"type":"Polygon","coordinates":[[[34.551,78.587],[34.543,78.583],[34.55,78.586],[34.551,78.587]]]}},{"type":"Feature","properties":{},"geometry":{"type":"Polygon","coordinates":[[[39.294,77.239],[39.293,77.239],[39.295,77.239],[39.294,77.239]]]}},{"type":"Feature","properties":{},"geometry":{"type":"Polygon","coordinates":[[[24.847057,36.726996],[24.846568,36.726813],[24.846934,36.726996],[24.847057,36.726996]]]}},{"type":"Feature","properties":{},"geometry":{"type":"Polygon","coordinates":[[[100.254,78.847],[100.087,78.607],[99.967,78.631],[100.015,78.847],[100.254,78.847]]]}},{"type":"Feature","properties":{},"geometry":{"type":"Polygon","coordinates":[[[157.218,78.563],[157.394,78.487],[156.894,78.463],[156.079,78.63],[156.467,78.7],[157.218,78.563]]]}},{"type":"Feature","properties":{},"geometry":{"type":"Polygon","coordinates":[[[157.218,78.563],[157.188,78.571],[157.189,78.571],[157.278,78.559],[157.218,78.563]]]}},{"type":"Feature","properties":{},"geometry":{"type":"Polygon","coordinates":[[[97.156,78.579],[96.967,78.631],[97.163,78.659],[97.156,78.579]]]}},{"type":"Feature","properties":{},"geometry":{"type":"Polygon","coordinates":[[[98.528,78.352],[98.353,78.266],[98.191,78.343],[97.909,78.193],[97.637,78.316],[97.89,78.541],[98.266,78.645],[98.399,78.619],[98.528,78.352]]]}},{"type":"Feature","properties":{},"geometry":{"type":"Polygon","coordinates":[[[105.951,78.29],[105.712,78.299],[105.584,78.412],[105.834,78.515],[105.982,78.402],[105.951,78.29]]]}},{"type":"Feature","properties":{},"geometry":{"type":"Polygon","coordinates":[[[106.062,77.976],[105.846,77.887],[104.914,78.036],[105.038,78.1],[105.031,78.223],[105.391,78.247],[105.606,78.127],[106.018,78.095],[106.062,77.976]]]}},{"type":"Feature","properties":{},"geometry":{"type":"Polygon","coordinates":[[[104.201,77.885],[103.422,78.103],[103.585,78.137],[104.231,77.965],[104.201,77.885]]]}},{"type":"Feature","properties":{},"geometry":{"type":"Polygon","coordinates":[[[102.397,77.967],[102.054,78.055],[102.511,78.031],[102.397,77.967]]]}},{"type":"Feature","properties":{},"geometry":{"type":"Polygon","coordinates":[[[119.886,77.047],[120.198,76.951],[120.63,77.119],[121.091,76.853],[120.606,76.735],[119.935,76.735],[119.819,76.91],[119.069,76.883],[119.118,77.071],[119.43,77.047],[119.734,77.168],[119.886,77.047]]]}},{"type":"Feature","properties":{},"geometry":{"type":"Polygon","coordinates":[[[131.301,76.897],[131.153,76.83],[131.039,76.929],[131.127,76.98],[131.301,76.897]]]}},{"type":"Feature","properties":{},"geometry":{"type":"Polygon","coordinates":[[[164.286,76.831],[164.167,76.615],[163.878,76.687],[164.286,76.831]]]}},{"type":"Feature","properties":{},"geometry":{"type":"Polygon","coordinates":[[[119.655,76.67],[119.454,76.759],[119.631,76.773],[119.655,76.67]]]}},{"type":"Feature","properties":{},"geometry":{"type":"Polygon","coordinates":[[[132.845,76.639],[132.701,76.693],[132.943,76.711],[132.845,76.639]]]}},{"type":"Feature","properties":{},"geometry":{"type":"Polygon","coordinates":[[[131.611,76.414],[131.455,76.202],[131.31,76.279],[131.096,76.205],[131.022,76.351],[130.903,76.347],[131.027,76.054],[130.515,76.071],[130.422,76.231],[130.086,76.327],[130.496,76.395],[130.638,76.327],[131.104,76.57],[131.798,76.554],[131.611,76.414]]]}},{"type":"Feature","properties":{},"geometry":{"type":"Polygon","coordinates":[[[139.935,76.435],[139.734,76.543],[139.906,76.538],[139.935,76.435]]]}},{"type":"Feature","properties":{},"geometry":{"type":"Polygon","coordinates":[[[167.401,76.34],[167.07,76.394],[167.574,76.471],[167.401,76.34]]]}},{"type":"Feature","properties":{},"geometry":{"type":"Polygon","coordinates":[[[133.858,76.012],[133.918,75.814],[133.429,75.584],[133.47,75.871],[133.686,75.967],[133.405,76.313],[134.022,76.303],[133.858,76.012]]]}},{"type":"Feature","properties":{},"geometry":{"type":"Polygon","coordinates":[[[134.133,76.014],[134.017,76.071],[134.187,76.133],[134.133,76.014]]]}},{"type":"Feature","properties":{},"geometry":{"type":"Polygon","coordinates":[[[135.062,75.356],[134.791,75.395],[134.719,75.823],[135.175,75.775],[135.184,75.415],[135.062,75.356]]]}},{"type":"Feature","properties":{},"geometry":{"type":"Polygon","coordinates":[[[178.481,74.814],[178.37,74.882],[178.638,74.911],[178.481,74.814]]]}},{"type":"Feature","properties":{},"geometry":{"type":"Polygon","coordinates":[[[180,74.741],[180,74.575],[179.766,74.695],[180,74.741]]]}},{"type":"Feature","properties":{},"geometry":{"type":"Polygon","coordinates":[[[178.595,74.468],[178.5,74.523],[178.806,74.671],[178.595,74.468]]]}},{"type":"Feature","properties":{},"geometry":{"type":"Polygon","coordinates":[[[179.973,74.304],[179.523,74.373],[179.69,74.462],[180,74.454],[179.973,74.304]]]}},{"type":"Feature","properties":{},"geometry":{"type":"Polygon","coordinates":[[[176.833,74.328],[176.55,74.407],[176.728,74.436],[176.833,74.328]]]}},{"type":"Feature","properties":{},"geometry":{"type":"Polygon","coordinates":[[[179.572,73.905],[178.712,73.964],[178.659,74.036],[178.846,74.098],[179.58,73.984],[179.572,73.905]]]}},{"type":"Feature","properties":{},"geometry":{"type":"Polygon","coordinates":[[[178.558,73.544],[178.782,73.375],[178.345,73.503],[178.558,73.544]]]}},{"type":"Feature","properties":{},"geometry":{"type":"Polygon","coordinates":[[[177.006,73.279],[176.89,73.192],[176.719,73.231],[177.006,73.279]]]}},{"type":"Feature","properties":{},"geometry":{"type":"Polygon","coordinates":[[[180,61.948],[180,61.166],[179.694,61.351],[179.262,61.399],[179.038,61.565],[179.406,61.543],[179.085,61.738],[179.096,61.871],[179.315,61.869],[179.449,61.667],[179.55,61.661],[179.671,61.711],[179.612,61.953],[180,61.948]]]}},{"type":"Feature","properties":{},"geometry":{"type":"Polygon","coordinates":[[[157.371,59.9],[157.245,59.764],[156.918,59.719],[156.75,59.791],[156.95,59.91],[157.11,59.839],[157.312,59.955],[157.398,59.959],[157.371,59.9]]]}},{"type":"Feature","properties":{},"geometry":{"type":"Polygon","coordinates":[[[162.877,58.092],[162.624,58.135],[162.863,58.178],[162.877,58.092]]]}},{"type":"Feature","properties":{},"geometry":{"type":"Polygon","coordinates":[[[150.052,57.084],[149.954,57.098],[149.943,57.637],[150.019,57.745],[150.101,57.573],[150.117,57.128],[150.052,57.084]]]}},{"type":"Feature","properties":{},"geometry":{"type":"Polygon","coordinates":[[[148.15,56.668],[147.923,56.682],[147.87,56.767],[148.241,56.822],[148.266,56.723],[148.15,56.668]]]}},{"type":"Feature","properties":{},"geometry":{"type":"Polygon","coordinates":[[[139.927,55.837],[139.83,55.869],[139.991,56.052],[139.927,55.837]]]}},{"type":"Feature","properties":{},"geometry":{"type":"Polygon","coordinates":[[[145.282,55.635],[145.105,55.667],[145.287,55.749],[145.348,55.692],[145.282,55.635]]]}},{"type":"Feature","properties":{},"geometry":{"type":"Polygon","coordinates":[[[139.951,55.481],[139.834,55.536],[139.912,55.628],[139.999,55.591],[139.951,55.481]]]}},{"type":"Feature","properties":{},"geometry":{"type":"Polygon","coordinates":[[[145.152,49.427],[144.988,49.497],[145.176,49.526],[145.152,49.427]]]}},{"type":"Feature","properties":{},"geometry":{"type":"Polygon","coordinates":[[[141.45,46.256],[141.462,46.615],[141.583,46.447],[141.45,46.256]]]}},{"type":"Feature","properties":{},"geometry":{"type":"Polygon","coordinates":[[[140.694,41.455],[140.382,41.383],[140.833,41.676],[140.694,41.455]]]}},{"type":"Feature","properties":{},"geometry":{"type":"Polygon","coordinates":[[[123.705,26.354],[123.625,26.393],[123.694,26.593],[123.966,26.636],[123.981,26.55],[123.705,26.354]]]}},{"type":"Feature","properties":{},"geometry":{"type":"Polygon","coordinates":[[[119.066,22.788],[118.872,22.742],[118.937,22.829],[119.066,22.788]]]}},{"type":"Feature","properties":{},"geometry":{"type":"Polygon","coordinates":[[[114.094,15.622],[114.078,15.847],[114.258,15.918],[114.291,15.849],[114.126,15.751],[114.094,15.622]]]}},{"type":"Feature","properties":{},"geometry":{"type":"Polygon","coordinates":[[[121.8,14.365],[121.687,14.449],[121.744,14.546],[121.8,14.365]]]}},{"type":"Feature","properties":{},"geometry":{"type":"Polygon","coordinates":[[[123.134,13.334],[122.769,13.417],[122.681,13.644],[123.154,13.417],[123.134,13.334]]]}},{"type":"Feature","properties":{},"geometry":{"type":"Polygon","coordinates":[[[124.375,11.163],[124.35,10.975],[124.494,10.783],[124.312,10.73],[124.259,10.588],[124.527,10.618],[124.666,10.866],[124.749,10.813],[124.744,10.625],[124.615,10.327],[124.11,10.316],[124.051,10.745],[124.261,11.099],[124.086,11.119],[124.186,11.345],[124.093,12.04],[124.264,11.981],[124.243,11.536],[124.375,11.163]]]}},{"type":"Feature","properties":{},"geometry":{"type":"Polygon","coordinates":[[[123.61,10.402],[123.527,10.451],[123.531,10.612],[123.648,10.807],[123.79,10.832],[123.61,10.402]]]}},{"type":"Feature","properties":{},"geometry":{"type":"Polygon","coordinates":[[[123.256,9.532],[123.189,9.877],[123.37,10.28],[123.449,10.284],[123.511,10.211],[123.343,9.967],[123.256,9.532]]]}},{"type":"Feature","properties":{},"geometry":{"type":"Polygon","coordinates":[[[121.398,6.103],[120.924,6.268],[121.075,6.306],[121.398,6.103]]]}},{"type":"Feature","properties":{},"geometry":{"type":"Polygon","coordinates":[[[120.835,6.207],[120.894,6.052],[120.798,5.887],[120.366,5.599],[120.462,5.743],[120.391,5.887],[120.599,6.088],[120.583,6.199],[120.835,6.207]]]}},{"type":"Feature","properties":{},"geometry":{"type":"Polygon","coordinates":[[[119.167,4.838],[119.074,4.856],[119.4,5.04],[119.167,4.838]]]}},{"type":"Feature","properties":{},"geometry":{"type":"Polygon","coordinates":[[[127.645,-0.0],[127.555,-0.0],[127.535,0.305],[127.648,0.224],[127.645,-0.0]]]}},{"type":"Feature","properties":{},"geometry":{"type":"Polygon","coordinates":[[[163.214,56.815],[163.213,56.815],[163.212,56.815],[163.206,56.815],[163.214,56.815]]]}},{"type":"Feature","properties":{},"geometry":{"type":"Polygon","coordinates":[[[129.822,41.641],[129.82,41.643],[129.819,41.644],[129.819,41.645],[129.819,41.646],[129.82,41.646],[129.821,41.647],[129.823,41.647],[129.824,41.647],[129.826,41.646],[129.826,41.645],[129.826,41.644],[129.825,41.643],[129.822,41.641]]]}},{"type":"Feature","properties":{},"geometry":{"type":"Polygon","coordinates":[[[121.883,18.521],[121.574,18.466],[121.259,18.705],[121.883,18.521]]]}},{"type":"Feature","properties":{},"geometry":{"type":"Polygon","coordinates":[[[127.134,0.027],[127.135,0.031],[127.135,0.027],[127.134,0.027]]]}},{"type":"Feature","properties":{},"geometry":{"type":"Polygon","coordinates":[[[114.296,10.328],[114.294,10.327],[114.296,10.329],[114.296,10.328]]]}},{"type":"Feature","properties":{},"geometry":{"type":"Polygon","coordinates":[[[89.999,80.024],[89.999,80.129],[90.271,80.095],[89.999,80.024]]]}},{"type":"Feature","properties":{},"geometry":{"type":"Polygon","coordinates":[[[180,-16.409],[179.933,-16.362],[180,-16.212],[180,-16.409]]]}},{"type":"Feature","properties":{},"geometry":{"type":"Polygon","coordinates":[[[51.126,-66.185],[51.012,-66.11],[51.241,-65.954],[51.463,-65.945],[51.126,-66.185]]]}},{"type":"Feature","properties":{},"geometry":{"type":"Polygon","coordinates":[[[57.103,-66.185],[57.58,-66.242],[57.679,-66.377],[57.235,-66.472],[56.836,-66.223],[57.103,-66.185]]]}},{"type":"Feature","properties":{},"geometry":{"type":"Polygon","coordinates":[[[60.293,-66.905],[60.318,-67.001],[60.031,-67.001],[60.175,-67.217],[59.85,-67.324],[59.695,-67.217],[59.791,-66.905],[60.175,-66.833],[60.293,-66.905]]]}},{"type":"Feature","properties":{},"geometry":{"type":"Polygon","coordinates":[[[32.383,-68.969],[32.32,-69.129],[32.056,-69.143],[31.541,-69.01],[32.383,-68.969]]]}},{"type":"Feature","properties":{},"geometry":{"type":"Polygon","coordinates":[[[83.941,-67.002],[83.959,-67.001],[83.914,-67.008],[83.941,-67.002]]]}},{"type":"Feature","properties":{},"geometry":{"type":"Polygon","coordinates":[[[134.261,-66.071],[134.054,-65.988],[134.137,-65.927],[134.383,-65.993],[134.261,-66.071]]]}},{"type":"Feature","properties":{},"geometry":{"type":"Polygon","coordinates":[[[110.454,-66.151],[110.247,-66.233],[110.206,-66.138],[110.371,-66.08],[110.454,-66.151]]]}},{"type":"Feature","properties":{},"geometry":{"type":"Polygon","coordinates":[[[156.636,-68.872],[156.459,-68.853],[156.534,-68.753],[156.75,-68.777],[156.636,-68.872]]]}},{"type":"Feature","properties":{},"geometry":{"type":"Polygon","coordinates":[[[171.27,-77.417],[170.814,-77.373],[171.144,-77.34],[171.27,-77.417]]]}},{"type":"Feature","properties":{},"geometry":{"type":"Polygon","coordinates":[[[-73.92,-53.534],[-74.16,-53.385],[-73.943,-53.314],[-73.92,-53.534]]]}},{"type":"Feature","properties":{},"geometry":{"type":"Polygon","coordinates":[[[-70.153,-53.581],[-70.241,-53.849],[-70.121,-54.017],[-70.074,-54.219],[-70.142,-54.25],[-70.363,-53.929],[-70.386,-53.689],[-70.358,-53.583],[-70.153,-53.581]]]}},{"type":"Feature","properties":{},"geometry":{"type":"Polygon","coordinates":[[[-73.819,-53.632],[-73.673,-53.753],[-73.745,-53.873],[-74.128,-53.694],[-73.819,-53.632]]]}},{"type":"Feature","properties":{},"geometry":{"type":"Polygon","coordinates":[[[-69.594,-54.347],[-69.785,-54.257],[-69.531,-54.287],[-69.594,-54.347]]]}},{"type":"Feature","properties":{},"geometry":{"type":"Polygon","coordinates":[[[-72.091,-54.702],[-71.918,-54.768],[-71.963,-54.987],[-72.268,-54.924],[-72.177,-54.677],[-72.091,-54.702]]]}},{"type":"Feature","properties":{},"geometry":{"type":"Polygon","coordinates":[[[-68.321,-56.537],[-68.338,-56.54],[-68.556,-56.52],[-68.605,-56.502],[-68.633,-56.476],[-68.633,-56.441],[-68.611,-56.424],[-68.568,-56.418],[-68.513,-56.421],[-68.396,-56.452],[-68.35,-56.477],[-68.323,-56.506],[-68.321,-56.537]]]}},{"type":"Feature","properties":{},"geometry":{"type":"Polygon","coordinates":[[[-63.241,-64.924],[-63.255,-64.925],[-63.269,-64.922],[-63.281,-64.913],[-63.28,-64.899],[-63.262,-64.877],[-63.053,-64.712],[-62.97,-64.674],[-62.954,-64.67],[-62.94,-64.671],[-62.928,-64.68],[-62.921,-64.697],[-62.921,-64.708],[-62.924,-64.717],[-62.93,-64.726],[-62.939,-64.735],[-62.993,-64.767],[-62.997,-64.768],[-63.042,-64.779],[-63.046,-64.781],[-63.052,-64.786],[-63.057,-64.792],[-63.059,-64.8],[-63.081,-64.812],[-63.099,-64.813],[-63.124,-64.818],[-63.139,-64.826],[-63.143,-64.831],[-63.151,-64.845],[-63.152,-64.849],[-63.152,-64.85],[-63.155,-64.854],[-63.157,-64.859],[-63.159,-64.865],[-63.159,-64.87],[-63.226,-64.919],[-63.241,-64.924]]]}},{"type":"Feature","properties":{},"geometry":{"type":"Polygon","coordinates":[[[-63.384,-65.035],[-63.563,-64.985],[-63.363,-64.95],[-63.384,-65.035]]]}},{"type":"Feature","properties":{},"geometry":{"type":"Polygon","coordinates":[[[-65.081,-65.537],[-65.207,-65.417],[-65.087,-65.405],[-65.081,-65.537]]]}},{"type":"Feature","properties":{},"geometry":{"type":"Polygon","coordinates":[[[-65.369,-65.945],[-65.475,-65.86],[-65.38,-65.721],[-65.316,-65.772],[-65.369,-65.945]]]}},{"type":"Feature","properties":{},"geometry":{"type":"Polygon","coordinates":[[[-66.07,-66.479],[-65.817,-66.5],[-65.838,-66.632],[-66.209,-66.545],[-66.07,-66.479]]]}},{"type":"Feature","properties":{},"geometry":{"type":"Polygon","coordinates":[[[-67.313,-66.929],[-67.248,-66.936],[-67.351,-67.04],[-67.708,-67.029],[-67.625,-66.929],[-67.313,-66.929]]]}},{"type":"Feature","properties":{},"geometry":{"type":"Polygon","coordinates":[[[-67.536,-67.926],[-67.74,-67.863],[-67.539,-67.832],[-67.472,-67.885],[-67.536,-67.926]]]}},{"type":"Feature","properties":{},"geometry":{"type":"Polygon","coordinates":[[[-72.161,-69.353],[-72.182,-69.361],[-72.212,-69.359],[-72.246,-69.347],[-72.281,-69.329],[-72.311,-69.306],[-72.332,-69.281],[-72.34,-69.256],[-72.329,-69.233],[-72.302,-69.218],[-72.27,-69.219],[-72.237,-69.232],[-72.206,-69.254],[-72.18,-69.281],[-72.162,-69.309],[-72.155,-69.334],[-72.161,-69.353]]]}},{"type":"Feature","properties":{},"geometry":{"type":"Polygon","coordinates":[[[-71.873,-69.617],[-71.987,-69.539],[-71.971,-69.405],[-71.777,-69.449],[-71.873,-69.617]]]}},{"type":"Feature","properties":{},"geometry":{"type":"Polygon","coordinates":[[[-68.833,-69.377],[-68.801,-69.377],[-68.853,-69.388],[-68.853,-69.386],[-68.85,-69.384],[-68.833,-69.377]]]}},{"type":"Feature","properties":{},"geometry":{"type":"Polygon","coordinates":[[[-58.002,-63.804],[-58.225,-63.835],[-57.929,-63.761],[-58.002,-63.804]]]}},{"type":"Feature","properties":{},"geometry":{"type":"Polygon","coordinates":[[[-57.773,-64.04],[-57.767,-64.05],[-57.787,-64.05],[-57.786,-64.046],[-57.787,-64.029],[-57.79,-64.02],[-57.79,-64.019],[-57.791,-64.018],[-57.791,-64.017],[-57.79,-64.013],[-57.789,-64.005],[-57.789,-64.001],[-57.789,-63.999],[-57.791,-63.994],[-57.745,-63.923],[-57.736,-63.918],[-57.732,-63.914],[-57.729,-63.909],[-57.727,-63.906],[-57.727,-63.904],[-57.727,-63.897],[-57.72,-63.889],[-57.705,-63.877],[-57.697,-63.873],[-57.689,-63.871],[-57.681,-63.871],[-57.673,-63.875],[-57.665,-63.881],[-57.663,-63.884],[-57.662,-63.89],[-57.667,-63.966],[-57.739,-63.992],[-57.765,-64.008],[-57.769,-64.013],[-57.772,-64.018],[-57.773,-64.023],[-57.774,-64.028],[-57.774,-64.034],[-57.773,-64.04]]]}},{"type":"Feature","properties":{},"geometry":{"type":"Polygon","coordinates":[[[-70.949,-53.913],[-70.96,-54.073],[-71.081,-53.945],[-71.194,-54.019],[-71.302,-53.95],[-70.972,-53.804],[-70.85,-53.356],[-70.593,-53.308],[-70.625,-53.609],[-70.949,-53.913]]]}},{"type":"Feature","properties":{},"geometry":{"type":"Polygon","coordinates":[[[-71.428,-53.903],[-71.426,-53.913],[-71.428,-53.922],[-71.432,-53.932],[-71.44,-53.921],[-71.447,-53.917],[-71.465,-53.912],[-71.482,-53.913],[-71.495,-53.917],[-71.501,-53.92],[-71.514,-53.935],[-71.515,-53.939],[-71.521,-53.937],[-71.535,-53.919],[-71.54,-53.915],[-71.547,-53.913],[-71.553,-53.912],[-71.589,-53.912],[-71.596,-53.914],[-71.648,-53.895],[-71.653,-53.892],[-71.705,-53.873],[-71.705,-53.872],[-71.705,-53.849],[-71.704,-53.846],[-71.702,-53.843],[-71.696,-53.837],[-71.654,-53.852],[-71.646,-53.853],[-71.484,-53.859],[-71.47,-53.863],[-71.458,-53.87],[-71.439,-53.886],[-71.432,-53.894],[-71.428,-53.903]]]}},{"type":"Feature","properties":{},"geometry":{"type":"Polygon","coordinates":[[[-67.053029,-65.75262],[-67.049245,-65.752986],[-67.052968,-65.752742],[-67.053029,-65.75262]]]}},{"type":"Feature","properties":{},"geometry":{"type":"Polygon","coordinates":[[[-46.14568,-60.928767],[-46.145253,-60.929012],[-46.145375,-60.928971],[-46.145619,-60.92889],[-46.14568,-60.928767]]]}},{"type":"Feature","properties":{},"geometry":{"type":"Polygon","coordinates":[[[-46.475,-60.504],[-46.481,-60.497],[-46.476,-60.502],[-46.475,-60.504]]]}},{"type":"Feature","properties":{},"geometry":{"type":"Polygon","coordinates":[[[51.217,40.056],[51.428,40.061],[51.791,39.652],[51.638,38.577],[51.728,38.315],[52.012,38.083],[52.653,37.82],[52.983,37.406],[53.09,37.162],[53.032,37.027],[52.501,36.8],[51.625,36.73],[51.009,36.899],[50.419,37.236],[50.113,37.533],[49.582,37.616],[49.554,37.905],[49.327,38.26],[49.278,38.551],[49.485,38.968],[49.717,39.005],[49.896,39.211],[49.924,39.633],[50.176,39.854],[51.037,40.108],[51.217,40.056]]]}},{"type":"Feature","properties":{},"geometry":{"type":"Polygon","coordinates":[[[50.576,43.255],[50.542,42.812],[51.099,42.587],[51.307,42.341],[51.56,41.182],[51.503,40.813],[51.566,40.598],[51.462,40.439],[51.211,40.48],[50.888,41.0],[50.263,41.069],[49.013,41.671],[48.813,41.916],[48.767,42.357],[48.977,42.723],[49.572,43.216],[49.99,43.232],[50.046,43.596],[50.352,43.593],[50.576,43.255]]]}},{"type":"Feature","properties":{},"geometry":{"type":"Polygon","coordinates":[[[-172.257,-4.487],[-172.259,-4.494],[-172.259,-4.499],[-172.278,-4.488],[-172.27,-4.488],[-172.266,-4.488],[-172.262,-4.487],[-172.255,-4.483],[-172.257,-4.487]]]}},{"type":"Feature","properties":{},"geometry":{"type":"Polygon","coordinates":[[[-179.959,-18.616],[-180.0,-18.712],[-180.0,-18.482],[-179.959,-18.616]]]}}]}