{"type":"FeatureCollection","note":"Render-only edges. Simulation reads corridors.json.","features":[{"type":"Feature","properties":{"id":"rail:pol-subcarpathianvoivodeship:ukr-zakarpattiaoblast","a":"pol-subcarpathianvoivodeship","b":"ukr-zakarpattiaoblast","travel_ticks":3,"kind":"rail","gauge_from":1435,"gauge_to":1520},"geometry":{"type":"LineString","coordinates":[[22.178743208130122,49.9113767],[23.035100815099376,48.4970531]]}},{"type":"Feature","properties":{"id":"land:pol-subcarpathianvoivodeship:ukr-ivanofrankivskoblast","a":"pol-subcarpathianvoivodeship","b":"ukr-ivanofrankivskoblast","travel_ticks":5,"kind":"land"},"geometry":{"type":"LineString","coordinates":[[22.178743208130122,49.9113767],[24.6902073776304,48.6359734]]}},{"type":"Feature","properties":{"id":"rail:pol-subcarpathianvoivodeship:ukr-lvivoblast","a":"pol-subcarpathianvoivodeship","b":"ukr-lvivoblast","travel_ticks":3,"kind":"rail","gauge_from":1435,"gauge_to":1520},"geometry":{"type":"LineString","coordinates":[[22.178743208130122,49.9113767],[23.896550697396417,49.684207400000005]]}},{"type":"Feature","properties":{"id":"rail:pol-lesserpolandvoivodeship:pol-subcarpathianvoivodeship","a":"pol-lesserpolandvoivodeship","b":"pol-subcarpathianvoivodeship","travel_ticks":1,"kind":"rail","gauge_from":1435,"gauge_to":1435},"geometry":{"type":"LineString","coordinates":[[20.265468241047984,49.849474099999995],[22.178743208130122,49.9113767]]}},{"type":"Feature","properties":{"id":"land:pol-subcarpathianvoivodeship:ukr-volynoblast","a":"pol-subcarpathianvoivodeship","b":"ukr-volynoblast","travel_ticks":5,"kind":"land"},"geometry":{"type":"LineString","coordinates":[[22.178743208130122,49.9113767],[24.93640474557788,51.12820165]]}},{"type":"Feature","properties":{"id":"rail:pol-subcarpathianvoivodeship:pol-swietokrzyskievoivodeship","a":"pol-subcarpathianvoivodeship","b":"pol-swietokrzyskievoivodeship","travel_ticks":1,"kind":"rail","gauge_from":1435,"gauge_to":1435},"geometry":{"type":"LineString","coordinates":[[22.178743208130122,49.9113767],[20.798426889556755,50.763727349999996]]}},{"type":"Feature","properties":{"id":"rail:pol-lublinvoivodeship:pol-subcarpathianvoivodeship","a":"pol-lublinvoivodeship","b":"pol-subcarpathianvoivodeship","travel_ticks":1,"kind":"rail","gauge_from":1435,"gauge_to":1435},"geometry":{"type":"LineString","coordinates":[[22.778620161530206,51.2697903],[22.178743208130122,49.9113767]]}},{"type":"Feature","properties":{"id":"land:pol-lublinvoivodeship:pol-podlaskievoivodeship","a":"pol-lublinvoivodeship","b":"pol-podlaskievoivodeship","travel_ticks":5,"kind":"land"},"geometry":{"type":"LineString","coordinates":[[22.778620161530206,51.2697903],[22.709040965695333,53.34559815]]}},{"type":"Feature","properties":{"id":"rail:pol-masovianvoivodeship:pol-podlaskievoivodeship","a":"pol-masovianvoivodeship","b":"pol-podlaskievoivodeship","travel_ticks":1,"kind":"rail","gauge_from":1435,"gauge_to":1435},"geometry":{"type":"LineString","coordinates":[[21.562668271773504,52.24757995],[22.709040965695333,53.34559815]]}},{"type":"Feature","properties":{"id":"rail:pol-podlaskievoivodeship:rus-northwestern","a":"pol-podlaskievoivodeship","b":"rus-northwestern","travel_ticks":12,"kind":"rail","gauge_from":1435,"gauge_to":1520},"geometry":{"type":"LineString","coordinates":[[22.709040965695333,53.34559815],[44.01182881201059,55.231384250000005]]}},{"type":"Feature","properties":{"id":"rail:pol-podlaskievoivodeship:pol-warmianmasurianvoivodeship","a":"pol-podlaskievoivodeship","b":"pol-warmianmasurianvoivodeship","travel_ticks":1,"kind":"rail","gauge_from":1435,"gauge_to":1435},"geometry":{"type":"LineString","coordinates":[[22.709040965695333,53.34559815],[21.098676194483748,53.790720300000004]]}},{"type":"Feature","properties":{"id":"rail:pol-lodzvoivodeship:pol-silesianvoivodeship","a":"pol-lodzvoivodeship","b":"pol-silesianvoivodeship","travel_ticks":1,"kind":"rail","gauge_from":1435,"gauge_to":1435},"geometry":{"type":"LineString","coordinates":[[19.393648259592688,51.6185116],[18.846382586697068,50.246564500000005]]}},{"type":"Feature","properties":{"id":"rail:pol-lodzvoivodeship:pol-opolevoivodeship","a":"pol-lodzvoivodeship","b":"pol-opolevoivodeship","travel_ticks":1,"kind":"rail","gauge_from":1435,"gauge_to":1435},"geometry":{"type":"LineString","coordinates":[[19.393648259592688,51.6185116],[17.850996014610097,50.5836704]]}},{"type":"Feature","properties":{"id":"rail:pol-lodzvoivodeship:pol-swietokrzyskievoivodeship","a":"pol-lodzvoivodeship","b":"pol-swietokrzyskievoivodeship","travel_ticks":1,"kind":"rail","gauge_from":1435,"gauge_to":1435},"geometry":{"type":"LineString","coordinates":[[19.393648259592688,51.6185116],[20.798426889556755,50.763727349999996]]}},{"type":"Feature","properties":{"id":"rail:pol-lodzvoivodeship:pol-masovianvoivodeship","a":"pol-lodzvoivodeship","b":"pol-masovianvoivodeship","travel_ticks":1,"kind":"rail","gauge_from":1435,"gauge_to":1435},"geometry":{"type":"LineString","coordinates":[[19.393648259592688,51.6185116],[21.562668271773504,52.24757995]]}},{"type":"Feature","properties":{"id":"rail:pol-greaterpolandvoivodeship:pol-lodzvoivodeship","a":"pol-greaterpolandvoivodeship","b":"pol-lodzvoivodeship","travel_ticks":1,"kind":"rail","gauge_from":1435,"gauge_to":1435},"geometry":{"type":"LineString","coordinates":[[17.313979784181182,52.3798982],[19.393648259592688,51.6185116]]}},{"type":"Feature","properties":{"id":"land:pol-kuyavianpomeranianvoivodeship:pol-lodzvoivodeship","a":"pol-kuyavianpomeranianvoivodeship","b":"pol-lodzvoivodeship","travel_ticks":2,"kind":"land"},"geometry":{"type":"LineString","coordinates":[[18.487748917243746,53.05612405],[19.393648259592688,51.6185116]]}},{"type":"Feature","properties":{"id":"rail:pol-lowersilesianvoivodeship:pol-opolevoivodeship","a":"pol-lowersilesianvoivodeship","b":"pol-opolevoivodeship","travel_ticks":1,"kind":"rail","gauge_from":1435,"gauge_to":1435},"geometry":{"type":"LineString","coordinates":[[16.361252579871955,50.950840400000004],[17.850996014610097,50.5836704]]}},{"type":"Feature","properties":{"id":"rail:pol-lowersilesianvoivodeship:pol-lubuszvoivodeship","a":"pol-lowersilesianvoivodeship","b":"pol-lubuszvoivodeship","travel_ticks":1,"kind":"rail","gauge_from":1435,"gauge_to":1435},"geometry":{"type":"LineString","coordinates":[[16.361252579871955,50.950840400000004],[15.281685028045748,52.2433791]]}},{"type":"Feature","properties":{"id":"rail:pol-greaterpolandvoivodeship:pol-lowersilesianvoivodeship","a":"pol-greaterpolandvoivodeship","b":"pol-lowersilesianvoivodeship","travel_ticks":1,"kind":"rail","gauge_from":1435,"gauge_to":1435},"geometry":{"type":"LineString","coordinates":[[17.313979784181182,52.3798982],[16.361252579871955,50.950840400000004]]}},{"type":"Feature","properties":{"id":"rail:pol-opolevoivodeship:pol-silesianvoivodeship","a":"pol-opolevoivodeship","b":"pol-silesianvoivodeship","travel_ticks":1,"kind":"rail","gauge_from":1435,"gauge_to":1435},"geometry":{"type":"LineString","coordinates":[[17.850996014610097,50.5836704],[18.846382586697068,50.246564500000005]]}},{"type":"Feature","properties":{"id":"rail:pol-greaterpolandvoivodeship:pol-opolevoivodeship","a":"pol-greaterpolandvoivodeship","b":"pol-opolevoivodeship","travel_ticks":1,"kind":"rail","gauge_from":1435,"gauge_to":1435},"geometry":{"type":"LineString","coordinates":[[17.313979784181182,52.3798982],[17.850996014610097,50.5836704]]}},{"type":"Feature","properties":{"id":"rail:pol-lesserpolandvoivodeship:pol-swietokrzyskievoivodeship","a":"pol-lesserpolandvoivodeship","b":"pol-swietokrzyskievoivodeship","travel_ticks":1,"kind":"rail","gauge_from":1435,"gauge_to":1435},"geometry":{"type":"LineString","coordinates":[[20.265468241047984,49.849474099999995],[20.798426889556755,50.763727349999996]]}},{"type":"Feature","properties":{"id":"rail:pol-silesianvoivodeship:pol-swietokrzyskievoivodeship","a":"pol-silesianvoivodeship","b":"pol-swietokrzyskievoivodeship","travel_ticks":1,"kind":"rail","gauge_from":1435,"gauge_to":1435},"geometry":{"type":"LineString","coordinates":[[18.846382586697068,50.246564500000005],[20.798426889556755,50.763727349999996]]}},{"type":"Feature","properties":{"id":"rail:pol-lublinvoivodeship:pol-swietokrzyskievoivodeship","a":"pol-lublinvoivodeship","b":"pol-swietokrzyskievoivodeship","travel_ticks":1,"kind":"rail","gauge_from":1435,"gauge_to":1435},"geometry":{"type":"LineString","coordinates":[[22.778620161530206,51.2697903],[20.798426889556755,50.763727349999996]]}},{"type":"Feature","properties":{"id":"rail:pol-masovianvoivodeship:pol-swietokrzyskievoivodeship","a":"pol-masovianvoivodeship","b":"pol-swietokrzyskievoivodeship","travel_ticks":1,"kind":"rail","gauge_from":1435,"gauge_to":1435},"geometry":{"type":"LineString","coordinates":[[21.562668271773504,52.24757995],[20.798426889556755,50.763727349999996]]}},{"type":"Feature","properties":{"id":"land:pol-masovianvoivodeship:pol-silesianvoivodeship","a":"pol-masovianvoivodeship","b":"pol-silesianvoivodeship","travel_ticks":6,"kind":"land"},"geometry":{"type":"LineString","coordinates":[[21.562668271773504,52.24757995],[18.846382586697068,50.246564500000005]]}},{"type":"Feature","properties":{"id":"rail:pol-lublinvoivodeship:pol-masovianvoivodeship","a":"pol-lublinvoivodeship","b":"pol-masovianvoivodeship","travel_ticks":1,"kind":"rail","gauge_from":1435,"gauge_to":1435},"geometry":{"type":"LineString","coordinates":[[22.778620161530206,51.2697903],[21.562668271773504,52.24757995]]}},{"type":"Feature","properties":{"id":"rail:pol-kuyavianpomeranianvoivodeship:pol-masovianvoivodeship","a":"pol-kuyavianpomeranianvoivodeship","b":"pol-masovianvoivodeship","travel_ticks":2,"kind":"rail","gauge_from":1435,"gauge_to":1435},"geometry":{"type":"LineString","coordinates":[[18.487748917243746,53.05612405],[21.562668271773504,52.24757995]]}},{"type":"Feature","properties":{"id":"rail:pol-masovianvoivodeship:pol-warmianmasurianvoivodeship","a":"pol-masovianvoivodeship","b":"pol-warmianmasurianvoivodeship","travel_ticks":1,"kind":"rail","gauge_from":1435,"gauge_to":1435},"geometry":{"type":"LineString","coordinates":[[21.562668271773504,52.24757995],[21.098676194483748,53.790720300000004]]}},{"type":"Feature","properties":{"id":"land:pol-masovianvoivodeship:pol-pomeranianvoivodeship","a":"pol-masovianvoivodeship","b":"pol-pomeranianvoivodeship","travel_ticks":7,"kind":"land"},"geometry":{"type":"LineString","coordinates":[[21.562668271773504,52.24757995],[18.000957655409138,54.163469000000006]]}},{"type":"Feature","properties":{"id":"land:pol-greaterpolandvoivodeship:pol-silesianvoivodeship","a":"pol-greaterpolandvoivodeship","b":"pol-silesianvoivodeship","travel_ticks":6,"kind":"land"},"geometry":{"type":"LineString","coordinates":[[17.313979784181182,52.3798982],[18.846382586697068,50.246564500000005]]}},{"type":"Feature","properties":{"id":"rail:pol-greaterpolandvoivodeship:pol-lubuszvoivodeship","a":"pol-greaterpolandvoivodeship","b":"pol-lubuszvoivodeship","travel_ticks":1,"kind":"rail","gauge_from":1435,"gauge_to":1435},"geometry":{"type":"LineString","coordinates":[[17.313979784181182,52.3798982],[15.281685028045748,52.2433791]]}},{"type":"Feature","properties":{"id":"rail:pol-greaterpolandvoivodeship:pol-kuyavianpomeranianvoivodeship","a":"pol-greaterpolandvoivodeship","b":"pol-kuyavianpomeranianvoivodeship","travel_ticks":1,"kind":"rail","gauge_from":1435,"gauge_to":1435},"geometry":{"type":"LineString","coordinates":[[17.313979784181182,52.3798982],[18.487748917243746,53.05612405]]}},{"type":"Feature","properties":{"id":"rail:pol-greaterpolandvoivodeship:pol-westpomeranianvoivodeship","a":"pol-greaterpolandvoivodeship","b":"pol-westpomeranianvoivodeship","travel_ticks":1,"kind":"rail","gauge_from":1435,"gauge_to":1435},"geometry":{"type":"LineString","coordinates":[[17.313979784181182,52.3798982],[15.670369449697038,53.59717125]]}},{"type":"Feature","properties":{"id":"land:pol-greaterpolandvoivodeship:pol-warmianmasurianvoivodeship","a":"pol-greaterpolandvoivodeship","b":"pol-warmianmasurianvoivodeship","travel_ticks":7,"kind":"land"},"geometry":{"type":"LineString","coordinates":[[17.313979784181182,52.3798982],[21.098676194483748,53.790720300000004]]}},{"type":"Feature","properties":{"id":"rail:pol-greaterpolandvoivodeship:pol-pomeranianvoivodeship","a":"pol-greaterpolandvoivodeship","b":"pol-pomeranianvoivodeship","travel_ticks":1,"kind":"rail","gauge_from":1435,"gauge_to":1435},"geometry":{"type":"LineString","coordinates":[[17.313979784181182,52.3798982],[18.000957655409138,54.163469000000006]]}},{"type":"Feature","properties":{"id":"rail:pol-lesserpolandvoivodeship:pol-silesianvoivodeship","a":"pol-lesserpolandvoivodeship","b":"pol-silesianvoivodeship","travel_ticks":1,"kind":"rail","gauge_from":1435,"gauge_to":1435},"geometry":{"type":"LineString","coordinates":[[20.265468241047984,49.849474099999995],[18.846382586697068,50.246564500000005]]}},{"type":"Feature","properties":{"id":"rail:pol-lubuszvoivodeship:pol-westpomeranianvoivodeship","a":"pol-lubuszvoivodeship","b":"pol-westpomeranianvoivodeship","travel_ticks":1,"kind":"rail","gauge_from":1435,"gauge_to":1435},"geometry":{"type":"LineString","coordinates":[[15.281685028045748,52.2433791],[15.670369449697038,53.59717125]]}},{"type":"Feature","properties":{"id":"rail:pol-kuyavianpomeranianvoivodeship:pol-warmianmasurianvoivodeship","a":"pol-kuyavianpomeranianvoivodeship","b":"pol-warmianmasurianvoivodeship","travel_ticks":1,"kind":"rail","gauge_from":1435,"gauge_to":1435},"geometry":{"type":"LineString","coordinates":[[18.487748917243746,53.05612405],[21.098676194483748,53.790720300000004]]}},{"type":"Feature","properties":{"id":"rail:pol-kuyavianpomeranianvoivodeship:pol-pomeranianvoivodeship","a":"pol-kuyavianpomeranianvoivodeship","b":"pol-pomeranianvoivodeship","travel_ticks":1,"kind":"rail","gauge_from":1435,"gauge_to":1435},"geometry":{"type":"LineString","coordinates":[[18.487748917243746,53.05612405],[18.000957655409138,54.163469000000006]]}},{"type":"Feature","properties":{"id":"rail:pol-pomeranianvoivodeship:rus-northwestern","a":"pol-pomeranianvoivodeship","b":"rus-northwestern","travel_ticks":14,"kind":"rail","gauge_from":1435,"gauge_to":1520},"geometry":{"type":"LineString","coordinates":[[18.000957655409138,54.163469000000006],[44.01182881201059,55.231384250000005]]}},{"type":"Feature","properties":{"id":"rail:pol-pomeranianvoivodeship:pol-westpomeranianvoivodeship","a":"pol-pomeranianvoivodeship","b":"pol-westpomeranianvoivodeship","travel_ticks":1,"kind":"rail","gauge_from":1435,"gauge_to":1435},"geometry":{"type":"LineString","coordinates":[[18.000957655409138,54.163469000000006],[15.670369449697038,53.59717125]]}},{"type":"Feature","properties":{"id":"rail:pol-pomeranianvoivodeship:pol-warmianmasurianvoivodeship","a":"pol-pomeranianvoivodeship","b":"pol-warmianmasurianvoivodeship","travel_ticks":1,"kind":"rail","gauge_from":1435,"gauge_to":1435},"geometry":{"type":"LineString","coordinates":[[18.000957655409138,54.163469000000006],[21.098676194483748,53.790720300000004]]}},{"type":"Feature","properties":{"id":"rail:pol-lublinvoivodeship:ukr-lvivoblast","a":"pol-lublinvoivodeship","b":"ukr-lvivoblast","travel_ticks":3,"kind":"rail","gauge_from":1435,"gauge_to":1520},"geometry":{"type":"LineString","coordinates":[[22.778620161530206,51.2697903],[23.896550697396417,49.684207400000005]]}},{"type":"Feature","properties":{"id":"rail:pol-lublinvoivodeship:ukr-volynoblast","a":"pol-lublinvoivodeship","b":"ukr-volynoblast","travel_ticks":3,"kind":"rail","gauge_from":1435,"gauge_to":1520},"geometry":{"type":"LineString","coordinates":[[22.778620161530206,51.2697903],[24.93640474557788,51.12820165]]}},{"type":"Feature","properties":{"id":"rail:pol-warmianmasurianvoivodeship:rus-northwestern","a":"pol-warmianmasurianvoivodeship","b":"rus-northwestern","travel_ticks":13,"kind":"rail","gauge_from":1435,"gauge_to":1520},"geometry":{"type":"LineString","coordinates":[[21.098676194483748,53.790720300000004],[44.01182881201059,55.231384250000005]]}},{"type":"Feature","properties":{"id":"rail:rou-centru:rou-sudmuntenia","a":"rou-centru","b":"rou-sudmuntenia","travel_ticks":2,"kind":"rail","gauge_from":1435,"gauge_to":1435},"geometry":{"type":"LineString","coordinates":[[24.614241786729096,46.282628618382816],[27.216555270163774,44.61502949831156]]}},{"type":"Feature","properties":{"id":"rail:rou-centru:rou-sudest","a":"rou-centru","b":"rou-sudest","travel_ticks":2,"kind":"rail","gauge_from":1435,"gauge_to":1435},"geometry":{"type":"LineString","coordinates":[[24.614241786729096,46.282628618382816],[28.107750923366353,44.970494247914694]]}},{"type":"Feature","properties":{"id":"rail:rou-centru:rou-nordest","a":"rou-centru","b":"rou-nordest","travel_ticks":1,"kind":"rail","gauge_from":1435,"gauge_to":1435},"geometry":{"type":"LineString","coordinates":[[24.614241786729096,46.282628618382816],[26.65572909509806,47.13430868492634]]}},{"type":"Feature","properties":{"id":"rail:rou-centru:rou-sudvestoltenia","a":"rou-centru","b":"rou-sudvestoltenia","travel_ticks":1,"kind":"rail","gauge_from":1435,"gauge_to":1435},"geometry":{"type":"LineString","coordinates":[[24.614241786729096,46.282628618382816],[23.63870604831031,44.63657127873327]]}},{"type":"Feature","properties":{"id":"rail:rou-centru:rou-vest","a":"rou-centru","b":"rou-vest","travel_ticks":1,"kind":"rail","gauge_from":1435,"gauge_to":1435},"geometry":{"type":"LineString","coordinates":[[24.614241786729096,46.282628618382816],[22.07604237929101,45.633109480142735]]}},{"type":"Feature","properties":{"id":"rail:rou-centru:rou-nordvest","a":"rou-centru","b":"rou-nordvest","travel_ticks":1,"kind":"rail","gauge_from":1435,"gauge_to":1435},"geometry":{"type":"LineString","coordinates":[[24.614241786729096,46.282628618382816],[23.470684430971204,47.25255978271983]]}},{"type":"Feature","properties":{"id":"rail:rou-sudvestoltenia:rou-vest","a":"rou-sudvestoltenia","b":"rou-vest","travel_ticks":1,"kind":"rail","gauge_from":1435,"gauge_to":1435},"geometry":{"type":"LineString","coordinates":[[23.63870604831031,44.63657127873327],[22.07604237929101,45.633109480142735]]}},{"type":"Feature","properties":{"id":"rail:rou-nordvest:rou-vest","a":"rou-nordvest","b":"rou-vest","travel_ticks":1,"kind":"rail","gauge_from":1435,"gauge_to":1435},"geometry":{"type":"LineString","coordinates":[[23.470684430971204,47.25255978271983],[22.07604237929101,45.633109480142735]]}},{"type":"Feature","properties":{"id":"rail:rou-bucurestiilfov:rou-sudmuntenia","a":"rou-bucurestiilfov","b":"rou-sudmuntenia","travel_ticks":1,"kind":"rail","gauge_from":1435,"gauge_to":1435},"geometry":{"type":"LineString","coordinates":[[26.136116359876386,44.49220183029319],[27.216555270163774,44.61502949831156]]}},{"type":"Feature","properties":{"id":"rail:rou-sudest:rou-sudmuntenia","a":"rou-sudest","b":"rou-sudmuntenia","travel_ticks":1,"kind":"rail","gauge_from":1435,"gauge_to":1435},"geometry":{"type":"LineString","coordinates":[[28.107750923366353,44.970494247914694],[27.216555270163774,44.61502949831156]]}},{"type":"Feature","properties":{"id":"land:rou-sudmuntenia:ukr-odessaoblast","a":"rou-sudmuntenia","b":"ukr-odessaoblast","travel_ticks":8,"kind":"land"},"geometry":{"type":"LineString","coordinates":[[27.216555270163774,44.61502949831156],[30.56794809846953,46.64328755]]}},{"type":"Feature","properties":{"id":"rail:rou-sudmuntenia:rou-sudvestoltenia","a":"rou-sudmuntenia","b":"rou-sudvestoltenia","travel_ticks":2,"kind":"rail","gauge_from":1435,"gauge_to":1435},"geometry":{"type":"LineString","coordinates":[[27.216555270163774,44.61502949831156],[23.63870604831031,44.63657127873327]]}},{"type":"Feature","properties":{"id":"rail:rou-nordest:rou-sudest","a":"rou-nordest","b":"rou-sudest","travel_ticks":2,"kind":"rail","gauge_from":1435,"gauge_to":1435},"geometry":{"type":"LineString","coordinates":[[26.65572909509806,47.13430868492634],[28.107750923366353,44.970494247914694]]}},{"type":"Feature","properties":{"id":"land:rou-nordest:ukr-odessaoblast","a":"rou-nordest","b":"ukr-odessaoblast","travel_ticks":7,"kind":"land"},"geometry":{"type":"LineString","coordinates":[[26.65572909509806,47.13430868492634],[30.56794809846953,46.64328755]]}},{"type":"Feature","properties":{"id":"rail:rou-nordest:rou-nordvest","a":"rou-nordest","b":"rou-nordvest","travel_ticks":2,"kind":"rail","gauge_from":1435,"gauge_to":1435},"geometry":{"type":"LineString","coordinates":[[26.65572909509806,47.13430868492634],[23.470684430971204,47.25255978271983]]}},{"type":"Feature","properties":{"id":"land:rou-nordest:ukr-ivanofrankivskoblast","a":"rou-nordest","b":"ukr-ivanofrankivskoblast","travel_ticks":2,"kind":"land"},"geometry":{"type":"LineString","coordinates":[[26.65572909509806,47.13430868492634],[24.6902073776304,48.6359734]]}},{"type":"Feature","properties":{"id":"rail:rou-nordest:ukr-chernivtsioblast","a":"rou-nordest","b":"ukr-chernivtsioblast","travel_ticks":3,"kind":"rail","gauge_from":1435,"gauge_to":1520},"geometry":{"type":"LineString","coordinates":[[26.65572909509806,47.13430868492634],[25.77557263416238,48.20045985]]}},{"type":"Feature","properties":{"id":"land:rou-nordest:ukr-vinnytsiaoblast","a":"rou-nordest","b":"ukr-vinnytsiaoblast","travel_ticks":6,"kind":"land"},"geometry":{"type":"LineString","coordinates":[[26.65572909509806,47.13430868492634],[28.537769807202572,48.978472]]}},{"type":"Feature","properties":{"id":"rail:rou-nordvest:ukr-zakarpattiaoblast","a":"rou-nordvest","b":"ukr-zakarpattiaoblast","travel_ticks":3,"kind":"rail","gauge_from":1435,"gauge_to":1520},"geometry":{"type":"LineString","coordinates":[[23.470684430971204,47.25255978271983],[23.035100815099376,48.4970531]]}},{"type":"Feature","properties":{"id":"land:rou-nordvest:ukr-ivanofrankivskoblast","a":"rou-nordvest","b":"ukr-ivanofrankivskoblast","travel_ticks":2,"kind":"land"},"geometry":{"type":"LineString","coordinates":[[23.470684430971204,47.25255978271983],[24.6902073776304,48.6359734]]}},{"type":"Feature","properties":{"id":"land:rou-nordvest:ukr-chernivtsioblast","a":"rou-nordvest","b":"ukr-chernivtsioblast","travel_ticks":2,"kind":"land"},"geometry":{"type":"LineString","coordinates":[[23.470684430971204,47.25255978271983],[25.77557263416238,48.20045985]]}},{"type":"Feature","properties":{"id":"land:rou-bucurestiilfov:rou-sudest","a":"rou-bucurestiilfov","b":"rou-sudest","travel_ticks":4,"kind":"land"},"geometry":{"type":"LineString","coordinates":[[26.136116359876386,44.49220183029319],[28.107750923366353,44.970494247914694]]}},{"type":"Feature","properties":{"id":"rail:rou-sudest:ukr-odessaoblast","a":"rou-sudest","b":"ukr-odessaoblast","travel_ticks":4,"kind":"rail","gauge_from":1435,"gauge_to":1520},"geometry":{"type":"LineString","coordinates":[[28.107750923366353,44.970494247914694],[30.56794809846953,46.64328755]]}},{"type":"Feature","properties":{"id":"rail:ukr-crimea:ukr-khersonoblast","a":"ukr-crimea","b":"ukr-khersonoblast","travel_ticks":1,"kind":"rail","gauge_from":1520,"gauge_to":1520},"geometry":{"type":"LineString","coordinates":[[34.417772595109795,45.21061175],[33.35677062463209,46.678700850000006]]}},{"type":"Feature","properties":{"id":"land:ukr-khersonoblast:ukr-odessaoblast","a":"ukr-khersonoblast","b":"ukr-odessaoblast","travel_ticks":5,"kind":"land"},"geometry":{"type":"LineString","coordinates":[[33.35677062463209,46.678700850000006],[30.56794809846953,46.64328755]]}},{"type":"Feature","properties":{"id":"rail:ukr-khersonoblast:ukr-mykolaivoblast","a":"ukr-khersonoblast","b":"ukr-mykolaivoblast","travel_ticks":1,"kind":"rail","gauge_from":1520,"gauge_to":1520},"geometry":{"type":"LineString","coordinates":[[33.35677062463209,46.678700850000006],[32.00519355614762,47.29241305]]}},{"type":"Feature","properties":{"id":"rail:ukr-khersonoblast:ukr-zaporizhiaoblast","a":"ukr-khersonoblast","b":"ukr-zaporizhiaoblast","travel_ticks":1,"kind":"rail","gauge_from":1520,"gauge_to":1520},"geometry":{"type":"LineString","coordinates":[[33.35677062463209,46.678700850000006],[35.73764384925207,47.1457093]]}},{"type":"Feature","properties":{"id":"rail:ukr-dnipropetrovskoblast:ukr-khersonoblast","a":"ukr-dnipropetrovskoblast","b":"ukr-khersonoblast","travel_ticks":2,"kind":"rail","gauge_from":1520,"gauge_to":1520},"geometry":{"type":"LineString","coordinates":[[35.16564583165328,48.32424345],[33.35677062463209,46.678700850000006]]}},{"type":"Feature","properties":{"id":"rail:ukr-lvivoblast:ukr-volynoblast","a":"ukr-lvivoblast","b":"ukr-volynoblast","travel_ticks":1,"kind":"rail","gauge_from":1520,"gauge_to":1520},"geometry":{"type":"LineString","coordinates":[[23.896550697396417,49.684207400000005],[24.93640474557788,51.12820165]]}},{"type":"Feature","properties":{"id":"land:ukr-ternopiloblast:ukr-volynoblast","a":"ukr-ternopiloblast","b":"ukr-volynoblast","travel_ticks":4,"kind":"land"},"geometry":{"type":"LineString","coordinates":[[25.52335560436983,49.387255499999995],[24.93640474557788,51.12820165]]}},{"type":"Feature","properties":{"id":"land:ukr-khmelnytskyioblast:ukr-volynoblast","a":"ukr-khmelnytskyioblast","b":"ukr-volynoblast","travel_ticks":5,"kind":"land"},"geometry":{"type":"LineString","coordinates":[[26.94881708394736,49.522761],[24.93640474557788,51.12820165]]}},{"type":"Feature","properties":{"id":"rail:ukr-rivneoblast:ukr-volynoblast","a":"ukr-rivneoblast","b":"ukr-volynoblast","travel_ticks":1,"kind":"rail","gauge_from":1520,"gauge_to":1520},"geometry":{"type":"LineString","coordinates":[[26.649895565271876,50.97630985],[24.93640474557788,51.12820165]]}},{"type":"Feature","properties":{"id":"rail:ukr-lvivoblast:ukr-rivneoblast","a":"ukr-lvivoblast","b":"ukr-rivneoblast","travel_ticks":2,"kind":"rail","gauge_from":1520,"gauge_to":1520},"geometry":{"type":"LineString","coordinates":[[23.896550697396417,49.684207400000005],[26.649895565271876,50.97630985]]}},{"type":"Feature","properties":{"id":"land:ukr-rivneoblast:ukr-vinnytsiaoblast","a":"ukr-rivneoblast","b":"ukr-vinnytsiaoblast","travel_ticks":6,"kind":"land"},"geometry":{"type":"LineString","coordinates":[[26.649895565271876,50.97630985],[28.537769807202572,48.978472]]}},{"type":"Feature","properties":{"id":"rail:ukr-rivneoblast:ukr-ternopiloblast","a":"ukr-rivneoblast","b":"ukr-ternopiloblast","travel_ticks":1,"kind":"rail","gauge_from":1520,"gauge_to":1520},"geometry":{"type":"LineString","coordinates":[[26.649895565271876,50.97630985],[25.52335560436983,49.387255499999995]]}},{"type":"Feature","properties":{"id":"land:ukr-khmelnytskyioblast:ukr-rivneoblast","a":"ukr-khmelnytskyioblast","b":"ukr-rivneoblast","travel_ticks":2,"kind":"land"},"geometry":{"type":"LineString","coordinates":[[26.94881708394736,49.522761],[26.649895565271876,50.97630985]]}},{"type":"Feature","properties":{"id":"rail:ukr-rivneoblast:ukr-zhytomyroblast","a":"ukr-rivneoblast","b":"ukr-zhytomyroblast","travel_ticks":1,"kind":"rail","gauge_from":1520,"gauge_to":1520},"geometry":{"type":"LineString","coordinates":[[26.649895565271876,50.97630985],[28.333297517902942,50.63284415]]}},{"type":"Feature","properties":{"id":"rail:ukr-vinnytsiaoblast:ukr-zhytomyroblast","a":"ukr-vinnytsiaoblast","b":"ukr-zhytomyroblast","travel_ticks":1,"kind":"rail","gauge_from":1520,"gauge_to":1520},"geometry":{"type":"LineString","coordinates":[[28.537769807202572,48.978472],[28.333297517902942,50.63284415]]}},{"type":"Feature","properties":{"id":"land:ukr-cherkasyoblast:ukr-zhytomyroblast","a":"ukr-cherkasyoblast","b":"ukr-zhytomyroblast","travel_ticks":6,"kind":"land"},"geometry":{"type":"LineString","coordinates":[[31.610473377399934,49.34025025],[28.333297517902942,50.63284415]]}},{"type":"Feature","properties":{"id":"rail:ukr-khmelnytskyioblast:ukr-zhytomyroblast","a":"ukr-khmelnytskyioblast","b":"ukr-zhytomyroblast","travel_ticks":1,"kind":"rail","gauge_from":1520,"gauge_to":1520},"geometry":{"type":"LineString","coordinates":[[26.94881708394736,49.522761],[28.333297517902942,50.63284415]]}},{"type":"Feature","properties":{"id":"rail:ukr-kyivoblast:ukr-zhytomyroblast","a":"ukr-kyivoblast","b":"ukr-zhytomyroblast","travel_ticks":2,"kind":"rail","gauge_from":1520,"gauge_to":1520},"geometry":{"type":"LineString","coordinates":[[31.42772828415041,50.354878400000004],[28.333297517902942,50.63284415]]}},{"type":"Feature","properties":{"id":"land:ukr-kirovohradoblast:ukr-kyivoblast","a":"ukr-kirovohradoblast","b":"ukr-kyivoblast","travel_ticks":5,"kind":"land"},"geometry":{"type":"LineString","coordinates":[[31.865931078513,48.496816800000005],[31.42772828415041,50.354878400000004]]}},{"type":"Feature","properties":{"id":"rail:ukr-kyivoblast:ukr-vinnytsiaoblast","a":"ukr-kyivoblast","b":"ukr-vinnytsiaoblast","travel_ticks":2,"kind":"rail","gauge_from":1520,"gauge_to":1520},"geometry":{"type":"LineString","coordinates":[[31.42772828415041,50.354878400000004],[28.537769807202572,48.978472]]}},{"type":"Feature","properties":{"id":"rail:ukr-cherkasyoblast:ukr-kyivoblast","a":"ukr-cherkasyoblast","b":"ukr-kyivoblast","travel_ticks":1,"kind":"rail","gauge_from":1520,"gauge_to":1520},"geometry":{"type":"LineString","coordinates":[[31.610473377399934,49.34025025],[31.42772828415041,50.354878400000004]]}},{"type":"Feature","properties":{"id":"rail:ukr-kyiv:ukr-kyivoblast","a":"ukr-kyiv","b":"ukr-kyivoblast","travel_ticks":1,"kind":"rail","gauge_from":1520,"gauge_to":1520},"geometry":{"type":"LineString","coordinates":[[30.614680312884797,50.402086499999996],[31.42772828415041,50.354878400000004]]}},{"type":"Feature","properties":{"id":"rail:ukr-kyivoblast:ukr-poltavaoblast","a":"ukr-kyivoblast","b":"ukr-poltavaoblast","travel_ticks":1,"kind":"rail","gauge_from":1520,"gauge_to":1520},"geometry":{"type":"LineString","coordinates":[[31.42772828415041,50.354878400000004],[34.07582508827909,49.63842855]]}},{"type":"Feature","properties":{"id":"land:rus-central:ukr-kyivoblast","a":"rus-central","b":"ukr-kyivoblast","travel_ticks":11,"kind":"land"},"geometry":{"type":"LineString","coordinates":[[37.36389575298435,52.78294235],[31.42772828415041,50.354878400000004]]}},{"type":"Feature","properties":{"id":"rail:ukr-chernihivoblast:ukr-kyivoblast","a":"ukr-chernihivoblast","b":"ukr-kyivoblast","travel_ticks":1,"kind":"rail","gauge_from":1520,"gauge_to":1520},"geometry":{"type":"LineString","coordinates":[[31.83608025792894,51.36194245],[31.42772828415041,50.354878400000004]]}},{"type":"Feature","properties":{"id":"land:ukr-cherkasyoblast:ukr-chernihivoblast","a":"ukr-cherkasyoblast","b":"ukr-chernihivoblast","travel_ticks":5,"kind":"land"},"geometry":{"type":"LineString","coordinates":[[31.610473377399934,49.34025025],[31.83608025792894,51.36194245]]}},{"type":"Feature","properties":{"id":"land:ukr-chernihivoblast:ukr-kyiv","a":"ukr-chernihivoblast","b":"ukr-kyiv","travel_ticks":3,"kind":"land"},"geometry":{"type":"LineString","coordinates":[[31.83608025792894,51.36194245],[30.614680312884797,50.402086499999996]]}},{"type":"Feature","properties":{"id":"rail:ukr-chernihivoblast:ukr-poltavaoblast","a":"ukr-chernihivoblast","b":"ukr-poltavaoblast","travel_ticks":2,"kind":"rail","gauge_from":1520,"gauge_to":1520},"geometry":{"type":"LineString","coordinates":[[31.83608025792894,51.36194245],[34.07582508827909,49.63842855]]}},{"type":"Feature","properties":{"id":"rail:ukr-chernihivoblast:ukr-sumyoblast","a":"ukr-chernihivoblast","b":"ukr-sumyoblast","travel_ticks":1,"kind":"rail","gauge_from":1520,"gauge_to":1520},"geometry":{"type":"LineString","coordinates":[[31.83608025792894,51.36194245],[33.675924603007445,51.2390176]]}},{"type":"Feature","properties":{"id":"rail:rus-central:ukr-chernihivoblast","a":"rus-central","b":"ukr-chernihivoblast","travel_ticks":3,"kind":"rail","gauge_from":1520,"gauge_to":1520},"geometry":{"type":"LineString","coordinates":[[37.36389575298435,52.78294235],[31.83608025792894,51.36194245]]}},{"type":"Feature","properties":{"id":"land:ukr-cherkasyoblast:ukr-sumyoblast","a":"ukr-cherkasyoblast","b":"ukr-sumyoblast","travel_ticks":6,"kind":"land"},"geometry":{"type":"LineString","coordinates":[[31.610473377399934,49.34025025],[33.675924603007445,51.2390176]]}},{"type":"Feature","properties":{"id":"rail:ukr-kharkivoblast:ukr-sumyoblast","a":"ukr-kharkivoblast","b":"ukr-sumyoblast","travel_ticks":2,"kind":"rail","gauge_from":1520,"gauge_to":1520},"geometry":{"type":"LineString","coordinates":[[36.663496587485085,49.4956087],[33.675924603007445,51.2390176]]}},{"type":"Feature","properties":{"id":"rail:ukr-poltavaoblast:ukr-sumyoblast","a":"ukr-poltavaoblast","b":"ukr-sumyoblast","travel_ticks":1,"kind":"rail","gauge_from":1520,"gauge_to":1520},"geometry":{"type":"LineString","coordinates":[[34.07582508827909,49.63842855],[33.675924603007445,51.2390176]]}},{"type":"Feature","properties":{"id":"rail:rus-central:ukr-sumyoblast","a":"rus-central","b":"ukr-sumyoblast","travel_ticks":2,"kind":"rail","gauge_from":1520,"gauge_to":1520},"geometry":{"type":"LineString","coordinates":[[37.36389575298435,52.78294235],[33.675924603007445,51.2390176]]}},{"type":"Feature","properties":{"id":"land:rus-southern:ukr-kharkivoblast","a":"rus-southern","b":"ukr-kharkivoblast","travel_ticks":12,"kind":"land"},"geometry":{"type":"LineString","coordinates":[[43.39970292862911,47.3159783],[36.663496587485085,49.4956087]]}},{"type":"Feature","properties":{"id":"rail:ukr-donetskoblast:ukr-kharkivoblast","a":"ukr-donetskoblast","b":"ukr-kharkivoblast","travel_ticks":1,"kind":"rail","gauge_from":1520,"gauge_to":1520},"geometry":{"type":"LineString","coordinates":[[37.834442146849746,47.96067005],[36.663496587485085,49.4956087]]}},{"type":"Feature","properties":{"id":"rail:ukr-dnipropetrovskoblast:ukr-kharkivoblast","a":"ukr-dnipropetrovskoblast","b":"ukr-kharkivoblast","travel_ticks":1,"kind":"rail","gauge_from":1520,"gauge_to":1520},"geometry":{"type":"LineString","coordinates":[[35.16564583165328,48.32424345],[36.663496587485085,49.4956087]]}},{"type":"Feature","properties":{"id":"rail:ukr-kharkivoblast:ukr-luhanskoblast","a":"ukr-kharkivoblast","b":"ukr-luhanskoblast","travel_ticks":1,"kind":"rail","gauge_from":1520,"gauge_to":1520},"geometry":{"type":"LineString","coordinates":[[36.663496587485085,49.4956087],[38.890376334334164,48.9563582]]}},{"type":"Feature","properties":{"id":"rail:ukr-kharkivoblast:ukr-poltavaoblast","a":"ukr-kharkivoblast","b":"ukr-poltavaoblast","travel_ticks":1,"kind":"rail","gauge_from":1520,"gauge_to":1520},"geometry":{"type":"LineString","coordinates":[[36.663496587485085,49.4956087],[34.07582508827909,49.63842855]]}},{"type":"Feature","properties":{"id":"rail:rus-central:ukr-kharkivoblast","a":"rus-central","b":"ukr-kharkivoblast","travel_ticks":3,"kind":"rail","gauge_from":1520,"gauge_to":1520},"geometry":{"type":"LineString","coordinates":[[37.36389575298435,52.78294235],[36.663496587485085,49.4956087]]}},{"type":"Feature","properties":{"id":"rail:rus-southern:ukr-luhanskoblast","a":"rus-southern","b":"ukr-luhanskoblast","travel_ticks":3,"kind":"rail","gauge_from":1520,"gauge_to":1520},"geometry":{"type":"LineString","coordinates":[[43.39970292862911,47.3159783],[38.890376334334164,48.9563582]]}},{"type":"Feature","properties":{"id":"rail:ukr-donetskoblast:ukr-luhanskoblast","a":"ukr-donetskoblast","b":"ukr-luhanskoblast","travel_ticks":1,"kind":"rail","gauge_from":1520,"gauge_to":1520},"geometry":{"type":"LineString","coordinates":[[37.834442146849746,47.96067005],[38.890376334334164,48.9563582]]}},{"type":"Feature","properties":{"id":"rail:rus-central:ukr-luhanskoblast","a":"rus-central","b":"ukr-luhanskoblast","travel_ticks":3,"kind":"rail","gauge_from":1520,"gauge_to":1520},"geometry":{"type":"LineString","coordinates":[[37.36389575298435,52.78294235],[38.890376334334164,48.9563582]]}},{"type":"Feature","properties":{"id":"rail:ukr-donetskoblast:ukr-zaporizhiaoblast","a":"ukr-donetskoblast","b":"ukr-zaporizhiaoblast","travel_ticks":1,"kind":"rail","gauge_from":1520,"gauge_to":1520},"geometry":{"type":"LineString","coordinates":[[37.834442146849746,47.96067005],[35.73764384925207,47.1457093]]}},{"type":"Feature","properties":{"id":"rail:rus-southern:ukr-donetskoblast","a":"rus-southern","b":"ukr-donetskoblast","travel_ticks":3,"kind":"rail","gauge_from":1520,"gauge_to":1520},"geometry":{"type":"LineString","coordinates":[[43.39970292862911,47.3159783],[37.834442146849746,47.96067005]]}},{"type":"Feature","properties":{"id":"rail:ukr-dnipropetrovskoblast:ukr-donetskoblast","a":"ukr-dnipropetrovskoblast","b":"ukr-donetskoblast","travel_ticks":1,"kind":"rail","gauge_from":1520,"gauge_to":1520},"geometry":{"type":"LineString","coordinates":[[35.16564583165328,48.32424345],[37.834442146849746,47.96067005]]}},{"type":"Feature","properties":{"id":"land:ukr-crimea:ukr-zaporizhiaoblast","a":"ukr-crimea","b":"ukr-zaporizhiaoblast","travel_ticks":5,"kind":"land"},"geometry":{"type":"LineString","coordinates":[[34.417772595109795,45.21061175],[35.73764384925207,47.1457093]]}},{"type":"Feature","properties":{"id":"land:rus-southern:ukr-zaporizhiaoblast","a":"rus-southern","b":"ukr-zaporizhiaoblast","travel_ticks":13,"kind":"land"},"geometry":{"type":"LineString","coordinates":[[43.39970292862911,47.3159783],[35.73764384925207,47.1457093]]}},{"type":"Feature","properties":{"id":"rail:ukr-dnipropetrovskoblast:ukr-zaporizhiaoblast","a":"ukr-dnipropetrovskoblast","b":"ukr-zaporizhiaoblast","travel_ticks":1,"kind":"rail","gauge_from":1520,"gauge_to":1520},"geometry":{"type":"LineString","coordinates":[[35.16564583165328,48.32424345],[35.73764384925207,47.1457093]]}},{"type":"Feature","properties":{"id":"rail:ukr-lvivoblast:ukr-zakarpattiaoblast","a":"ukr-lvivoblast","b":"ukr-zakarpattiaoblast","travel_ticks":1,"kind":"rail","gauge_from":1520,"gauge_to":1520},"geometry":{"type":"LineString","coordinates":[[23.896550697396417,49.684207400000005],[23.035100815099376,48.4970531]]}},{"type":"Feature","properties":{"id":"rail:ukr-ivanofrankivskoblast:ukr-lvivoblast","a":"ukr-ivanofrankivskoblast","b":"ukr-lvivoblast","travel_ticks":1,"kind":"rail","gauge_from":1520,"gauge_to":1520},"geometry":{"type":"LineString","coordinates":[[24.6902073776304,48.6359734],[23.896550697396417,49.684207400000005]]}},{"type":"Feature","properties":{"id":"land:ukr-chernivtsioblast:ukr-lvivoblast","a":"ukr-chernivtsioblast","b":"ukr-lvivoblast","travel_ticks":5,"kind":"land"},"geometry":{"type":"LineString","coordinates":[[25.77557263416238,48.20045985],[23.896550697396417,49.684207400000005]]}},{"type":"Feature","properties":{"id":"rail:ukr-lvivoblast:ukr-ternopiloblast","a":"ukr-lvivoblast","b":"ukr-ternopiloblast","travel_ticks":1,"kind":"rail","gauge_from":1520,"gauge_to":1520},"geometry":{"type":"LineString","coordinates":[[23.896550697396417,49.684207400000005],[25.52335560436983,49.387255499999995]]}},{"type":"Feature","properties":{"id":"rail:ukr-ivanofrankivskoblast:ukr-zakarpattiaoblast","a":"ukr-ivanofrankivskoblast","b":"ukr-zakarpattiaoblast","travel_ticks":1,"kind":"rail","gauge_from":1520,"gauge_to":1520},"geometry":{"type":"LineString","coordinates":[[24.6902073776304,48.6359734],[23.035100815099376,48.4970531]]}},{"type":"Feature","properties":{"id":"rail:ukr-chernivtsioblast:ukr-ivanofrankivskoblast","a":"ukr-chernivtsioblast","b":"ukr-ivanofrankivskoblast","travel_ticks":1,"kind":"rail","gauge_from":1520,"gauge_to":1520},"geometry":{"type":"LineString","coordinates":[[25.77557263416238,48.20045985],[24.6902073776304,48.6359734]]}},{"type":"Feature","properties":{"id":"rail:ukr-ivanofrankivskoblast:ukr-ternopiloblast","a":"ukr-ivanofrankivskoblast","b":"ukr-ternopiloblast","travel_ticks":1,"kind":"rail","gauge_from":1520,"gauge_to":1520},"geometry":{"type":"LineString","coordinates":[[24.6902073776304,48.6359734],[25.52335560436983,49.387255499999995]]}},{"type":"Feature","properties":{"id":"land:ukr-ternopiloblast:ukr-zakarpattiaoblast","a":"ukr-ternopiloblast","b":"ukr-zakarpattiaoblast","travel_ticks":5,"kind":"land"},"geometry":{"type":"LineString","coordinates":[[25.52335560436983,49.387255499999995],[23.035100815099376,48.4970531]]}},{"type":"Feature","properties":{"id":"rail:ukr-chernivtsioblast:ukr-ternopiloblast","a":"ukr-chernivtsioblast","b":"ukr-ternopiloblast","travel_ticks":1,"kind":"rail","gauge_from":1520,"gauge_to":1520},"geometry":{"type":"LineString","coordinates":[[25.77557263416238,48.20045985],[25.52335560436983,49.387255499999995]]}},{"type":"Feature","properties":{"id":"rail:ukr-khmelnytskyioblast:ukr-ternopiloblast","a":"ukr-khmelnytskyioblast","b":"ukr-ternopiloblast","travel_ticks":1,"kind":"rail","gauge_from":1520,"gauge_to":1520},"geometry":{"type":"LineString","coordinates":[[26.94881708394736,49.522761],[25.52335560436983,49.387255499999995]]}},{"type":"Feature","properties":{"id":"rail:ukr-chernivtsioblast:ukr-vinnytsiaoblast","a":"ukr-chernivtsioblast","b":"ukr-vinnytsiaoblast","travel_ticks":2,"kind":"rail","gauge_from":1520,"gauge_to":1520},"geometry":{"type":"LineString","coordinates":[[25.77557263416238,48.20045985],[28.537769807202572,48.978472]]}},{"type":"Feature","properties":{"id":"rail:ukr-chernivtsioblast:ukr-khmelnytskyioblast","a":"ukr-chernivtsioblast","b":"ukr-khmelnytskyioblast","travel_ticks":1,"kind":"rail","gauge_from":1520,"gauge_to":1520},"geometry":{"type":"LineString","coordinates":[[25.77557263416238,48.20045985],[26.94881708394736,49.522761]]}},{"type":"Feature","properties":{"id":"rail:ukr-mykolaivoblast:ukr-odessaoblast","a":"ukr-mykolaivoblast","b":"ukr-odessaoblast","travel_ticks":1,"kind":"rail","gauge_from":1520,"gauge_to":1520},"geometry":{"type":"LineString","coordinates":[[32.00519355614762,47.29241305],[30.56794809846953,46.64328755]]}},{"type":"Feature","properties":{"id":"land:ukr-kirovohradoblast:ukr-odessaoblast","a":"ukr-kirovohradoblast","b":"ukr-odessaoblast","travel_ticks":5,"kind":"land"},"geometry":{"type":"LineString","coordinates":[[31.865931078513,48.496816800000005],[30.56794809846953,46.64328755]]}},{"type":"Feature","properties":{"id":"rail:ukr-odessaoblast:ukr-vinnytsiaoblast","a":"ukr-odessaoblast","b":"ukr-vinnytsiaoblast","travel_ticks":2,"kind":"rail","gauge_from":1520,"gauge_to":1520},"geometry":{"type":"LineString","coordinates":[[30.56794809846953,46.64328755],[28.537769807202572,48.978472]]}},{"type":"Feature","properties":{"id":"rail:ukr-kirovohradoblast:ukr-mykolaivoblast","a":"ukr-kirovohradoblast","b":"ukr-mykolaivoblast","travel_ticks":1,"kind":"rail","gauge_from":1520,"gauge_to":1520},"geometry":{"type":"LineString","coordinates":[[31.865931078513,48.496816800000005],[32.00519355614762,47.29241305]]}},{"type":"Feature","properties":{"id":"rail:ukr-dnipropetrovskoblast:ukr-mykolaivoblast","a":"ukr-dnipropetrovskoblast","b":"ukr-mykolaivoblast","travel_ticks":2,"kind":"rail","gauge_from":1520,"gauge_to":1520},"geometry":{"type":"LineString","coordinates":[[35.16564583165328,48.32424345],[32.00519355614762,47.29241305]]}},{"type":"Feature","properties":{"id":"rail:ukr-crimea:ukr-sevastopol","a":"ukr-crimea","b":"ukr-sevastopol","travel_ticks":1,"kind":"rail","gauge_from":1520,"gauge_to":1520},"geometry":{"type":"LineString","coordinates":[[34.417772595109795,45.21061175],[33.45959860374677,44.5655503]]}},{"type":"Feature","properties":{"id":"rail:rus-southern:ukr-crimea","a":"rus-southern","b":"ukr-crimea","travel_ticks":5,"kind":"rail","gauge_from":1520,"gauge_to":1520},"geometry":{"type":"LineString","coordinates":[[43.39970292862911,47.3159783],[34.417772595109795,45.21061175]]}},{"type":"Feature","properties":{"id":"rail:ukr-kirovohradoblast:ukr-vinnytsiaoblast","a":"ukr-kirovohradoblast","b":"ukr-vinnytsiaoblast","travel_ticks":2,"kind":"rail","gauge_from":1520,"gauge_to":1520},"geometry":{"type":"LineString","coordinates":[[31.865931078513,48.496816800000005],[28.537769807202572,48.978472]]}},{"type":"Feature","properties":{"id":"rail:ukr-cherkasyoblast:ukr-vinnytsiaoblast","a":"ukr-cherkasyoblast","b":"ukr-vinnytsiaoblast","travel_ticks":2,"kind":"rail","gauge_from":1520,"gauge_to":1520},"geometry":{"type":"LineString","coordinates":[[31.610473377399934,49.34025025],[28.537769807202572,48.978472]]}},{"type":"Feature","properties":{"id":"rail:ukr-khmelnytskyioblast:ukr-vinnytsiaoblast","a":"ukr-khmelnytskyioblast","b":"ukr-vinnytsiaoblast","travel_ticks":1,"kind":"rail","gauge_from":1520,"gauge_to":1520},"geometry":{"type":"LineString","coordinates":[[26.94881708394736,49.522761],[28.537769807202572,48.978472]]}},{"type":"Feature","properties":{"id":"rail:ukr-cherkasyoblast:ukr-kirovohradoblast","a":"ukr-cherkasyoblast","b":"ukr-kirovohradoblast","travel_ticks":1,"kind":"rail","gauge_from":1520,"gauge_to":1520},"geometry":{"type":"LineString","coordinates":[[31.610473377399934,49.34025025],[31.865931078513,48.496816800000005]]}},{"type":"Feature","properties":{"id":"land:ukr-cherkasyoblast:ukr-kyiv","a":"ukr-cherkasyoblast","b":"ukr-kyiv","travel_ticks":3,"kind":"land"},"geometry":{"type":"LineString","coordinates":[[31.610473377399934,49.34025025],[30.614680312884797,50.402086499999996]]}},{"type":"Feature","properties":{"id":"land:ukr-cherkasyoblast:ukr-dnipropetrovskoblast","a":"ukr-cherkasyoblast","b":"ukr-dnipropetrovskoblast","travel_ticks":6,"kind":"land"},"geometry":{"type":"LineString","coordinates":[[31.610473377399934,49.34025025],[35.16564583165328,48.32424345]]}},{"type":"Feature","properties":{"id":"rail:ukr-cherkasyoblast:ukr-poltavaoblast","a":"ukr-cherkasyoblast","b":"ukr-poltavaoblast","travel_ticks":1,"kind":"rail","gauge_from":1520,"gauge_to":1520},"geometry":{"type":"LineString","coordinates":[[31.610473377399934,49.34025025],[34.07582508827909,49.63842855]]}},{"type":"Feature","properties":{"id":"land:rus-central:ukr-cherkasyoblast","a":"rus-central","b":"ukr-cherkasyoblast","travel_ticks":12,"kind":"land"},"geometry":{"type":"LineString","coordinates":[[37.36389575298435,52.78294235],[31.610473377399934,49.34025025]]}},{"type":"Feature","properties":{"id":"rail:ukr-kirovohradoblast:ukr-poltavaoblast","a":"ukr-kirovohradoblast","b":"ukr-poltavaoblast","travel_ticks":1,"kind":"rail","gauge_from":1520,"gauge_to":1520},"geometry":{"type":"LineString","coordinates":[[31.865931078513,48.496816800000005],[34.07582508827909,49.63842855]]}},{"type":"Feature","properties":{"id":"rail:ukr-dnipropetrovskoblast:ukr-poltavaoblast","a":"ukr-dnipropetrovskoblast","b":"ukr-poltavaoblast","travel_ticks":1,"kind":"rail","gauge_from":1520,"gauge_to":1520},"geometry":{"type":"LineString","coordinates":[[35.16564583165328,48.32424345],[34.07582508827909,49.63842855]]}},{"type":"Feature","properties":{"id":"land:rus-central:ukr-poltavaoblast","a":"rus-central","b":"ukr-poltavaoblast","travel_ticks":9,"kind":"land"},"geometry":{"type":"LineString","coordinates":[[37.36389575298435,52.78294235],[34.07582508827909,49.63842855]]}},{"type":"Feature","properties":{"id":"rail:ukr-dnipropetrovskoblast:ukr-kirovohradoblast","a":"ukr-dnipropetrovskoblast","b":"ukr-kirovohradoblast","travel_ticks":2,"kind":"rail","gauge_from":1520,"gauge_to":1520},"geometry":{"type":"LineString","coordinates":[[35.16564583165328,48.32424345],[31.865931078513,48.496816800000005]]}},{"type":"Feature","properties":{"id":"land:rus-southern:ukr-dnipropetrovskoblast","a":"rus-southern","b":"ukr-dnipropetrovskoblast","travel_ticks":14,"kind":"land"},"geometry":{"type":"LineString","coordinates":[[43.39970292862911,47.3159783],[35.16564583165328,48.32424345]]}},{"type":"Feature","properties":{"id":"land:rus-central:ukr-kyiv","a":"rus-central","b":"ukr-kyiv","travel_ticks":12,"kind":"land"},"geometry":{"type":"LineString","coordinates":[[37.36389575298435,52.78294235],[30.614680312884797,50.402086499999996]]}},{"type":"Feature","properties":{"id":"rail:tur-mediterranean:tur-southeastanatolia","a":"tur-mediterranean","b":"tur-southeastanatolia","travel_ticks":3,"kind":"rail","gauge_from":1435,"gauge_to":1435},"geometry":{"type":"LineString","coordinates":[[35.5919838054029,37.2929947],[40.41590831446639,37.912045750000004]]}},{"type":"Feature","properties":{"id":"rail:tur-centraleastanatolia:tur-mediterranean","a":"tur-centraleastanatolia","b":"tur-mediterranean","travel_ticks":5,"kind":"rail","gauge_from":1435,"gauge_to":1435},"geometry":{"type":"LineString","coordinates":[[42.99349404834862,38.482507],[35.5919838054029,37.2929947]]}},{"type":"Feature","properties":{"id":"rail:tur-centralanatolia:tur-mediterranean","a":"tur-centralanatolia","b":"tur-mediterranean","travel_ticks":1,"kind":"rail","gauge_from":1435,"gauge_to":1435},"geometry":{"type":"LineString","coordinates":[[35.9813737220864,38.94197655],[35.5919838054029,37.2929947]]}},{"type":"Feature","properties":{"id":"rail:tur-aegean:tur-mediterranean","a":"tur-aegean","b":"tur-mediterranean","travel_ticks":4,"kind":"rail","gauge_from":1435,"gauge_to":1435},"geometry":{"type":"LineString","coordinates":[[28.62095009438291,38.0857857],[35.5919838054029,37.2929947]]}},{"type":"Feature","properties":{"id":"land:tur-mediterranean:tur-westanatolia","a":"tur-mediterranean","b":"tur-westanatolia","travel_ticks":3,"kind":"land"},"geometry":{"type":"LineString","coordinates":[[35.5919838054029,37.2929947],[32.414893704757866,38.5864916]]}},{"type":"Feature","properties":{"id":"land:tur-aegean:tur-westblacksea","a":"tur-aegean","b":"tur-westblacksea","travel_ticks":13,"kind":"land"},"geometry":{"type":"LineString","coordinates":[[28.62095009438291,38.0857857],[34.772562004890915,40.74660675]]}},{"type":"Feature","properties":{"id":"rail:tur-aegean:tur-westanatolia","a":"tur-aegean","b":"tur-westanatolia","travel_ticks":2,"kind":"rail","gauge_from":1435,"gauge_to":1435},"geometry":{"type":"LineString","coordinates":[[28.62095009438291,38.0857857],[32.414893704757866,38.5864916]]}},{"type":"Feature","properties":{"id":"rail:tur-aegean:tur-eastmarmara","a":"tur-aegean","b":"tur-eastmarmara","travel_ticks":2,"kind":"rail","gauge_from":1435,"gauge_to":1435},"geometry":{"type":"LineString","coordinates":[[28.62095009438291,38.0857857],[29.498960770373458,40.1239956]]}},{"type":"Feature","properties":{"id":"rail:tur-aegean:tur-westmarmara","a":"tur-aegean","b":"tur-westmarmara","travel_ticks":2,"kind":"rail","gauge_from":1435,"gauge_to":1435},"geometry":{"type":"LineString","coordinates":[[28.62095009438291,38.0857857],[27.32241323406889,39.799836049999996]]}},{"type":"Feature","properties":{"id":"land:tur-centraleastanatolia:tur-westblacksea","a":"tur-centraleastanatolia","b":"tur-westblacksea","travel_ticks":17,"kind":"land"},"geometry":{"type":"LineString","coordinates":[[42.99349404834862,38.482507],[34.772562004890915,40.74660675]]}},{"type":"Feature","properties":{"id":"rail:tur-centralanatolia:tur-westblacksea","a":"tur-centralanatolia","b":"tur-westblacksea","travel_ticks":2,"kind":"rail","gauge_from":1435,"gauge_to":1435},"geometry":{"type":"LineString","coordinates":[[35.9813737220864,38.94197655],[34.772562004890915,40.74660675]]}},{"type":"Feature","properties":{"id":"land:tur-eastblacksea:tur-westblacksea","a":"tur-eastblacksea","b":"tur-westblacksea","travel_ticks":8,"kind":"land"},"geometry":{"type":"LineString","coordinates":[[39.02945039264851,40.67996765],[34.772562004890915,40.74660675]]}},{"type":"Feature","properties":{"id":"rail:tur-westanatolia:tur-westblacksea","a":"tur-westanatolia","b":"tur-westblacksea","travel_ticks":2,"kind":"rail","gauge_from":1435,"gauge_to":1435},"geometry":{"type":"LineString","coordinates":[[32.414893704757866,38.5864916],[34.772562004890915,40.74660675]]}},{"type":"Feature","properties":{"id":"rail:tur-eastmarmara:tur-westblacksea","a":"tur-eastmarmara","b":"tur-westblacksea","travel_ticks":3,"kind":"rail","gauge_from":1435,"gauge_to":1435},"geometry":{"type":"LineString","coordinates":[[29.498960770373458,40.1239956],[34.772562004890915,40.74660675]]}},{"type":"Feature","properties":{"id":"land:tur-centraleastanatolia:tur-eastblacksea","a":"tur-centraleastanatolia","b":"tur-eastblacksea","travel_ticks":9,"kind":"land"},"geometry":{"type":"LineString","coordinates":[[42.99349404834862,38.482507],[39.02945039264851,40.67996765]]}},{"type":"Feature","properties":{"id":"land:tur-centralanatolia:tur-eastblacksea","a":"tur-centralanatolia","b":"tur-eastblacksea","travel_ticks":7,"kind":"land"},"geometry":{"type":"LineString","coordinates":[[35.9813737220864,38.94197655],[39.02945039264851,40.67996765]]}},{"type":"Feature","properties":{"id":"land:tur-eastblacksea:tur-northeastanatolia","a":"tur-eastblacksea","b":"tur-northeastanatolia","travel_ticks":5,"kind":"land"},"geometry":{"type":"LineString","coordinates":[[39.02945039264851,40.67996765],[41.71476330296174,40.3051124]]}},{"type":"Feature","properties":{"id":"land:rus-northcaucasian:tur-eastblacksea","a":"rus-northcaucasian","b":"tur-eastblacksea","travel_ticks":12,"kind":"land"},"geometry":{"type":"LineString","coordinates":[[44.137582171865766,43.71134975],[39.02945039264851,40.67996765]]}},{"type":"Feature","properties":{"id":"rail:tur-centralanatolia:tur-westanatolia","a":"tur-centralanatolia","b":"tur-westanatolia","travel_ticks":2,"kind":"rail","gauge_from":1435,"gauge_to":1435},"geometry":{"type":"LineString","coordinates":[[35.9813737220864,38.94197655],[32.414893704757866,38.5864916]]}},{"type":"Feature","properties":{"id":"rail:tur-eastmarmara:tur-westanatolia","a":"tur-eastmarmara","b":"tur-westanatolia","travel_ticks":2,"kind":"rail","gauge_from":1435,"gauge_to":1435},"geometry":{"type":"LineString","coordinates":[[29.498960770373458,40.1239956],[32.414893704757866,38.5864916]]}},{"type":"Feature","properties":{"id":"land:tur-centralanatolia:tur-southeastanatolia","a":"tur-centralanatolia","b":"tur-southeastanatolia","travel_ticks":9,"kind":"land"},"geometry":{"type":"LineString","coordinates":[[35.9813737220864,38.94197655],[40.41590831446639,37.912045750000004]]}},{"type":"Feature","properties":{"id":"rail:tur-centralanatolia:tur-centraleastanatolia","a":"tur-centralanatolia","b":"tur-centraleastanatolia","travel_ticks":4,"kind":"rail","gauge_from":1435,"gauge_to":1435},"geometry":{"type":"LineString","coordinates":[[35.9813737220864,38.94197655],[42.99349404834862,38.482507]]}},{"type":"Feature","properties":{"id":"rail:tur-centralanatolia:tur-northeastanatolia","a":"tur-centralanatolia","b":"tur-northeastanatolia","travel_ticks":4,"kind":"rail","gauge_from":1435,"gauge_to":1435},"geometry":{"type":"LineString","coordinates":[[35.9813737220864,38.94197655],[41.71476330296174,40.3051124]]}},{"type":"Feature","properties":{"id":"land:tur-northeastanatolia:tur-southeastanatolia","a":"tur-northeastanatolia","b":"tur-southeastanatolia","travel_ticks":6,"kind":"land"},"geometry":{"type":"LineString","coordinates":[[41.71476330296174,40.3051124],[40.41590831446639,37.912045750000004]]}},{"type":"Feature","properties":{"id":"rail:tur-centraleastanatolia:tur-northeastanatolia","a":"tur-centraleastanatolia","b":"tur-northeastanatolia","travel_ticks":2,"kind":"rail","gauge_from":1435,"gauge_to":1435},"geometry":{"type":"LineString","coordinates":[[42.99349404834862,38.482507],[41.71476330296174,40.3051124]]}},{"type":"Feature","properties":{"id":"land:rus-northcaucasian:tur-northeastanatolia","a":"rus-northcaucasian","b":"tur-northeastanatolia","travel_ticks":10,"kind":"land"},"geometry":{"type":"LineString","coordinates":[[44.137582171865766,43.71134975],[41.71476330296174,40.3051124]]}},{"type":"Feature","properties":{"id":"rail:tur-centraleastanatolia:tur-southeastanatolia","a":"tur-centraleastanatolia","b":"tur-southeastanatolia","travel_ticks":2,"kind":"rail","gauge_from":1435,"gauge_to":1435},"geometry":{"type":"LineString","coordinates":[[42.99349404834862,38.482507],[40.41590831446639,37.912045750000004]]}},{"type":"Feature","properties":{"id":"rail:tur-eastmarmara:tur-westmarmara","a":"tur-eastmarmara","b":"tur-westmarmara","travel_ticks":1,"kind":"rail","gauge_from":1435,"gauge_to":1435},"geometry":{"type":"LineString","coordinates":[[29.498960770373458,40.1239956],[27.32241323406889,39.799836049999996]]}},{"type":"Feature","properties":{"id":"rail:tur-eastmarmara:tur-istanbul","a":"tur-eastmarmara","b":"tur-istanbul","travel_ticks":1,"kind":"rail","gauge_from":1435,"gauge_to":1435},"geometry":{"type":"LineString","coordinates":[[29.498960770373458,40.1239956],[28.48391534756263,41.2727996]]}},{"type":"Feature","properties":{"id":"rail:tur-istanbul:tur-westmarmara","a":"tur-istanbul","b":"tur-westmarmara","travel_ticks":1,"kind":"rail","gauge_from":1435,"gauge_to":1435},"geometry":{"type":"LineString","coordinates":[[28.48391534756263,41.2727996],[27.32241323406889,39.799836049999996]]}},{"type":"Feature","properties":{"id":"rail:rus-southern:rus-volga","a":"rus-southern","b":"rus-volga","travel_ticks":5,"kind":"rail","gauge_from":1520,"gauge_to":1520},"geometry":{"type":"LineString","coordinates":[[43.39970292862911,47.3159783],[46.48606677047358,52.898910650000005]]}},{"type":"Feature","properties":{"id":"rail:rus-central:rus-volga","a":"rus-central","b":"rus-volga","travel_ticks":4,"kind":"rail","gauge_from":1520,"gauge_to":1520},"geometry":{"type":"LineString","coordinates":[[37.36389575298435,52.78294235],[46.48606677047358,52.898910650000005]]}},{"type":"Feature","properties":{"id":"rail:rus-northwestern:rus-volga","a":"rus-northwestern","b":"rus-volga","travel_ticks":2,"kind":"rail","gauge_from":1520,"gauge_to":1520},"geometry":{"type":"LineString","coordinates":[[44.01182881201059,55.231384250000005],[46.48606677047358,52.898910650000005]]}},{"type":"Feature","properties":{"id":"rail:rus-central:rus-southern","a":"rus-central","b":"rus-southern","travel_ticks":5,"kind":"rail","gauge_from":1520,"gauge_to":1520},"geometry":{"type":"LineString","coordinates":[[37.36389575298435,52.78294235],[43.39970292862911,47.3159783]]}},{"type":"Feature","properties":{"id":"rail:rus-central:rus-northwestern","a":"rus-central","b":"rus-northwestern","travel_ticks":4,"kind":"rail","gauge_from":1520,"gauge_to":1520},"geometry":{"type":"LineString","coordinates":[[37.36389575298435,52.78294235],[44.01182881201059,55.231384250000005]]}},{"type":"Feature","properties":{"id":"rail:rus-northcaucasian:rus-southern","a":"rus-northcaucasian","b":"rus-southern","travel_ticks":3,"kind":"rail","gauge_from":1520,"gauge_to":1520},"geometry":{"type":"LineString","coordinates":[[44.137582171865766,43.71134975],[43.39970292862911,47.3159783]]}},{"type":"Feature","properties":{"id":"transfer:port-deltaterminal:tur-mediterranean","a":"port-deltaterminal","b":"tur-mediterranean","travel_ticks":1,"kind":"transfer"},"geometry":{"type":"LineString","coordinates":[[36.166667,36.85],[35.5919838054029,37.2929947]]}},{"type":"Feature","properties":{"id":"transfer:port-larimna:tur-westmarmara","a":"port-larimna","b":"tur-westmarmara","travel_ticks":1,"kind":"transfer"},"geometry":{"type":"LineString","coordinates":[[23.283333,38.566667],[27.32241323406889,39.799836049999996]]}},{"type":"Feature","properties":{"id":"transfer:port-melillioilterminal:rou-vest","a":"port-melillioilterminal","b":"rou-vest","travel_ticks":1,"kind":"transfer"},"geometry":{"type":"LineString","coordinates":[[15.25,37.116667],[22.07604237929101,45.633109480142735]]}},{"type":"Feature","properties":{"id":"transfer:port-aksazlimani:tur-aegean","a":"port-aksazlimani","b":"tur-aegean","travel_ticks":1,"kind":"transfer"},"geometry":{"type":"LineString","coordinates":[[28.383333,36.833333],[28.62095009438291,38.0857857]]}},{"type":"Feature","properties":{"id":"transfer:port-ayiosnikolaos:tur-aegean","a":"port-ayiosnikolaos","b":"tur-aegean","travel_ticks":1,"kind":"transfer"},"geometry":{"type":"LineString","coordinates":[[23.533333,37.983333],[28.62095009438291,38.0857857]]}},{"type":"Feature","properties":{"id":"transfer:port-borusanfertilizerjetty:tur-eastmarmara","a":"port-borusanfertilizerjetty","b":"tur-eastmarmara","travel_ticks":1,"kind":"transfer"},"geometry":{"type":"LineString","coordinates":[[29.1,40.416667],[29.498960770373458,40.1239956]]}},{"type":"Feature","properties":{"id":"transfer:port-vrakhonisiskallonis:tur-westmarmara","a":"port-vrakhonisiskallonis","b":"tur-westmarmara","travel_ticks":1,"kind":"transfer"},"geometry":{"type":"LineString","coordinates":[[26.083333,39.083333],[27.32241323406889,39.799836049999996]]}},{"type":"Feature","properties":{"id":"transfer:port-stilis:tur-westmarmara","a":"port-stilis","b":"tur-westmarmara","travel_ticks":1,"kind":"transfer"},"geometry":{"type":"LineString","coordinates":[[22.616667,38.916667],[27.32241323406889,39.799836049999996]]}},{"type":"Feature","properties":{"id":"transfer:port-itea:tur-westmarmara","a":"port-itea","b":"tur-westmarmara","travel_ticks":1,"kind":"transfer"},"geometry":{"type":"LineString","coordinates":[[22.416667,38.433333],[27.32241323406889,39.799836049999996]]}},{"type":"Feature","properties":{"id":"transfer:port-dubrovnik:rou-vest","a":"port-dubrovnik","b":"rou-vest","travel_ticks":1,"kind":"transfer"},"geometry":{"type":"LineString","coordinates":[[18.083333,42.666667],[22.07604237929101,45.633109480142735]]}},{"type":"Feature","properties":{"id":"transfer:port-astakos:tur-westmarmara","a":"port-astakos","b":"tur-westmarmara","travel_ticks":1,"kind":"transfer"},"geometry":{"type":"LineString","coordinates":[[21.1,38.483333],[27.32241323406889,39.799836049999996]]}},{"type":"Feature","properties":{"id":"transfer:port-mesolongion:tur-westmarmara","a":"port-mesolongion","b":"tur-westmarmara","travel_ticks":1,"kind":"transfer"},"geometry":{"type":"LineString","coordinates":[[21.416667,38.366667],[27.32241323406889,39.799836049999996]]}},{"type":"Feature","properties":{"id":"transfer:port-andros:tur-aegean","a":"port-andros","b":"tur-aegean","travel_ticks":1,"kind":"transfer"},"geometry":{"type":"LineString","coordinates":[[24.95,37.833333],[28.62095009438291,38.0857857]]}},{"type":"Feature","properties":{"id":"transfer:port-antalyaoffshoreterminal:tur-mediterranean","a":"port-antalyaoffshoreterminal","b":"tur-mediterranean","travel_ticks":1,"kind":"transfer"},"geometry":{"type":"LineString","coordinates":[[30.6,36.816667],[35.5919838054029,37.2929947]]}},{"type":"Feature","properties":{"id":"transfer:port-antalya:tur-mediterranean","a":"port-antalya","b":"tur-mediterranean","travel_ticks":1,"kind":"transfer"},"geometry":{"type":"LineString","coordinates":[[30.616667,36.833333],[35.5919838054029,37.2929947]]}},{"type":"Feature","properties":{"id":"transfer:port-achladi:tur-westmarmara","a":"port-achladi","b":"tur-westmarmara","travel_ticks":1,"kind":"transfer"},"geometry":{"type":"LineString","coordinates":[[22.816667,38.9],[27.32241323406889,39.799836049999996]]}},{"type":"Feature","properties":{"id":"transfer:port-ortona:rou-vest","a":"port-ortona","b":"rou-vest","travel_ticks":1,"kind":"transfer"},"geometry":{"type":"LineString","coordinates":[[14.416667,42.35],[22.07604237929101,45.633109480142735]]}},{"type":"Feature","properties":{"id":"transfer:port-taranto:rou-vest","a":"port-taranto","b":"rou-vest","travel_ticks":1,"kind":"transfer"},"geometry":{"type":"LineString","coordinates":[[17.2,40.466667],[22.07604237929101,45.633109480142735]]}},{"type":"Feature","properties":{"id":"transfer:port-stratoni:tur-westmarmara","a":"port-stratoni","b":"tur-westmarmara","travel_ticks":1,"kind":"transfer"},"geometry":{"type":"LineString","coordinates":[[23.833333,40.516667],[27.32241323406889,39.799836049999996]]}},{"type":"Feature","properties":{"id":"transfer:port-yerakini:tur-westmarmara","a":"port-yerakini","b":"tur-westmarmara","travel_ticks":1,"kind":"transfer"},"geometry":{"type":"LineString","coordinates":[[23.466667,40.266667],[27.32241323406889,39.799836049999996]]}},{"type":"Feature","properties":{"id":"transfer:port-plomarion:tur-aegean","a":"port-plomarion","b":"tur-aegean","travel_ticks":1,"kind":"transfer"},"geometry":{"type":"LineString","coordinates":[[26.366667,38.983333],[28.62095009438291,38.0857857]]}},{"type":"Feature","properties":{"id":"transfer:port-ploce:rou-vest","a":"port-ploce","b":"rou-vest","travel_ticks":1,"kind":"transfer"},"geometry":{"type":"LineString","coordinates":[[17.433333,43.05],[22.07604237929101,45.633109480142735]]}},{"type":"Feature","properties":{"id":"transfer:port-tsingeli:tur-westmarmara","a":"port-tsingeli","b":"tur-westmarmara","travel_ticks":1,"kind":"transfer"},"geometry":{"type":"LineString","coordinates":[[22.85,39.166667],[27.32241323406889,39.799836049999996]]}},{"type":"Feature","properties":{"id":"transfer:port-manfredonia:rou-vest","a":"port-manfredonia","b":"rou-vest","travel_ticks":1,"kind":"transfer"},"geometry":{"type":"LineString","coordinates":[[15.916667,41.616667],[22.07604237929101,45.633109480142735]]}},{"type":"Feature","properties":{"id":"transfer:port-korcula:rou-vest","a":"port-korcula","b":"rou-vest","travel_ticks":1,"kind":"transfer"},"geometry":{"type":"LineString","coordinates":[[17.133333,42.933333],[22.07604237929101,45.633109480142735]]}},{"type":"Feature","properties":{"id":"transfer:port-aigio:tur-westmarmara","a":"port-aigio","b":"tur-westmarmara","travel_ticks":1,"kind":"transfer"},"geometry":{"type":"LineString","coordinates":[[22.083333,38.25],[27.32241323406889,39.799836049999996]]}},{"type":"Feature","properties":{"id":"transfer:port-dugirat:rou-vest","a":"port-dugirat","b":"rou-vest","travel_ticks":1,"kind":"transfer"},"geometry":{"type":"LineString","coordinates":[[16.65,43.45],[22.07604237929101,45.633109480142735]]}},{"type":"Feature","properties":{"id":"transfer:port-nisosnaxos:tur-aegean","a":"port-nisosnaxos","b":"tur-aegean","travel_ticks":1,"kind":"transfer"},"geometry":{"type":"LineString","coordinates":[[25.366667,37.1],[28.62095009438291,38.0857857]]}},{"type":"Feature","properties":{"id":"transfer:port-piraievs:tur-aegean","a":"port-piraievs","b":"tur-aegean","travel_ticks":1,"kind":"transfer"},"geometry":{"type":"LineString","coordinates":[[23.65,37.933333],[28.62095009438291,38.0857857]]}},{"type":"Feature","properties":{"id":"transfer:pol-lowersilesianvoivodeship:port-rijekaluka","a":"pol-lowersilesianvoivodeship","b":"port-rijekaluka","travel_ticks":1,"kind":"transfer"},"geometry":{"type":"LineString","coordinates":[[16.361252579871955,50.950840400000004],[14.433333,45.333333]]}},{"type":"Feature","properties":{"id":"transfer:port-crotone:rou-vest","a":"port-crotone","b":"rou-vest","travel_ticks":1,"kind":"transfer"},"geometry":{"type":"LineString","coordinates":[[17.136,39.078],[22.07604237929101,45.633109480142735]]}},{"type":"Feature","properties":{"id":"transfer:port-portodibarletta:rou-vest","a":"port-portodibarletta","b":"rou-vest","travel_ticks":1,"kind":"transfer"},"geometry":{"type":"LineString","coordinates":[[16.292,41.334],[22.07604237929101,45.633109480142735]]}},{"type":"Feature","properties":{"id":"transfer:port-bari:rou-vest","a":"port-bari","b":"rou-vest","travel_ticks":1,"kind":"transfer"},"geometry":{"type":"LineString","coordinates":[[16.846,41.146],[22.07604237929101,45.633109480142735]]}},{"type":"Feature","properties":{"id":"transfer:port-kerkira:rou-sudvestoltenia","a":"port-kerkira","b":"rou-sudvestoltenia","travel_ticks":1,"kind":"transfer"},"geometry":{"type":"LineString","coordinates":[[19.933333,39.616667],[23.63870604831031,44.63657127873327]]}},{"type":"Feature","properties":{"id":"transfer:port-napoli:rou-vest","a":"port-napoli","b":"rou-vest","travel_ticks":1,"kind":"transfer"},"geometry":{"type":"LineString","coordinates":[[14.275,40.833],[22.07604237929101,45.633109480142735]]}},{"type":"Feature","properties":{"id":"transfer:port-mikonos:tur-aegean","a":"port-mikonos","b":"tur-aegean","travel_ticks":1,"kind":"transfer"},"geometry":{"type":"LineString","coordinates":[[25.333333,37.45],[28.62095009438291,38.0857857]]}},{"type":"Feature","properties":{"id":"transfer:port-kavala:tur-westmarmara","a":"port-kavala","b":"tur-westmarmara","travel_ticks":1,"kind":"transfer"},"geometry":{"type":"LineString","coordinates":[[24.4,40.933333],[27.32241323406889,39.799836049999996]]}},{"type":"Feature","properties":{"id":"transfer:port-molfetta:rou-vest","a":"port-molfetta","b":"rou-vest","travel_ticks":1,"kind":"transfer"},"geometry":{"type":"LineString","coordinates":[[16.6,41.216667],[22.07604237929101,45.633109480142735]]}},{"type":"Feature","properties":{"id":"transfer:port-lavrio:tur-aegean","a":"port-lavrio","b":"tur-aegean","travel_ticks":1,"kind":"transfer"},"geometry":{"type":"LineString","coordinates":[[24.066667,37.7],[28.62095009438291,38.0857857]]}},{"type":"Feature","properties":{"id":"transfer:port-alexandroupoli:tur-westmarmara","a":"port-alexandroupoli","b":"tur-westmarmara","travel_ticks":1,"kind":"transfer"},"geometry":{"type":"LineString","coordinates":[[25.883333,40.833333],[27.32241323406889,39.799836049999996]]}},{"type":"Feature","properties":{"id":"transfer:port-neonkarlovas:tur-aegean","a":"port-neonkarlovas","b":"tur-aegean","travel_ticks":1,"kind":"transfer"},"geometry":{"type":"LineString","coordinates":[[26.683333,37.8],[28.62095009438291,38.0857857]]}},{"type":"Feature","properties":{"id":"transfer:port-gavrio:tur-aegean","a":"port-gavrio","b":"tur-aegean","travel_ticks":1,"kind":"transfer"},"geometry":{"type":"LineString","coordinates":[[24.733333,37.883333],[28.62095009438291,38.0857857]]}},{"type":"Feature","properties":{"id":"transfer:port-argostolion:tur-westmarmara","a":"port-argostolion","b":"tur-westmarmara","travel_ticks":1,"kind":"transfer"},"geometry":{"type":"LineString","coordinates":[[20.516667,38.183333],[27.32241323406889,39.799836049999996]]}},{"type":"Feature","properties":{"id":"transfer:port-katakolon:tur-aegean","a":"port-katakolon","b":"tur-aegean","travel_ticks":1,"kind":"transfer"},"geometry":{"type":"LineString","coordinates":[[21.316667,37.65],[28.62095009438291,38.0857857]]}},{"type":"Feature","properties":{"id":"transfer:port-navplio:tur-aegean","a":"port-navplio","b":"tur-aegean","travel_ticks":1,"kind":"transfer"},"geometry":{"type":"LineString","coordinates":[[22.8,37.566667],[28.62095009438291,38.0857857]]}},{"type":"Feature","properties":{"id":"transfer:port-megaraoilterminal:tur-aegean","a":"port-megaraoilterminal","b":"tur-aegean","travel_ticks":1,"kind":"transfer"},"geometry":{"type":"LineString","coordinates":[[23.4,37.966667],[28.62095009438291,38.0857857]]}},{"type":"Feature","properties":{"id":"transfer:port-sibenik:rou-vest","a":"port-sibenik","b":"rou-vest","travel_ticks":1,"kind":"transfer"},"geometry":{"type":"LineString","coordinates":[[15.883333,43.733333],[22.07604237929101,45.633109480142735]]}},{"type":"Feature","properties":{"id":"transfer:port-ormosaliveriou:tur-aegean","a":"port-ormosaliveriou","b":"tur-aegean","travel_ticks":1,"kind":"transfer"},"geometry":{"type":"LineString","coordinates":[[24.05,38.383333],[28.62095009438291,38.0857857]]}},{"type":"Feature","properties":{"id":"transfer:port-spetses:tur-aegean","a":"port-spetses","b":"tur-aegean","travel_ticks":1,"kind":"transfer"},"geometry":{"type":"LineString","coordinates":[[23.166667,37.266667],[28.62095009438291,38.0857857]]}},{"type":"Feature","properties":{"id":"transfer:port-patrai:tur-westmarmara","a":"port-patrai","b":"tur-westmarmara","travel_ticks":1,"kind":"transfer"},"geometry":{"type":"LineString","coordinates":[[21.733333,38.25],[27.32241323406889,39.799836049999996]]}},{"type":"Feature","properties":{"id":"transfer:port-siracusa:rou-vest","a":"port-siracusa","b":"rou-vest","travel_ticks":1,"kind":"transfer"},"geometry":{"type":"LineString","coordinates":[[15.283333,37.05],[22.07604237929101,45.633109480142735]]}},{"type":"Feature","properties":{"id":"transfer:port-torreannunziata:rou-vest","a":"port-torreannunziata","b":"rou-vest","travel_ticks":1,"kind":"transfer"},"geometry":{"type":"LineString","coordinates":[[14.45,40.75],[22.07604237929101,45.633109480142735]]}},{"type":"Feature","properties":{"id":"transfer:port-salerno:rou-vest","a":"port-salerno","b":"rou-vest","travel_ticks":1,"kind":"transfer"},"geometry":{"type":"LineString","coordinates":[[14.75,40.666667],[22.07604237929101,45.633109480142735]]}},{"type":"Feature","properties":{"id":"transfer:port-botas:tur-mediterranean","a":"port-botas","b":"tur-mediterranean","travel_ticks":1,"kind":"transfer"},"geometry":{"type":"LineString","coordinates":[[35.933333,36.883333],[35.5919838054029,37.2929947]]}},{"type":"Feature","properties":{"id":"transfer:port-bodrum:tur-aegean","a":"port-bodrum","b":"tur-aegean","travel_ticks":1,"kind":"transfer"},"geometry":{"type":"LineString","coordinates":[[27.433333,37.033333],[28.62095009438291,38.0857857]]}},{"type":"Feature","properties":{"id":"transfer:port-dikili:tur-aegean","a":"port-dikili","b":"tur-aegean","travel_ticks":1,"kind":"transfer"},"geometry":{"type":"LineString","coordinates":[[26.816667,39.016667],[28.62095009438291,38.0857857]]}},{"type":"Feature","properties":{"id":"transfer:port-erdek:tur-westmarmara","a":"port-erdek","b":"tur-westmarmara","travel_ticks":1,"kind":"transfer"},"geometry":{"type":"LineString","coordinates":[[27.8,40.383333],[27.32241323406889,39.799836049999996]]}},{"type":"Feature","properties":{"id":"transfer:port-ayvalik:tur-westmarmara","a":"port-ayvalik","b":"tur-westmarmara","travel_ticks":1,"kind":"transfer"},"geometry":{"type":"LineString","coordinates":[[26.7,39.316667],[27.32241323406889,39.799836049999996]]}},{"type":"Feature","properties":{"id":"transfer:port-nemrutlimanibay:tur-aegean","a":"port-nemrutlimanibay","b":"tur-aegean","travel_ticks":1,"kind":"transfer"},"geometry":{"type":"LineString","coordinates":[[26.916667,38.766667],[28.62095009438291,38.0857857]]}},{"type":"Feature","properties":{"id":"transfer:port-fethiye:tur-aegean","a":"port-fethiye","b":"tur-aegean","travel_ticks":1,"kind":"transfer"},"geometry":{"type":"LineString","coordinates":[[29.1,36.633333],[28.62095009438291,38.0857857]]}},{"type":"Feature","properties":{"id":"transfer:port-aliaga:tur-aegean","a":"port-aliaga","b":"tur-aegean","travel_ticks":1,"kind":"transfer"},"geometry":{"type":"LineString","coordinates":[[26.933333,38.833333],[28.62095009438291,38.0857857]]}},{"type":"Feature","properties":{"id":"transfer:port-torosgubre:tur-mediterranean","a":"port-torosgubre","b":"tur-mediterranean","travel_ticks":1,"kind":"transfer"},"geometry":{"type":"LineString","coordinates":[[35.966667,36.916667],[35.5919838054029,37.2929947]]}},{"type":"Feature","properties":{"id":"transfer:port-izmir:tur-aegean","a":"port-izmir","b":"tur-aegean","travel_ticks":1,"kind":"transfer"},"geometry":{"type":"LineString","coordinates":[[27.133333,38.433333],[28.62095009438291,38.0857857]]}},{"type":"Feature","properties":{"id":"transfer:port-durres:rou-vest","a":"port-durres","b":"rou-vest","travel_ticks":1,"kind":"transfer"},"geometry":{"type":"LineString","coordinates":[[19.45,41.316667],[22.07604237929101,45.633109480142735]]}},{"type":"Feature","properties":{"id":"transfer:port-bar:rou-vest","a":"port-bar","b":"rou-vest","travel_ticks":1,"kind":"transfer"},"geometry":{"type":"LineString","coordinates":[[19.083333,42.083333],[22.07604237929101,45.633109480142735]]}},{"type":"Feature","properties":{"id":"transfer:port-kotor:rou-vest","a":"port-kotor","b":"rou-vest","travel_ticks":1,"kind":"transfer"},"geometry":{"type":"LineString","coordinates":[[18.766667,42.416667],[22.07604237929101,45.633109480142735]]}},{"type":"Feature","properties":{"id":"transfer:pol-lowersilesianvoivodeship:port-bakar","a":"pol-lowersilesianvoivodeship","b":"port-bakar","travel_ticks":1,"kind":"transfer"},"geometry":{"type":"LineString","coordinates":[[16.361252579871955,50.950840400000004],[14.533333,45.3]]}},{"type":"Feature","properties":{"id":"transfer:port-brindisi:rou-vest","a":"port-brindisi","b":"rou-vest","travel_ticks":1,"kind":"transfer"},"geometry":{"type":"LineString","coordinates":[[17.983333,40.65],[22.07604237929101,45.633109480142735]]}},{"type":"Feature","properties":{"id":"transfer:port-gallipoli:rou-vest","a":"port-gallipoli","b":"rou-vest","travel_ticks":1,"kind":"transfer"},"geometry":{"type":"LineString","coordinates":[[17.984,40.06],[22.07604237929101,45.633109480142735]]}},{"type":"Feature","properties":{"id":"transfer:port-milazzo:rou-vest","a":"port-milazzo","b":"rou-vest","travel_ticks":1,"kind":"transfer"},"geometry":{"type":"LineString","coordinates":[[15.25,38.216667],[22.07604237929101,45.633109480142735]]}},{"type":"Feature","properties":{"id":"transfer:port-bagnoli:rou-vest","a":"port-bagnoli","b":"rou-vest","travel_ticks":1,"kind":"transfer"},"geometry":{"type":"LineString","coordinates":[[14.158,40.81],[22.07604237929101,45.633109480142735]]}},{"type":"Feature","properties":{"id":"transfer:port-castellammaredistabia:rou-vest","a":"port-castellammaredistabia","b":"rou-vest","travel_ticks":1,"kind":"transfer"},"geometry":{"type":"LineString","coordinates":[[14.476,40.7],[22.07604237929101,45.633109480142735]]}},{"type":"Feature","properties":{"id":"transfer:port-gemlik:tur-eastmarmara","a":"port-gemlik","b":"tur-eastmarmara","travel_ticks":1,"kind":"transfer"},"geometry":{"type":"LineString","coordinates":[[29.116667,40.416667],[29.498960770373458,40.1239956]]}},{"type":"Feature","properties":{"id":"transfer:port-canakkale:tur-westmarmara","a":"port-canakkale","b":"tur-westmarmara","travel_ticks":1,"kind":"transfer"},"geometry":{"type":"LineString","coordinates":[[26.4,40.15],[27.32241323406889,39.799836049999996]]}},{"type":"Feature","properties":{"id":"transfer:port-iskenderun:tur-mediterranean","a":"port-iskenderun","b":"tur-mediterranean","travel_ticks":1,"kind":"transfer"},"geometry":{"type":"LineString","coordinates":[[36.166667,36.6],[35.5919838054029,37.2929947]]}},{"type":"Feature","properties":{"id":"transfer:port-kymassi:tur-westmarmara","a":"port-kymassi","b":"tur-westmarmara","travel_ticks":1,"kind":"transfer"},"geometry":{"type":"LineString","coordinates":[[23.466667,38.833333],[27.32241323406889,39.799836049999996]]}},{"type":"Feature","properties":{"id":"transfer:port-gioiatauro:rou-vest","a":"port-gioiatauro","b":"rou-vest","travel_ticks":1,"kind":"transfer"},"geometry":{"type":"LineString","coordinates":[[15.89,38.444],[22.07604237929101,45.633109480142735]]}},{"type":"Feature","properties":{"id":"transfer:port-gela:rou-vest","a":"port-gela","b":"rou-vest","travel_ticks":1,"kind":"transfer"},"geometry":{"type":"LineString","coordinates":[[14.25,37.066667],[22.07604237929101,45.633109480142735]]}},{"type":"Feature","properties":{"id":"transfer:port-catania:rou-vest","a":"port-catania","b":"rou-vest","travel_ticks":1,"kind":"transfer"},"geometry":{"type":"LineString","coordinates":[[15.1,37.5],[22.07604237929101,45.633109480142735]]}},{"type":"Feature","properties":{"id":"transfer:pol-lowersilesianvoivodeship:port-brsica","a":"pol-lowersilesianvoivodeship","b":"port-brsica","travel_ticks":1,"kind":"transfer"},"geometry":{"type":"LineString","coordinates":[[16.361252579871955,50.950840400000004],[14.05,45.033333]]}},{"type":"Feature","properties":{"id":"transfer:port-mudanya:tur-eastmarmara","a":"port-mudanya","b":"tur-eastmarmara","travel_ticks":1,"kind":"transfer"},"geometry":{"type":"LineString","coordinates":[[28.883333,40.383333],[29.498960770373458,40.1239956]]}},{"type":"Feature","properties":{"id":"transfer:port-bandirma:tur-westmarmara","a":"port-bandirma","b":"tur-westmarmara","travel_ticks":1,"kind":"transfer"},"geometry":{"type":"LineString","coordinates":[[27.966667,40.35],[27.32241323406889,39.799836049999996]]}},{"type":"Feature","properties":{"id":"transfer:port-karabiga:tur-westmarmara","a":"port-karabiga","b":"tur-westmarmara","travel_ticks":1,"kind":"transfer"},"geometry":{"type":"LineString","coordinates":[[27.316667,40.4],[27.32241323406889,39.799836049999996]]}},{"type":"Feature","properties":{"id":"transfer:port-gulluk:tur-aegean","a":"port-gulluk","b":"tur-aegean","travel_ticks":1,"kind":"transfer"},"geometry":{"type":"LineString","coordinates":[[27.616667,37.25],[28.62095009438291,38.0857857]]}},{"type":"Feature","properties":{"id":"transfer:port-kusadasi:tur-aegean","a":"port-kusadasi","b":"tur-aegean","travel_ticks":1,"kind":"transfer"},"geometry":{"type":"LineString","coordinates":[[27.25,37.866667],[28.62095009438291,38.0857857]]}},{"type":"Feature","properties":{"id":"transfer:port-marmaris:tur-aegean","a":"port-marmaris","b":"tur-aegean","travel_ticks":1,"kind":"transfer"},"geometry":{"type":"LineString","coordinates":[[28.283333,36.85],[28.62095009438291,38.0857857]]}},{"type":"Feature","properties":{"id":"transfer:port-miliana:tur-westmarmara","a":"port-miliana","b":"tur-westmarmara","travel_ticks":1,"kind":"transfer"},"geometry":{"type":"LineString","coordinates":[[23.216667,39.166667],[27.32241323406889,39.799836049999996]]}},{"type":"Feature","properties":{"id":"transfer:port-neum:rou-vest","a":"port-neum","b":"rou-vest","travel_ticks":1,"kind":"transfer"},"geometry":{"type":"LineString","coordinates":[[17.6,42.916667],[22.07604237929101,45.633109480142735]]}},{"type":"Feature","properties":{"id":"transfer:port-kalimnos:tur-aegean","a":"port-kalimnos","b":"tur-aegean","travel_ticks":1,"kind":"transfer"},"geometry":{"type":"LineString","coordinates":[[26.983333,36.95],[28.62095009438291,38.0857857]]}},{"type":"Feature","properties":{"id":"transfer:port-gelibolu:tur-westmarmara","a":"port-gelibolu","b":"tur-westmarmara","travel_ticks":1,"kind":"transfer"},"geometry":{"type":"LineString","coordinates":[[26.666667,40.4],[27.32241323406889,39.799836049999996]]}},{"type":"Feature","properties":{"id":"transfer:pol-lowersilesianvoivodeship:port-omisalj","a":"pol-lowersilesianvoivodeship","b":"port-omisalj","travel_ticks":1,"kind":"transfer"},"geometry":{"type":"LineString","coordinates":[[16.361252579871955,50.950840400000004],[14.55,45.216667]]}},{"type":"Feature","properties":{"id":"transfer:port-messina:rou-vest","a":"port-messina","b":"rou-vest","travel_ticks":1,"kind":"transfer"},"geometry":{"type":"LineString","coordinates":[[15.566667,38.2],[22.07604237929101,45.633109480142735]]}},{"type":"Feature","properties":{"id":"transfer:port-khios:tur-aegean","a":"port-khios","b":"tur-aegean","travel_ticks":1,"kind":"transfer"},"geometry":{"type":"LineString","coordinates":[[26.133333,38.366667],[28.62095009438291,38.0857857]]}},{"type":"Feature","properties":{"id":"transfer:port-liminkos:tur-aegean","a":"port-liminkos","b":"tur-aegean","travel_ticks":1,"kind":"transfer"},"geometry":{"type":"LineString","coordinates":[[27.283333,36.9],[28.62095009438291,38.0857857]]}},{"type":"Feature","properties":{"id":"transfer:port-pilos:tur-aegean","a":"port-pilos","b":"tur-aegean","travel_ticks":1,"kind":"transfer"},"geometry":{"type":"LineString","coordinates":[[21.666667,36.9],[28.62095009438291,38.0857857]]}},{"type":"Feature","properties":{"id":"transfer:pol-lowersilesianvoivodeship:port-zalivrasa","a":"pol-lowersilesianvoivodeship","b":"port-zalivrasa","travel_ticks":1,"kind":"transfer"},"geometry":{"type":"LineString","coordinates":[[16.361252579871955,50.950840400000004],[14.066667,45.05]]}},{"type":"Feature","properties":{"id":"transfer:port-pithagorion:tur-aegean","a":"port-pithagorion","b":"tur-aegean","travel_ticks":1,"kind":"transfer"},"geometry":{"type":"LineString","coordinates":[[26.95,37.683333],[28.62095009438291,38.0857857]]}},{"type":"Feature","properties":{"id":"transfer:port-augusta:rou-vest","a":"port-augusta","b":"rou-vest","travel_ticks":1,"kind":"transfer"},"geometry":{"type":"LineString","coordinates":[[15.233333,37.216667],[22.07604237929101,45.633109480142735]]}},{"type":"Feature","properties":{"id":"transfer:port-eceabat:tur-westmarmara","a":"port-eceabat","b":"tur-westmarmara","travel_ticks":1,"kind":"transfer"},"geometry":{"type":"LineString","coordinates":[[26.366667,40.183333],[27.32241323406889,39.799836049999996]]}},{"type":"Feature","properties":{"id":"transfer:port-botasdortyoloilterminal:tur-mediterranean","a":"port-botasdortyoloilterminal","b":"tur-mediterranean","travel_ticks":1,"kind":"transfer"},"geometry":{"type":"LineString","coordinates":[[36.133333,36.866667],[35.5919838054029,37.2929947]]}},{"type":"Feature","properties":{"id":"transfer:port-lagos:tur-westmarmara","a":"port-lagos","b":"tur-westmarmara","travel_ticks":1,"kind":"transfer"},"geometry":{"type":"LineString","coordinates":[[25.133333,41.0],[27.32241323406889,39.799836049999996]]}},{"type":"Feature","properties":{"id":"transfer:port-mersin:tur-mediterranean","a":"port-mersin","b":"tur-mediterranean","travel_ticks":1,"kind":"transfer"},"geometry":{"type":"LineString","coordinates":[[34.633333,36.8],[35.5919838054029,37.2929947]]}},{"type":"Feature","properties":{"id":"transfer:port-porthmosevripou:tur-aegean","a":"port-porthmosevripou","b":"tur-aegean","travel_ticks":1,"kind":"transfer"},"geometry":{"type":"LineString","coordinates":[[23.583333,38.466667],[28.62095009438291,38.0857857]]}},{"type":"Feature","properties":{"id":"transfer:port-risan:rou-vest","a":"port-risan","b":"rou-vest","travel_ticks":1,"kind":"transfer"},"geometry":{"type":"LineString","coordinates":[[18.7,42.516667],[22.07604237929101,45.633109480142735]]}},{"type":"Feature","properties":{"id":"transfer:port-zadar:rou-vest","a":"port-zadar","b":"rou-vest","travel_ticks":1,"kind":"transfer"},"geometry":{"type":"LineString","coordinates":[[15.216667,44.116667],[22.07604237929101,45.633109480142735]]}},{"type":"Feature","properties":{"id":"transfer:port-volos:tur-westmarmara","a":"port-volos","b":"tur-westmarmara","travel_ticks":1,"kind":"transfer"},"geometry":{"type":"LineString","coordinates":[[22.95,39.366667],[27.32241323406889,39.799836049999996]]}},{"type":"Feature","properties":{"id":"transfer:port-split:rou-vest","a":"port-split","b":"rou-vest","travel_ticks":1,"kind":"transfer"},"geometry":{"type":"LineString","coordinates":[[16.433333,43.5],[22.07604237929101,45.633109480142735]]}},{"type":"Feature","properties":{"id":"transfer:port-thessaloniki:tur-westmarmara","a":"port-thessaloniki","b":"tur-westmarmara","travel_ticks":1,"kind":"transfer"},"geometry":{"type":"LineString","coordinates":[[22.933333,40.633333],[27.32241323406889,39.799836049999996]]}},{"type":"Feature","properties":{"id":"transfer:port-rodhos:tur-aegean","a":"port-rodhos","b":"tur-aegean","travel_ticks":1,"kind":"transfer"},"geometry":{"type":"LineString","coordinates":[[28.233333,36.45],[28.62095009438291,38.0857857]]}},{"type":"Feature","properties":{"id":"transfer:port-preveza:tur-westmarmara","a":"port-preveza","b":"tur-westmarmara","travel_ticks":1,"kind":"transfer"},"geometry":{"type":"LineString","coordinates":[[20.75,38.95],[27.32241323406889,39.799836049999996]]}},{"type":"Feature","properties":{"id":"transfer:port-vasto:rou-vest","a":"port-vasto","b":"rou-vest","travel_ticks":1,"kind":"transfer"},"geometry":{"type":"LineString","coordinates":[[14.716667,42.116667],[22.07604237929101,45.633109480142735]]}},{"type":"Feature","properties":{"id":"transfer:port-tekirdag:tur-westmarmara","a":"port-tekirdag","b":"tur-westmarmara","travel_ticks":1,"kind":"transfer"},"geometry":{"type":"LineString","coordinates":[[27.516667,40.983333],[27.32241323406889,39.799836049999996]]}},{"type":"Feature","properties":{"id":"transfer:port-tivat:rou-vest","a":"port-tivat","b":"rou-vest","travel_ticks":1,"kind":"transfer"},"geometry":{"type":"LineString","coordinates":[[18.7,42.433333],[22.07604237929101,45.633109480142735]]}},{"type":"Feature","properties":{"id":"transfer:port-samos:tur-aegean","a":"port-samos","b":"tur-aegean","travel_ticks":1,"kind":"transfer"},"geometry":{"type":"LineString","coordinates":[[26.966667,37.75],[28.62095009438291,38.0857857]]}},{"type":"Feature","properties":{"id":"transfer:port-shengjin:rou-vest","a":"port-shengjin","b":"rou-vest","travel_ticks":1,"kind":"transfer"},"geometry":{"type":"LineString","coordinates":[[19.6,41.816667],[22.07604237929101,45.633109480142735]]}},{"type":"Feature","properties":{"id":"transfer:port-torredelgreco:rou-vest","a":"port-torredelgreco","b":"rou-vest","travel_ticks":1,"kind":"transfer"},"geometry":{"type":"LineString","coordinates":[[14.366667,40.783333],[22.07604237929101,45.633109480142735]]}},{"type":"Feature","properties":{"id":"transfer:port-yakacik:tur-mediterranean","a":"port-yakacik","b":"tur-mediterranean","travel_ticks":1,"kind":"transfer"},"geometry":{"type":"LineString","coordinates":[[36.183333,36.716667],[35.5919838054029,37.2929947]]}},{"type":"Feature","properties":{"id":"transfer:pol-lowersilesianvoivodeship:port-senj","a":"pol-lowersilesianvoivodeship","b":"port-senj","travel_ticks":1,"kind":"transfer"},"geometry":{"type":"LineString","coordinates":[[16.361252579871955,50.950840400000004],[14.9,44.983333]]}},{"type":"Feature","properties":{"id":"transfer:port-miseno:rou-vest","a":"port-miseno","b":"rou-vest","travel_ticks":1,"kind":"transfer"},"geometry":{"type":"LineString","coordinates":[[14.091097256,40.788158156],[22.07604237929101,45.633109480142735]]}},{"type":"Feature","properties":{"id":"transfer:port-villasangiovanni:rou-vest","a":"port-villasangiovanni","b":"rou-vest","travel_ticks":1,"kind":"transfer"},"geometry":{"type":"LineString","coordinates":[[15.63,38.222],[22.07604237929101,45.633109480142735]]}},{"type":"Feature","properties":{"id":"transfer:port-bisceglie:rou-vest","a":"port-bisceglie","b":"rou-vest","travel_ticks":1,"kind":"transfer"},"geometry":{"type":"LineString","coordinates":[[16.509,41.246],[22.07604237929101,45.633109480142735]]}},{"type":"Feature","properties":{"id":"transfer:port-trani:rou-vest","a":"port-trani","b":"rou-vest","travel_ticks":1,"kind":"transfer"},"geometry":{"type":"LineString","coordinates":[[16.423705752,41.283420643],[22.07604237929101,45.633109480142735]]}},{"type":"Feature","properties":{"id":"transfer:port-vibovalentiamarina:rou-vest","a":"port-vibovalentiamarina","b":"rou-vest","travel_ticks":1,"kind":"transfer"},"geometry":{"type":"LineString","coordinates":[[16.13,38.723],[22.07604237929101,45.633109480142735]]}},{"type":"Feature","properties":{"id":"transfer:port-giardininaxos:rou-vest","a":"port-giardininaxos","b":"rou-vest","travel_ticks":1,"kind":"transfer"},"geometry":{"type":"LineString","coordinates":[[15.273,37.828],[22.07604237929101,45.633109480142735]]}},{"type":"Feature","properties":{"id":"transfer:port-coriglianocalabro:rou-vest","a":"port-coriglianocalabro","b":"rou-vest","travel_ticks":1,"kind":"transfer"},"geometry":{"type":"LineString","coordinates":[[16.529,39.672],[22.07604237929101,45.633109480142735]]}},{"type":"Feature","properties":{"id":"transfer:port-ciromarina:rou-vest","a":"port-ciromarina","b":"rou-vest","travel_ticks":1,"kind":"transfer"},"geometry":{"type":"LineString","coordinates":[[17.136,39.372],[22.07604237929101,45.633109480142735]]}},{"type":"Feature","properties":{"id":"transfer:port-monopoli:rou-vest","a":"port-monopoli","b":"rou-vest","travel_ticks":1,"kind":"transfer"},"geometry":{"type":"LineString","coordinates":[[17.308,40.955],[22.07604237929101,45.633109480142735]]}},{"type":"Feature","properties":{"id":"transfer:port-riposta:rou-vest","a":"port-riposta","b":"rou-vest","travel_ticks":1,"kind":"transfer"},"geometry":{"type":"LineString","coordinates":[[15.209,37.735],[22.07604237929101,45.633109480142735]]}},{"type":"Feature","properties":{"id":"transfer:port-moladibari:rou-vest","a":"port-moladibari","b":"rou-vest","travel_ticks":1,"kind":"transfer"},"geometry":{"type":"LineString","coordinates":[[17.1,41.062],[22.07604237929101,45.633109480142735]]}},{"type":"Feature","properties":{"id":"transfer:port-pozzuoli:rou-vest","a":"port-pozzuoli","b":"rou-vest","travel_ticks":1,"kind":"transfer"},"geometry":{"type":"LineString","coordinates":[[14.11,40.824],[22.07604237929101,45.633109480142735]]}},{"type":"Feature","properties":{"id":"transfer:port-pescara:rou-vest","a":"port-pescara","b":"rou-vest","travel_ticks":1,"kind":"transfer"},"geometry":{"type":"LineString","coordinates":[[14.236,42.464],[22.07604237929101,45.633109480142735]]}},{"type":"Feature","properties":{"id":"transfer:port-otranto:rou-vest","a":"port-otranto","b":"rou-vest","travel_ticks":1,"kind":"transfer"},"geometry":{"type":"LineString","coordinates":[[18.493,40.152],[22.07604237929101,45.633109480142735]]}},{"type":"Feature","properties":{"id":"transfer:port-procida:rou-vest","a":"port-procida","b":"rou-vest","travel_ticks":1,"kind":"transfer"},"geometry":{"type":"LineString","coordinates":[[14.031,40.77],[22.07604237929101,45.633109480142735]]}},{"type":"Feature","properties":{"id":"transfer:port-reggiodicalabria:rou-vest","a":"port-reggiodicalabria","b":"rou-vest","travel_ticks":1,"kind":"transfer"},"geometry":{"type":"LineString","coordinates":[[15.65,38.129],[22.07604237929101,45.633109480142735]]}},{"type":"Feature","properties":{"id":"transfer:port-santapanagia:rou-vest","a":"port-santapanagia","b":"rou-vest","travel_ticks":1,"kind":"transfer"},"geometry":{"type":"LineString","coordinates":[[15.297,37.069],[22.07604237929101,45.633109480142735]]}},{"type":"Feature","properties":{"id":"transfer:port-pozzallo:rou-vest","a":"port-pozzallo","b":"rou-vest","travel_ticks":1,"kind":"transfer"},"geometry":{"type":"LineString","coordinates":[[14.85,36.716667],[22.07604237929101,45.633109480142735]]}},{"type":"Feature","properties":{"id":"transfer:port-baia:rou-vest","a":"port-baia","b":"rou-vest","travel_ticks":1,"kind":"transfer"},"geometry":{"type":"LineString","coordinates":[[14.074,40.817],[22.07604237929101,45.633109480142735]]}},{"type":"Feature","properties":{"id":"transfer:port-liminsirou:tur-aegean","a":"port-liminsirou","b":"tur-aegean","travel_ticks":1,"kind":"transfer"},"geometry":{"type":"LineString","coordinates":[[24.95,37.433333],[28.62095009438291,38.0857857]]}},{"type":"Feature","properties":{"id":"transfer:port-kalamata:tur-aegean","a":"port-kalamata","b":"tur-aegean","travel_ticks":1,"kind":"transfer"},"geometry":{"type":"LineString","coordinates":[[22.116667,37.016667],[28.62095009438291,38.0857857]]}},{"type":"Feature","properties":{"id":"transfer:port-lipari:rou-vest","a":"port-lipari","b":"rou-vest","travel_ticks":1,"kind":"transfer"},"geometry":{"type":"LineString","coordinates":[[14.966667,38.483333],[22.07604237929101,45.633109480142735]]}},{"type":"Feature","properties":{"id":"transfer:port-milos:tur-aegean","a":"port-milos","b":"tur-aegean","travel_ticks":1,"kind":"transfer"},"geometry":{"type":"LineString","coordinates":[[24.45,36.716667],[28.62095009438291,38.0857857]]}},{"type":"Feature","properties":{"id":"transfer:port-lakki:tur-aegean","a":"port-lakki","b":"tur-aegean","travel_ticks":1,"kind":"transfer"},"geometry":{"type":"LineString","coordinates":[[26.85,37.133333],[28.62095009438291,38.0857857]]}},{"type":"Feature","properties":{"id":"transfer:port-alanya:tur-mediterranean","a":"port-alanya","b":"tur-mediterranean","travel_ticks":1,"kind":"transfer"},"geometry":{"type":"LineString","coordinates":[[32.0,36.533333],[35.5919838054029,37.2929947]]}},{"type":"Feature","properties":{"id":"transfer:port-yithion:tur-aegean","a":"port-yithion","b":"tur-aegean","travel_ticks":1,"kind":"transfer"},"geometry":{"type":"LineString","coordinates":[[22.566667,36.75],[28.62095009438291,38.0857857]]}},{"type":"Feature","properties":{"id":"transfer:port-tasucu:tur-mediterranean","a":"port-tasucu","b":"tur-mediterranean","travel_ticks":1,"kind":"transfer"},"geometry":{"type":"LineString","coordinates":[[33.883333,36.316667],[35.5919838054029,37.2929947]]}},{"type":"Feature","properties":{"id":"transfer:port-derinceburnu:tur-eastmarmara","a":"port-derinceburnu","b":"tur-eastmarmara","travel_ticks":1,"kind":"transfer"},"geometry":{"type":"LineString","coordinates":[[29.816667,40.75],[29.498960770373458,40.1239956]]}},{"type":"Feature","properties":{"id":"transfer:port-haydarpasa:tur-istanbul","a":"port-haydarpasa","b":"tur-istanbul","travel_ticks":1,"kind":"transfer"},"geometry":{"type":"LineString","coordinates":[[29.016667,41.0],[28.48391534756263,41.2727996]]}},{"type":"Feature","properties":{"id":"transfer:port-giresun:tur-eastblacksea","a":"port-giresun","b":"tur-eastblacksea","travel_ticks":1,"kind":"transfer"},"geometry":{"type":"LineString","coordinates":[[38.4,40.933333],[39.02945039264851,40.67996765]]}},{"type":"Feature","properties":{"id":"transfer:port-novorossiysk:rus-southern","a":"port-novorossiysk","b":"rus-southern","travel_ticks":1,"kind":"transfer"},"geometry":{"type":"LineString","coordinates":[[37.783333,44.716667],[43.39970292862911,47.3159783]]}},{"type":"Feature","properties":{"id":"transfer:port-azov:rus-southern","a":"port-azov","b":"rus-southern","travel_ticks":1,"kind":"transfer"},"geometry":{"type":"LineString","coordinates":[[39.433333,47.1],[43.39970292862911,47.3159783]]}},{"type":"Feature","properties":{"id":"transfer:port-mariupol:ukr-donetskoblast","a":"port-mariupol","b":"ukr-donetskoblast","travel_ticks":1,"kind":"transfer"},"geometry":{"type":"LineString","coordinates":[[37.566667,47.083333],[37.834442146849746,47.96067005]]}},{"type":"Feature","properties":{"id":"transfer:port-berdyansk:ukr-zaporizhiaoblast","a":"port-berdyansk","b":"ukr-zaporizhiaoblast","travel_ticks":1,"kind":"transfer"},"geometry":{"type":"LineString","coordinates":[[36.783333,46.75],[35.73764384925207,47.1457093]]}},{"type":"Feature","properties":{"id":"transfer:port-kerch:ukr-crimea","a":"port-kerch","b":"ukr-crimea","travel_ticks":1,"kind":"transfer"},"geometry":{"type":"LineString","coordinates":[[36.483333,45.35],[34.417772595109795,45.21061175]]}},{"type":"Feature","properties":{"id":"transfer:port-feodosiya:ukr-crimea","a":"port-feodosiya","b":"ukr-crimea","travel_ticks":1,"kind":"transfer"},"geometry":{"type":"LineString","coordinates":[[35.433333,45.016667],[34.417772595109795,45.21061175]]}},{"type":"Feature","properties":{"id":"transfer:port-kherson:ukr-khersonoblast","a":"port-kherson","b":"ukr-khersonoblast","travel_ticks":1,"kind":"transfer"},"geometry":{"type":"LineString","coordinates":[[32.6,46.616667],[33.35677062463209,46.678700850000006]]}},{"type":"Feature","properties":{"id":"transfer:port-odesa:ukr-odessaoblast","a":"port-odesa","b":"ukr-odessaoblast","travel_ticks":1,"kind":"transfer"},"geometry":{"type":"LineString","coordinates":[[30.733333,46.483333],[30.56794809846953,46.64328755]]}},{"type":"Feature","properties":{"id":"transfer:port-illichivsk:ukr-odessaoblast","a":"port-illichivsk","b":"ukr-odessaoblast","travel_ticks":1,"kind":"transfer"},"geometry":{"type":"LineString","coordinates":[[30.65,46.3],[30.56794809846953,46.64328755]]}},{"type":"Feature","properties":{"id":"transfer:port-constanta:rou-sudest","a":"port-constanta","b":"rou-sudest","travel_ticks":1,"kind":"transfer"},"geometry":{"type":"LineString","coordinates":[[28.65,44.166667],[28.107750923366353,44.970494247914694]]}},{"type":"Feature","properties":{"id":"transfer:port-mangalia:rou-sudest","a":"port-mangalia","b":"rou-sudest","travel_ticks":1,"kind":"transfer"},"geometry":{"type":"LineString","coordinates":[[28.583333,43.816667],[28.107750923366353,44.970494247914694]]}},{"type":"Feature","properties":{"id":"transfer:port-istanbul:tur-istanbul","a":"port-istanbul","b":"tur-istanbul","travel_ticks":1,"kind":"transfer"},"geometry":{"type":"LineString","coordinates":[[28.966667,41.016667],[28.48391534756263,41.2727996]]}},{"type":"Feature","properties":{"id":"transfer:port-galati:rou-sudest","a":"port-galati","b":"rou-sudest","travel_ticks":1,"kind":"transfer"},"geometry":{"type":"LineString","coordinates":[[28.083333,45.416667],[28.107750923366353,44.970494247914694]]}},{"type":"Feature","properties":{"id":"transfer:port-braila:rou-sudest","a":"port-braila","b":"rou-sudest","travel_ticks":1,"kind":"transfer"},"geometry":{"type":"LineString","coordinates":[[27.983333,45.25],[28.107750923366353,44.970494247914694]]}},{"type":"Feature","properties":{"id":"transfer:pol-pomeranianvoivodeship:port-nowyport","a":"pol-pomeranianvoivodeship","b":"port-nowyport","travel_ticks":1,"kind":"transfer"},"geometry":{"type":"LineString","coordinates":[[18.000957655409138,54.163469000000006],[18.666667,54.416667]]}},{"type":"Feature","properties":{"id":"transfer:pol-pomeranianvoivodeship:port-gdansk","a":"pol-pomeranianvoivodeship","b":"port-gdansk","travel_ticks":1,"kind":"transfer"},"geometry":{"type":"LineString","coordinates":[[18.000957655409138,54.163469000000006],[18.666667,54.35]]}},{"type":"Feature","properties":{"id":"transfer:port-kaliningrad:rus-northwestern","a":"port-kaliningrad","b":"rus-northwestern","travel_ticks":1,"kind":"transfer"},"geometry":{"type":"LineString","coordinates":[[20.483333,54.7],[44.01182881201059,55.231384250000005]]}},{"type":"Feature","properties":{"id":"transfer:port-mykolayiv:ukr-mykolaivoblast","a":"port-mykolayiv","b":"ukr-mykolaivoblast","travel_ticks":1,"kind":"transfer"},"geometry":{"type":"LineString","coordinates":[[31.983333,46.95],[32.00519355614762,47.29241305]]}},{"type":"Feature","properties":{"id":"transfer:port-kyrylivka:ukr-zaporizhiaoblast","a":"port-kyrylivka","b":"ukr-zaporizhiaoblast","travel_ticks":1,"kind":"transfer"},"geometry":{"type":"LineString","coordinates":[[35.366667,46.35],[35.73764384925207,47.1457093]]}},{"type":"Feature","properties":{"id":"transfer:port-batumi:tur-eastblacksea","a":"port-batumi","b":"tur-eastblacksea","travel_ticks":1,"kind":"transfer"},"geometry":{"type":"LineString","coordinates":[[41.65,41.65],[39.02945039264851,40.67996765]]}},{"type":"Feature","properties":{"id":"transfer:port-izmit:tur-eastmarmara","a":"port-izmit","b":"tur-eastmarmara","travel_ticks":1,"kind":"transfer"},"geometry":{"type":"LineString","coordinates":[[29.916667,40.766667],[29.498960770373458,40.1239956]]}},{"type":"Feature","properties":{"id":"transfer:port-mitilini:tur-westmarmara","a":"port-mitilini","b":"tur-westmarmara","travel_ticks":1,"kind":"transfer"},"geometry":{"type":"LineString","coordinates":[[26.566667,39.1],[27.32241323406889,39.799836049999996]]}},{"type":"Feature","properties":{"id":"transfer:port-ambarli:tur-istanbul","a":"port-ambarli","b":"tur-istanbul","travel_ticks":1,"kind":"transfer"},"geometry":{"type":"LineString","coordinates":[[28.7,40.966667],[28.48391534756263,41.2727996]]}},{"type":"Feature","properties":{"id":"transfer:port-istinye:tur-istanbul","a":"port-istinye","b":"tur-istanbul","travel_ticks":1,"kind":"transfer"},"geometry":{"type":"LineString","coordinates":[[29.05,41.116667],[28.48391534756263,41.2727996]]}},{"type":"Feature","properties":{"id":"transfer:port-cernavoda:rou-sudest","a":"port-cernavoda","b":"rou-sudest","travel_ticks":1,"kind":"transfer"},"geometry":{"type":"LineString","coordinates":[[28.05,44.333333],[28.107750923366353,44.970494247914694]]}},{"type":"Feature","properties":{"id":"transfer:port-dniprobuzkyy:ukr-mykolaivoblast","a":"port-dniprobuzkyy","b":"ukr-mykolaivoblast","travel_ticks":1,"kind":"transfer"},"geometry":{"type":"LineString","coordinates":[[31.883333,46.733333],[32.00519355614762,47.29241305]]}},{"type":"Feature","properties":{"id":"transfer:port-khorly:ukr-khersonoblast","a":"port-khorly","b":"ukr-khersonoblast","travel_ticks":1,"kind":"transfer"},"geometry":{"type":"LineString","coordinates":[[33.283333,46.083333],[33.35677062463209,46.678700850000006]]}},{"type":"Feature","properties":{"id":"transfer:port-henichesk:ukr-khersonoblast","a":"port-henichesk","b":"ukr-khersonoblast","travel_ticks":1,"kind":"transfer"},"geometry":{"type":"LineString","coordinates":[[34.816667,46.166667],[33.35677062463209,46.678700850000006]]}},{"type":"Feature","properties":{"id":"transfer:port-kavkazoilterminal:rus-southern","a":"port-kavkazoilterminal","b":"rus-southern","travel_ticks":1,"kind":"transfer"},"geometry":{"type":"LineString","coordinates":[[36.65,45.333333],[43.39970292862911,47.3159783]]}},{"type":"Feature","properties":{"id":"transfer:port-anapa:rus-southern","a":"port-anapa","b":"rus-southern","travel_ticks":1,"kind":"transfer"},"geometry":{"type":"LineString","coordinates":[[37.316667,44.883333],[43.39970292862911,47.3159783]]}},{"type":"Feature","properties":{"id":"transfer:port-baltiysk:rus-northwestern","a":"port-baltiysk","b":"rus-northwestern","travel_ticks":1,"kind":"transfer"},"geometry":{"type":"LineString","coordinates":[[19.9,54.633333],[44.01182881201059,55.231384250000005]]}},{"type":"Feature","properties":{"id":"transfer:pol-westpomeranianvoivodeship:port-christiansoharbor","a":"pol-westpomeranianvoivodeship","b":"port-christiansoharbor","travel_ticks":1,"kind":"transfer"},"geometry":{"type":"LineString","coordinates":[[15.670369449697038,53.59717125],[15.183333,55.316667]]}},{"type":"Feature","properties":{"id":"transfer:port-adler:rus-southern","a":"port-adler","b":"rus-southern","travel_ticks":1,"kind":"transfer"},"geometry":{"type":"LineString","coordinates":[[39.933333,43.433333],[43.39970292862911,47.3159783]]}},{"type":"Feature","properties":{"id":"transfer:port-hopa:tur-eastblacksea","a":"port-hopa","b":"tur-eastblacksea","travel_ticks":1,"kind":"transfer"},"geometry":{"type":"LineString","coordinates":[[41.4,41.416667],[39.02945039264851,40.67996765]]}},{"type":"Feature","properties":{"id":"transfer:port-eregli:tur-westblacksea","a":"port-eregli","b":"tur-westblacksea","travel_ticks":1,"kind":"transfer"},"geometry":{"type":"LineString","coordinates":[[31.45,41.3],[34.772562004890915,40.74660675]]}},{"type":"Feature","properties":{"id":"transfer:port-botasnaturalgasterminal:tur-westmarmara","a":"port-botasnaturalgasterminal","b":"tur-westmarmara","travel_ticks":1,"kind":"transfer"},"geometry":{"type":"LineString","coordinates":[[27.983333,41.0],[27.32241323406889,39.799836049999996]]}},{"type":"Feature","properties":{"id":"transfer:port-gebze:tur-eastmarmara","a":"port-gebze","b":"tur-eastmarmara","travel_ticks":1,"kind":"transfer"},"geometry":{"type":"LineString","coordinates":[[29.55,40.766667],[29.498960770373458,40.1239956]]}},{"type":"Feature","properties":{"id":"transfer:port-golcukburnu:tur-eastmarmara","a":"port-golcukburnu","b":"tur-eastmarmara","travel_ticks":1,"kind":"transfer"},"geometry":{"type":"LineString","coordinates":[[29.816667,40.733333],[29.498960770373458,40.1239956]]}},{"type":"Feature","properties":{"id":"transfer:pol-westpomeranianvoivodeship:port-darlowo","a":"pol-westpomeranianvoivodeship","b":"port-darlowo","travel_ticks":1,"kind":"transfer"},"geometry":{"type":"LineString","coordinates":[[15.670369449697038,53.59717125],[16.416667,54.433333]]}},{"type":"Feature","properties":{"id":"transfer:pol-westpomeranianvoivodeship:port-kolobrzeg","a":"pol-westpomeranianvoivodeship","b":"port-kolobrzeg","travel_ticks":1,"kind":"transfer"},"geometry":{"type":"LineString","coordinates":[[15.670369449697038,53.59717125],[15.55,54.216667]]}},{"type":"Feature","properties":{"id":"transfer:port-izmayil:ukr-odessaoblast","a":"port-izmayil","b":"ukr-odessaoblast","travel_ticks":1,"kind":"transfer"},"geometry":{"type":"LineString","coordinates":[[28.85,45.333333],[30.56794809846953,46.64328755]]}},{"type":"Feature","properties":{"id":"transfer:port-belgoroddnestrovsky:ukr-odessaoblast","a":"port-belgoroddnestrovsky","b":"ukr-odessaoblast","travel_ticks":1,"kind":"transfer"},"geometry":{"type":"LineString","coordinates":[[30.366667,46.183333],[30.56794809846953,46.64328755]]}},{"type":"Feature","properties":{"id":"transfer:port-chornomorske:ukr-crimea","a":"port-chornomorske","b":"ukr-crimea","travel_ticks":1,"kind":"transfer"},"geometry":{"type":"LineString","coordinates":[[32.7,45.516667],[34.417772595109795,45.21061175]]}},{"type":"Feature","properties":{"id":"transfer:port-balaklava:ukr-sevastopol","a":"port-balaklava","b":"ukr-sevastopol","travel_ticks":1,"kind":"transfer"},"geometry":{"type":"LineString","coordinates":[[33.6,44.5],[33.45959860374677,44.5655503]]}},{"type":"Feature","properties":{"id":"transfer:port-alushta:ukr-crimea","a":"port-alushta","b":"ukr-crimea","travel_ticks":1,"kind":"transfer"},"geometry":{"type":"LineString","coordinates":[[34.416667,44.683333],[34.417772595109795,45.21061175]]}},{"type":"Feature","properties":{"id":"transfer:port-gelendzhik:rus-southern","a":"port-gelendzhik","b":"rus-southern","travel_ticks":1,"kind":"transfer"},"geometry":{"type":"LineString","coordinates":[[38.066667,44.55],[43.39970292862911,47.3159783]]}},{"type":"Feature","properties":{"id":"transfer:port-inebolu:tur-westblacksea","a":"port-inebolu","b":"tur-westblacksea","travel_ticks":1,"kind":"transfer"},"geometry":{"type":"LineString","coordinates":[[33.766667,41.983333],[34.772562004890915,40.74660675]]}},{"type":"Feature","properties":{"id":"transfer:port-kababurnu:tur-eastmarmara","a":"port-kababurnu","b":"tur-eastmarmara","travel_ticks":1,"kind":"transfer"},"geometry":{"type":"LineString","coordinates":[[29.533333,40.766667],[29.498960770373458,40.1239956]]}},{"type":"Feature","properties":{"id":"transfer:pol-westpomeranianvoivodeship:port-hasle","a":"pol-westpomeranianvoivodeship","b":"port-hasle","travel_ticks":1,"kind":"transfer"},"geometry":{"type":"LineString","coordinates":[[15.670369449697038,53.59717125],[14.7,55.183333]]}},{"type":"Feature","properties":{"id":"transfer:port-medgidia:rou-sudest","a":"port-medgidia","b":"rou-sudest","travel_ticks":1,"kind":"transfer"},"geometry":{"type":"LineString","coordinates":[[28.266667,44.25],[28.107750923366353,44.970494247914694]]}},{"type":"Feature","properties":{"id":"transfer:port-defterdarburnu:tur-istanbul","a":"port-defterdarburnu","b":"tur-istanbul","travel_ticks":1,"kind":"transfer"},"geometry":{"type":"LineString","coordinates":[[29.033333,41.05],[28.48391534756263,41.2727996]]}},{"type":"Feature","properties":{"id":"transfer:port-burgas:tur-westmarmara","a":"port-burgas","b":"tur-westmarmara","travel_ticks":1,"kind":"transfer"},"geometry":{"type":"LineString","coordinates":[[27.483333,42.483333],[27.32241323406889,39.799836049999996]]}},{"type":"Feature","properties":{"id":"transfer:port-basarabi:rou-sudest","a":"port-basarabi","b":"rou-sudest","travel_ticks":1,"kind":"transfer"},"geometry":{"type":"LineString","coordinates":[[28.433333,44.166667],[28.107750923366353,44.970494247914694]]}},{"type":"Feature","properties":{"id":"transfer:port-danubeblackseacanal:rou-sudest","a":"port-danubeblackseacanal","b":"rou-sudest","travel_ticks":1,"kind":"transfer"},"geometry":{"type":"LineString","coordinates":[[28.183333,44.266667],[28.107750923366353,44.970494247914694]]}},{"type":"Feature","properties":{"id":"transfer:port-midia:rou-sudest","a":"port-midia","b":"rou-sudest","travel_ticks":1,"kind":"transfer"},"geometry":{"type":"LineString","coordinates":[[28.666667,44.35],[28.107750923366353,44.970494247914694]]}},{"type":"Feature","properties":{"id":"transfer:port-rize:tur-eastblacksea","a":"port-rize","b":"tur-eastblacksea","travel_ticks":1,"kind":"transfer"},"geometry":{"type":"LineString","coordinates":[[40.516667,41.066667],[39.02945039264851,40.67996765]]}},{"type":"Feature","properties":{"id":"transfer:port-yeysk:rus-southern","a":"port-yeysk","b":"rus-southern","travel_ticks":1,"kind":"transfer"},"geometry":{"type":"LineString","coordinates":[[38.266667,46.733333],[43.39970292862911,47.3159783]]}},{"type":"Feature","properties":{"id":"transfer:port-zonguldak:tur-westblacksea","a":"port-zonguldak","b":"tur-westblacksea","travel_ticks":1,"kind":"transfer"},"geometry":{"type":"LineString","coordinates":[[31.816667,41.466667],[34.772562004890915,40.74660675]]}},{"type":"Feature","properties":{"id":"transfer:port-tulcea:rou-sudest","a":"port-tulcea","b":"rou-sudest","travel_ticks":1,"kind":"transfer"},"geometry":{"type":"LineString","coordinates":[[28.816667,45.166667],[28.107750923366353,44.970494247914694]]}},{"type":"Feature","properties":{"id":"transfer:port-rostovnadonu:rus-southern","a":"port-rostovnadonu","b":"rus-southern","travel_ticks":1,"kind":"transfer"},"geometry":{"type":"LineString","coordinates":[[39.716667,47.166667],[43.39970292862911,47.3159783]]}},{"type":"Feature","properties":{"id":"transfer:port-sudak:ukr-crimea","a":"port-sudak","b":"ukr-crimea","travel_ticks":1,"kind":"transfer"},"geometry":{"type":"LineString","coordinates":[[34.983333,44.85],[34.417772595109795,45.21061175]]}},{"type":"Feature","properties":{"id":"transfer:port-taganrog:rus-southern","a":"port-taganrog","b":"rus-southern","travel_ticks":1,"kind":"transfer"},"geometry":{"type":"LineString","coordinates":[[38.95,47.2],[43.39970292862911,47.3159783]]}},{"type":"Feature","properties":{"id":"transfer:port-yevpatoriya:ukr-crimea","a":"port-yevpatoriya","b":"ukr-crimea","travel_ticks":1,"kind":"transfer"},"geometry":{"type":"LineString","coordinates":[[33.383333,45.2],[34.417772595109795,45.21061175]]}},{"type":"Feature","properties":{"id":"transfer:port-ordu:tur-eastblacksea","a":"port-ordu","b":"tur-eastblacksea","travel_ticks":1,"kind":"transfer"},"geometry":{"type":"LineString","coordinates":[[37.883333,41.0],[39.02945039264851,40.67996765]]}},{"type":"Feature","properties":{"id":"transfer:port-sinop:tur-westblacksea","a":"port-sinop","b":"tur-westblacksea","travel_ticks":1,"kind":"transfer"},"geometry":{"type":"LineString","coordinates":[[35.166667,42.05],[34.772562004890915,40.74660675]]}},{"type":"Feature","properties":{"id":"transfer:pol-westpomeranianvoivodeship:port-swinoujscie","a":"pol-westpomeranianvoivodeship","b":"port-swinoujscie","travel_ticks":1,"kind":"transfer"},"geometry":{"type":"LineString","coordinates":[[15.670369449697038,53.59717125],[14.266667,53.916667]]}},{"type":"Feature","properties":{"id":"transfer:port-yalta:ukr-crimea","a":"port-yalta","b":"ukr-crimea","travel_ticks":1,"kind":"transfer"},"geometry":{"type":"LineString","coordinates":[[34.166667,44.483333],[34.417772595109795,45.21061175]]}},{"type":"Feature","properties":{"id":"transfer:port-ustdunaisk:ukr-odessaoblast","a":"port-ustdunaisk","b":"ukr-odessaoblast","travel_ticks":1,"kind":"transfer"},"geometry":{"type":"LineString","coordinates":[[29.7,45.466667],[30.56794809846953,46.64328755]]}},{"type":"Feature","properties":{"id":"transfer:port-yarimca:tur-eastmarmara","a":"port-yarimca","b":"tur-eastmarmara","travel_ticks":1,"kind":"transfer"},"geometry":{"type":"LineString","coordinates":[[29.7,40.8],[29.498960770373458,40.1239956]]}},{"type":"Feature","properties":{"id":"transfer:pol-westpomeranianvoivodeship:port-police","a":"pol-westpomeranianvoivodeship","b":"port-police","travel_ticks":1,"kind":"transfer"},"geometry":{"type":"LineString","coordinates":[[15.670369449697038,53.59717125],[14.566667,53.566667]]}},{"type":"Feature","properties":{"id":"transfer:port-samsun:tur-westblacksea","a":"port-samsun","b":"tur-westblacksea","travel_ticks":1,"kind":"transfer"},"geometry":{"type":"LineString","coordinates":[[36.35,41.3],[34.772562004890915,40.74660675]]}},{"type":"Feature","properties":{"id":"transfer:port-varna:rou-sudest","a":"port-varna","b":"rou-sudest","travel_ticks":1,"kind":"transfer"},"geometry":{"type":"LineString","coordinates":[[27.966667,43.183333],[28.107750923366353,44.970494247914694]]}},{"type":"Feature","properties":{"id":"transfer:port-yuzhnyy:ukr-odessaoblast","a":"port-yuzhnyy","b":"ukr-odessaoblast","travel_ticks":1,"kind":"transfer"},"geometry":{"type":"LineString","coordinates":[[31.016667,46.6],[30.56794809846953,46.64328755]]}},{"type":"Feature","properties":{"id":"transfer:port-temryuk:rus-southern","a":"port-temryuk","b":"rus-southern","travel_ticks":1,"kind":"transfer"},"geometry":{"type":"LineString","coordinates":[[37.35,45.35],[43.39970292862911,47.3159783]]}},{"type":"Feature","properties":{"id":"transfer:port-tuapse:rus-southern","a":"port-tuapse","b":"rus-southern","travel_ticks":1,"kind":"transfer"},"geometry":{"type":"LineString","coordinates":[[39.066667,44.1],[43.39970292862911,47.3159783]]}},{"type":"Feature","properties":{"id":"transfer:port-portoktyabrsk:ukr-mykolaivoblast","a":"port-portoktyabrsk","b":"ukr-mykolaivoblast","travel_ticks":1,"kind":"transfer"},"geometry":{"type":"LineString","coordinates":[[31.933333,46.833333],[32.00519355614762,47.29241305]]}},{"type":"Feature","properties":{"id":"transfer:port-sulina:rou-sudest","a":"port-sulina","b":"rou-sudest","travel_ticks":1,"kind":"transfer"},"geometry":{"type":"LineString","coordinates":[[29.666667,45.166667],[28.107750923366353,44.970494247914694]]}},{"type":"Feature","properties":{"id":"transfer:pol-westpomeranianvoivodeship:port-szczecin","a":"pol-westpomeranianvoivodeship","b":"port-szczecin","travel_ticks":1,"kind":"transfer"},"geometry":{"type":"LineString","coordinates":[[15.670369449697038,53.59717125],[14.55,53.416667]]}},{"type":"Feature","properties":{"id":"transfer:port-supsamarineterminal:tur-eastblacksea","a":"port-supsamarineterminal","b":"tur-eastblacksea","travel_ticks":1,"kind":"transfer"},"geometry":{"type":"LineString","coordinates":[[41.716667,42.1],[39.02945039264851,40.67996765]]}},{"type":"Feature","properties":{"id":"transfer:port-skadovsk:ukr-khersonoblast","a":"port-skadovsk","b":"ukr-khersonoblast","travel_ticks":1,"kind":"transfer"},"geometry":{"type":"LineString","coordinates":[[32.916667,46.1],[33.35677062463209,46.678700850000006]]}},{"type":"Feature","properties":{"id":"transfer:pol-pomeranianvoivodeship:port-ustka","a":"pol-pomeranianvoivodeship","b":"port-ustka","travel_ticks":1,"kind":"transfer"},"geometry":{"type":"LineString","coordinates":[[18.000957655409138,54.163469000000006],[16.85,54.583333]]}},{"type":"Feature","properties":{"id":"transfer:port-sokhumi:rus-northcaucasian","a":"port-sokhumi","b":"rus-northcaucasian","travel_ticks":1,"kind":"transfer"},"geometry":{"type":"LineString","coordinates":[[40.983333,42.983333],[44.137582171865766,43.71134975]]}},{"type":"Feature","properties":{"id":"transfer:port-reni:ukr-odessaoblast","a":"port-reni","b":"ukr-odessaoblast","travel_ticks":1,"kind":"transfer"},"geometry":{"type":"LineString","coordinates":[[28.3,45.433333],[30.56794809846953,46.64328755]]}},{"type":"Feature","properties":{"id":"transfer:port-sochi:rus-southern","a":"port-sochi","b":"rus-southern","travel_ticks":1,"kind":"transfer"},"geometry":{"type":"LineString","coordinates":[[39.733333,43.583333],[43.39970292862911,47.3159783]]}},{"type":"Feature","properties":{"id":"transfer:pol-pomeranianvoivodeship:port-portpolnochny","a":"pol-pomeranianvoivodeship","b":"port-portpolnochny","travel_ticks":1,"kind":"transfer"},"geometry":{"type":"LineString","coordinates":[[18.000957655409138,54.163469000000006],[18.716667,54.4]]}},{"type":"Feature","properties":{"id":"transfer:port-trabzon:tur-eastblacksea","a":"port-trabzon","b":"tur-eastblacksea","travel_ticks":1,"kind":"transfer"},"geometry":{"type":"LineString","coordinates":[[39.766667,41.016667],[39.02945039264851,40.67996765]]}},{"type":"Feature","properties":{"id":"transfer:port-sevastopol:ukr-sevastopol","a":"port-sevastopol","b":"ukr-sevastopol","travel_ticks":1,"kind":"transfer"},"geometry":{"type":"LineString","coordinates":[[33.533333,44.616667],[33.45959860374677,44.5655503]]}},{"type":"Feature","properties":{"id":"transfer:pol-westpomeranianvoivodeship:port-simrishamn","a":"pol-westpomeranianvoivodeship","b":"port-simrishamn","travel_ticks":1,"kind":"transfer"},"geometry":{"type":"LineString","coordinates":[[15.670369449697038,53.59717125],[14.358055556,55.558333333]]}},{"type":"Feature","properties":{"id":"transfer:pol-pomeranianvoivodeship:port-gdynia","a":"pol-pomeranianvoivodeship","b":"port-gdynia","travel_ticks":1,"kind":"transfer"},"geometry":{"type":"LineString","coordinates":[[18.000957655409138,54.163469000000006],[18.55,54.533333]]}},{"type":"Feature","properties":{"id":"transfer:port-klaipeda:rus-northwestern","a":"port-klaipeda","b":"rus-northwestern","travel_ticks":1,"kind":"transfer"},"geometry":{"type":"LineString","coordinates":[[21.116667,55.716667],[44.01182881201059,55.231384250000005]]}},{"type":"Feature","properties":{"id":"transfer:pol-westpomeranianvoivodeship:port-ahus","a":"pol-westpomeranianvoivodeship","b":"port-ahus","travel_ticks":1,"kind":"transfer"},"geometry":{"type":"LineString","coordinates":[[15.670369449697038,53.59717125],[14.328055556,55.9275]]}},{"type":"Feature","properties":{"id":"transfer:pol-westpomeranianvoivodeship:port-nekso","a":"pol-westpomeranianvoivodeship","b":"port-nekso","travel_ticks":1,"kind":"transfer"},"geometry":{"type":"LineString","coordinates":[[15.670369449697038,53.59717125],[15.133333,55.066667]]}},{"type":"Feature","properties":{"id":"transfer:pol-westpomeranianvoivodeship:port-ronne","a":"pol-westpomeranianvoivodeship","b":"port-ronne","travel_ticks":1,"kind":"transfer"},"geometry":{"type":"LineString","coordinates":[[15.670369449697038,53.59717125],[14.7,55.1]]}},{"type":"Feature","properties":{"id":"transfer:port-vlore:rou-vest","a":"port-vlore","b":"rou-vest","travel_ticks":1,"kind":"transfer"},"geometry":{"type":"LineString","coordinates":[[19.5,40.466667],[22.07604237929101,45.633109480142735]]}},{"type":"Feature","properties":{"id":"transfer:port-portoromano:rou-vest","a":"port-portoromano","b":"rou-vest","travel_ticks":1,"kind":"transfer"},"geometry":{"type":"LineString","coordinates":[[19.416666667,41.383333333],[22.07604237929101,45.633109480142735]]}},{"type":"Feature","properties":{"id":"transfer:airport-bkpr:rou-vest","a":"airport-bkpr","b":"rou-vest","travel_ticks":1,"kind":"transfer"},"geometry":{"type":"LineString","coordinates":[[21.035801,42.5728],[22.07604237929101,45.633109480142735]]}},{"type":"Feature","properties":{"id":"transfer:airport-edah:pol-westpomeranianvoivodeship","a":"airport-edah","b":"pol-westpomeranianvoivodeship","travel_ticks":1,"kind":"transfer"},"geometry":{"type":"LineString","coordinates":[[14.1523,53.8787],[15.670369449697038,53.59717125]]}},{"type":"Feature","properties":{"id":"transfer:airport-ekrn:pol-westpomeranianvoivodeship","a":"airport-ekrn","b":"pol-westpomeranianvoivodeship","travel_ticks":1,"kind":"transfer"},"geometry":{"type":"LineString","coordinates":[[14.7596,55.063301],[15.670369449697038,53.59717125]]}},{"type":"Feature","properties":{"id":"transfer:airport-epby:pol-kuyavianpomeranianvoivodeship","a":"airport-epby","b":"pol-kuyavianpomeranianvoivodeship","travel_ticks":1,"kind":"transfer"},"geometry":{"type":"LineString","coordinates":[[17.977699,53.096802],[18.487748917243746,53.05612405]]}},{"type":"Feature","properties":{"id":"transfer:airport-epgd:pol-pomeranianvoivodeship","a":"airport-epgd","b":"pol-pomeranianvoivodeship","travel_ticks":1,"kind":"transfer"},"geometry":{"type":"LineString","coordinates":[[18.4662,54.377602],[18.000957655409138,54.163469000000006]]}},{"type":"Feature","properties":{"id":"transfer:airport-epkk:pol-lesserpolandvoivodeship","a":"airport-epkk","b":"pol-lesserpolandvoivodeship","travel_ticks":1,"kind":"transfer"},"geometry":{"type":"LineString","coordinates":[[19.7848,50.077702],[20.265468241047984,49.849474099999995]]}},{"type":"Feature","properties":{"id":"transfer:airport-epkt:pol-silesianvoivodeship","a":"airport-epkt","b":"pol-silesianvoivodeship","travel_ticks":1,"kind":"transfer"},"geometry":{"type":"LineString","coordinates":[[19.080705,50.476015],[18.846382586697068,50.246564500000005]]}},{"type":"Feature","properties":{"id":"transfer:airport-eplb:pol-lublinvoivodeship","a":"airport-eplb","b":"pol-lublinvoivodeship","travel_ticks":1,"kind":"transfer"},"geometry":{"type":"LineString","coordinates":[[22.713461,51.240157],[22.778620161530206,51.2697903]]}},{"type":"Feature","properties":{"id":"transfer:airport-epll:pol-lodzvoivodeship","a":"airport-epll","b":"pol-lodzvoivodeship","travel_ticks":1,"kind":"transfer"},"geometry":{"type":"LineString","coordinates":[[19.3981,51.721901],[19.393648259592688,51.6185116]]}},{"type":"Feature","properties":{"id":"transfer:airport-epmo:pol-masovianvoivodeship","a":"airport-epmo","b":"pol-masovianvoivodeship","travel_ticks":1,"kind":"transfer"},"geometry":{"type":"LineString","coordinates":[[20.6518,52.451099],[21.562668271773504,52.24757995]]}},{"type":"Feature","properties":{"id":"transfer:airport-eppo:pol-greaterpolandvoivodeship","a":"airport-eppo","b":"pol-greaterpolandvoivodeship","travel_ticks":1,"kind":"transfer"},"geometry":{"type":"LineString","coordinates":[[16.823359,52.421598],[17.313979784181182,52.3798982]]}},{"type":"Feature","properties":{"id":"transfer:airport-epra:pol-masovianvoivodeship","a":"airport-epra","b":"pol-masovianvoivodeship","travel_ticks":1,"kind":"transfer"},"geometry":{"type":"LineString","coordinates":[[21.214742,51.38937],[21.562668271773504,52.24757995]]}},{"type":"Feature","properties":{"id":"transfer:airport-eprz:pol-subcarpathianvoivodeship","a":"airport-eprz","b":"pol-subcarpathianvoivodeship","travel_ticks":1,"kind":"transfer"},"geometry":{"type":"LineString","coordinates":[[22.024155,50.109791],[22.178743208130122,49.9113767]]}},{"type":"Feature","properties":{"id":"transfer:airport-epsc:pol-westpomeranianvoivodeship","a":"airport-epsc","b":"pol-westpomeranianvoivodeship","travel_ticks":1,"kind":"transfer"},"geometry":{"type":"LineString","coordinates":[[14.9022,53.584702],[15.670369449697038,53.59717125]]}},{"type":"Feature","properties":{"id":"transfer:airport-epsy:pol-warmianmasurianvoivodeship","a":"airport-epsy","b":"pol-warmianmasurianvoivodeship","travel_ticks":1,"kind":"transfer"},"geometry":{"type":"LineString","coordinates":[[20.9377,53.481899],[21.098676194483748,53.790720300000004]]}},{"type":"Feature","properties":{"id":"transfer:airport-epwa:pol-masovianvoivodeship","a":"airport-epwa","b":"pol-masovianvoivodeship","travel_ticks":1,"kind":"transfer"},"geometry":{"type":"LineString","coordinates":[[20.9671,52.165699],[21.562668271773504,52.24757995]]}},{"type":"Feature","properties":{"id":"transfer:airport-epwr:pol-lowersilesianvoivodeship","a":"airport-epwr","b":"pol-lowersilesianvoivodeship","travel_ticks":1,"kind":"transfer"},"geometry":{"type":"LineString","coordinates":[[16.882096,51.103719],[16.361252579871955,50.950840400000004]]}},{"type":"Feature","properties":{"id":"transfer:airport-epzg:pol-lubuszvoivodeship","a":"airport-epzg","b":"pol-lubuszvoivodeship","travel_ticks":1,"kind":"transfer"},"geometry":{"type":"LineString","coordinates":[[15.7986,52.1385],[15.281685028045748,52.2433791]]}},{"type":"Feature","properties":{"id":"transfer:airport-eyka:pol-podlaskievoivodeship","a":"airport-eyka","b":"pol-podlaskievoivodeship","travel_ticks":1,"kind":"transfer"},"geometry":{"type":"LineString","coordinates":[[24.08582,54.963965],[22.709040965695333,53.34559815]]}},{"type":"Feature","properties":{"id":"transfer:airport-eypa:rus-northwestern","a":"airport-eypa","b":"rus-northwestern","travel_ticks":1,"kind":"transfer"},"geometry":{"type":"LineString","coordinates":[[21.093901,55.973202],[44.01182881201059,55.231384250000005]]}},{"type":"Feature","properties":{"id":"transfer:airport-eyvi:pol-podlaskievoivodeship","a":"airport-eyvi","b":"pol-podlaskievoivodeship","travel_ticks":1,"kind":"transfer"},"geometry":{"type":"LineString","coordinates":[[25.285801,54.634102],[22.709040965695333,53.34559815]]}},{"type":"Feature","properties":{"id":"transfer:airport-lati:rou-vest","a":"airport-lati","b":"rou-vest","travel_ticks":1,"kind":"transfer"},"geometry":{"type":"LineString","coordinates":[[19.7206,41.4147],[22.07604237929101,45.633109480142735]]}},{"type":"Feature","properties":{"id":"transfer:airport-lbbg:tur-westmarmara","a":"airport-lbbg","b":"tur-westmarmara","travel_ticks":1,"kind":"transfer"},"geometry":{"type":"LineString","coordinates":[[27.515173,42.569917],[27.32241323406889,39.799836049999996]]}},{"type":"Feature","properties":{"id":"transfer:airport-lbpd:tur-westmarmara","a":"airport-lbpd","b":"tur-westmarmara","travel_ticks":1,"kind":"transfer"},"geometry":{"type":"LineString","coordinates":[[24.8508,42.067799],[27.32241323406889,39.799836049999996]]}},{"type":"Feature","properties":{"id":"transfer:airport-lbsf:rou-sudvestoltenia","a":"airport-lbsf","b":"rou-sudvestoltenia","travel_ticks":1,"kind":"transfer"},"geometry":{"type":"LineString","coordinates":[[23.417671,42.696357],[23.63870604831031,44.63657127873327]]}},{"type":"Feature","properties":{"id":"transfer:airport-lbwn:rou-sudest","a":"airport-lbwn","b":"rou-sudest","travel_ticks":1,"kind":"transfer"},"geometry":{"type":"LineString","coordinates":[[27.8251,43.232101],[28.107750923366353,44.970494247914694]]}},{"type":"Feature","properties":{"id":"transfer:airport-lddu:rou-vest","a":"airport-lddu","b":"rou-vest","travel_ticks":1,"kind":"transfer"},"geometry":{"type":"LineString","coordinates":[[18.265543,42.562247],[22.07604237929101,45.633109480142735]]}},{"type":"Feature","properties":{"id":"transfer:airport-ldos:rou-vest","a":"airport-ldos","b":"rou-vest","travel_ticks":1,"kind":"transfer"},"geometry":{"type":"LineString","coordinates":[[18.811278,45.462355],[22.07604237929101,45.633109480142735]]}},{"type":"Feature","properties":{"id":"transfer:airport-ldri:pol-lowersilesianvoivodeship","a":"airport-ldri","b":"pol-lowersilesianvoivodeship","travel_ticks":1,"kind":"transfer"},"geometry":{"type":"LineString","coordinates":[[14.57085,45.216376],[16.361252579871955,50.950840400000004]]}},{"type":"Feature","properties":{"id":"transfer:airport-ldsb:rou-vest","a":"airport-ldsb","b":"rou-vest","travel_ticks":1,"kind":"transfer"},"geometry":{"type":"LineString","coordinates":[[16.678362,43.284454],[22.07604237929101,45.633109480142735]]}},{"type":"Feature","properties":{"id":"transfer:airport-ldsp:rou-vest","a":"airport-ldsp","b":"rou-vest","travel_ticks":1,"kind":"transfer"},"geometry":{"type":"LineString","coordinates":[[16.298,43.538898],[22.07604237929101,45.633109480142735]]}},{"type":"Feature","properties":{"id":"transfer:airport-ldza:rou-vest","a":"airport-ldza","b":"rou-vest","travel_ticks":1,"kind":"transfer"},"geometry":{"type":"LineString","coordinates":[[16.0688,45.742901],[22.07604237929101,45.633109480142735]]}},{"type":"Feature","properties":{"id":"transfer:airport-ldzd:rou-vest","a":"airport-ldzd","b":"rou-vest","travel_ticks":1,"kind":"transfer"},"geometry":{"type":"LineString","coordinates":[[15.353565,44.096986],[22.07604237929101,45.633109480142735]]}},{"type":"Feature","properties":{"id":"transfer:airport-lgal:tur-westmarmara","a":"airport-lgal","b":"tur-westmarmara","travel_ticks":1,"kind":"transfer"},"geometry":{"type":"LineString","coordinates":[[25.956301,40.8559],[27.32241323406889,39.799836049999996]]}},{"type":"Feature","properties":{"id":"transfer:airport-lgav:tur-aegean","a":"airport-lgav","b":"tur-aegean","travel_ticks":1,"kind":"transfer"},"geometry":{"type":"LineString","coordinates":[[23.9445,37.936401],[28.62095009438291,38.0857857]]}},{"type":"Feature","properties":{"id":"transfer:airport-lgbl:tur-westmarmara","a":"airport-lgbl","b":"tur-westmarmara","travel_ticks":1,"kind":"transfer"},"geometry":{"type":"LineString","coordinates":[[22.7943,39.219601],[27.32241323406889,39.799836049999996]]}},{"type":"Feature","properties":{"id":"transfer:airport-lghi:tur-aegean","a":"airport-lghi","b":"tur-aegean","travel_ticks":1,"kind":"transfer"},"geometry":{"type":"LineString","coordinates":[[26.140600204467773,38.34320068359375],[28.62095009438291,38.0857857]]}},{"type":"Feature","properties":{"id":"transfer:airport-lgio:rou-sudvestoltenia","a":"airport-lgio","b":"rou-sudvestoltenia","travel_ticks":1,"kind":"transfer"},"geometry":{"type":"LineString","coordinates":[[20.8225,39.6964],[23.63870604831031,44.63657127873327]]}},{"type":"Feature","properties":{"id":"transfer:airport-lgkf:tur-westmarmara","a":"airport-lgkf","b":"tur-westmarmara","travel_ticks":1,"kind":"transfer"},"geometry":{"type":"LineString","coordinates":[[20.500499725341797,38.12009811401367],[27.32241323406889,39.799836049999996]]}},{"type":"Feature","properties":{"id":"transfer:airport-lgkl:tur-aegean","a":"airport-lgkl","b":"tur-aegean","travel_ticks":1,"kind":"transfer"},"geometry":{"type":"LineString","coordinates":[[22.02549934387207,37.06829833984375],[28.62095009438291,38.0857857]]}},{"type":"Feature","properties":{"id":"transfer:airport-lgko:tur-aegean","a":"airport-lgko","b":"tur-aegean","travel_ticks":1,"kind":"transfer"},"geometry":{"type":"LineString","coordinates":[[27.09115,36.794523],[28.62095009438291,38.0857857]]}},{"type":"Feature","properties":{"id":"transfer:airport-lgkr:rou-sudvestoltenia","a":"airport-lgkr","b":"rou-sudvestoltenia","travel_ticks":1,"kind":"transfer"},"geometry":{"type":"LineString","coordinates":[[19.912179,39.60145],[23.63870604831031,44.63657127873327]]}},{"type":"Feature","properties":{"id":"transfer:airport-lgkv:tur-westmarmara","a":"airport-lgkv","b":"tur-westmarmara","travel_ticks":1,"kind":"transfer"},"geometry":{"type":"LineString","coordinates":[[24.6192,40.9133],[27.32241323406889,39.799836049999996]]}},{"type":"Feature","properties":{"id":"transfer:airport-lgkz:rou-sudvestoltenia","a":"airport-lgkz","b":"rou-sudvestoltenia","travel_ticks":1,"kind":"transfer"},"geometry":{"type":"LineString","coordinates":[[21.840799,40.286098],[23.63870604831031,44.63657127873327]]}},{"type":"Feature","properties":{"id":"transfer:airport-lgmk:tur-aegean","a":"airport-lgmk","b":"tur-aegean","travel_ticks":1,"kind":"transfer"},"geometry":{"type":"LineString","coordinates":[[25.348101,37.435101],[28.62095009438291,38.0857857]]}},{"type":"Feature","properties":{"id":"transfer:airport-lgmt:tur-aegean","a":"airport-lgmt","b":"tur-aegean","travel_ticks":1,"kind":"transfer"},"geometry":{"type":"LineString","coordinates":[[26.598629,39.057406],[28.62095009438291,38.0857857]]}},{"type":"Feature","properties":{"id":"transfer:airport-lgpz:tur-westmarmara","a":"airport-lgpz","b":"tur-westmarmara","travel_ticks":1,"kind":"transfer"},"geometry":{"type":"LineString","coordinates":[[20.765301,38.925499],[27.32241323406889,39.799836049999996]]}},{"type":"Feature","properties":{"id":"transfer:airport-lgrp:tur-aegean","a":"airport-lgrp","b":"tur-aegean","travel_ticks":1,"kind":"transfer"},"geometry":{"type":"LineString","coordinates":[[28.086201,36.405399],[28.62095009438291,38.0857857]]}},{"type":"Feature","properties":{"id":"transfer:airport-lgrx:tur-westmarmara","a":"airport-lgrx","b":"tur-westmarmara","travel_ticks":1,"kind":"transfer"},"geometry":{"type":"LineString","coordinates":[[21.4256,38.1511],[27.32241323406889,39.799836049999996]]}},{"type":"Feature","properties":{"id":"transfer:airport-lgsk:tur-westmarmara","a":"airport-lgsk","b":"tur-westmarmara","travel_ticks":1,"kind":"transfer"},"geometry":{"type":"LineString","coordinates":[[23.5037,39.177101],[27.32241323406889,39.799836049999996]]}},{"type":"Feature","properties":{"id":"transfer:airport-lgsm:tur-aegean","a":"airport-lgsm","b":"tur-aegean","travel_ticks":1,"kind":"transfer"},"geometry":{"type":"LineString","coordinates":[[26.911699,37.689999],[28.62095009438291,38.0857857]]}},{"type":"Feature","properties":{"id":"transfer:airport-lgsr:tur-aegean","a":"airport-lgsr","b":"tur-aegean","travel_ticks":1,"kind":"transfer"},"geometry":{"type":"LineString","coordinates":[[25.478638,36.400045],[28.62095009438291,38.0857857]]}},{"type":"Feature","properties":{"id":"transfer:airport-lgts:tur-westmarmara","a":"airport-lgts","b":"tur-westmarmara","travel_ticks":1,"kind":"transfer"},"geometry":{"type":"LineString","coordinates":[[22.970009,40.51928],[27.32241323406889,39.799836049999996]]}},{"type":"Feature","properties":{"id":"transfer:airport-lgza:tur-aegean","a":"airport-lgza","b":"tur-aegean","travel_ticks":1,"kind":"transfer"},"geometry":{"type":"LineString","coordinates":[[20.8843,37.7509],[28.62095009438291,38.0857857]]}},{"type":"Feature","properties":{"id":"transfer:airport-lhbp:rou-vest","a":"airport-lhbp","b":"rou-vest","travel_ticks":1,"kind":"transfer"},"geometry":{"type":"LineString","coordinates":[[19.262393,47.43018],[22.07604237929101,45.633109480142735]]}},{"type":"Feature","properties":{"id":"transfer:airport-lhdc:rou-nordvest","a":"airport-lhdc","b":"rou-nordvest","travel_ticks":1,"kind":"transfer"},"geometry":{"type":"LineString","coordinates":[[21.616278,47.489469],[23.470684430971204,47.25255978271983]]}},{"type":"Feature","properties":{"id":"transfer:airport-lhpp:rou-vest","a":"airport-lhpp","b":"rou-vest","travel_ticks":1,"kind":"transfer"},"geometry":{"type":"LineString","coordinates":[[18.242044,45.988891],[22.07604237929101,45.633109480142735]]}},{"type":"Feature","properties":{"id":"transfer:airport-lhpr:pol-silesianvoivodeship","a":"airport-lhpr","b":"pol-silesianvoivodeship","travel_ticks":1,"kind":"transfer"},"geometry":{"type":"LineString","coordinates":[[17.804718,47.628436],[18.846382586697068,50.246564500000005]]}},{"type":"Feature","properties":{"id":"transfer:airport-lhsm:rou-vest","a":"airport-lhsm","b":"rou-vest","travel_ticks":1,"kind":"transfer"},"geometry":{"type":"LineString","coordinates":[[17.159084,46.686391],[22.07604237929101,45.633109480142735]]}},{"type":"Feature","properties":{"id":"transfer:airport-libc:rou-vest","a":"airport-libc","b":"rou-vest","travel_ticks":1,"kind":"transfer"},"geometry":{"type":"LineString","coordinates":[[17.0802,38.9972],[22.07604237929101,45.633109480142735]]}},{"type":"Feature","properties":{"id":"transfer:airport-libd:rou-vest","a":"airport-libd","b":"rou-vest","travel_ticks":1,"kind":"transfer"},"geometry":{"type":"LineString","coordinates":[[16.760599,41.138901],[22.07604237929101,45.633109480142735]]}},{"type":"Feature","properties":{"id":"transfer:airport-libf:rou-vest","a":"airport-libf","b":"rou-vest","travel_ticks":1,"kind":"transfer"},"geometry":{"type":"LineString","coordinates":[[15.534566,41.433596],[22.07604237929101,45.633109480142735]]}},{"type":"Feature","properties":{"id":"transfer:airport-libp:rou-vest","a":"airport-libp","b":"rou-vest","travel_ticks":1,"kind":"transfer"},"geometry":{"type":"LineString","coordinates":[[14.182981,42.431079],[22.07604237929101,45.633109480142735]]}},{"type":"Feature","properties":{"id":"transfer:airport-libr:rou-vest","a":"airport-libr","b":"rou-vest","travel_ticks":1,"kind":"transfer"},"geometry":{"type":"LineString","coordinates":[[17.947001,40.6576],[22.07604237929101,45.633109480142735]]}},{"type":"Feature","properties":{"id":"transfer:airport-lica:rou-vest","a":"airport-lica","b":"rou-vest","travel_ticks":1,"kind":"transfer"},"geometry":{"type":"LineString","coordinates":[[16.246007,38.906214],[22.07604237929101,45.633109480142735]]}},{"type":"Feature","properties":{"id":"transfer:airport-licb:rou-vest","a":"airport-licb","b":"rou-vest","travel_ticks":1,"kind":"transfer"},"geometry":{"type":"LineString","coordinates":[[14.60889,36.99583],[22.07604237929101,45.633109480142735]]}},{"type":"Feature","properties":{"id":"transfer:airport-licc:rou-vest","a":"airport-licc","b":"rou-vest","travel_ticks":1,"kind":"transfer"},"geometry":{"type":"LineString","coordinates":[[15.0664,37.466801],[22.07604237929101,45.633109480142735]]}},{"type":"Feature","properties":{"id":"transfer:airport-licr:rou-vest","a":"airport-licr","b":"rou-vest","travel_ticks":1,"kind":"transfer"},"geometry":{"type":"LineString","coordinates":[[15.6516,38.071201],[22.07604237929101,45.633109480142735]]}},{"type":"Feature","properties":{"id":"transfer:airport-liri:rou-vest","a":"airport-liri","b":"rou-vest","travel_ticks":1,"kind":"transfer"},"geometry":{"type":"LineString","coordinates":[[14.9113,40.620399],[22.07604237929101,45.633109480142735]]}},{"type":"Feature","properties":{"id":"transfer:airport-lirn:rou-vest","a":"airport-lirn","b":"rou-vest","travel_ticks":1,"kind":"transfer"},"geometry":{"type":"LineString","coordinates":[[14.2908,40.886002],[22.07604237929101,45.633109480142735]]}},{"type":"Feature","properties":{"id":"transfer:airport-ljlj:pol-lowersilesianvoivodeship","a":"airport-ljlj","b":"pol-lowersilesianvoivodeship","travel_ticks":1,"kind":"transfer"},"geometry":{"type":"LineString","coordinates":[[14.4576,46.223701],[16.361252579871955,50.950840400000004]]}},{"type":"Feature","properties":{"id":"transfer:airport-ljmb:pol-lowersilesianvoivodeship","a":"airport-ljmb","b":"pol-lowersilesianvoivodeship","travel_ticks":1,"kind":"transfer"},"geometry":{"type":"LineString","coordinates":[[15.6861,46.4799],[16.361252579871955,50.950840400000004]]}},{"type":"Feature","properties":{"id":"transfer:airport-lkcs:pol-lowersilesianvoivodeship","a":"airport-lkcs","b":"pol-lowersilesianvoivodeship","travel_ticks":1,"kind":"transfer"},"geometry":{"type":"LineString","coordinates":[[14.42832,48.948171],[16.361252579871955,50.950840400000004]]}},{"type":"Feature","properties":{"id":"transfer:airport-lkmt:pol-silesianvoivodeship","a":"airport-lkmt","b":"pol-silesianvoivodeship","travel_ticks":1,"kind":"transfer"},"geometry":{"type":"LineString","coordinates":[[18.111099,49.696301],[18.846382586697068,50.246564500000005]]}},{"type":"Feature","properties":{"id":"transfer:airport-lkpd:pol-lowersilesianvoivodeship","a":"airport-lkpd","b":"pol-lowersilesianvoivodeship","travel_ticks":1,"kind":"transfer"},"geometry":{"type":"LineString","coordinates":[[15.73981,50.015049],[16.361252579871955,50.950840400000004]]}},{"type":"Feature","properties":{"id":"transfer:airport-lkpr:pol-lowersilesianvoivodeship","a":"airport-lkpr","b":"pol-lowersilesianvoivodeship","travel_ticks":1,"kind":"transfer"},"geometry":{"type":"LineString","coordinates":[[14.259911,50.100874],[16.361252579871955,50.950840400000004]]}},{"type":"Feature","properties":{"id":"transfer:airport-lktb:pol-lowersilesianvoivodeship","a":"airport-lktb","b":"pol-lowersilesianvoivodeship","travel_ticks":1,"kind":"transfer"},"geometry":{"type":"LineString","coordinates":[[16.693972,49.151276],[16.361252579871955,50.950840400000004]]}},{"type":"Feature","properties":{"id":"transfer:airport-lowg:pol-lowersilesianvoivodeship","a":"airport-lowg","b":"pol-lowersilesianvoivodeship","travel_ticks":1,"kind":"transfer"},"geometry":{"type":"LineString","coordinates":[[15.4396,46.9911],[16.361252579871955,50.950840400000004]]}},{"type":"Feature","properties":{"id":"transfer:airport-lowk:pol-lowersilesianvoivodeship","a":"airport-lowk","b":"pol-lowersilesianvoivodeship","travel_ticks":1,"kind":"transfer"},"geometry":{"type":"LineString","coordinates":[[14.3377,46.642502],[16.361252579871955,50.950840400000004]]}},{"type":"Feature","properties":{"id":"transfer:airport-lowl:pol-lowersilesianvoivodeship","a":"airport-lowl","b":"pol-lowersilesianvoivodeship","travel_ticks":1,"kind":"transfer"},"geometry":{"type":"LineString","coordinates":[[14.188128,48.235362],[16.361252579871955,50.950840400000004]]}},{"type":"Feature","properties":{"id":"transfer:airport-loww:pol-lowersilesianvoivodeship","a":"airport-loww","b":"pol-lowersilesianvoivodeship","travel_ticks":1,"kind":"transfer"},"geometry":{"type":"LineString","coordinates":[[16.5697,48.110298],[16.361252579871955,50.950840400000004]]}},{"type":"Feature","properties":{"id":"transfer:airport-lqbk:rou-vest","a":"airport-lqbk","b":"rou-vest","travel_ticks":1,"kind":"transfer"},"geometry":{"type":"LineString","coordinates":[[17.297501,44.941399],[22.07604237929101,45.633109480142735]]}},{"type":"Feature","properties":{"id":"transfer:airport-lqmo:rou-vest","a":"airport-lqmo","b":"rou-vest","travel_ticks":1,"kind":"transfer"},"geometry":{"type":"LineString","coordinates":[[17.846101,43.282489],[22.07604237929101,45.633109480142735]]}},{"type":"Feature","properties":{"id":"transfer:airport-lqsa:rou-vest","a":"airport-lqsa","b":"rou-vest","travel_ticks":1,"kind":"transfer"},"geometry":{"type":"LineString","coordinates":[[18.331499,43.8246],[22.07604237929101,45.633109480142735]]}},{"type":"Feature","properties":{"id":"transfer:airport-lqtz:rou-vest","a":"airport-lqtz","b":"rou-vest","travel_ticks":1,"kind":"transfer"},"geometry":{"type":"LineString","coordinates":[[18.723627,44.459858],[22.07604237929101,45.633109480142735]]}},{"type":"Feature","properties":{"id":"transfer:airport-lrar:rou-vest","a":"airport-lrar","b":"rou-vest","travel_ticks":1,"kind":"transfer"},"geometry":{"type":"LineString","coordinates":[[21.264322,46.176136],[22.07604237929101,45.633109480142735]]}},{"type":"Feature","properties":{"id":"transfer:airport-lrbc:rou-nordest","a":"airport-lrbc","b":"rou-nordest","travel_ticks":1,"kind":"transfer"},"geometry":{"type":"LineString","coordinates":[[26.910299,46.5219],[26.65572909509806,47.13430868492634]]}},{"type":"Feature","properties":{"id":"transfer:airport-lrbm:rou-nordvest","a":"airport-lrbm","b":"rou-nordvest","travel_ticks":1,"kind":"transfer"},"geometry":{"type":"LineString","coordinates":[[23.464445,47.658444],[23.470684430971204,47.25255978271983]]}},{"type":"Feature","properties":{"id":"transfer:airport-lrbs:rou-bucurestiilfov","a":"airport-lrbs","b":"rou-bucurestiilfov","travel_ticks":1,"kind":"transfer"},"geometry":{"type":"LineString","coordinates":[[26.102944,44.503133],[26.136116359876386,44.49220183029319]]}},{"type":"Feature","properties":{"id":"transfer:airport-lrbv:rou-centru","a":"airport-lrbv","b":"rou-centru","travel_ticks":1,"kind":"transfer"},"geometry":{"type":"LineString","coordinates":[[25.522871,45.70558],[24.614241786729096,46.282628618382816]]}},{"type":"Feature","properties":{"id":"transfer:airport-lrck:rou-sudest","a":"airport-lrck","b":"rou-sudest","travel_ticks":1,"kind":"transfer"},"geometry":{"type":"LineString","coordinates":[[28.4883,44.362202],[28.107750923366353,44.970494247914694]]}},{"type":"Feature","properties":{"id":"transfer:airport-lrcl:rou-nordvest","a":"airport-lrcl","b":"rou-nordvest","travel_ticks":1,"kind":"transfer"},"geometry":{"type":"LineString","coordinates":[[23.685733,46.786042],[23.470684430971204,47.25255978271983]]}},{"type":"Feature","properties":{"id":"transfer:airport-lrcv:rou-sudvestoltenia","a":"airport-lrcv","b":"rou-sudvestoltenia","travel_ticks":1,"kind":"transfer"},"geometry":{"type":"LineString","coordinates":[[23.888599,44.3181],[23.63870604831031,44.63657127873327]]}},{"type":"Feature","properties":{"id":"transfer:airport-lria:rou-nordest","a":"airport-lria","b":"rou-nordest","travel_ticks":1,"kind":"transfer"},"geometry":{"type":"LineString","coordinates":[[27.621431,47.179633],[26.65572909509806,47.13430868492634]]}},{"type":"Feature","properties":{"id":"transfer:airport-lrod:rou-nordvest","a":"airport-lrod","b":"rou-nordvest","travel_ticks":1,"kind":"transfer"},"geometry":{"type":"LineString","coordinates":[[21.9025,47.025299],[23.470684430971204,47.25255978271983]]}},{"type":"Feature","properties":{"id":"transfer:airport-lrop:rou-bucurestiilfov","a":"airport-lrop","b":"rou-bucurestiilfov","travel_ticks":1,"kind":"transfer"},"geometry":{"type":"LineString","coordinates":[[26.103285,44.571792],[26.136116359876386,44.49220183029319]]}},{"type":"Feature","properties":{"id":"transfer:airport-lrsb:rou-centru","a":"airport-lrsb","b":"rou-centru","travel_ticks":1,"kind":"transfer"},"geometry":{"type":"LineString","coordinates":[[24.086666,45.785841],[24.614241786729096,46.282628618382816]]}},{"type":"Feature","properties":{"id":"transfer:airport-lrsm:rou-nordvest","a":"airport-lrsm","b":"rou-nordvest","travel_ticks":1,"kind":"transfer"},"geometry":{"type":"LineString","coordinates":[[22.8857,47.7033],[23.470684430971204,47.25255978271983]]}},{"type":"Feature","properties":{"id":"transfer:airport-lrsv:rou-nordest","a":"airport-lrsv","b":"rou-nordest","travel_ticks":1,"kind":"transfer"},"geometry":{"type":"LineString","coordinates":[[26.354099,47.6875],[26.65572909509806,47.13430868492634]]}},{"type":"Feature","properties":{"id":"transfer:airport-lrtm:rou-centru","a":"airport-lrtm","b":"rou-centru","travel_ticks":1,"kind":"transfer"},"geometry":{"type":"LineString","coordinates":[[24.4125,46.467701],[24.614241786729096,46.282628618382816]]}},{"type":"Feature","properties":{"id":"transfer:airport-lrtr:rou-vest","a":"airport-lrtr","b":"rou-vest","travel_ticks":1,"kind":"transfer"},"geometry":{"type":"LineString","coordinates":[[21.3379,45.809898],[22.07604237929101,45.633109480142735]]}},{"type":"Feature","properties":{"id":"transfer:airport-ltac:tur-westanatolia","a":"airport-ltac","b":"tur-westanatolia","travel_ticks":1,"kind":"transfer"},"geometry":{"type":"LineString","coordinates":[[32.995098,40.128101],[32.414893704757866,38.5864916]]}},{"type":"Feature","properties":{"id":"transfer:airport-ltai:tur-mediterranean","a":"airport-ltai","b":"tur-mediterranean","travel_ticks":1,"kind":"transfer"},"geometry":{"type":"LineString","coordinates":[[30.800501,36.898701],[35.5919838054029,37.2929947]]}},{"type":"Feature","properties":{"id":"transfer:airport-ltaj:tur-southeastanatolia","a":"airport-ltaj","b":"tur-southeastanatolia","travel_ticks":1,"kind":"transfer"},"geometry":{"type":"LineString","coordinates":[[37.478699,36.947201],[40.41590831446639,37.912045750000004]]}},{"type":"Feature","properties":{"id":"transfer:airport-ltal:tur-westblacksea","a":"airport-ltal","b":"tur-westblacksea","travel_ticks":1,"kind":"transfer"},"geometry":{"type":"LineString","coordinates":[[33.795799,41.314201],[34.772562004890915,40.74660675]]}},{"type":"Feature","properties":{"id":"transfer:airport-ltan:tur-westanatolia","a":"airport-ltan","b":"tur-westanatolia","travel_ticks":1,"kind":"transfer"},"geometry":{"type":"LineString","coordinates":[[32.561901,37.979],[32.414893704757866,38.5864916]]}},{"type":"Feature","properties":{"id":"transfer:airport-ltar:tur-centralanatolia","a":"airport-ltar","b":"tur-centralanatolia","travel_ticks":1,"kind":"transfer"},"geometry":{"type":"LineString","coordinates":[[36.9035,39.813801],[35.9813737220864,38.94197655]]}},{"type":"Feature","properties":{"id":"transfer:airport-ltas:tur-westblacksea","a":"airport-ltas","b":"tur-westblacksea","travel_ticks":1,"kind":"transfer"},"geometry":{"type":"LineString","coordinates":[[32.0886,41.506401],[34.772562004890915,40.74660675]]}},{"type":"Feature","properties":{"id":"transfer:airport-ltat:tur-centraleastanatolia","a":"airport-ltat","b":"tur-centraleastanatolia","travel_ticks":1,"kind":"transfer"},"geometry":{"type":"LineString","coordinates":[[38.0909996033,38.435298919699996],[42.99349404834862,38.482507]]}},{"type":"Feature","properties":{"id":"transfer:airport-ltau:tur-centralanatolia","a":"airport-ltau","b":"tur-centralanatolia","travel_ticks":1,"kind":"transfer"},"geometry":{"type":"LineString","coordinates":[[35.495399,38.770401],[35.9813737220864,38.94197655]]}},{"type":"Feature","properties":{"id":"transfer:airport-ltaw:tur-westblacksea","a":"airport-ltaw","b":"tur-westblacksea","travel_ticks":1,"kind":"transfer"},"geometry":{"type":"LineString","coordinates":[[36.39056,40.32472],[34.772562004890915,40.74660675]]}},{"type":"Feature","properties":{"id":"transfer:airport-ltay:tur-aegean","a":"airport-ltay","b":"tur-aegean","travel_ticks":1,"kind":"transfer"},"geometry":{"type":"LineString","coordinates":[[29.7012996674,37.7855987549],[28.62095009438291,38.0857857]]}},{"type":"Feature","properties":{"id":"transfer:airport-ltaz:tur-centralanatolia","a":"airport-ltaz","b":"tur-centralanatolia","travel_ticks":1,"kind":"transfer"},"geometry":{"type":"LineString","coordinates":[[34.5345,38.7719],[35.9813737220864,38.94197655]]}},{"type":"Feature","properties":{"id":"transfer:airport-ltbf:tur-westmarmara","a":"airport-ltbf","b":"tur-westmarmara","travel_ticks":1,"kind":"transfer"},"geometry":{"type":"LineString","coordinates":[[27.926001,39.619301],[27.32241323406889,39.799836049999996]]}},{"type":"Feature","properties":{"id":"transfer:airport-ltbh:tur-westmarmara","a":"airport-ltbh","b":"tur-westmarmara","travel_ticks":1,"kind":"transfer"},"geometry":{"type":"LineString","coordinates":[[26.4267997742,40.1376991272],[27.32241323406889,39.799836049999996]]}},{"type":"Feature","properties":{"id":"transfer:airport-ltbj:tur-aegean","a":"airport-ltbj","b":"tur-aegean","travel_ticks":1,"kind":"transfer"},"geometry":{"type":"LineString","coordinates":[[27.157,38.2924],[28.62095009438291,38.0857857]]}},{"type":"Feature","properties":{"id":"transfer:airport-ltbr:tur-eastmarmara","a":"airport-ltbr","b":"tur-eastmarmara","travel_ticks":1,"kind":"transfer"},"geometry":{"type":"LineString","coordinates":[[29.562599,40.255199],[29.498960770373458,40.1239956]]}},{"type":"Feature","properties":{"id":"transfer:airport-ltbs:tur-aegean","a":"airport-ltbs","b":"tur-aegean","travel_ticks":1,"kind":"transfer"},"geometry":{"type":"LineString","coordinates":[[28.7925,36.7131],[28.62095009438291,38.0857857]]}},{"type":"Feature","properties":{"id":"transfer:airport-ltbu:tur-westmarmara","a":"airport-ltbu","b":"tur-westmarmara","travel_ticks":1,"kind":"transfer"},"geometry":{"type":"LineString","coordinates":[[27.9191,41.138199],[27.32241323406889,39.799836049999996]]}},{"type":"Feature","properties":{"id":"transfer:airport-ltby:tur-eastmarmara","a":"airport-ltby","b":"tur-eastmarmara","travel_ticks":1,"kind":"transfer"},"geometry":{"type":"LineString","coordinates":[[30.519268,39.811644],[29.498960770373458,40.1239956]]}},{"type":"Feature","properties":{"id":"transfer:airport-ltca:tur-southeastanatolia","a":"airport-ltca","b":"tur-southeastanatolia","travel_ticks":1,"kind":"transfer"},"geometry":{"type":"LineString","coordinates":[[39.28348,38.597974],[40.41590831446639,37.912045750000004]]}},{"type":"Feature","properties":{"id":"transfer:airport-ltcb:tur-eastblacksea","a":"airport-ltcb","b":"tur-eastblacksea","travel_ticks":1,"kind":"transfer"},"geometry":{"type":"LineString","coordinates":[[38.085995,40.966872],[39.02945039264851,40.67996765]]}},{"type":"Feature","properties":{"id":"transfer:airport-ltcc:tur-southeastanatolia","a":"airport-ltcc","b":"tur-southeastanatolia","travel_ticks":1,"kind":"transfer"},"geometry":{"type":"LineString","coordinates":[[40.201,37.893902],[40.41590831446639,37.912045750000004]]}},{"type":"Feature","properties":{"id":"transfer:airport-ltcd:tur-northeastanatolia","a":"airport-ltcd","b":"tur-northeastanatolia","travel_ticks":1,"kind":"transfer"},"geometry":{"type":"LineString","coordinates":[[39.527000427199994,39.7102012634],[41.71476330296174,40.3051124]]}},{"type":"Feature","properties":{"id":"transfer:airport-ltce:tur-northeastanatolia","a":"airport-ltce","b":"tur-northeastanatolia","travel_ticks":1,"kind":"transfer"},"geometry":{"type":"LineString","coordinates":[[41.1702,39.956501],[41.71476330296174,40.3051124]]}},{"type":"Feature","properties":{"id":"transfer:airport-ltcf:tur-northeastanatolia","a":"airport-ltcf","b":"tur-northeastanatolia","travel_ticks":1,"kind":"transfer"},"geometry":{"type":"LineString","coordinates":[[43.1150016784668,40.562198638916016],[41.71476330296174,40.3051124]]}},{"type":"Feature","properties":{"id":"transfer:airport-ltcg:tur-eastblacksea","a":"airport-ltcg","b":"tur-eastblacksea","travel_ticks":1,"kind":"transfer"},"geometry":{"type":"LineString","coordinates":[[39.7897,40.995098],[39.02945039264851,40.67996765]]}},{"type":"Feature","properties":{"id":"transfer:airport-ltci:tur-centraleastanatolia","a":"airport-ltci","b":"tur-centraleastanatolia","travel_ticks":1,"kind":"transfer"},"geometry":{"type":"LineString","coordinates":[[43.332298278808594,38.46820068359375],[42.99349404834862,38.482507]]}},{"type":"Feature","properties":{"id":"transfer:airport-ltcj:tur-southeastanatolia","a":"airport-ltcj","b":"tur-southeastanatolia","travel_ticks":1,"kind":"transfer"},"geometry":{"type":"LineString","coordinates":[[41.1166,37.929001],[40.41590831446639,37.912045750000004]]}},{"type":"Feature","properties":{"id":"transfer:airport-ltck:tur-centraleastanatolia","a":"airport-ltck","b":"tur-centraleastanatolia","travel_ticks":1,"kind":"transfer"},"geometry":{"type":"LineString","coordinates":[[41.66120147705078,38.747798919677734],[42.99349404834862,38.482507]]}},{"type":"Feature","properties":{"id":"transfer:airport-ltcm:tur-westblacksea","a":"airport-ltcm","b":"tur-westblacksea","travel_ticks":1,"kind":"transfer"},"geometry":{"type":"LineString","coordinates":[[35.071774,42.018313],[34.772562004890915,40.74660675]]}},{"type":"Feature","properties":{"id":"transfer:airport-ltcn:tur-mediterranean","a":"airport-ltcn","b":"tur-mediterranean","travel_ticks":1,"kind":"transfer"},"geometry":{"type":"LineString","coordinates":[[36.9535217285,37.5388259888],[35.5919838054029,37.2929947]]}},{"type":"Feature","properties":{"id":"transfer:airport-ltco:tur-centraleastanatolia","a":"airport-ltco","b":"tur-centraleastanatolia","travel_ticks":1,"kind":"transfer"},"geometry":{"type":"LineString","coordinates":[[43.025742,39.655642],[42.99349404834862,38.482507]]}},{"type":"Feature","properties":{"id":"transfer:airport-ltcp:tur-southeastanatolia","a":"airport-ltcp","b":"tur-southeastanatolia","travel_ticks":1,"kind":"transfer"},"geometry":{"type":"LineString","coordinates":[[38.468899,37.7314],[40.41590831446639,37.912045750000004]]}},{"type":"Feature","properties":{"id":"transfer:airport-ltcr:tur-southeastanatolia","a":"airport-ltcr","b":"tur-southeastanatolia","travel_ticks":1,"kind":"transfer"},"geometry":{"type":"LineString","coordinates":[[40.6316986084,37.223300933800004],[40.41590831446639,37.912045750000004]]}},{"type":"Feature","properties":{"id":"transfer:airport-ltcs:tur-southeastanatolia","a":"airport-ltcs","b":"tur-southeastanatolia","travel_ticks":1,"kind":"transfer"},"geometry":{"type":"LineString","coordinates":[[38.895592,37.445663],[40.41590831446639,37.912045750000004]]}},{"type":"Feature","properties":{"id":"transfer:airport-ltct:tur-northeastanatolia","a":"airport-ltct","b":"tur-northeastanatolia","travel_ticks":1,"kind":"transfer"},"geometry":{"type":"LineString","coordinates":[[43.876648,39.976627],[41.71476330296174,40.3051124]]}},{"type":"Feature","properties":{"id":"transfer:airport-ltcv:tur-centraleastanatolia","a":"airport-ltcv","b":"tur-centraleastanatolia","travel_ticks":1,"kind":"transfer"},"geometry":{"type":"LineString","coordinates":[[42.0582,37.3647],[42.99349404834862,38.482507]]}},{"type":"Feature","properties":{"id":"transfer:airport-ltcw:tur-centraleastanatolia","a":"airport-ltcw","b":"tur-centraleastanatolia","travel_ticks":1,"kind":"transfer"},"geometry":{"type":"LineString","coordinates":[[44.2381,37.5497],[42.99349404834862,38.482507]]}},{"type":"Feature","properties":{"id":"transfer:airport-ltda:tur-mediterranean","a":"airport-ltda","b":"tur-mediterranean","travel_ticks":1,"kind":"transfer"},"geometry":{"type":"LineString","coordinates":[[36.285589,36.36079],[35.5919838054029,37.2929947]]}},{"type":"Feature","properties":{"id":"transfer:airport-ltdb:tur-mediterranean","a":"airport-ltdb","b":"tur-mediterranean","travel_ticks":1,"kind":"transfer"},"geometry":{"type":"LineString","coordinates":[[35.071235,36.891478],[35.5919838054029,37.2929947]]}},{"type":"Feature","properties":{"id":"transfer:airport-ltfc:tur-mediterranean","a":"airport-ltfc","b":"tur-mediterranean","travel_ticks":1,"kind":"transfer"},"geometry":{"type":"LineString","coordinates":[[30.368401,37.8554],[35.5919838054029,37.2929947]]}},{"type":"Feature","properties":{"id":"transfer:airport-ltfd:tur-westmarmara","a":"airport-ltfd","b":"tur-westmarmara","travel_ticks":1,"kind":"transfer"},"geometry":{"type":"LineString","coordinates":[[27.010192,39.552533],[27.32241323406889,39.799836049999996]]}},{"type":"Feature","properties":{"id":"transfer:airport-ltfe:tur-aegean","a":"airport-ltfe","b":"tur-aegean","travel_ticks":1,"kind":"transfer"},"geometry":{"type":"LineString","coordinates":[[27.66401,37.249314],[28.62095009438291,38.0857857]]}},{"type":"Feature","properties":{"id":"transfer:airport-ltfg:tur-mediterranean","a":"airport-ltfg","b":"tur-mediterranean","travel_ticks":1,"kind":"transfer"},"geometry":{"type":"LineString","coordinates":[[32.297017,36.298832],[35.5919838054029,37.2929947]]}},{"type":"Feature","properties":{"id":"transfer:airport-ltfh:tur-westblacksea","a":"airport-ltfh","b":"tur-westblacksea","travel_ticks":1,"kind":"transfer"},"geometry":{"type":"LineString","coordinates":[[36.567546,41.253988],[34.772562004890915,40.74660675]]}},{"type":"Feature","properties":{"id":"transfer:airport-ltfj:tur-istanbul","a":"airport-ltfj","b":"tur-istanbul","travel_ticks":1,"kind":"transfer"},"geometry":{"type":"LineString","coordinates":[[29.3092,40.898602],[28.48391534756263,41.2727996]]}},{"type":"Feature","properties":{"id":"transfer:airport-ltfm:tur-istanbul","a":"airport-ltfm","b":"tur-istanbul","travel_ticks":1,"kind":"transfer"},"geometry":{"type":"LineString","coordinates":[[28.732136,41.274874],[28.48391534756263,41.2727996]]}},{"type":"Feature","properties":{"id":"transfer:airport-ltfo:tur-eastblacksea","a":"airport-ltfo","b":"tur-eastblacksea","travel_ticks":1,"kind":"transfer"},"geometry":{"type":"LineString","coordinates":[[40.848802,41.179766],[39.02945039264851,40.67996765]]}},{"type":"Feature","properties":{"id":"transfer:airport-lukk:ukr-odessaoblast","a":"airport-lukk","b":"ukr-odessaoblast","travel_ticks":1,"kind":"transfer"},"geometry":{"type":"LineString","coordinates":[[28.931704,46.92774],[30.56794809846953,46.64328755]]}},{"type":"Feature","properties":{"id":"transfer:airport-lwoh:rou-sudvestoltenia","a":"airport-lwoh","b":"rou-sudvestoltenia","travel_ticks":1,"kind":"transfer"},"geometry":{"type":"LineString","coordinates":[[20.7423,41.18],[23.63870604831031,44.63657127873327]]}},{"type":"Feature","properties":{"id":"transfer:airport-lwsk:rou-sudvestoltenia","a":"airport-lwsk","b":"rou-sudvestoltenia","travel_ticks":1,"kind":"transfer"},"geometry":{"type":"LineString","coordinates":[[21.622581,41.958087],[23.63870604831031,44.63657127873327]]}},{"type":"Feature","properties":{"id":"transfer:airport-lybe:rou-vest","a":"airport-lybe","b":"rou-vest","travel_ticks":1,"kind":"transfer"},"geometry":{"type":"LineString","coordinates":[[20.309099,44.818401],[22.07604237929101,45.633109480142735]]}},{"type":"Feature","properties":{"id":"transfer:airport-lykv:rou-vest","a":"airport-lykv","b":"rou-vest","travel_ticks":1,"kind":"transfer"},"geometry":{"type":"LineString","coordinates":[[20.586662,43.817519],[22.07604237929101,45.633109480142735]]}},{"type":"Feature","properties":{"id":"transfer:airport-lyni:rou-sudvestoltenia","a":"airport-lyni","b":"rou-sudvestoltenia","travel_ticks":1,"kind":"transfer"},"geometry":{"type":"LineString","coordinates":[[21.856242,43.336538],[23.63870604831031,44.63657127873327]]}},{"type":"Feature","properties":{"id":"transfer:airport-lypg:rou-vest","a":"airport-lypg","b":"rou-vest","travel_ticks":1,"kind":"transfer"},"geometry":{"type":"LineString","coordinates":[[19.2519,42.359402],[22.07604237929101,45.633109480142735]]}},{"type":"Feature","properties":{"id":"transfer:airport-lytv:rou-vest","a":"airport-lytv","b":"rou-vest","travel_ticks":1,"kind":"transfer"},"geometry":{"type":"LineString","coordinates":[[18.723301,42.404701],[22.07604237929101,45.633109480142735]]}},{"type":"Feature","properties":{"id":"transfer:airport-lzib:pol-opolevoivodeship","a":"airport-lzib","b":"pol-opolevoivodeship","travel_ticks":1,"kind":"transfer"},"geometry":{"type":"LineString","coordinates":[[17.2127,48.1702],[17.850996014610097,50.5836704]]}},{"type":"Feature","properties":{"id":"transfer:airport-lzkz:pol-lesserpolandvoivodeship","a":"airport-lzkz","b":"pol-lesserpolandvoivodeship","travel_ticks":1,"kind":"transfer"},"geometry":{"type":"LineString","coordinates":[[21.2411,48.663101],[20.265468241047984,49.849474099999995]]}},{"type":"Feature","properties":{"id":"transfer:airport-lzsl:pol-silesianvoivodeship","a":"airport-lzsl","b":"pol-silesianvoivodeship","travel_ticks":1,"kind":"transfer"},"geometry":{"type":"LineString","coordinates":[[19.13409996032715,48.63779830932617],[18.846382586697068,50.246564500000005]]}},{"type":"Feature","properties":{"id":"transfer:airport-lztt:pol-lesserpolandvoivodeship","a":"airport-lztt","b":"pol-lesserpolandvoivodeship","travel_ticks":1,"kind":"transfer"},"geometry":{"type":"LineString","coordinates":[[20.241394,49.070994],[20.265468241047984,49.849474099999995]]}},{"type":"Feature","properties":{"id":"transfer:airport-oigg:rus-northcaucasian","a":"airport-oigg","b":"rus-northcaucasian","travel_ticks":1,"kind":"transfer"},"geometry":{"type":"LineString","coordinates":[[49.617778,37.323333],[44.137582171865766,43.71134975]]}},{"type":"Feature","properties":{"id":"transfer:airport-oitl:rus-northcaucasian","a":"airport-oitl","b":"rus-northcaucasian","travel_ticks":1,"kind":"transfer"},"geometry":{"type":"LineString","coordinates":[[48.4244003296,38.3256988525],[44.137582171865766,43.71134975]]}},{"type":"Feature","properties":{"id":"transfer:airport-oitr:tur-centraleastanatolia","a":"airport-oitr","b":"tur-centraleastanatolia","travel_ticks":1,"kind":"transfer"},"geometry":{"type":"LineString","coordinates":[[45.0686988831,37.6680984497],[42.99349404834862,38.482507]]}},{"type":"Feature","properties":{"id":"transfer:airport-oitt:tur-centraleastanatolia","a":"airport-oitt","b":"tur-centraleastanatolia","travel_ticks":1,"kind":"transfer"},"geometry":{"type":"LineString","coordinates":[[46.235001,38.1339],[42.99349404834862,38.482507]]}},{"type":"Feature","properties":{"id":"transfer:airport-orer:tur-centraleastanatolia","a":"airport-orer","b":"tur-centraleastanatolia","travel_ticks":1,"kind":"transfer"},"geometry":{"type":"LineString","coordinates":[[43.946615,36.236047],[42.99349404834862,38.482507]]}},{"type":"Feature","properties":{"id":"transfer:airport-osap:tur-southeastanatolia","a":"airport-osap","b":"tur-southeastanatolia","travel_ticks":1,"kind":"transfer"},"geometry":{"type":"LineString","coordinates":[[37.226869,36.181262],[40.41590831446639,37.912045750000004]]}},{"type":"Feature","properties":{"id":"transfer:airport-oskl:tur-southeastanatolia","a":"airport-oskl","b":"tur-southeastanatolia","travel_ticks":1,"kind":"transfer"},"geometry":{"type":"LineString","coordinates":[[41.191399,37.020599],[40.41590831446639,37.912045750000004]]}},{"type":"Feature","properties":{"id":"transfer:airport-ubbg:rus-northcaucasian","a":"airport-ubbg","b":"rus-northcaucasian","travel_ticks":1,"kind":"transfer"},"geometry":{"type":"LineString","coordinates":[[46.320383,40.738692],[44.137582171865766,43.71134975]]}},{"type":"Feature","properties":{"id":"transfer:airport-ubbn:tur-northeastanatolia","a":"airport-ubbn","b":"tur-northeastanatolia","travel_ticks":1,"kind":"transfer"},"geometry":{"type":"LineString","coordinates":[[45.458401,39.188801],[41.71476330296174,40.3051124]]}},{"type":"Feature","properties":{"id":"transfer:airport-ubbq:rus-northcaucasian","a":"airport-ubbq","b":"rus-northcaucasian","travel_ticks":1,"kind":"transfer"},"geometry":{"type":"LineString","coordinates":[[47.725389,40.808617],[44.137582171865766,43.71134975]]}},{"type":"Feature","properties":{"id":"transfer:airport-ublc:tur-northeastanatolia","a":"airport-ublc","b":"tur-northeastanatolia","travel_ticks":1,"kind":"transfer"},"geometry":{"type":"LineString","coordinates":[[46.363137,39.883787],[41.71476330296174,40.3051124]]}},{"type":"Feature","properties":{"id":"transfer:airport-udsg:tur-northeastanatolia","a":"airport-udsg","b":"tur-northeastanatolia","travel_ticks":1,"kind":"transfer"},"geometry":{"type":"LineString","coordinates":[[43.859299,40.750401],[41.71476330296174,40.3051124]]}},{"type":"Feature","properties":{"id":"transfer:airport-udyz:tur-northeastanatolia","a":"airport-udyz","b":"tur-northeastanatolia","travel_ticks":1,"kind":"transfer"},"geometry":{"type":"LineString","coordinates":[[44.397887,40.148941],[41.71476330296174,40.3051124]]}},{"type":"Feature","properties":{"id":"transfer:airport-ugam:rus-northcaucasian","a":"airport-ugam","b":"rus-northcaucasian","travel_ticks":1,"kind":"transfer"},"geometry":{"type":"LineString","coordinates":[[43.13538,42.52687],[44.137582171865766,43.71134975]]}},{"type":"Feature","properties":{"id":"transfer:airport-ugko:tur-northeastanatolia","a":"airport-ugko","b":"tur-northeastanatolia","travel_ticks":1,"kind":"transfer"},"geometry":{"type":"LineString","coordinates":[[42.485353,42.177448],[41.71476330296174,40.3051124]]}},{"type":"Feature","properties":{"id":"transfer:airport-ugsb:tur-eastblacksea","a":"airport-ugsb","b":"tur-eastblacksea","travel_ticks":1,"kind":"transfer"},"geometry":{"type":"LineString","coordinates":[[41.600315,41.60939],[39.02945039264851,40.67996765]]}},{"type":"Feature","properties":{"id":"transfer:airport-ugss:rus-northcaucasian","a":"airport-ugss","b":"rus-northcaucasian","travel_ticks":1,"kind":"transfer"},"geometry":{"type":"LineString","coordinates":[[41.128101,42.8582],[44.137582171865766,43.71134975]]}},{"type":"Feature","properties":{"id":"transfer:airport-ugtb:rus-northcaucasian","a":"airport-ugtb","b":"rus-northcaucasian","travel_ticks":1,"kind":"transfer"},"geometry":{"type":"LineString","coordinates":[[44.9547,41.669201],[44.137582171865766,43.71134975]]}},{"type":"Feature","properties":{"id":"transfer:airport-ukcm:ukr-donetskoblast","a":"airport-ukcm","b":"ukr-donetskoblast","travel_ticks":1,"kind":"transfer"},"geometry":{"type":"LineString","coordinates":[[37.44960021972656,47.07609939575195],[37.834442146849746,47.96067005]]}},{"type":"Feature","properties":{"id":"transfer:airport-ukdd:ukr-dnipropetrovskoblast","a":"airport-ukdd","b":"ukr-dnipropetrovskoblast","travel_ticks":1,"kind":"transfer"},"geometry":{"type":"LineString","coordinates":[[35.100601,48.357201],[35.16564583165328,48.32424345]]}},{"type":"Feature","properties":{"id":"transfer:airport-ukdr:ukr-dnipropetrovskoblast","a":"airport-ukdr","b":"ukr-dnipropetrovskoblast","travel_ticks":1,"kind":"transfer"},"geometry":{"type":"LineString","coordinates":[[33.209999084472656,48.04330062866211],[35.16564583165328,48.32424345]]}},{"type":"Feature","properties":{"id":"transfer:airport-ukff:ukr-crimea","a":"airport-ukff","b":"ukr-crimea","travel_ticks":1,"kind":"transfer"},"geometry":{"type":"LineString","coordinates":[[33.975101,45.0522],[34.417772595109795,45.21061175]]}},{"type":"Feature","properties":{"id":"transfer:airport-ukli:ukr-ivanofrankivskoblast","a":"airport-ukli","b":"ukr-ivanofrankivskoblast","travel_ticks":1,"kind":"transfer"},"geometry":{"type":"LineString","coordinates":[[24.686100006103516,48.88420104980469],[24.6902073776304,48.6359734]]}},{"type":"Feature","properties":{"id":"transfer:airport-ukll:ukr-lvivoblast","a":"airport-ukll","b":"ukr-lvivoblast","travel_ticks":1,"kind":"transfer"},"geometry":{"type":"LineString","coordinates":[[23.9561,49.8125],[23.896550697396417,49.684207400000005]]}},{"type":"Feature","properties":{"id":"transfer:airport-ukln:ukr-chernivtsioblast","a":"airport-ukln","b":"ukr-chernivtsioblast","travel_ticks":1,"kind":"transfer"},"geometry":{"type":"LineString","coordinates":[[25.98080062866211,48.259300231933594],[25.77557263416238,48.20045985]]}},{"type":"Feature","properties":{"id":"transfer:airport-uklr:ukr-rivneoblast","a":"airport-uklr","b":"ukr-rivneoblast","travel_ticks":1,"kind":"transfer"},"geometry":{"type":"LineString","coordinates":[[26.141599655151367,50.60710144042969],[26.649895565271876,50.97630985]]}},{"type":"Feature","properties":{"id":"transfer:airport-uklu:ukr-zakarpattiaoblast","a":"airport-uklu","b":"ukr-zakarpattiaoblast","travel_ticks":1,"kind":"transfer"},"geometry":{"type":"LineString","coordinates":[[22.263399,48.6343],[23.035100815099376,48.4970531]]}},{"type":"Feature","properties":{"id":"transfer:airport-ukoh:ukr-khersonoblast","a":"airport-ukoh","b":"ukr-khersonoblast","travel_ticks":1,"kind":"transfer"},"geometry":{"type":"LineString","coordinates":[[32.506401,46.6758],[33.35677062463209,46.678700850000006]]}},{"type":"Feature","properties":{"id":"transfer:airport-umbb:pol-lublinvoivodeship","a":"airport-umbb","b":"pol-lublinvoivodeship","travel_ticks":1,"kind":"transfer"},"geometry":{"type":"LineString","coordinates":[[23.89676,52.108138],[22.778620161530206,51.2697903]]}},{"type":"Feature","properties":{"id":"transfer:airport-umgg:ukr-chernihivoblast","a":"airport-umgg","b":"ukr-chernihivoblast","travel_ticks":1,"kind":"transfer"},"geometry":{"type":"LineString","coordinates":[[31.016700744628906,52.527000427246094],[31.83608025792894,51.36194245]]}},{"type":"Feature","properties":{"id":"transfer:airport-umkk:rus-northwestern","a":"airport-umkk","b":"rus-northwestern","travel_ticks":1,"kind":"transfer"},"geometry":{"type":"LineString","coordinates":[[20.598559,54.89161],[44.01182881201059,55.231384250000005]]}},{"type":"Feature","properties":{"id":"transfer:airport-umms:rus-northwestern","a":"airport-umms","b":"rus-northwestern","travel_ticks":1,"kind":"transfer"},"geometry":{"type":"LineString","coordinates":[[28.039964,53.888071],[44.01182881201059,55.231384250000005]]}},{"type":"Feature","properties":{"id":"transfer:airport-umoo:rus-central","a":"airport-umoo","b":"rus-central","travel_ticks":1,"kind":"transfer"},"geometry":{"type":"LineString","coordinates":[[30.09510040283203,53.954898834228516],[37.36389575298435,52.78294235]]}},{"type":"Feature","properties":{"id":"transfer:airport-urka:rus-southern","a":"airport-urka","b":"rus-southern","travel_ticks":1,"kind":"transfer"},"geometry":{"type":"LineString","coordinates":[[37.347301,45.002102],[43.39970292862911,47.3159783]]}},{"type":"Feature","properties":{"id":"transfer:airport-urkg:rus-southern","a":"airport-urkg","b":"rus-southern","travel_ticks":1,"kind":"transfer"},"geometry":{"type":"LineString","coordinates":[[38.0124807358,44.5820926295],[43.39970292862911,47.3159783]]}},{"type":"Feature","properties":{"id":"transfer:airport-urkk:rus-southern","a":"airport-urkk","b":"rus-southern","travel_ticks":1,"kind":"transfer"},"geometry":{"type":"LineString","coordinates":[[39.174215,45.034465],[43.39970292862911,47.3159783]]}},{"type":"Feature","properties":{"id":"transfer:airport-urmg:rus-northcaucasian","a":"airport-urmg","b":"rus-northcaucasian","travel_ticks":1,"kind":"transfer"},"geometry":{"type":"LineString","coordinates":[[45.699772,43.388106],[44.137582171865766,43.71134975]]}},{"type":"Feature","properties":{"id":"transfer:airport-urml:rus-northcaucasian","a":"airport-urml","b":"rus-northcaucasian","travel_ticks":1,"kind":"transfer"},"geometry":{"type":"LineString","coordinates":[[47.652302,42.816799],[44.137582171865766,43.71134975]]}},{"type":"Feature","properties":{"id":"transfer:airport-urmm:rus-northcaucasian","a":"airport-urmm","b":"rus-northcaucasian","travel_ticks":1,"kind":"transfer"},"geometry":{"type":"LineString","coordinates":[[43.081902,44.225101],[44.137582171865766,43.71134975]]}},{"type":"Feature","properties":{"id":"transfer:airport-urmn:rus-northcaucasian","a":"airport-urmn","b":"rus-northcaucasian","travel_ticks":1,"kind":"transfer"},"geometry":{"type":"LineString","coordinates":[[43.6366,43.512901],[44.137582171865766,43.71134975]]}},{"type":"Feature","properties":{"id":"transfer:airport-urmo:rus-northcaucasian","a":"airport-urmo","b":"rus-northcaucasian","travel_ticks":1,"kind":"transfer"},"geometry":{"type":"LineString","coordinates":[[44.606602,43.205101],[44.137582171865766,43.71134975]]}},{"type":"Feature","properties":{"id":"transfer:airport-urms:rus-northcaucasian","a":"airport-urms","b":"rus-northcaucasian","travel_ticks":1,"kind":"transfer"},"geometry":{"type":"LineString","coordinates":[[45.012568,43.323268],[44.137582171865766,43.71134975]]}},{"type":"Feature","properties":{"id":"transfer:airport-urmt:rus-northcaucasian","a":"airport-urmt","b":"rus-northcaucasian","travel_ticks":1,"kind":"transfer"},"geometry":{"type":"LineString","coordinates":[[42.11280059814453,45.10919952392578],[44.137582171865766,43.71134975]]}},{"type":"Feature","properties":{"id":"transfer:airport-urrp:rus-southern","a":"airport-urrp","b":"rus-southern","travel_ticks":1,"kind":"transfer"},"geometry":{"type":"LineString","coordinates":[[39.924722,47.493888],[43.39970292862911,47.3159783]]}},{"type":"Feature","properties":{"id":"transfer:airport-urrt:rus-southern","a":"airport-urrt","b":"rus-southern","travel_ticks":1,"kind":"transfer"},"geometry":{"type":"LineString","coordinates":[[38.8491667,47.1983333],[43.39970292862911,47.3159783]]}},{"type":"Feature","properties":{"id":"transfer:airport-urss:rus-southern","a":"airport-urss","b":"rus-southern","travel_ticks":1,"kind":"transfer"},"geometry":{"type":"LineString","coordinates":[[39.9566,43.449902],[43.39970292862911,47.3159783]]}},{"type":"Feature","properties":{"id":"transfer:airport-urwa:rus-southern","a":"airport-urwa","b":"rus-southern","travel_ticks":1,"kind":"transfer"},"geometry":{"type":"LineString","coordinates":[[48.010511,46.282843],[43.39970292862911,47.3159783]]}},{"type":"Feature","properties":{"id":"transfer:airport-urwi:rus-southern","a":"airport-urwi","b":"rus-southern","travel_ticks":1,"kind":"transfer"},"geometry":{"type":"LineString","coordinates":[[44.330898,46.373901],[43.39970292862911,47.3159783]]}},{"type":"Feature","properties":{"id":"transfer:airport-urww:rus-southern","a":"airport-urww","b":"rus-southern","travel_ticks":1,"kind":"transfer"},"geometry":{"type":"LineString","coordinates":[[44.339194,48.78134],[43.39970292862911,47.3159783]]}},{"type":"Feature","properties":{"id":"transfer:airport-uubp:rus-central","a":"airport-uubp","b":"rus-central","travel_ticks":1,"kind":"transfer"},"geometry":{"type":"LineString","coordinates":[[34.175965,53.214403],[37.36389575298435,52.78294235]]}},{"type":"Feature","properties":{"id":"transfer:airport-uubw:rus-central","a":"airport-uubw","b":"rus-central","travel_ticks":1,"kind":"transfer"},"geometry":{"type":"LineString","coordinates":[[38.150002,55.553299],[37.36389575298435,52.78294235]]}},{"type":"Feature","properties":{"id":"transfer:airport-uudd:rus-central","a":"airport-uudd","b":"rus-central","travel_ticks":1,"kind":"transfer"},"geometry":{"type":"LineString","coordinates":[[37.9063,55.408798],[37.36389575298435,52.78294235]]}},{"type":"Feature","properties":{"id":"transfer:airport-uuee:rus-central","a":"airport-uuee","b":"rus-central","travel_ticks":1,"kind":"transfer"},"geometry":{"type":"LineString","coordinates":[[37.41121,55.976858],[37.36389575298435,52.78294235]]}},{"type":"Feature","properties":{"id":"transfer:airport-uuob:rus-central","a":"airport-uuob","b":"rus-central","travel_ticks":1,"kind":"transfer"},"geometry":{"type":"LineString","coordinates":[[36.5900993347168,50.643798828125],[37.36389575298435,52.78294235]]}},{"type":"Feature","properties":{"id":"transfer:airport-uuok:rus-central","a":"airport-uuok","b":"rus-central","travel_ticks":1,"kind":"transfer"},"geometry":{"type":"LineString","coordinates":[[36.29560089111328,51.7505989074707],[37.36389575298435,52.78294235]]}},{"type":"Feature","properties":{"id":"transfer:airport-uuol:rus-central","a":"airport-uuol","b":"rus-central","travel_ticks":1,"kind":"transfer"},"geometry":{"type":"LineString","coordinates":[[39.53779983520508,52.70280075073242],[37.36389575298435,52.78294235]]}},{"type":"Feature","properties":{"id":"transfer:airport-uuoo:rus-central","a":"airport-uuoo","b":"rus-central","travel_ticks":1,"kind":"transfer"},"geometry":{"type":"LineString","coordinates":[[39.230948,51.814324],[37.36389575298435,52.78294235]]}},{"type":"Feature","properties":{"id":"transfer:airport-uuww:rus-central","a":"airport-uuww","b":"rus-central","travel_ticks":1,"kind":"transfer"},"geometry":{"type":"LineString","coordinates":[[37.261501,55.591499],[37.36389575298435,52.78294235]]}},{"type":"Feature","properties":{"id":"transfer:airport-uwkd:rus-volga","a":"airport-uwkd","b":"rus-volga","travel_ticks":1,"kind":"transfer"},"geometry":{"type":"LineString","coordinates":[[49.278702,55.606201],[46.48606677047358,52.898910650000005]]}},{"type":"Feature","properties":{"id":"transfer:airport-uwll:rus-volga","a":"airport-uwll","b":"rus-volga","travel_ticks":1,"kind":"transfer"},"geometry":{"type":"LineString","coordinates":[[48.225569,54.27016],[46.48606677047358,52.898910650000005]]}},{"type":"Feature","properties":{"id":"transfer:airport-uwlw:rus-volga","a":"airport-uwlw","b":"rus-volga","travel_ticks":1,"kind":"transfer"},"geometry":{"type":"LineString","coordinates":[[48.8027,54.401001],[46.48606677047358,52.898910650000005]]}},{"type":"Feature","properties":{"id":"transfer:airport-uwpp:rus-volga","a":"airport-uwpp","b":"rus-volga","travel_ticks":1,"kind":"transfer"},"geometry":{"type":"LineString","coordinates":[[45.021099,53.1106],[46.48606677047358,52.898910650000005]]}},{"type":"Feature","properties":{"id":"transfer:airport-uwps:rus-volga","a":"airport-uwps","b":"rus-volga","travel_ticks":1,"kind":"transfer"},"geometry":{"type":"LineString","coordinates":[[45.212257,54.12513],[46.48606677047358,52.898910650000005]]}},{"type":"Feature","properties":{"id":"transfer:airport-uwsb:rus-volga","a":"airport-uwsb","b":"rus-volga","travel_ticks":1,"kind":"transfer"},"geometry":{"type":"LineString","coordinates":[[47.745602,51.858299],[46.48606677047358,52.898910650000005]]}},{"type":"Feature","properties":{"id":"transfer:airport-uwsg:rus-volga","a":"airport-uwsg","b":"rus-volga","travel_ticks":1,"kind":"transfer"},"geometry":{"type":"LineString","coordinates":[[46.171111,51.712778],[46.48606677047358,52.898910650000005]]}},{"type":"Feature","properties":{"id":"strait:chokepoint-bosphorus:tur-istanbul","a":"chokepoint-bosphorus","b":"tur-istanbul","travel_ticks":1,"kind":"strait"},"geometry":{"type":"LineString","coordinates":[[29.0,40.99],[28.48391534756263,41.2727996]]}},{"type":"Feature","properties":{"id":"sea:chokepoint-bosphorus:port-tekirdag","a":"chokepoint-bosphorus","b":"port-tekirdag","travel_ticks":1,"kind":"sea"},"geometry":{"type":"LineString","coordinates":[[29.0,40.99],[27.516667,40.983333]]}},{"type":"Feature","properties":{"id":"sea:chokepoint-bosphorus:port-haydarpasa","a":"chokepoint-bosphorus","b":"port-haydarpasa","travel_ticks":1,"kind":"sea"},"geometry":{"type":"LineString","coordinates":[[29.0,40.99],[29.016667,41.0]]}},{"type":"Feature","properties":{"id":"sea:chokepoint-bosphorus:port-giresun","a":"chokepoint-bosphorus","b":"port-giresun","travel_ticks":4,"kind":"sea"},"geometry":{"type":"LineString","coordinates":[[29.0,40.99],[38.4,40.933333]]}},{"type":"Feature","properties":{"id":"sea:chokepoint-bosphorus:port-novorossiysk","a":"chokepoint-bosphorus","b":"port-novorossiysk","travel_ticks":4,"kind":"sea"},"geometry":{"type":"LineString","coordinates":[[29.0,40.99],[37.783333,44.716667]]}},{"type":"Feature","properties":{"id":"sea:chokepoint-bosphorus:port-azov","a":"chokepoint-bosphorus","b":"port-azov","travel_ticks":5,"kind":"sea"},"geometry":{"type":"LineString","coordinates":[[29.0,40.99],[39.433333,47.1]]}},{"type":"Feature","properties":{"id":"sea:chokepoint-bosphorus:port-mariupol","a":"chokepoint-bosphorus","b":"port-mariupol","travel_ticks":4,"kind":"sea"},"geometry":{"type":"LineString","coordinates":[[29.0,40.99],[37.566667,47.083333]]}},{"type":"Feature","properties":{"id":"sea:chokepoint-bosphorus:port-berdyansk","a":"chokepoint-bosphorus","b":"port-berdyansk","travel_ticks":4,"kind":"sea"},"geometry":{"type":"LineString","coordinates":[[29.0,40.99],[36.783333,46.75]]}},{"type":"Feature","properties":{"id":"sea:chokepoint-bosphorus:port-kerch","a":"chokepoint-bosphorus","b":"port-kerch","travel_ticks":4,"kind":"sea"},"geometry":{"type":"LineString","coordinates":[[29.0,40.99],[36.483333,45.35]]}},{"type":"Feature","properties":{"id":"sea:chokepoint-bosphorus:port-feodosiya","a":"chokepoint-bosphorus","b":"port-feodosiya","travel_ticks":3,"kind":"sea"},"geometry":{"type":"LineString","coordinates":[[29.0,40.99],[35.433333,45.016667]]}},{"type":"Feature","properties":{"id":"sea:chokepoint-bosphorus:port-kherson","a":"chokepoint-bosphorus","b":"port-kherson","travel_ticks":3,"kind":"sea"},"geometry":{"type":"LineString","coordinates":[[29.0,40.99],[32.6,46.616667]]}},{"type":"Feature","properties":{"id":"sea:chokepoint-bosphorus:port-odesa","a":"chokepoint-bosphorus","b":"port-odesa","travel_ticks":3,"kind":"sea"},"geometry":{"type":"LineString","coordinates":[[29.0,40.99],[30.733333,46.483333]]}},{"type":"Feature","properties":{"id":"sea:chokepoint-bosphorus:port-illichivsk","a":"chokepoint-bosphorus","b":"port-illichivsk","travel_ticks":3,"kind":"sea"},"geometry":{"type":"LineString","coordinates":[[29.0,40.99],[30.65,46.3]]}},{"type":"Feature","properties":{"id":"sea:chokepoint-bosphorus:port-constanta","a":"chokepoint-bosphorus","b":"port-constanta","travel_ticks":2,"kind":"sea"},"geometry":{"type":"LineString","coordinates":[[29.0,40.99],[28.65,44.166667]]}},{"type":"Feature","properties":{"id":"sea:chokepoint-bosphorus:port-mangalia","a":"chokepoint-bosphorus","b":"port-mangalia","travel_ticks":1,"kind":"sea"},"geometry":{"type":"LineString","coordinates":[[29.0,40.99],[28.583333,43.816667]]}},{"type":"Feature","properties":{"id":"sea:chokepoint-bosphorus:port-istanbul","a":"chokepoint-bosphorus","b":"port-istanbul","travel_ticks":1,"kind":"sea"},"geometry":{"type":"LineString","coordinates":[[29.0,40.99],[28.966667,41.016667]]}},{"type":"Feature","properties":{"id":"sea:chokepoint-bosphorus:port-galati","a":"chokepoint-bosphorus","b":"port-galati","travel_ticks":2,"kind":"sea"},"geometry":{"type":"LineString","coordinates":[[29.0,40.99],[28.083333,45.416667]]}},{"type":"Feature","properties":{"id":"sea:chokepoint-bosphorus:port-braila","a":"chokepoint-bosphorus","b":"port-braila","travel_ticks":2,"kind":"sea"},"geometry":{"type":"LineString","coordinates":[[29.0,40.99],[27.983333,45.25]]}},{"type":"Feature","properties":{"id":"sea:chokepoint-bosphorus:port-mykolayiv","a":"chokepoint-bosphorus","b":"port-mykolayiv","travel_ticks":3,"kind":"sea"},"geometry":{"type":"LineString","coordinates":[[29.0,40.99],[31.983333,46.95]]}},{"type":"Feature","properties":{"id":"sea:chokepoint-bosphorus:port-kyrylivka","a":"chokepoint-bosphorus","b":"port-kyrylivka","travel_ticks":4,"kind":"sea"},"geometry":{"type":"LineString","coordinates":[[29.0,40.99],[35.366667,46.35]]}},{"type":"Feature","properties":{"id":"sea:chokepoint-bosphorus:port-batumi","a":"chokepoint-bosphorus","b":"port-batumi","travel_ticks":5,"kind":"sea"},"geometry":{"type":"LineString","coordinates":[[29.0,40.99],[41.65,41.65]]}},{"type":"Feature","properties":{"id":"sea:chokepoint-bosphorus:port-ambarli","a":"chokepoint-bosphorus","b":"port-ambarli","travel_ticks":1,"kind":"sea"},"geometry":{"type":"LineString","coordinates":[[29.0,40.99],[28.7,40.966667]]}},{"type":"Feature","properties":{"id":"sea:chokepoint-bosphorus:port-istinye","a":"chokepoint-bosphorus","b":"port-istinye","travel_ticks":1,"kind":"sea"},"geometry":{"type":"LineString","coordinates":[[29.0,40.99],[29.05,41.116667]]}},{"type":"Feature","properties":{"id":"sea:chokepoint-bosphorus:port-cernavoda","a":"chokepoint-bosphorus","b":"port-cernavoda","travel_ticks":2,"kind":"sea"},"geometry":{"type":"LineString","coordinates":[[29.0,40.99],[28.05,44.333333]]}},{"type":"Feature","properties":{"id":"sea:chokepoint-bosphorus:port-dniprobuzkyy","a":"chokepoint-bosphorus","b":"port-dniprobuzkyy","travel_ticks":3,"kind":"sea"},"geometry":{"type":"LineString","coordinates":[[29.0,40.99],[31.883333,46.733333]]}},{"type":"Feature","properties":{"id":"sea:chokepoint-bosphorus:port-khorly","a":"chokepoint-bosphorus","b":"port-khorly","travel_ticks":3,"kind":"sea"},"geometry":{"type":"LineString","coordinates":[[29.0,40.99],[33.283333,46.083333]]}},{"type":"Feature","properties":{"id":"sea:chokepoint-bosphorus:port-henichesk","a":"chokepoint-bosphorus","b":"port-henichesk","travel_ticks":3,"kind":"sea"},"geometry":{"type":"LineString","coordinates":[[29.0,40.99],[34.816667,46.166667]]}},{"type":"Feature","properties":{"id":"sea:chokepoint-bosphorus:port-kavkazoilterminal","a":"chokepoint-bosphorus","b":"port-kavkazoilterminal","travel_ticks":4,"kind":"sea"},"geometry":{"type":"LineString","coordinates":[[29.0,40.99],[36.65,45.333333]]}},{"type":"Feature","properties":{"id":"sea:chokepoint-bosphorus:port-anapa","a":"chokepoint-bosphorus","b":"port-anapa","travel_ticks":4,"kind":"sea"},"geometry":{"type":"LineString","coordinates":[[29.0,40.99],[37.316667,44.883333]]}},{"type":"Feature","properties":{"id":"sea:chokepoint-bosphorus:port-adler","a":"chokepoint-bosphorus","b":"port-adler","travel_ticks":4,"kind":"sea"},"geometry":{"type":"LineString","coordinates":[[29.0,40.99],[39.933333,43.433333]]}},{"type":"Feature","properties":{"id":"sea:chokepoint-bosphorus:port-hopa","a":"chokepoint-bosphorus","b":"port-hopa","travel_ticks":5,"kind":"sea"},"geometry":{"type":"LineString","coordinates":[[29.0,40.99],[41.4,41.416667]]}},{"type":"Feature","properties":{"id":"sea:chokepoint-bosphorus:port-eregli","a":"chokepoint-bosphorus","b":"port-eregli","travel_ticks":1,"kind":"sea"},"geometry":{"type":"LineString","coordinates":[[29.0,40.99],[31.45,41.3]]}},{"type":"Feature","properties":{"id":"sea:chokepoint-bosphorus:port-botasnaturalgasterminal","a":"chokepoint-bosphorus","b":"port-botasnaturalgasterminal","travel_ticks":1,"kind":"sea"},"geometry":{"type":"LineString","coordinates":[[29.0,40.99],[27.983333,41.0]]}},{"type":"Feature","properties":{"id":"sea:chokepoint-bosphorus:port-izmayil","a":"chokepoint-bosphorus","b":"port-izmayil","travel_ticks":2,"kind":"sea"},"geometry":{"type":"LineString","coordinates":[[29.0,40.99],[28.85,45.333333]]}},{"type":"Feature","properties":{"id":"sea:chokepoint-bosphorus:port-belgoroddnestrovsky","a":"chokepoint-bosphorus","b":"port-belgoroddnestrovsky","travel_ticks":3,"kind":"sea"},"geometry":{"type":"LineString","coordinates":[[29.0,40.99],[30.366667,46.183333]]}},{"type":"Feature","properties":{"id":"sea:chokepoint-bosphorus:port-chornomorske","a":"chokepoint-bosphorus","b":"port-chornomorske","travel_ticks":3,"kind":"sea"},"geometry":{"type":"LineString","coordinates":[[29.0,40.99],[32.7,45.516667]]}},{"type":"Feature","properties":{"id":"sea:chokepoint-bosphorus:port-balaklava","a":"chokepoint-bosphorus","b":"port-balaklava","travel_ticks":2,"kind":"sea"},"geometry":{"type":"LineString","coordinates":[[29.0,40.99],[33.6,44.5]]}},{"type":"Feature","properties":{"id":"sea:chokepoint-bosphorus:port-alushta","a":"chokepoint-bosphorus","b":"port-alushta","travel_ticks":3,"kind":"sea"},"geometry":{"type":"LineString","coordinates":[[29.0,40.99],[34.416667,44.683333]]}},{"type":"Feature","properties":{"id":"sea:chokepoint-bosphorus:port-gelendzhik","a":"chokepoint-bosphorus","b":"port-gelendzhik","travel_ticks":4,"kind":"sea"},"geometry":{"type":"LineString","coordinates":[[29.0,40.99],[38.066667,44.55]]}},{"type":"Feature","properties":{"id":"sea:chokepoint-bosphorus:port-inebolu","a":"chokepoint-bosphorus","b":"port-inebolu","travel_ticks":2,"kind":"sea"},"geometry":{"type":"LineString","coordinates":[[29.0,40.99],[33.766667,41.983333]]}},{"type":"Feature","properties":{"id":"sea:chokepoint-bosphorus:port-medgidia","a":"chokepoint-bosphorus","b":"port-medgidia","travel_ticks":2,"kind":"sea"},"geometry":{"type":"LineString","coordinates":[[29.0,40.99],[28.266667,44.25]]}},{"type":"Feature","properties":{"id":"sea:chokepoint-bosphorus:port-defterdarburnu","a":"chokepoint-bosphorus","b":"port-defterdarburnu","travel_ticks":1,"kind":"sea"},"geometry":{"type":"LineString","coordinates":[[29.0,40.99],[29.033333,41.05]]}},{"type":"Feature","properties":{"id":"sea:chokepoint-bosphorus:port-burgas","a":"chokepoint-bosphorus","b":"port-burgas","travel_ticks":1,"kind":"sea"},"geometry":{"type":"LineString","coordinates":[[29.0,40.99],[27.483333,42.483333]]}},{"type":"Feature","properties":{"id":"sea:chokepoint-bosphorus:port-basarabi","a":"chokepoint-bosphorus","b":"port-basarabi","travel_ticks":2,"kind":"sea"},"geometry":{"type":"LineString","coordinates":[[29.0,40.99],[28.433333,44.166667]]}},{"type":"Feature","properties":{"id":"sea:chokepoint-bosphorus:port-danubeblackseacanal","a":"chokepoint-bosphorus","b":"port-danubeblackseacanal","travel_ticks":2,"kind":"sea"},"geometry":{"type":"LineString","coordinates":[[29.0,40.99],[28.183333,44.266667]]}},{"type":"Feature","properties":{"id":"sea:chokepoint-bosphorus:port-midia","a":"chokepoint-bosphorus","b":"port-midia","travel_ticks":2,"kind":"sea"},"geometry":{"type":"LineString","coordinates":[[29.0,40.99],[28.666667,44.35]]}},{"type":"Feature","properties":{"id":"sea:chokepoint-bosphorus:port-rize","a":"chokepoint-bosphorus","b":"port-rize","travel_ticks":4,"kind":"sea"},"geometry":{"type":"LineString","coordinates":[[29.0,40.99],[40.516667,41.066667]]}},{"type":"Feature","properties":{"id":"sea:chokepoint-bosphorus:port-yeysk","a":"chokepoint-bosphorus","b":"port-yeysk","travel_ticks":4,"kind":"sea"},"geometry":{"type":"LineString","coordinates":[[29.0,40.99],[38.266667,46.733333]]}},{"type":"Feature","properties":{"id":"sea:chokepoint-bosphorus:port-zonguldak","a":"chokepoint-bosphorus","b":"port-zonguldak","travel_ticks":1,"kind":"sea"},"geometry":{"type":"LineString","coordinates":[[29.0,40.99],[31.816667,41.466667]]}},{"type":"Feature","properties":{"id":"sea:chokepoint-bosphorus:port-tulcea","a":"chokepoint-bosphorus","b":"port-tulcea","travel_ticks":2,"kind":"sea"},"geometry":{"type":"LineString","coordinates":[[29.0,40.99],[28.816667,45.166667]]}},{"type":"Feature","properties":{"id":"sea:chokepoint-bosphorus:port-rostovnadonu","a":"chokepoint-bosphorus","b":"port-rostovnadonu","travel_ticks":5,"kind":"sea"},"geometry":{"type":"LineString","coordinates":[[29.0,40.99],[39.716667,47.166667]]}},{"type":"Feature","properties":{"id":"sea:chokepoint-bosphorus:port-sudak","a":"chokepoint-bosphorus","b":"port-sudak","travel_ticks":3,"kind":"sea"},"geometry":{"type":"LineString","coordinates":[[29.0,40.99],[34.983333,44.85]]}},{"type":"Feature","properties":{"id":"sea:chokepoint-bosphorus:port-taganrog","a":"chokepoint-bosphorus","b":"port-taganrog","travel_ticks":5,"kind":"sea"},"geometry":{"type":"LineString","coordinates":[[29.0,40.99],[38.95,47.2]]}},{"type":"Feature","properties":{"id":"sea:chokepoint-bosphorus:port-yevpatoriya","a":"chokepoint-bosphorus","b":"port-yevpatoriya","travel_ticks":3,"kind":"sea"},"geometry":{"type":"LineString","coordinates":[[29.0,40.99],[33.383333,45.2]]}},{"type":"Feature","properties":{"id":"sea:chokepoint-bosphorus:port-ordu","a":"chokepoint-bosphorus","b":"port-ordu","travel_ticks":3,"kind":"sea"},"geometry":{"type":"LineString","coordinates":[[29.0,40.99],[37.883333,41.0]]}},{"type":"Feature","properties":{"id":"sea:chokepoint-bosphorus:port-sinop","a":"chokepoint-bosphorus","b":"port-sinop","travel_ticks":2,"kind":"sea"},"geometry":{"type":"LineString","coordinates":[[29.0,40.99],[35.166667,42.05]]}},{"type":"Feature","properties":{"id":"sea:chokepoint-bosphorus:port-yalta","a":"chokepoint-bosphorus","b":"port-yalta","travel_ticks":3,"kind":"sea"},"geometry":{"type":"LineString","coordinates":[[29.0,40.99],[34.166667,44.483333]]}},{"type":"Feature","properties":{"id":"sea:chokepoint-bosphorus:port-ustdunaisk","a":"chokepoint-bosphorus","b":"port-ustdunaisk","travel_ticks":2,"kind":"sea"},"geometry":{"type":"LineString","coordinates":[[29.0,40.99],[29.7,45.466667]]}},{"type":"Feature","properties":{"id":"sea:chokepoint-bosphorus:port-yarimca","a":"chokepoint-bosphorus","b":"port-yarimca","travel_ticks":1,"kind":"sea"},"geometry":{"type":"LineString","coordinates":[[29.0,40.99],[29.7,40.8]]}},{"type":"Feature","properties":{"id":"sea:chokepoint-bosphorus:port-samsun","a":"chokepoint-bosphorus","b":"port-samsun","travel_ticks":3,"kind":"sea"},"geometry":{"type":"LineString","coordinates":[[29.0,40.99],[36.35,41.3]]}},{"type":"Feature","properties":{"id":"sea:chokepoint-bosphorus:port-varna","a":"chokepoint-bosphorus","b":"port-varna","travel_ticks":1,"kind":"sea"},"geometry":{"type":"LineString","coordinates":[[29.0,40.99],[27.966667,43.183333]]}},{"type":"Feature","properties":{"id":"sea:chokepoint-bosphorus:port-yuzhnyy","a":"chokepoint-bosphorus","b":"port-yuzhnyy","travel_ticks":3,"kind":"sea"},"geometry":{"type":"LineString","coordinates":[[29.0,40.99],[31.016667,46.6]]}},{"type":"Feature","properties":{"id":"sea:chokepoint-bosphorus:port-temryuk","a":"chokepoint-bosphorus","b":"port-temryuk","travel_ticks":4,"kind":"sea"},"geometry":{"type":"LineString","coordinates":[[29.0,40.99],[37.35,45.35]]}},{"type":"Feature","properties":{"id":"sea:chokepoint-bosphorus:port-tuapse","a":"chokepoint-bosphorus","b":"port-tuapse","travel_ticks":4,"kind":"sea"},"geometry":{"type":"LineString","coordinates":[[29.0,40.99],[39.066667,44.1]]}},{"type":"Feature","properties":{"id":"sea:chokepoint-bosphorus:port-portoktyabrsk","a":"chokepoint-bosphorus","b":"port-portoktyabrsk","travel_ticks":3,"kind":"sea"},"geometry":{"type":"LineString","coordinates":[[29.0,40.99],[31.933333,46.833333]]}},{"type":"Feature","properties":{"id":"sea:chokepoint-bosphorus:port-sulina","a":"chokepoint-bosphorus","b":"port-sulina","travel_ticks":2,"kind":"sea"},"geometry":{"type":"LineString","coordinates":[[29.0,40.99],[29.666667,45.166667]]}},{"type":"Feature","properties":{"id":"sea:chokepoint-bosphorus:port-supsamarineterminal","a":"chokepoint-bosphorus","b":"port-supsamarineterminal","travel_ticks":5,"kind":"sea"},"geometry":{"type":"LineString","coordinates":[[29.0,40.99],[41.716667,42.1]]}},{"type":"Feature","properties":{"id":"sea:chokepoint-bosphorus:port-skadovsk","a":"chokepoint-bosphorus","b":"port-skadovsk","travel_ticks":3,"kind":"sea"},"geometry":{"type":"LineString","coordinates":[[29.0,40.99],[32.916667,46.1]]}},{"type":"Feature","properties":{"id":"sea:chokepoint-bosphorus:port-sokhumi","a":"chokepoint-bosphorus","b":"port-sokhumi","travel_ticks":5,"kind":"sea"},"geometry":{"type":"LineString","coordinates":[[29.0,40.99],[40.983333,42.983333]]}},{"type":"Feature","properties":{"id":"sea:chokepoint-bosphorus:port-reni","a":"chokepoint-bosphorus","b":"port-reni","travel_ticks":2,"kind":"sea"},"geometry":{"type":"LineString","coordinates":[[29.0,40.99],[28.3,45.433333]]}},{"type":"Feature","properties":{"id":"sea:chokepoint-bosphorus:port-sochi","a":"chokepoint-bosphorus","b":"port-sochi","travel_ticks":4,"kind":"sea"},"geometry":{"type":"LineString","coordinates":[[29.0,40.99],[39.733333,43.583333]]}},{"type":"Feature","properties":{"id":"sea:chokepoint-bosphorus:port-trabzon","a":"chokepoint-bosphorus","b":"port-trabzon","travel_ticks":4,"kind":"sea"},"geometry":{"type":"LineString","coordinates":[[29.0,40.99],[39.766667,41.016667]]}},{"type":"Feature","properties":{"id":"sea:chokepoint-bosphorus:port-sevastopol","a":"chokepoint-bosphorus","b":"port-sevastopol","travel_ticks":2,"kind":"sea"},"geometry":{"type":"LineString","coordinates":[[29.0,40.99],[33.533333,44.616667]]}},{"type":"Feature","properties":{"id":"sea:chokepoint-bosphorus:port-borusanfertilizerjetty","a":"chokepoint-bosphorus","b":"port-borusanfertilizerjetty","travel_ticks":1,"kind":"sea"},"geometry":{"type":"LineString","coordinates":[[29.0,40.99],[29.1,40.416667]]}},{"type":"Feature","properties":{"id":"sea:chokepoint-bosphorus:port-vrakhonisiskallonis","a":"chokepoint-bosphorus","b":"port-vrakhonisiskallonis","travel_ticks":1,"kind":"sea"},"geometry":{"type":"LineString","coordinates":[[29.0,40.99],[26.083333,39.083333]]}},{"type":"Feature","properties":{"id":"sea:chokepoint-bosphorus:port-plomarion","a":"chokepoint-bosphorus","b":"port-plomarion","travel_ticks":1,"kind":"sea"},"geometry":{"type":"LineString","coordinates":[[29.0,40.99],[26.366667,38.983333]]}},{"type":"Feature","properties":{"id":"sea:chokepoint-bosphorus:port-dikili","a":"chokepoint-bosphorus","b":"port-dikili","travel_ticks":1,"kind":"sea"},"geometry":{"type":"LineString","coordinates":[[29.0,40.99],[26.816667,39.016667]]}},{"type":"Feature","properties":{"id":"sea:chokepoint-bosphorus:port-erdek","a":"chokepoint-bosphorus","b":"port-erdek","travel_ticks":1,"kind":"sea"},"geometry":{"type":"LineString","coordinates":[[29.0,40.99],[27.8,40.383333]]}},{"type":"Feature","properties":{"id":"sea:chokepoint-bosphorus:port-ayvalik","a":"chokepoint-bosphorus","b":"port-ayvalik","travel_ticks":1,"kind":"sea"},"geometry":{"type":"LineString","coordinates":[[29.0,40.99],[26.7,39.316667]]}},{"type":"Feature","properties":{"id":"sea:chokepoint-bosphorus:port-nemrutlimanibay","a":"chokepoint-bosphorus","b":"port-nemrutlimanibay","travel_ticks":1,"kind":"sea"},"geometry":{"type":"LineString","coordinates":[[29.0,40.99],[26.916667,38.766667]]}},{"type":"Feature","properties":{"id":"sea:chokepoint-bosphorus:port-aliaga","a":"chokepoint-bosphorus","b":"port-aliaga","travel_ticks":1,"kind":"sea"},"geometry":{"type":"LineString","coordinates":[[29.0,40.99],[26.933333,38.833333]]}},{"type":"Feature","properties":{"id":"sea:chokepoint-bosphorus:port-izmir","a":"chokepoint-bosphorus","b":"port-izmir","travel_ticks":1,"kind":"sea"},"geometry":{"type":"LineString","coordinates":[[29.0,40.99],[27.133333,38.433333]]}},{"type":"Feature","properties":{"id":"sea:chokepoint-bosphorus:port-gemlik","a":"chokepoint-bosphorus","b":"port-gemlik","travel_ticks":1,"kind":"sea"},"geometry":{"type":"LineString","coordinates":[[29.0,40.99],[29.116667,40.416667]]}},{"type":"Feature","properties":{"id":"sea:chokepoint-bosphorus:port-canakkale","a":"chokepoint-bosphorus","b":"port-canakkale","travel_ticks":1,"kind":"sea"},"geometry":{"type":"LineString","coordinates":[[29.0,40.99],[26.4,40.15]]}},{"type":"Feature","properties":{"id":"sea:chokepoint-bosphorus:port-mudanya","a":"chokepoint-bosphorus","b":"port-mudanya","travel_ticks":1,"kind":"sea"},"geometry":{"type":"LineString","coordinates":[[29.0,40.99],[28.883333,40.383333]]}},{"type":"Feature","properties":{"id":"sea:chokepoint-bosphorus:port-bandirma","a":"chokepoint-bosphorus","b":"port-bandirma","travel_ticks":1,"kind":"sea"},"geometry":{"type":"LineString","coordinates":[[29.0,40.99],[27.966667,40.35]]}},{"type":"Feature","properties":{"id":"sea:chokepoint-bosphorus:port-karabiga","a":"chokepoint-bosphorus","b":"port-karabiga","travel_ticks":1,"kind":"sea"},"geometry":{"type":"LineString","coordinates":[[29.0,40.99],[27.316667,40.4]]}},{"type":"Feature","properties":{"id":"sea:chokepoint-bosphorus:port-gelibolu","a":"chokepoint-bosphorus","b":"port-gelibolu","travel_ticks":1,"kind":"sea"},"geometry":{"type":"LineString","coordinates":[[29.0,40.99],[26.666667,40.4]]}},{"type":"Feature","properties":{"id":"sea:chokepoint-bosphorus:port-khios","a":"chokepoint-bosphorus","b":"port-khios","travel_ticks":2,"kind":"sea"},"geometry":{"type":"LineString","coordinates":[[29.0,40.99],[26.133333,38.366667]]}},{"type":"Feature","properties":{"id":"sea:chokepoint-bosphorus:port-eceabat","a":"chokepoint-bosphorus","b":"port-eceabat","travel_ticks":1,"kind":"sea"},"geometry":{"type":"LineString","coordinates":[[29.0,40.99],[26.366667,40.183333]]}},{"type":"Feature","properties":{"id":"sea:chokepoint-bosphorus:port-derinceburnu","a":"chokepoint-bosphorus","b":"port-derinceburnu","travel_ticks":1,"kind":"sea"},"geometry":{"type":"LineString","coordinates":[[29.0,40.99],[29.816667,40.75]]}},{"type":"Feature","properties":{"id":"sea:chokepoint-bosphorus:port-izmit","a":"chokepoint-bosphorus","b":"port-izmit","travel_ticks":1,"kind":"sea"},"geometry":{"type":"LineString","coordinates":[[29.0,40.99],[29.916667,40.766667]]}},{"type":"Feature","properties":{"id":"sea:chokepoint-bosphorus:port-mitilini","a":"chokepoint-bosphorus","b":"port-mitilini","travel_ticks":1,"kind":"sea"},"geometry":{"type":"LineString","coordinates":[[29.0,40.99],[26.566667,39.1]]}},{"type":"Feature","properties":{"id":"sea:chokepoint-bosphorus:port-gebze","a":"chokepoint-bosphorus","b":"port-gebze","travel_ticks":1,"kind":"sea"},"geometry":{"type":"LineString","coordinates":[[29.0,40.99],[29.55,40.766667]]}},{"type":"Feature","properties":{"id":"sea:chokepoint-bosphorus:port-golcukburnu","a":"chokepoint-bosphorus","b":"port-golcukburnu","travel_ticks":1,"kind":"sea"},"geometry":{"type":"LineString","coordinates":[[29.0,40.99],[29.816667,40.733333]]}},{"type":"Feature","properties":{"id":"sea:chokepoint-bosphorus:port-kababurnu","a":"chokepoint-bosphorus","b":"port-kababurnu","travel_ticks":1,"kind":"sea"},"geometry":{"type":"LineString","coordinates":[[29.0,40.99],[29.533333,40.766667]]}}]}