{"type":"FeatureCollection","note":"Natural Earth physical. Shared by every scenario regardless of era.","features":[{"type":"Feature","properties":{},"geometry":{"type":"MultiPolygon","coordinates":[[[[51.745,46.934],[52.138,46.829],[52.483,46.991],[53.069,46.856],[53.17,46.669],[53.064,46.475],[53.135,46.192],[52.774,45.573],[53.2,45.332],[51.416,45.358],[51.009,44.922],[51.544,44.531],[50.409,44.624],[50.253,44.406],[50.831,44.193],[51.302,43.482],[51.295,43.174],[51.616,43.158],[51.898,42.87],[52.597,42.76],[52.468,41.886],[52.85,41.2],[52.815,41.712],[52.97,41.976],[53.752,42.129],[54.095,41.519],[54.704,41.071],[54.685,40.873],[54.319,40.835],[54.377,40.693],[53.87,40.649],[53.615,40.819],[53.145,40.825],[52.943,41.038],[52.734,40.399],[52.805,40.054],[53.036,39.774],[52.987,39.988],[53.487,39.909],[53.472,39.669],[53.603,39.547],[53.236,39.609],[53.157,39.265],[53.336,39.341],[53.705,39.21],[53.869,38.949],[53.824,37.928],[53.97,36.818],[53.679,36.853],[53.915,36.93],[53.768,36.93],[51.762,36.615],[50.927,36.81],[50.338,37.149],[50.13,37.407],[49.081,37.668],[48.871,38.393],[48.962,39.079],[49.165,39.03],[49.363,39.35],[49.324,39.608],[49.551,40.194],[49.919,40.316],[50.366,40.279],[50.183,40.505],[49.457,40.8],[48.824,41.63],[47.728,42.681],[47.463,43.035],[47.646,43.885],[47.463,43.555],[47.307,44.103],[46.707,44.503],[47.351,45.218],[47.529,45.53],[47.479,45.688],[47.633,45.584],[48.487,45.935],[48.73,45.897],[48.684,46.086],[49.246,46.292],[49.347,46.519],[49.886,46.596],[50.92,47.041],[51.291,47.097],[51.745,46.934]],[[47.918,45.618],[47.92,45.562],[47.968,45.47],[47.983,45.488],[47.987,45.554],[47.947,45.647],[47.918,45.618]],[[52.554,45.474],[52.682,45.412],[52.66,45.518],[52.554,45.474]],[[50.35,45.083],[50.295,45.076],[50.256,45.022],[50.277,44.959],[50.312,44.972],[50.331,44.998],[50.35,45.083]],[[50.117,45.058],[49.995,44.937],[50.149,44.826],[50.039,44.949],[50.117,45.058]],[[53.019,39.053],[53.1,38.756],[53.092,39.094],[53.019,39.053]]],[[[17.964,59.359],[18.99,59.828],[18.787,60.079],[18.535,60.153],[18.558,60.254],[17.956,60.59],[17.661,60.535],[17.251,60.701],[17.131,61.576],[17.196,61.725],[17.465,61.684],[17.375,61.866],[17.634,62.233],[17.378,62.463],[18.037,62.601],[17.903,62.659],[17.88,62.873],[18.17,62.789],[18.463,62.896],[18.502,62.989],[18.313,62.996],[18.606,63.178],[20.763,63.868],[21.018,64.178],[21.52,64.463],[21.138,64.809],[21.574,65.126],[21.41,65.317],[21.609,65.261],[21.566,65.408],[22.254,65.598],[22.401,65.862],[23.102,65.735],[24.628,65.859],[24.675,65.671],[25.348,65.479],[25.256,65.143],[25.373,65.009],[25.228,64.951],[25.288,64.86],[24.558,64.801],[23.599,64.041],[22.532,63.648],[22.243,63.438],[22.32,63.31],[21.545,63.204],[21.651,63.039],[21.474,63.033],[21.104,62.623],[21.343,62.277],[21.256,61.99],[21.606,61.592],[21.498,61.552],[21.565,61.484],[21.361,60.967],[21.436,60.596],[22.585,60.381],[22.463,60.029],[22.75,60.057],[22.912,60.21],[23.198,60.022],[23.021,59.816],[23.464,59.986],[24.446,60.021],[25.656,60.333],[25.758,60.268],[26.036,60.342],[25.956,60.474],[26.378,60.424],[26.569,60.625],[26.535,60.413],[28.513,60.677],[28.651,60.611],[28.622,60.492],[28.492,60.54],[28.643,60.375],[29.069,60.191],[29.721,60.195],[30.173,59.957],[30.123,59.874],[29.147,60.0],[28.947,59.829],[28.518,59.85],[28.335,59.693],[28.058,59.782],[28.064,59.554],[27.893,59.414],[25.509,59.639],[25.444,59.521],[24.38,59.473],[24.054,59.372],[24.083,59.292],[23.494,59.196],[23.432,58.921],[23.504,58.79],[23.681,58.787],[23.509,58.659],[23.768,58.361],[24.115,58.266],[24.529,58.354],[24.302,57.784],[24.383,57.25],[23.648,56.971],[23.287,57.09],[22.555,57.724],[21.729,57.571],[21.031,56.637],[21.062,55.813],[21.238,55.455],[21.189,54.935],[20.595,54.982],[21.032,55.35],[21.115,55.617],[20.679,55.103],[19.975,54.921],[19.859,54.634],[19.407,54.386],[18.836,54.37],[18.436,54.745],[18.759,54.685],[18.086,54.836],[17.262,54.73],[16.56,54.554],[16.186,54.29],[14.384,53.925],[13.828,54.127],[13.926,53.879],[14.558,53.823],[14.583,53.639],[13.95,53.801],[13.724,54.153],[13.448,54.141],[13.029,54.411],[12.575,54.467],[12.111,54.168],[11.4,53.945],[10.855,54.01],[11.064,54.281],[11.013,54.379],[10.732,54.316],[9.869,54.472],[10.022,54.674],[9.746,54.807],[9.688,55.0],[9.454,55.04],[9.671,55.266],[9.591,55.493],[10.024,55.761],[9.904,55.843],[10.183,55.865],[10.319,56.213],[10.753,56.242],[10.926,56.443],[10.283,56.621],[10.296,56.999],[10.524,57.243],[10.445,57.562],[10.61,57.737],[9.962,57.581],[9.434,57.174],[8.619,57.111],[8.268,56.754],[8.772,56.725],[9.11,57.044],[9.255,57.012],[9.196,56.702],[8.888,56.735],[8.672,56.496],[8.164,56.607],[8.132,55.6],[8.616,55.418],[8.682,54.792],[8.957,54.538],[8.645,54.295],[8.907,54.261],[8.978,53.926],[9.784,53.555],[9.206,53.856],[8.619,53.875],[8.495,53.394],[8.334,53.606],[8.201,53.432],[8.009,53.691],[7.629,53.697],[7.206,53.655],[7.053,53.376],[7.197,53.282],[6.816,53.441],[5.532,53.269],[5.061,52.961],[4.769,52.941],[4.483,52.309],[4.026,51.928],[3.947,51.811],[4.183,51.61],[4.005,51.596],[4.274,51.472],[3.449,51.541],[4.226,51.386],[3.426,51.394],[1.768,50.936],[1.579,50.739],[1.593,50.252],[1.407,50.089],[0.187,49.703],[0.129,49.508],[0.417,49.448],[-0.163,49.297],[-1.139,49.388],[-1.259,49.68],[-1.856,49.684],[-1.583,49.202],[-1.565,48.806],[-1.376,48.653],[-1.906,48.697],[-2.004,48.582],[-2.446,48.648],[-2.692,48.537],[-3.231,48.841],[-4.721,48.54],[-4.719,48.363],[-4.241,48.304],[-4.577,48.29],[-4.329,48.17],[-4.679,48.04],[-4.312,47.823],[-2.787,47.626],[-2.77,47.514],[-2.428,47.471],[-2.503,47.312],[-1.743,47.216],[-2.149,47.224],[-2.019,47.038],[-2.092,46.865],[-1.787,46.515],[-1.146,46.311],[-1.032,45.741],[-1.196,45.714],[-0.791,45.468],[-0.548,45.001],[-1.081,45.532],[-1.245,44.667],[-1.153,44.764],[-1.077,44.69],[-1.246,44.56],[-1.485,43.564],[-1.991,43.345],[-2.875,43.454],[-3.046,43.372],[-3.605,43.519],[-4.523,43.416],[-5.847,43.645],[-7.061,43.554],[-7.698,43.765],[-8.257,43.58],[-8.355,43.397],[-9.178,43.174],[-9.235,42.977],[-8.927,42.799],[-9.033,42.594],[-8.812,42.64],[-8.73,42.412],[-8.816,42.285],[-8.691,42.274],[-8.887,42.105],[-8.878,41.947],[-8.777,41.941],[-8.888,41.765],[-8.755,41.698],[-8.685,40.753],[-8.838,40.116],[-9.375,39.338],[-9.48,38.799],[-9.136,38.743],[-8.792,39.078],[-9.021,38.747],[-9.25,38.657],[-9.213,38.448],[-8.799,38.518],[-8.668,38.424],[-8.881,38.447],[-8.814,37.431],[-8.998,37.032],[-8.598,37.121],[-7.834,37.006],[-6.864,37.279],[-6.396,36.832],[-6.217,36.914],[-6.384,36.637],[-6.041,36.188],[-5.625,36.026],[-5.361,36.135],[-5.171,36.424],[-4.674,36.506],[-4.367,36.718],[-2.112,36.777],[-1.641,37.387],[-1.328,37.561],[-0.722,37.631],[-0.815,37.77],[-0.521,38.317],[0.202,38.759],[-0.205,39.063],[-0.327,39.52],[0.596,40.615],[0.891,40.722],[0.715,40.823],[1.033,41.062],[2.083,41.287],[3.248,41.944],[3.15,42.162],[3.307,42.289],[3.043,42.838],[3.259,43.193],[4.053,43.593],[4.712,43.373],[5.06,43.445],[5.407,43.229],[6.116,43.072],[6.57,43.199],[7.262,43.696],[8.005,43.877],[8.766,44.422],[10.188,43.948],[10.521,43.204],[10.515,42.968],[10.708,42.936],[11.168,42.535],[11.141,42.39],[11.637,42.288],[12.631,41.47],[13.089,41.244],[13.733,41.236],[14.044,40.812],[14.461,40.729],[14.34,40.599],[14.766,40.668],[14.948,40.469],[14.951,40.239],[15.693,39.99],[16.21,38.941],[16.197,38.759],[15.879,38.614],[15.646,38.034],[16.057,37.942],[16.546,38.409],[16.617,38.8],[17.175,38.998],[17.115,39.381],[16.522,39.748],[16.928,40.458],[17.18,40.503],[17.396,40.34],[17.865,40.28],[18.078,39.937],[18.344,39.821],[18.461,40.221],[17.955,40.655],[15.9,41.512],[16.165,41.896],[15.169,41.934],[14.541,42.244],[14.01,42.69],[13.564,43.571],[12.396,44.224],[12.248,44.723],[12.523,44.968],[12.226,45.242],[12.274,45.446],[13.206,45.771],[13.628,45.771],[13.783,45.627],[13.517,45.482],[13.861,44.837],[14.313,45.338],[14.55,45.298],[14.855,45.081],[14.981,44.603],[15.471,44.272],[15.123,44.257],[15.186,44.172],[15.986,43.52],[16.903,43.392],[17.724,42.851],[17.045,43.015],[18.646,42.443],[19.186,41.949],[19.578,41.788],[19.337,40.664],[19.398,40.285],[19.852,40.044],[20.301,39.327],[20.78,39.009],[21.118,39.03],[21.112,38.896],[20.769,38.874],[21.183,38.346],[21.331,38.487],[21.473,38.321],[22.422,38.439],[23.149,38.176],[23.122,38.073],[22.893,38.051],[22.92,37.958],[21.825,38.328],[21.658,38.175],[21.404,38.197],[21.125,37.892],[21.679,37.387],[21.583,37.081],[21.892,36.737],[21.956,36.99],[22.08,37.029],[22.428,36.476],[22.717,36.794],[23.16,36.448],[22.725,37.542],[23.162,37.334],[23.489,37.44],[23.036,37.878],[23.502,38.035],[24.02,37.678],[24.025,38.14],[23.253,38.661],[22.569,38.867],[23.067,39.038],[22.886,39.17],[22.921,39.306],[23.162,39.258],[23.155,39.101],[23.328,39.175],[22.592,40.037],[22.629,40.496],[22.922,40.591],[22.896,40.4],[23.627,39.924],[23.426,40.264],[23.665,40.224],[23.947,39.966],[23.967,40.115],[23.728,40.33],[23.913,40.359],[24.343,40.148],[24.213,40.328],[23.867,40.419],[23.763,40.748],[24.082,40.724],[24.477,40.948],[24.793,40.858],[25.104,40.995],[25.856,40.844],[26.105,40.611],[26.792,40.627],[26.254,40.315],[26.203,40.075],[26.772,40.498],[27.258,40.687],[27.499,40.973],[28.172,41.081],[28.956,41.008],[29.057,41.23],[28.198,41.554],[27.983,42.047],[27.485,42.468],[27.889,42.75],[27.929,43.186],[28.134,43.396],[28.465,43.389],[28.562,43.501],[28.645,44.296],[28.888,44.575],[28.807,44.565],[28.931,44.966],[29.095,44.975],[29.048,44.758],[29.558,44.843],[29.727,45.343],[29.628,45.722],[30.219,45.867],[30.796,46.552],[31.403,46.629],[31.563,46.777],[31.532,46.665],[31.873,46.65],[31.913,46.926],[31.759,47.213],[32.044,46.642],[32.578,46.616],[32.361,46.475],[31.555,46.554],[32.008,46.43],[31.831,46.282],[32.477,46.084],[33.202,46.176],[33.594,46.096],[33.665,45.947],[32.508,45.404],[33.555,45.098],[33.612,44.908],[33.451,44.554],[33.91,44.388],[34.47,44.722],[35.088,44.803],[35.473,45.098],[36.393,45.065],[36.575,45.394],[36.171,45.453],[35.458,45.316],[35.023,45.701],[34.85,46.19],[35.23,46.441],[35.28,46.279],[35.015,46.106],[35.827,46.624],[36.795,46.714],[37.543,47.075],[39.196,47.269],[39.271,47.044],[38.439,46.813],[38.501,46.664],[37.767,46.636],[37.914,46.406],[38.492,46.091],[38.184,46.095],[38.08,45.935],[37.933,46.002],[37.612,45.565],[37.647,45.377],[37.214,45.272],[36.866,45.427],[36.72,45.372],[36.941,45.29],[36.628,45.151],[37.205,44.972],[37.495,44.695],[37.851,44.699],[38.181,44.42],[38.717,44.288],[39.874,43.473],[41.419,42.738],[41.763,41.97],[41.702,41.705],[41.414,41.424],[40.265,40.961],[39.426,41.106],[38.381,40.925],[37.066,41.184],[36.778,41.363],[36.405,41.275],[36.052,41.683],[35.298,41.729],[35.122,41.891],[35.155,42.028],[35.006,42.063],[34.75,41.957],[33.381,42.018],[32.306,41.73],[31.255,41.108],[29.148,41.221],[29.114,40.938],[29.849,40.76],[28.788,40.534],[29.007,40.39],[27.963,40.37],[27.99,40.489],[27.875,40.513],[27.732,40.481],[27.849,40.382],[27.728,40.329],[27.285,40.456],[26.738,40.4],[26.181,39.99],[26.113,39.467],[26.899,39.55],[26.682,39.292],[26.854,39.116],[26.815,38.961],[27.014,38.887],[26.764,38.71],[26.907,38.482],[27.144,38.452],[26.674,38.336],[26.441,38.641],[26.416,38.368],[26.291,38.277],[27.232,37.979],[27.224,37.725],[27.068,37.658],[27.535,37.164],[27.3,37.127],[27.263,36.977],[28.242,37.029],[28.005,36.832],[27.467,36.746],[27.54,36.684],[28.084,36.751],[28.019,36.634],[28.112,36.646],[28.304,36.812],[28.97,36.715],[29.224,36.324],[29.689,36.157],[30.446,36.27],[30.644,36.866],[31.241,36.822],[32.022,36.535],[32.378,36.184],[32.795,36.036],[33.695,36.182],[34.704,36.817],[35.393,36.575],[36.049,36.911],[36.18,36.807],[36.188,36.659],[35.811,36.31],[35.957,35.998],[35.764,35.572],[35.902,35.421],[35.978,34.547],[35.648,34.248],[34.484,31.592],[33.903,31.181],[32.603,31.069],[32.251,31.295],[32.282,31.201],[32.102,31.093],[31.771,31.293],[31.892,31.482],[32.136,31.341],[31.889,31.541],[31.524,31.458],[31.083,31.603],[31.002,31.463],[30.563,31.417],[30.924,31.567],[30.395,31.458],[30.223,31.258],[29.072,30.83],[26.769,31.47],[25.893,31.621],[25.225,31.534],[24.879,31.984],[24.13,32.009],[23.286,32.214],[23.106,32.331],[23.091,32.619],[22.187,32.918],[21.636,32.937],[20.621,32.58],[20.121,32.219],[19.926,31.818],[20.141,31.196],[20.013,30.801],[19.59,30.414],[18.936,30.29],[17.83,30.928],[15.706,31.426],[15.177,32.391],[13.283,32.915],[12.754,32.801],[12.28,32.859],[11.203,33.249],[10.958,33.626],[10.723,33.514],[10.713,33.689],[10.305,33.728],[10.049,34.056],[10.065,34.212],[10.691,34.678],[11.12,35.24],[11.004,35.634],[10.591,35.887],[10.488,36.255],[11.127,36.874],[11.054,37.073],[10.951,37.059],[10.412,36.732],[10.293,36.781],[10.196,37.206],[9.876,37.254],[9.83,37.135],[9.838,37.309],[9.688,37.34],[8.824,36.998],[7.91,36.856],[7.432,37.059],[7.204,37.092],[7.238,36.969],[6.928,36.919],[6.487,37.086],[5.295,36.648],[4.758,36.896],[3.779,36.896],[2.973,36.784],[2.593,36.601],[1.257,36.52],[0.312,36.162],[-0.048,35.833],[-0.426,35.862],[-0.917,35.668],[-1.913,35.094],[-2.84,35.128],[-2.972,35.407],[-3.395,35.212],[-4.628,35.206],[-5.253,35.615],[-5.278,35.903],[-5.925,35.786],[-6.353,34.776],[-6.901,33.969],[-8.513,33.252],[-9.246,32.572],[-9.347,32.086],[-9.809,31.425],[-9.875,30.718],[-9.653,30.448],[-9.667,30.109],[-10.201,29.38],[-11.553,28.31],[-12.949,27.914],[-13.576,26.735],[-14.471,26.163],[-14.795,25.404],[-14.904,24.72],[-15.899,23.844],[-15.981,23.67],[-15.789,23.793],[-16.21,23.098],[-16.359,22.595],[-16.931,21.9],[-17.099,20.857],[-16.876,21.086],[-16.623,20.634],[-16.43,20.652],[-16.21,20.228],[-16.445,19.473],[-16.305,19.513],[-16.514,19.362],[-16.213,19.003],[-16.085,18.521],[-16.079,17.546],[-16.464,16.602],[-16.571,15.734],[-17.147,14.922],[-17.536,14.755],[-17.168,14.641],[-16.792,14.004],[-16.618,14.041],[-16.767,13.905],[-16.441,13.353],[-15.427,13.468],[-16.413,13.27],[-16.75,13.425],[-16.768,12.628],[-16.598,12.715],[-16.443,12.609],[-16.785,12.473],[-16.437,12.204],[-16.245,12.237],[-16.328,12.052],[-15.92,11.938],[-15.942,11.787],[-15.078,11.969],[-15.5,11.778],[-15.413,11.615],[-15.23,11.687],[-15.073,11.598],[-15.429,11.499],[-15.393,11.217],[-15.217,11.156],[-15.222,11.031],[-15.055,11.142],[-15.012,10.804],[-14.887,10.968],[-14.677,10.689],[-14.594,10.767],[-14.61,10.55],[-14.427,10.248],[-14.045,10.141],[-13.82,9.887],[-13.69,9.928],[-13.691,9.536],[-13.436,9.42],[-13.272,8.987],[-13.059,8.881],[-13.207,8.843],[-13.182,8.577],[-12.894,8.63],[-13.085,8.425],[-13.273,8.43],[-12.957,8.145],[-12.851,7.819],[-12.48,7.753],[-12.486,7.386],[-11.733,7.089],[-10.786,6.31],[-10.276,6.078],[-9.132,5.055],[-8.259,4.59],[-7.545,4.351],[-5.914,5.011],[-5.062,5.131],[-5.368,5.151],[-5.282,5.21],[-4.037,5.23],[-4.609,5.236],[-4.12,5.31],[-3.348,5.131],[-3.2,5.354],[-3.019,5.131],[-3.246,5.114],[-2.002,4.762],[0.26,5.757],[0.95,5.81],[1.311,6.147],[3.336,6.397],[3.717,6.598],[3.451,6.427],[4.431,6.349],[4.861,6.026],[5.112,5.642],[5.327,5.708],[5.457,5.612],[5.199,5.534],[5.386,5.402],[5.55,5.474],[5.368,5.338],[5.493,4.839],[6.077,4.291],[6.271,4.432],[6.264,4.309],[6.555,4.341],[6.58,4.476],[6.633,4.34],[6.86,4.373],[6.768,4.725],[6.923,4.391],[7.155,4.514],[7.077,4.716],[7.284,4.548],[7.531,4.655],[7.644,4.525],[8.293,4.558],[8.253,4.924],[8.571,4.752],[8.574,4.526],[8.69,4.55],[8.66,4.671],[8.918,4.554],[9.0,4.092],[9.425,3.922],[9.484,4.066],[9.689,4.056],[9.74,3.853],[9.556,3.798],[9.642,3.612],[9.766,3.624],[9.672,3.538],[9.948,3.079],[9.807,1.927],[9.386,1.139],[9.599,1.054],[9.618,0.577],[9.495,0.665],[9.325,0.552],[9.546,0.296],[10.001,0.195],[9.797,0.044],[9.468,0.16],[9.355,0.344],[9.297,-0.351],[8.946,-0.689],[8.703,-0.591],[9.065,-1.298],[9.347,-1.325],[9.296,-1.515],[9.501,-1.555],[9.319,-1.632],[9.036,-1.309],[9.266,-1.825],[9.483,-1.895],[9.299,-1.903],[9.625,-2.367],[10.062,-2.55],[9.722,-2.468],[11.778,-4.566],[12.177,-5.325],[12.24,-5.807],[12.453,-6.0],[13.068,-5.865],[12.283,-6.124],[12.823,-6.955],[13.379,-8.37],[13.359,-8.687],[12.999,-9.048],[13.847,-11.054],[13.686,-12.124],[13.417,-12.52],[12.983,-12.776],[12.55,-13.438],[12.016,-15.514],[11.751,-15.832],[11.776,-18.002],[12.458,-18.927],[13.451,-20.917],[14.463,-22.449],[14.502,-24.202],[14.837,-25.033],[14.968,-26.318],[15.139,-26.508],[15.342,-27.387],[15.719,-27.966],[16.739,-29.009],[17.347,-30.445],[18.211,-31.742],[18.325,-32.505],[18.125,-32.749],[17.965,-32.709],[17.851,-32.827],[18.433,-33.717],[18.352,-34.188],[18.462,-34.347],[18.5,-34.109],[18.752,-34.083],[18.831,-34.364],[19.098,-34.35],[19.331,-34.492],[19.298,-34.615],[20.021,-34.786],[20.53,-34.463],[21.789,-34.373],[22.554,-34.01],[23.268,-34.081],[23.698,-33.993],[24.596,-34.175],[24.827,-34.169],[25.003,-33.974],[25.574,-34.035],[25.806,-33.737],[26.614,-33.707],[27.861,-33.054],[29.971,-31.322],[31.335,-29.378],[32.375,-28.498],[32.889,-26.83],[32.955,-26.084],[32.849,-26.268],[32.59,-26.004],[32.792,-25.644],[33.347,-25.261],[34.992,-24.651],[35.438,-24.171],[35.542,-23.824],[35.37,-23.798],[35.575,-22.963],[35.54,-22.303],[35.456,-22.116],[35.383,-22.455],[35.316,-22.397],[35.268,-21.651],[34.982,-20.806],[34.705,-20.473],[34.756,-19.822],[34.649,-19.701],[34.948,-19.813],[35.854,-18.993],[36.236,-18.861],[36.263,-18.72],[36.404,-18.77],[36.939,-17.993],[37.512,-17.571],[38.145,-17.243],[39.084,-16.973],[39.845,-16.436],[39.791,-16.295],[39.984,-16.225],[40.559,-15.473],[40.835,-14.792],[40.818,-14.468],[40.646,-14.539],[40.716,-14.214],[40.596,-14.123],[40.569,-12.985],[40.437,-12.983],[40.581,-12.636],[40.403,-11.332],[40.597,-10.831],[40.487,-10.765],[40.612,-10.662],[40.389,-10.354],[39.725,-10.0],[39.641,-9.192],[39.304,-8.444],[39.441,-8.012],[39.428,-7.813],[39.287,-7.788],[39.288,-7.518],[39.546,-7.024],[38.874,-6.331],[38.805,-6.07],[39.228,-4.666],[39.491,-4.478],[40.115,-3.251],[40.279,-2.629],[40.813,-2.392],[40.996,-1.951],[41.387,-1.867],[41.98,-0.973],[43.718,0.858],[44.92,1.81],[46.051,2.475],[47.975,4.497],[49.049,6.174],[49.852,7.963],[50.825,9.428],[50.93,10.336],[51.385,10.387],[51.193,10.555],[51.032,10.445],[51.141,10.657],[51.084,11.336],[51.255,11.831],[50.792,11.984],[50.11,11.529],[49.062,11.271],[47.405,11.174],[46.565,10.746],[45.817,10.836],[44.943,10.437],[44.279,10.472],[43.162,11.566],[42.54,11.504],[43.337,12.027],[43.354,12.367],[43.083,12.825],[42.796,12.864],[42.523,13.221],[42.399,13.213],[42.245,13.588],[41.658,13.983],[41.176,14.62],[40.204,15.014],[39.864,15.47],[39.786,15.125],[39.507,15.532],[39.299,15.921],[38.912,17.427],[38.574,18.073],[37.471,18.82],[37.193,20.121],[37.141,20.982],[37.259,21.109],[36.927,21.587],[36.87,22.016],[36.23,22.629],[35.698,22.946],[35.504,23.779],[35.541,23.921],[35.784,23.938],[35.194,24.475],[33.959,26.649],[33.849,27.185],[33.55,27.607],[33.547,27.898],[32.659,28.928],[32.599,29.322],[32.36,29.631],[32.473,29.925],[32.566,29.974],[33.248,28.568],[34.22,27.764],[34.4,28.016],[34.736,29.271],[34.973,29.555],[34.625,28.065],[35.18,28.035],[37.149,25.291],[37.266,24.96],[37.181,24.82],[37.543,24.292],[37.92,24.185],[38.464,23.712],[39.062,22.592],[38.988,21.882],[39.276,20.974],[39.728,20.39],[40.759,19.755],[41.658,18.008],[42.294,17.435],[42.79,16.452],[42.799,15.326],[42.658,15.233],[42.936,14.939],[43.089,14.011],[43.282,13.693],[43.232,13.267],[43.488,12.699],[43.93,12.617],[45.039,12.816],[45.657,13.339],[46.789,13.466],[47.408,13.662],[47.99,14.048],[48.668,14.05],[49.35,14.638],[51.322,15.226],[52.217,15.656],[52.237,16.171],[52.581,16.47],[54.068,17.006],[55.064,17.039],[55.275,17.321],[55.255,17.586],[55.479,17.843],[56.383,17.988],[56.826,18.754],[57.812,19.017],[57.714,19.678],[57.862,20.244],[58.169,20.59],[58.209,20.424],[58.474,20.407],[58.896,21.113],[59.371,21.499],[59.824,22.305],[59.823,22.509],[59.429,22.661],[58.773,23.517],[57.22,23.923],[56.641,24.47],[56.373,25.018],[56.298,25.651],[56.413,26.351],[56.164,26.207],[55.941,25.794],[54.747,24.81],[54.397,24.278],[54.148,24.171],[53.802,24.069],[52.648,24.155],[52.119,23.971],[51.843,24.011],[51.768,24.254],[51.605,24.338],[51.31,24.34],[51.418,24.531],[51.268,24.607],[51.428,24.668],[51.609,25.053],[51.485,25.525],[51.543,25.902],[51.262,26.153],[51.003,25.981],[50.755,25.399],[50.804,24.789],[50.081,25.961],[50.032,26.111],[50.155,26.101],[50.214,26.308],[50.008,26.679],[50.15,26.663],[49.405,27.181],[49.175,27.438],[49.237,27.493],[48.797,27.724],[48.809,27.896],[48.051,29.355],[47.723,29.393],[47.97,29.617],[48.143,29.572],[47.983,30.011],[48.454,29.938],[48.832,30.035],[49.002,30.507],[49.225,30.472],[49.002,30.374],[49.555,30.029],[50.072,30.199],[50.169,29.921],[50.65,29.42],[50.675,29.147],[50.876,29.063],[50.867,28.87],[51.062,28.726],[51.279,28.131],[51.589,27.864],[52.031,27.824],[52.476,27.617],[52.692,27.323],[53.706,26.726],[54.247,26.697],[54.645,26.509],[56.118,27.143],[56.728,27.128],[57.036,26.801],[57.335,25.792],[57.796,25.653],[58.798,25.555],[59.046,25.417],[59.456,25.481],[60.4,25.312],[60.511,25.437],[60.664,25.282],[61.412,25.102],[62.199,25.225],[62.315,25.135],[62.665,25.265],[63.491,25.211],[63.557,25.353],[64.059,25.403],[64.659,25.184],[64.777,25.307],[66.468,25.445],[66.131,25.493],[66.429,25.575],[66.699,25.226],[66.703,24.861],[67.171,24.756],[67.309,24.175],[67.563,23.882],[67.86,23.903],[68.116,23.753],[68.165,23.857],[68.235,23.597],[68.777,23.852],[68.417,23.571],[68.817,23.054],[69.665,22.759],[70.339,22.94],[70.489,23.09],[70.177,22.573],[69.277,22.285],[69.052,22.437],[68.97,22.29],[70.485,20.84],[71.025,20.739],[72.015,21.156],[72.254,21.531],[72.21,21.728],[72.037,21.823],[72.274,22.09],[72.183,22.27],[72.809,22.233],[72.553,22.16],[72.522,21.976],[72.7,21.972],[72.543,21.697],[73.112,21.75],[72.613,21.462],[72.735,21.471],[72.624,21.372],[72.814,21.117],[72.894,20.673],[72.668,19.831],[72.788,19.363],[72.987,19.277],[72.812,19.299],[72.803,19.079],[72.835,18.976],[72.972,19.153],[73.006,19.021],[72.875,18.643],[73.338,16.46],[73.68,15.709],[73.833,15.659],[73.772,15.573],[73.932,15.397],[73.801,15.397],[73.949,15.075],[74.382,14.495],[74.946,12.565],[75.724,11.362],[76.346,9.922],[76.459,9.536],[76.242,9.927],[76.325,9.452],[76.553,8.903],[77.066,8.316],[77.518,8.078],[78.06,8.385],[78.192,8.891],[78.421,9.105],[78.98,9.269],[79.411,9.192],[79.02,9.333],[78.94,9.566],[79.315,10.257],[79.838,10.323],[79.849,11.197],[79.799,11.339],[79.693,11.313],[79.858,11.989],[80.229,12.69],[80.342,13.361],[80.062,13.606],[80.156,13.714],[80.307,13.485],[80.053,15.074],[80.293,15.711],[80.647,15.895],[80.979,15.758],[81.286,16.337],[81.762,16.329],[82.259,16.56],[82.36,17.096],[84.104,18.293],[84.771,19.125],[85.442,19.627],[85.181,19.595],[85.249,19.758],[85.504,19.888],[85.575,19.693],[86.216,19.896],[86.245,20.053],[86.377,20.007],[86.75,20.313],[86.975,20.7],[86.86,21.237],[87.101,21.501],[87.948,21.825],[88.159,22.122],[87.941,22.374],[88.196,22.14],[88.122,21.636],[88.254,21.622],[88.287,21.758],[88.446,21.614],[88.585,21.66],[88.642,22.122],[88.745,21.584],[88.858,21.745],[89.052,21.654],[88.949,21.938],[89.051,22.093],[89.094,21.873],[89.354,21.721],[89.501,21.914],[89.483,22.276],[89.569,21.767],[89.812,21.983],[89.985,22.466],[89.918,22.116],[89.954,22.023],[90.21,22.157],[90.071,21.887],[90.231,21.83],[90.616,22.362],[90.435,22.752],[90.591,23.266],[90.269,23.456],[90.556,23.422],[90.604,23.591],[90.656,23.025],[90.946,22.597],[91.216,22.642],[91.48,22.885],[91.797,22.297],[91.863,22.35],[92.056,21.175],[92.308,20.79],[92.723,20.296],[92.736,20.563],[92.891,20.34],[92.828,20.178],[93.067,20.378],[93.002,20.075],[93.129,19.858],[93.25,20.07],[93.707,19.912],[93.612,19.776],[93.998,19.441],[93.825,19.238],[93.493,19.369],[93.929,18.9],[94.045,19.287],[94.07,18.893],[94.246,18.741],[94.589,17.569],[94.224,16.016],[94.442,16.094],[94.703,16.512],[94.662,15.904],[94.893,16.183],[94.943,15.818],[95.177,15.826],[95.347,16.098],[95.301,15.756],[95.39,15.723],[95.763,16.169],[96.324,16.444],[96.189,16.768],[96.431,16.505],[96.765,16.71],[96.909,17.031],[96.851,17.401],[97.2,17.095],[97.376,16.523],[97.726,16.569],[97.584,16.02],[97.71,15.876],[97.812,14.859],[98.019,14.653],[97.91,14.653],[98.1,14.162],[98.111,13.713],[98.2,13.98],[98.576,13.162],[98.679,12.348],[98.6,12.245],[98.696,12.225],[98.636,11.738],[98.876,11.72],[98.741,11.592],[98.676,10.987],[98.465,10.676],[98.563,10.035],[98.703,10.19],[98.242,8.768],[98.305,8.226],[98.421,8.178],[98.579,8.344],[98.704,8.257],[99.359,7.372],[99.597,7.356],[99.696,6.877],[100.119,6.442],[100.343,5.984],[100.615,4.373],[100.796,4.023],[100.715,3.966],[101.3,3.253],[101.296,2.885],[102.727,1.856],[103.357,1.546],[103.48,1.329],[103.992,1.455],[103.981,1.624],[104.176,1.365],[104.288,1.481],[103.968,2.261],[103.439,2.933],[103.362,3.769],[103.454,4.669],[103.197,5.262],[101.498,6.865],[101.018,6.861],[100.424,7.188],[100.161,7.599],[100.257,7.775],[100.284,7.552],[100.545,7.227],[100.279,8.269],[99.99,8.589],[99.836,9.288],[99.254,9.265],[99.165,10.32],[99.989,12.171],[100.017,13.353],[100.603,13.568],[100.963,13.432],[100.898,12.654],[101.724,12.689],[102.54,12.109],[102.594,12.203],[103.125,11.461],[103.153,10.914],[103.354,10.922],[103.532,11.147],[103.722,10.89],[103.54,10.669],[103.587,10.552],[103.871,10.655],[104.262,10.541],[104.663,10.17],[105.028,10.067],[105.093,9.901],[104.903,9.816],[104.845,9.606],[104.896,8.747],[104.77,8.598],[105.114,8.629],[105.501,9.093],[106.168,9.397],[106.159,9.594],[105.831,10.001],[106.378,9.556],[106.572,9.641],[106.136,10.222],[106.596,9.86],[106.785,10.116],[106.464,10.298],[106.757,10.296],[106.741,10.444],[106.606,10.465],[106.727,10.536],[106.947,10.4],[107.007,10.661],[107.262,10.398],[108.987,11.336],[109.259,11.955],[109.219,12.646],[109.336,12.752],[109.445,12.6],[109.272,13.279],[109.303,13.856],[108.821,15.378],[108.029,16.331],[107.834,16.322],[106.371,17.747],[106.479,17.72],[106.499,17.946],[105.888,18.502],[105.622,18.966],[105.984,19.939],[106.518,20.289],[106.551,20.527],[106.753,20.735],[106.683,21.0],[107.165,20.949],[107.354,21.055],[107.41,21.285],[107.809,21.497],[108.246,21.558],[108.325,21.694],[108.502,21.633],[108.48,21.905],[108.594,21.901],[108.772,21.63],[109.102,21.59],[109.082,21.44],[109.544,21.538],[109.521,21.693],[109.931,21.481],[109.663,20.917],[109.968,20.448],[109.938,20.295],[110.345,20.295],[110.512,20.518],[110.313,20.672],[110.365,20.838],[110.154,20.945],[110.411,21.338],[110.567,21.214],[111.017,21.512],[111.603,21.559],[111.944,21.85],[112.305,21.742],[112.36,21.978],[112.586,21.777],[112.809,21.945],[112.954,21.907],[113.089,22.208],[113.149,22.075],[113.548,22.223],[113.553,22.594],[113.331,22.912],[113.52,23.102],[113.621,23.127],[113.62,22.861],[114.015,22.512],[113.903,22.396],[114.268,22.296],[114.266,22.541],[114.554,22.529],[114.652,22.755],[114.854,22.617],[115.196,22.817],[115.498,22.719],[115.64,22.853],[116.471,22.946],[116.699,23.278],[116.629,23.354],[116.861,23.453],[116.911,23.647],[117.083,23.579],[117.291,23.714],[117.368,23.589],[117.466,23.841],[117.628,23.837],[118.056,24.246],[117.843,24.474],[118.006,24.482],[118.087,24.627],[118.657,24.621],[118.637,24.836],[118.909,24.929],[118.978,25.209],[119.286,25.232],[119.18,25.45],[119.622,25.391],[119.539,25.591],[119.619,26.004],[119.332,25.949],[119.139,26.122],[119.463,26.055],[119.881,26.334],[119.588,26.785],[119.71,26.729],[119.824,26.846],[119.882,26.61],[120.087,26.672],[120.279,27.097],[120.608,27.412],[120.588,27.581],[120.833,27.891],[120.748,28.01],[120.959,28.037],[121.146,28.327],[121.272,28.222],[121.61,28.292],[121.475,28.641],[121.662,28.851],[121.54,28.932],[121.68,28.953],[121.448,29.131],[121.717,29.256],[121.918,29.135],[121.968,29.491],[121.888,29.628],[121.506,29.485],[122.083,29.87],[121.678,29.979],[121.258,30.304],[120.633,30.133],[120.495,30.303],[120.195,30.241],[120.45,30.388],[120.821,30.355],[121.419,30.79],[121.878,30.917],[121.661,31.32],[120.788,31.82],[120.716,31.984],[120.036,31.936],[120.52,32.106],[121.681,31.712],[121.866,31.704],[121.856,31.816],[121.404,32.206],[121.342,32.425],[120.853,32.661],[120.871,33.017],[120.267,34.274],[119.165,34.849],[119.43,35.301],[120.285,35.984],[120.094,36.119],[120.183,36.202],[120.328,36.228],[120.393,36.054],[120.638,36.13],[120.712,36.413],[120.896,36.444],[120.811,36.633],[121.054,36.611],[121.933,36.959],[122.341,36.832],[122.52,36.947],[122.447,37.068],[122.667,37.403],[122.057,37.529],[121.64,37.46],[120.75,37.834],[120.257,37.679],[119.761,37.155],[119.287,37.138],[118.953,37.331],[119.089,37.701],[118.94,38.043],[118.015,38.183],[117.656,38.424],[117.554,38.691],[117.785,39.134],[118.041,39.227],[118.298,39.067],[118.977,39.183],[119.391,39.752],[120.479,40.231],[121.175,40.901],[121.729,40.846],[121.835,40.974],[122.264,40.5],[121.801,39.951],[121.517,39.845],[121.518,39.639],[121.267,39.545],[121.275,39.385],[121.818,39.387],[121.628,39.22],[121.68,39.109],[121.107,38.921],[121.164,38.732],[121.65,38.865],[121.677,39.003],[121.982,39.053],[122.84,39.601],[123.651,39.882],[124.106,39.841],[124.35,40.012],[124.638,39.615],[124.775,39.758],[125.361,39.527],[125.41,39.288],[125.169,38.806],[125.554,38.686],[125.067,38.557],[124.691,38.129],[125.207,38.082],[124.989,37.931],[125.311,37.844],[125.358,37.725],[125.769,37.985],[126.117,37.743],[126.37,37.878],[126.634,37.782],[126.563,37.717],[126.746,37.194],[126.977,36.939],[126.872,36.824],[126.487,37.007],[126.161,36.772],[126.488,36.694],[126.54,36.166],[126.753,35.872],[126.488,35.647],[126.614,35.571],[126.291,35.154],[126.421,34.823],[126.593,34.824],[126.525,34.698],[126.264,34.673],[126.531,34.314],[126.755,34.512],[126.897,34.439],[127.247,34.755],[127.173,34.546],[127.325,34.463],[127.479,34.625],[127.404,34.823],[127.715,34.721],[127.715,34.955],[128.036,35.022],[128.444,34.87],[128.511,35.101],[129.214,35.182],[129.562,35.948],[129.573,36.051],[129.404,36.052],[129.418,37.059],[128.329,38.681],[127.786,39.084],[127.395,39.208],[127.568,39.782],[128.511,40.13],[129.709,40.857],[129.756,41.712],[130.236,42.183],[130.73,42.326],[130.834,42.523],[130.709,42.656],[131.158,42.626],[131.795,43.255],[132.013,43.28],[131.867,43.095],[131.947,43.095],[132.31,43.314],[132.304,42.883],[133.16,42.697],[134.01,42.947],[135.131,43.526],[135.483,43.835],[135.875,44.374],[137.685,45.818],[138.337,46.543],[138.587,47.057],[139.373,47.887],[140.113,48.423],[140.378,48.964],[140.309,49.054],[140.517,49.596],[140.463,49.911],[140.625,50.082],[140.535,50.131],[140.521,50.8],[140.933,51.62],[141.367,51.921],[141.485,52.179],[141.132,52.436],[141.256,52.84],[140.84,53.088],[141.181,53.015],[141.402,53.184],[141.374,53.293],[140.688,53.596],[139.796,54.256],[139.32,54.193],[138.696,54.32],[138.661,53.745],[138.451,53.537],[138.25,53.524],[138.569,53.819],[138.528,53.96],[137.95,53.604],[137.254,53.546],[137.835,53.947],[137.339,54.101],[137.666,54.283],[137.142,54.182],[137.258,54.025],[137.155,53.822],[136.719,53.804],[136.797,54.621],[135.852,54.584],[135.258,54.731],[135.262,54.943],[137.692,56.139],[138.662,56.966],[140.447,57.814],[140.79,58.303],[142.58,59.24],[143.869,59.411],[145.555,59.414],[146.05,59.171],[146.537,59.457],[147.514,59.269],[148.257,59.414],[148.727,59.258],[148.965,59.369],[148.744,59.374],[148.797,59.532],[149.205,59.488],[149.065,59.631],[149.643,59.77],[150.667,59.556],[150.484,59.494],[151.348,59.561],[152.261,59.224],[151.121,59.083],[151.327,58.875],[152.088,58.91],[152.32,59.031],[152.818,58.926],[153.361,59.215],[154.011,59.076],[154.458,59.217],[155.16,59.19],[155.167,59.36],[154.971,59.45],[154.15,59.529],[154.293,59.833],[154.971,60.377],[155.716,60.682],[156.63,61.272],[156.68,61.481],[157.084,61.676],[159.189,61.929],[159.552,61.719],[160.309,61.894],[160.247,61.648],[159.883,61.292],[159.949,61.129],[159.79,60.957],[160.379,61.025],[160.174,60.638],[160.767,60.753],[162.393,61.662],[162.856,61.705],[163.085,61.571],[163.258,61.699],[163.009,61.792],[163.018,61.891],[163.332,62.551],[164.418,62.705],[165.397,62.494],[165.208,62.374],[164.598,62.471],[164.207,62.292],[164.02,61.711],[163.804,61.461],[164.005,61.344],[163.554,61.026],[163.71,60.917],[162.068,60.466],[161.754,60.152],[159.847,59.127],[159.211,58.519],[158.275,58.009],[157.666,58.02],[157.45,57.799],[156.83,57.78],[156.977,57.466],[156.849,57.29],[155.983,56.695],[155.717,56.072],[155.564,55.199],[156.11,52.866],[156.365,52.509],[156.521,51.38],[156.748,50.969],[158.104,51.81],[158.493,52.383],[158.609,52.874],[158.472,53.032],[158.745,52.909],[159.586,53.238],[160.025,53.13],[159.844,53.784],[160.074,54.189],[160.773,54.541],[161.625,54.516],[162.106,54.752],[161.724,55.496],[162.085,56.09],[162.528,56.261],[162.489,56.399],[162.671,56.49],[163.038,56.522],[162.628,56.232],[162.84,56.066],[163.047,56.045],[163.336,56.233],[163.257,56.688],[162.803,56.811],[162.762,57.244],[163.226,57.79],[162.654,57.948],[162.391,57.717],[161.96,58.077],[162.142,58.447],[163.273,59.303],[163.321,59.705],[163.494,59.887],[163.78,60.041],[164.135,59.984],[164.113,59.898],[164.44,60.073],[164.954,59.844],[165.085,60.099],[166.352,60.485],[166.136,59.979],[166.273,59.856],[167.227,60.406],[168.463,60.592],[169.227,60.596],[169.618,60.438],[169.983,60.067],[170.351,59.966],[170.608,60.435],[172.393,61.062],[172.396,61.167],[172.908,61.312],[172.857,61.469],[173.132,61.407],[173.623,61.716],[174.514,61.824],[177.159,62.561],[176.965,62.659],[177.024,62.777],[177.339,62.781],[177.293,62.599],[179.121,62.32],[179.571,62.773],[179.26,63.008],[179.405,63.078],[179.332,63.19],[178.921,63.345],[178.793,63.54],[178.744,63.395],[178.654,63.557],[178.466,63.574],[178.731,63.667],[178.692,63.842],[178.229,64.364],[178.045,64.22],[177.688,64.305],[177.433,64.444],[177.387,64.774],[176.141,64.586],[176.351,64.705],[176.057,64.905],[174.549,64.684],[176.061,64.961],[177.069,64.787],[177.223,64.862],[177.037,65.0],[176.341,65.047],[176.881,65.082],[177.749,64.717],[178.52,64.603],[180,65.067],[180,-16.153],[178.584,-16.622],[178.497,-16.788],[178.707,-16.976],[179.202,-16.713],[179.419,-16.807],[179.928,-16.744],[179.93,-16.519],[179.568,-16.747],[179.564,-16.637],[179.999,-16.169],[179.897,-16.964],[180,-16.963],[180,-84.352],[179.403,-84.206],[171.917,-83.644],[171.036,-83.448],[168.11,-83.362],[167.658,-83.272],[168.24,-83.23],[168.607,-83.065],[168.092,-82.975],[167.602,-83.047],[167.297,-82.986],[167.116,-82.801],[164.747,-82.354],[163.012,-82.535],[161.283,-82.49],[161.167,-82.408],[163.68,-82.187],[162.821,-81.866],[160.47,-81.341],[160.717,-81.2],[160.717,-80.907],[160.26,-80.787],[160.83,-80.73],[160.521,-80.583],[160.637,-80.45],[158.574,-80.423],[158.767,-80.293],[160.559,-80.011],[159.872,-79.79],[160.346,-79.692],[159.976,-79.586],[160.646,-79.427],[160.483,-79.201],[160.874,-79.05],[161.951,-79.03],[161.502,-78.677],[161.669,-78.536],[162.639,-78.898],[164.635,-78.603],[166.117,-78.571],[167.049,-78.686],[167.058,-78.518],[165.663,-78.306],[165.418,-78.042],[164.628,-78.316],[163.978,-78.224],[164.492,-77.954],[163.766,-77.7],[163.608,-77.388],[163.087,-77.032],[162.45,-76.956],[162.763,-76.746],[162.675,-76.569],[162.825,-76.464],[162.728,-76.225],[162.437,-76.155],[162.816,-75.846],[162.239,-75.622],[162.19,-75.467],[160.911,-75.335],[162.41,-75.238],[162.534,-75.167],[162.604,-74.823],[163.167,-74.602],[163.398,-74.382],[163.735,-74.564],[165.409,-74.559],[164.776,-74.029],[164.98,-73.926],[164.75,-73.559],[164.813,-73.397],[165.129,-73.383],[165.347,-73.879],[166.106,-73.735],[165.86,-73.593],[167.709,-73.394],[166.834,-73.224],[166.453,-72.936],[167.156,-73.147],[168.381,-73.066],[169.033,-73.2],[169.545,-73.05],[169.829,-72.729],[168.428,-72.383],[170.206,-72.565],[170.259,-72.371],[169.954,-72.403],[170.03,-72.116],[170.224,-71.948],[170.859,-71.869],[170.436,-71.419],[170.162,-71.63],[168.173,-71.183],[167.569,-70.81],[164.403,-70.51],[163.998,-70.637],[163.349,-70.621],[162.675,-70.305],[162.022,-70.44],[162.287,-70.969],[162.189,-71.04],[161.425,-70.827],[161.037,-70.317],[160.21,-69.975],[160.126,-69.734],[159.784,-69.522],[157.933,-69.181],[157.481,-69.309],[155.52,-69.024],[153.908,-68.323],[153.785,-68.35],[153.705,-68.729],[153.082,-68.857],[151.562,-68.694],[151.289,-68.817],[151.139,-68.764],[151.068,-68.385],[150.936,-68.358],[148.456,-68.467],[147.094,-68.369],[146.798,-68.274],[146.897,-68.12],[146.828,-67.965],[145.975,-67.624],[145.128,-67.626],[143.977,-67.865],[144.621,-67.141],[144.348,-67.018],[143.911,-67.091],[143.73,-66.877],[142.688,-67.013],[141.973,-66.807],[138.271,-66.564],[137.336,-66.346],[136.553,-66.439],[135.352,-66.127],[134.289,-66.477],[134.179,-66.277],[133.445,-66.081],[130.121,-66.292],[129.741,-66.469],[129.237,-67.042],[128.982,-67.098],[127.541,-67.051],[126.874,-66.759],[126.665,-66.498],[125.866,-66.364],[125.398,-66.424],[124.822,-66.695],[123.969,-66.608],[122.183,-66.859],[121.488,-67.091],[119.133,-67.371],[118.922,-67.32],[120.375,-66.984],[118.714,-67.172],[116.713,-67.047],[114.027,-67.441],[113.912,-67.368],[113.991,-67.212],[115.274,-67.028],[115.635,-66.771],[115.31,-66.561],[114.337,-66.36],[113.71,-65.93],[113.099,-65.8],[110.907,-66.077],[110.587,-66.312],[110.622,-66.524],[109.463,-66.909],[107.171,-66.47],[102.674,-65.865],[101.381,-65.973],[100.889,-66.358],[99.37,-66.648],[98.859,-66.671],[98.258,-66.467],[97.72,-66.607],[97.101,-66.499],[95.541,-66.631],[94.84,-66.501],[94.089,-66.689],[92.073,-66.508],[89.698,-66.823],[87.98,-66.788],[85.711,-67.161],[84.485,-67.114],[83.304,-67.603],[82.017,-67.69],[79.035,-68.175],[78.563,-68.394],[78.489,-68.626],[77.817,-69.069],[76.112,-69.487],[75.636,-69.849],[74.571,-69.88],[73.942,-69.743],[73.325,-69.849],[72.822,-70.096],[72.76,-70.396],[71.771,-70.801],[71.465,-71.155],[71.277,-71.624],[69.555,-72.375],[68.42,-72.515],[67.971,-72.751],[67.971,-73.086],[67.322,-73.3],[66.498,-73.125],[66.892,-72.949],[67.432,-72.003],[68.037,-71.391],[68.873,-71.035],[69.188,-70.705],[69.25,-70.431],[69.021,-70.325],[67.941,-70.423],[67.268,-70.273],[68.178,-69.837],[69.083,-69.867],[69.188,-69.655],[68.88,-69.47],[68.906,-69.373],[69.629,-69.232],[69.534,-68.737],[69.982,-68.464],[69.603,-68.041],[69.559,-67.763],[68.328,-67.89],[63.699,-67.508],[62.688,-67.648],[60.482,-67.385],[59.251,-67.485],[58.737,-67.23],[57.627,-67.014],[56.76,-67.073],[56.155,-67.265],[55.803,-67.199],[56.48,-66.859],[56.146,-66.626],[56.824,-66.713],[57.185,-66.613],[55.29,-65.954],[53.672,-65.859],[51.885,-66.02],[50.332,-66.445],[50.244,-66.603],[50.521,-66.82],[50.553,-67.194],[50.006,-67.175],[49.247,-66.942],[48.465,-67.043],[48.714,-67.217],[49.219,-67.227],[48.63,-67.521],[48.648,-67.794],[48.375,-67.988],[48.21,-67.699],[47.49,-67.728],[47.117,-67.573],[47.352,-67.362],[46.56,-67.268],[46.317,-67.402],[46.399,-67.618],[42.961,-68.095],[42.409,-68.352],[40.216,-68.805],[39.864,-68.967],[39.705,-69.426],[38.859,-70.006],[38.886,-70.172],[37.787,-69.726],[37.115,-69.81],[36.586,-69.638],[35.357,-69.681],[34.596,-69.095],[33.814,-69.099],[33.772,-69.02],[34.219,-68.791],[34.193,-68.702],[33.466,-68.671],[32.642,-68.869],[32.568,-69.074],[32.903,-69.379],[32.989,-69.624],[32.621,-70.001],[31.379,-70.226],[30.003,-70.3],[26.499,-71.02],[24.757,-70.892],[24.386,-70.704],[24.386,-70.537],[24.024,-70.413],[23.804,-70.405],[23.407,-70.723],[22.979,-70.81],[22.278,-70.696],[22.366,-70.475],[21.705,-70.258],[21.071,-70.843],[19.409,-70.917],[19.027,-70.674],[19.196,-70.293],[19.009,-70.212],[18.433,-70.29],[18.125,-70.54],[16.709,-70.397],[16.381,-70.145],[15.807,-70.324],[13.823,-70.343],[13.298,-70.23],[13.066,-70.054],[12.626,-70.066],[12.929,-70.213],[11.701,-70.767],[10.969,-70.688],[9.142,-70.184],[8.523,-70.474],[7.677,-70.356],[7.401,-70.494],[1.909,-71.004],[0.538,-71.274],[-0.543,-71.713],[-1.068,-71.266],[-2.015,-71.433],[-2.61,-71.321],[-6.117,-71.326],[-6.08,-71.154],[-5.588,-70.857],[-5.936,-70.713],[-7.753,-70.843],[-7.873,-70.94],[-7.59,-71.224],[-7.714,-71.546],[-8.646,-71.673],[-9.231,-71.174],[-10.271,-70.936],[-10.331,-71.024],[-10.033,-71.131],[-10.52,-71.296],[-10.825,-71.553],[-11.926,-71.289],[-12.351,-71.39],[-12.148,-71.614],[-11.009,-71.758],[-10.958,-71.902],[-11.497,-72.413],[-13.209,-72.785],[-14.298,-72.733],[-14.0,-73.001],[-14.321,-73.123],[-15.596,-73.097],[-16.435,-73.426],[-16.519,-73.644],[-15.936,-73.758],[-16.22,-73.916],[-14.611,-73.852],[-14.574,-73.938],[-15.673,-74.407],[-17.436,-74.379],[-18.749,-75.242],[-18.305,-75.431],[-24.27,-75.767],[-28.934,-76.37],[-32.063,-77.16],[-32.614,-77.141],[-34.076,-77.425],[-34.551,-77.729],[-35.509,-78.041],[-36.266,-78.616],[-36.239,-78.774],[-35.516,-78.933],[-32.994,-79.229],[-30.316,-79.163],[-30.178,-79.304],[-30.211,-79.485],[-29.949,-79.599],[-23.407,-79.859],[-23.574,-79.965],[-29.531,-80.182],[-31.015,-80.308],[-31.312,-80.45],[-35.327,-80.651],[-35.966,-80.891],[-37.209,-81.064],[-38.772,-80.882],[-41.434,-81.298],[-43.669,-82.27],[-45.789,-82.495],[-46.517,-82.455],[-46.046,-82.159],[-46.258,-81.947],[-47.36,-82.004],[-48.361,-81.892],[-53.986,-82.201],[-55.801,-82.478],[-59.516,-83.458],[-61.425,-83.396],[-61.59,-83.341],[-61.2,-83.098],[-61.218,-82.992],[-61.917,-82.977],[-62.736,-82.527],[-60.528,-82.2],[-64.92,-82.371],[-65.714,-82.279],[-65.913,-82.183],[-65.844,-81.993],[-66.134,-81.953],[-64.137,-81.869],[-65.62,-81.729],[-64.696,-81.652],[-62.165,-81.636],[-62.354,-81.577],[-65.574,-81.461],[-68.144,-81.13],[-68.59,-80.968],[-69.772,-80.962],[-70.688,-80.626],[-73.029,-80.917],[-75.076,-80.86],[-75.709,-80.383],[-76.407,-80.095],[-78.176,-80.167],[-79.66,-79.997],[-76.558,-79.904],[-76.032,-79.627],[-76.218,-79.387],[-80.151,-79.268],[-80.489,-79.321],[-80.535,-79.513],[-80.892,-79.502],[-81.661,-79.1],[-83.26,-78.774],[-83.763,-78.461],[-83.544,-78.355],[-83.227,-78.402],[-83.779,-77.984],[-82.608,-78.412],[-80.292,-78.823],[-77.869,-78.746],[-77.452,-78.56],[-77.433,-78.435],[-77.858,-78.351],[-81.581,-77.846],[-80.602,-77.752],[-75.398,-78.158],[-74.042,-78.109],[-73.252,-77.894],[-72.852,-77.59],[-75.387,-77.474],[-76.249,-77.275],[-77.287,-76.702],[-75.268,-76.581],[-71.799,-76.753],[-70.21,-76.674],[-69.304,-76.351],[-66.37,-76.013],[-63.363,-75.451],[-63.258,-75.399],[-64.28,-75.293],[-63.231,-75.154],[-63.337,-75.035],[-63.925,-75.004],[-63.198,-74.909],[-63.178,-74.684],[-62.138,-74.926],[-61.855,-74.777],[-62.235,-74.441],[-61.37,-74.512],[-60.704,-74.307],[-61.843,-74.29],[-61.042,-74.122],[-61.838,-74.032],[-61.692,-73.924],[-61.203,-73.957],[-60.79,-73.712],[-61.08,-73.539],[-61.637,-73.5],[-62.008,-73.148],[-61.081,-73.328],[-60.561,-73.211],[-60.122,-73.275],[-60.01,-72.938],[-60.385,-73.007],[-60.532,-72.673],[-61.286,-72.601],[-61.28,-72.468],[-60.73,-72.426],[-60.719,-72.073],[-62.257,-72.018],[-61.035,-71.82],[-60.995,-71.661],[-61.214,-71.564],[-61.959,-71.658],[-60.962,-71.245],[-61.313,-70.868],[-61.961,-70.901],[-61.994,-70.729],[-61.696,-70.676],[-61.505,-70.491],[-62.378,-70.365],[-62.218,-70.233],[-62.014,-70.279],[-61.961,-70.12],[-62.407,-69.827],[-62.587,-69.477],[-63.456,-69.042],[-63.344,-68.81],[-63.773,-68.632],[-62.933,-68.443],[-63.924,-68.498],[-64.169,-68.583],[-64.078,-68.771],[-65.158,-68.618],[-65.242,-68.583],[-64.996,-68.408],[-65.452,-68.337],[-64.829,-68.127],[-65.64,-68.131],[-65.469,-68.009],[-65.6,-67.876],[-65.418,-67.66],[-65.523,-67.445],[-65.443,-67.326],[-64.819,-67.307],[-65.027,-67.214],[-64.785,-67.124],[-64.878,-67.025],[-64.686,-66.806],[-63.755,-66.873],[-64.078,-66.654],[-63.654,-66.383],[-63.753,-66.278],[-63.258,-66.264],[-62.629,-66.706],[-62.543,-66.621],[-62.755,-66.31],[-62.682,-66.237],[-62.117,-66.209],[-61.756,-66.429],[-61.676,-66.25],[-61.432,-66.145],[-61.028,-66.337],[-60.903,-66.191],[-61.009,-66.111],[-60.565,-65.979],[-60.913,-65.921],[-62.005,-66.113],[-62.305,-65.84],[-61.991,-65.589],[-61.756,-65.569],[-62.145,-65.332],[-61.948,-65.192],[-61.577,-65.186],[-61.703,-64.987],[-61.06,-64.981],[-59.963,-64.431],[-59.646,-64.584],[-59.461,-64.346],[-58.786,-64.524],[-58.905,-64.352],[-58.799,-64.293],[-59.047,-64.234],[-58.263,-63.763],[-57.284,-63.491],[-57.098,-63.524],[-57.119,-63.638],[-56.782,-63.572],[-57.077,-63.263],[-57.39,-63.226],[-60.864,-64.073],[-61.632,-64.605],[-62.243,-64.747],[-62.503,-64.656],[-62.528,-64.833],[-63.12,-64.942],[-63.059,-65.139],[-63.76,-65.033],[-64.071,-65.278],[-64.051,-65.417],[-63.818,-65.532],[-64.647,-65.748],[-64.514,-65.96],[-65.267,-65.994],[-65.172,-66.117],[-65.617,-66.135],[-65.775,-66.288],[-65.678,-66.403],[-65.766,-66.625],[-66.307,-66.592],[-66.504,-66.69],[-66.499,-67.289],[-66.902,-67.256],[-67.034,-66.945],[-67.493,-67.113],[-67.545,-67.535],[-66.677,-67.56],[-67.15,-68.025],[-66.793,-68.24],[-67.041,-68.453],[-67.134,-68.771],[-67.391,-68.861],[-67.021,-69.029],[-66.975,-69.161],[-67.372,-69.412],[-68.708,-69.432],[-68.47,-69.644],[-68.403,-70.02],[-67.692,-70.686],[-67.505,-71.058],[-67.46,-71.527],[-66.828,-72.09],[-67.667,-72.835],[-68.821,-73.105],[-72.929,-73.448],[-73.996,-73.7],[-75.293,-73.639],[-77.049,-73.844],[-77.135,-73.818],[-76.765,-73.566],[-76.85,-73.46],[-78.786,-73.507],[-78.964,-73.312],[-79.522,-73.09],[-80.442,-72.945],[-80.614,-73.083],[-80.336,-73.414],[-81.176,-73.249],[-81.262,-73.315],[-81.163,-73.632],[-81.309,-73.738],[-82.183,-73.857],[-84.981,-73.502],[-85.801,-73.192],[-86.791,-73.364],[-87.401,-73.192],[-88.419,-73.229],[-88.561,-73.121],[-88.194,-72.787],[-88.78,-72.683],[-89.127,-72.693],[-89.341,-72.89],[-90.295,-72.978],[-90.274,-73.119],[-90.431,-73.243],[-90.921,-73.319],[-92.828,-73.165],[-94.246,-73.313],[-95.237,-73.22],[-96.394,-73.301],[-98.012,-73.033],[-101.681,-73.03],[-102.409,-72.987],[-102.482,-72.951],[-102.272,-72.835],[-102.485,-72.736],[-103.375,-72.819],[-102.909,-73.285],[-100.436,-73.353],[-98.896,-73.611],[-100.718,-73.758],[-102.8,-73.646],[-102.863,-73.784],[-102.766,-73.884],[-101.715,-74.024],[-101.252,-74.486],[-100.238,-74.484],[-100.013,-74.662],[-100.473,-74.872],[-98.558,-75.19],[-98.752,-75.317],[-101.039,-75.422],[-101.708,-75.127],[-103.121,-75.095],[-104.902,-75.115],[-106.619,-75.344],[-109.272,-75.185],[-111.359,-75.22],[-111.463,-75.133],[-110.532,-74.836],[-110.23,-74.536],[-110.307,-74.367],[-111.18,-74.188],[-111.806,-74.27],[-111.696,-74.504],[-111.789,-74.572],[-111.584,-74.751],[-111.696,-74.792],[-114.11,-74.982],[-113.903,-74.644],[-113.333,-74.454],[-113.753,-74.367],[-113.508,-74.089],[-114.624,-73.903],[-115.223,-74.487],[-118.656,-74.393],[-119.677,-74.655],[-121.544,-74.75],[-127.02,-74.698],[-130.196,-74.891],[-132.049,-74.766],[-133.796,-74.855],[-135.362,-74.69],[-136.228,-74.836],[-136.65,-75.162],[-137.618,-75.076],[-139.149,-75.16],[-141.223,-75.546],[-140.874,-75.746],[-142.33,-75.491],[-143.574,-75.564],[-144.721,-75.832],[-145.988,-75.889],[-146.383,-76.1],[-145.442,-76.409],[-148.32,-76.104],[-149.654,-76.365],[-148.601,-76.493],[-147.34,-76.438],[-145.75,-76.749],[-145.629,-76.954],[-145.967,-77.069],[-145.516,-77.199],[-145.808,-77.273],[-145.601,-77.455],[-145.677,-77.488],[-146.391,-77.472],[-146.928,-77.26],[-147.73,-77.31],[-148.572,-77.105],[-148.777,-77.125],[-148.844,-77.284],[-148.156,-77.462],[-149.718,-77.797],[-151.719,-77.426],[-153.461,-77.416],[-153.91,-77.227],[-154.815,-77.127],[-156.211,-77.106],[-157.139,-77.242],[-157.842,-77.079],[-158.214,-77.157],[-158.23,-77.498],[-158.5,-77.778],[-157.848,-78.074],[-157.267,-78.2],[-154.293,-78.259],[-156.469,-78.635],[-156.115,-78.745],[-154.518,-79.047],[-152.138,-79.116],[-152.091,-79.242],[-151.048,-79.46],[-148.083,-79.857],[-148.433,-79.929],[-148.317,-80.071],[-150.221,-80.15],[-150.575,-80.354],[-149.214,-80.604],[-149.147,-80.719],[-148.023,-80.836],[-148.123,-80.901],[-155.921,-81.133],[-157.033,-81.319],[-153.957,-81.7],[-154.717,-81.941],[-153.01,-82.45],[-153.399,-82.586],[-155.459,-82.981],[-157.679,-83.129],[-157.028,-83.234],[-159.444,-83.543],[-162.197,-83.519],[-163.111,-83.329],[-164.446,-83.468],[-165.619,-83.216],[-168.418,-83.229],[-171.821,-82.847],[-173.071,-82.916],[-174.236,-82.793],[-174.066,-82.9],[-169.168,-83.45],[-167.801,-83.791],[-164.951,-83.806],[-164.011,-84.016],[-164.685,-84.155],[-163.758,-84.305],[-165.24,-84.381],[-165.135,-84.41],[-156.621,-84.84],[-156.49,-84.889],[-157.454,-84.912],[-156.459,-85.186],[-167.492,-84.834],[-171.704,-84.542],[-180,-84.352],[-180,-16.963],[-179.822,-16.765],[-179.861,-16.688],[-180,-16.786],[-179.901,-16.432],[-180,-16.489],[-180,65.067],[-179.352,65.517],[-179.366,65.639],[-179.79,65.901],[-179.683,66.184],[-179.327,66.163],[-179.34,66.287],[-179.143,66.375],[-179.105,66.232],[-178.868,66.187],[-178.527,66.402],[-178.747,66.014],[-178.939,66.033],[-178.502,65.74],[-178.412,65.496],[-177.056,65.614],[-176.093,65.471],[-175.856,65.233],[-175.854,65.011],[-175.442,64.817],[-174.571,64.718],[-173.73,64.365],[-173.327,64.54],[-173.376,64.355],[-173.157,64.28],[-172.916,64.369],[-172.903,64.526],[-172.739,64.412],[-172.379,64.432],[-172.901,64.629],[-172.801,64.791],[-173.066,64.847],[-172.213,65.048],[-172.286,65.206],[-172.662,65.249],[-172.309,65.276],[-172.233,65.456],[-172.783,65.681],[-171.907,65.496],[-171.17,65.502],[-171.054,65.55],[-171.451,65.794],[-170.666,65.622],[-170.541,65.865],[-169.729,66.058],[-170.244,66.169],[-170.301,66.294],[-170.604,66.249],[-170.473,66.32],[-171.796,66.932],[-173.008,67.065],[-172.52,66.952],[-173.193,66.994],[-173.259,66.84],[-173.324,66.955],[-173.158,67.069],[-174.55,67.091],[-174.086,66.943],[-174.006,66.779],[-174.232,66.632],[-173.774,66.435],[-174.065,66.23],[-174.085,66.473],[-174.394,66.344],[-174.504,66.538],[-174.925,66.623],[-174.771,66.784],[-174.938,67.093],[-174.85,67.349],[-175.003,67.438],[-175.375,67.357],[-175.233,67.447],[-175.345,67.678],[-177.589,68.224],[-177.527,68.294],[-178.373,68.566],[-177.797,68.338],[-178.056,68.265],[-178.097,68.425],[-178.693,68.546],[-178.751,68.66],[-178.539,68.586],[-178.874,68.754],[-180,68.983],[-180,70.993],[-179.157,70.94],[-177.822,71.068],[-177.498,71.219],[-178.439,71.541],[-180,71.538],[-180,90],[180,90],[180,71.538],[178.891,71.231],[178.628,71.047],[178.793,70.822],[180,70.993],[180,68.983],[178.848,69.387],[175.921,69.895],[173.439,69.947],[173.277,69.824],[170.487,70.108],[170.503,69.857],[170.161,69.627],[170.582,69.583],[170.997,69.135],[170.538,68.825],[169.61,68.786],[169.311,69.08],[168.303,69.271],[168.15,69.577],[167.857,69.728],[166.82,69.5],[163.201,69.715],[162.166,69.612],[161.537,69.38],[161.566,68.905],[161.104,68.562],[160.856,68.538],[161.341,68.905],[161.036,69.098],[160.911,69.606],[159.833,69.785],[159.729,69.87],[160.006,70.31],[159.912,70.506],[159.351,70.791],[158.702,70.935],[155.895,71.096],[152.509,70.834],[151.762,70.982],[152.093,71.023],[151.582,71.287],[150.968,71.38],[150.098,71.227],[150.668,71.455],[148.923,71.715],[150.017,71.896],[149.502,72.164],[147.262,72.328],[146.073,71.808],[145.189,71.696],[144.99,71.753],[145.064,71.926],[145.757,71.941],[145.664,72.067],[145.759,72.226],[146.23,72.138],[146.006,71.945],[146.113,71.945],[146.832,72.295],[144.471,72.175],[144.169,72.259],[144.897,72.396],[146.235,72.35],[146.253,72.442],[140.808,72.891],[140.652,72.843],[141.079,72.587],[139.601,72.496],[139.141,72.33],[139.176,72.163],[140.188,72.191],[139.359,71.951],[139.723,71.885],[139.695,71.7],[139.984,71.492],[139.209,71.445],[138.78,71.629],[138.234,71.596],[137.918,71.384],[138.314,71.326],[137.844,71.227],[137.94,71.133],[136.09,71.62],[134.703,71.387],[133.689,71.434],[133.131,71.607],[132.654,71.926],[132.228,71.643],[132.035,71.244],[131.562,70.901],[131.022,70.746],[130.757,70.962],[130.537,70.893],[129.762,71.12],[129.134,71.593],[128.843,71.663],[129.461,71.739],[129.21,71.917],[128.911,71.755],[127.726,72.413],[128.935,72.079],[129.283,72.092],[129.412,72.315],[129.281,72.438],[128.418,72.535],[129.25,72.705],[129.017,72.872],[128.599,72.895],[129.101,73.112],[127.74,73.482],[127.031,73.547],[126.553,73.335],[126.292,73.394],[126.254,73.548],[125.599,73.447],[124.541,73.751],[123.416,73.637],[123.323,73.431],[123.622,73.193],[123.16,72.955],[122.527,73.017],[122.752,72.906],[122.537,72.878],[119.75,72.979],[118.43,73.247],[118.457,73.464],[118.936,73.481],[118.45,73.59],[115.338,73.703],[114.061,73.585],[113.51,73.505],[113.886,73.346],[113.559,73.233],[113.543,73.054],[113.216,72.806],[113.665,72.635],[113.312,72.657],[113.128,72.831],[113.475,73.048],[113.491,73.346],[113.157,73.46],[113.416,73.648],[113.033,73.914],[112.836,73.962],[112.94,73.836],[112.795,73.746],[112.147,73.709],[111.4,73.828],[111.228,73.969],[111.551,74.029],[111.131,74.053],[111.056,73.939],[110.261,74.017],[109.666,73.8],[110.868,73.731],[107.75,73.173],[106.478,73.139],[105.708,72.837],[105.144,72.777],[106.189,73.308],[106.679,73.331],[107.271,73.621],[108.2,73.694],[109.81,74.169],[109.911,74.261],[109.84,74.322],[112.925,75.015],[113.614,75.293],[113.726,75.451],[113.243,75.611],[112.956,75.572],[112.466,75.844],[113.568,75.568],[113.857,75.921],[113.564,75.892],[113.273,76.252],[112.656,76.054],[112.798,76.13],[112.62,76.384],[111.943,76.38],[112.094,76.48],[111.115,76.723],[108.182,76.738],[107.722,76.522],[106.414,76.512],[106.385,76.589],[106.639,76.573],[107.43,76.927],[106.942,77.034],[104.202,77.102],[106.06,77.391],[104.015,77.73],[102.61,77.509],[100.906,76.901],[101.099,76.704],[100.928,76.557],[101.684,76.485],[101.598,76.439],[98.806,76.481],[99.825,76.136],[99.851,75.93],[99.541,75.799],[99.442,75.803],[99.77,76.029],[98.662,76.243],[96.497,75.891],[96.601,75.99],[95.653,75.892],[96.075,76.082],[95.579,76.137],[93.259,76.099],[92.859,75.979],[94.156,75.959],[90.185,75.591],[87.671,75.13],[87.006,75.17],[86.939,75.068],[87.468,75.013],[86.863,74.718],[86.201,74.816],[85.791,74.645],[87.23,74.364],[86.396,74.45],[86.001,74.316],[86.571,74.244],[87.21,73.879],[87.571,73.811],[87.12,73.615],[86.092,73.519],[85.91,73.39],[86.677,73.107],[85.818,73.327],[85.793,73.438],[87.029,73.824],[86.893,73.887],[85.201,73.722],[80.583,73.568],[80.425,73.231],[80.842,72.949],[80.656,72.712],[80.827,72.488],[82.094,72.265],[82.645,71.925],[83.2,71.875],[83.534,71.684],[83.55,71.544],[83.151,71.104],[83.736,70.546],[83.497,70.345],[83.074,70.277],[83.081,70.093],[82.682,70.218],[83.03,70.581],[83.01,70.895],[82.592,70.89],[82.221,70.396],[82.163,70.598],[82.336,70.807],[82.239,70.998],[82.323,71.26],[82.977,71.451],[83.234,71.668],[83.107,71.721],[81.662,71.716],[80.763,72.089],[79.422,72.381],[78.483,72.395],[77.411,72.108],[78.016,72.092],[78.187,71.907],[77.551,71.842],[76.871,72.033],[76.032,71.91],[76.433,71.552],[78.213,71.266],[78.491,71.025],[79.084,71.002],[79.015,70.95],[78.321,70.93],[77.59,71.168],[75.734,71.266],[75.28,71.43],[75.503,71.655],[75.247,71.813],[75.274,71.959],[75.741,72.296],[75.604,72.581],[75.369,72.797],[74.787,72.812],[75.06,72.549],[74.992,72.145],[73.672,71.845],[73.086,71.445],[73.577,71.217],[74.343,70.579],[73.83,70.176],[73.578,69.803],[73.891,69.418],[73.776,69.198],[74.815,69.091],[76.001,69.235],[77.651,68.903],[77.995,68.259],[77.665,68.19],[77.536,68.008],[77.588,67.752],[78.922,67.589],[77.772,67.57],[77.174,67.779],[77.238,68.47],[76.459,68.978],[75.125,68.862],[74.58,68.751],[74.391,68.421],[74.743,68.074],[74.77,67.766],[74.075,67.414],[73.792,66.995],[72.417,66.561],[72.322,66.332],[72.068,66.253],[69.982,66.401],[69.194,66.579],[69.013,66.788],[70.691,66.745],[70.383,66.602],[70.725,66.519],[71.54,66.683],[71.365,66.962],[71.847,67.008],[72.594,67.587],[73.067,67.767],[73.139,68.181],[73.592,68.482],[72.577,68.969],[72.599,69.793],[72.469,70.275],[72.7,70.457],[72.704,70.963],[72.581,71.151],[71.867,71.457],[72.574,72.013],[72.812,72.691],[71.617,72.902],[69.391,72.956],[68.269,71.683],[66.918,71.282],[66.64,71.081],[66.847,71.064],[66.702,70.819],[67.285,70.739],[67.146,70.22],[67.239,70.108],[66.926,70.014],[66.803,69.74],[66.897,69.554],[67.064,69.694],[67.624,69.584],[68.006,69.48],[68.117,69.236],[68.543,68.967],[69.141,68.951],[68.504,68.348],[67.731,68.514],[67.002,68.874],[64.896,69.248],[64.929,69.325],[64.19,69.535],[60.909,69.847],[60.171,69.591],[60.934,68.987],[60.489,68.729],[59.896,68.706],[59.923,68.471],[59.726,68.352],[59.099,68.444],[59.112,68.616],[59.371,68.738],[59.057,69.006],[58.173,68.89],[57.127,68.554],[56.044,68.649],[55.418,68.568],[54.923,68.374],[54.861,68.202],[53.261,68.267],[53.931,68.436],[53.759,68.634],[53.971,68.844],[53.798,68.907],[54.491,68.992],[53.802,68.996],[52.344,68.608],[52.723,68.484],[52.397,68.352],[51.995,68.539],[50.699,68.318],[49.155,67.87],[48.754,67.896],[48.833,67.681],[47.875,67.584],[47.656,66.976],[46.492,66.8],[45.885,66.891],[45.562,67.186],[44.902,67.413],[45.529,67.758],[46.69,67.849],[46.684,67.97],[45.892,68.48],[43.333,68.673],[44.205,68.254],[44.225,67.996],[43.782,67.254],[44.292,67.1],[44.429,66.938],[44.489,66.672],[44.097,66.235],[44.104,66.009],[43.542,66.123],[43.653,66.251],[43.233,66.416],[42.211,66.52],[41.476,66.123],[40.692,65.963],[39.817,65.598],[39.798,65.35],[40.445,64.779],[40.058,64.771],[39.758,64.577],[36.883,65.172],[36.786,64.987],[36.535,64.939],[36.579,64.791],[37.184,64.408],[37.954,64.32],[38.062,64.091],[37.968,63.949],[37.442,63.813],[36.365,64.003],[35.647,64.378],[35.035,64.44],[34.87,64.56],[34.952,64.756],[34.804,64.986],[34.406,65.396],[34.777,65.768],[34.692,65.952],[34.113,66.225],[33.361,66.33],[33.656,66.443],[33.217,66.532],[33.181,66.68],[32.862,66.721],[32.464,66.916],[32.501,67.004],[31.895,67.161],[32.93,67.087],[32.848,67.022],[33.15,66.844],[34.452,66.651],[34.483,66.55],[34.825,66.611],[35.513,66.396],[38.654,66.069],[40.103,66.3],[41.189,66.826],[41.359,67.21],[41.134,67.267],[40.966,67.713],[40.381,67.832],[39.809,68.151],[39.823,68.059],[39.569,68.072],[38.43,68.356],[37.731,68.692],[35.858,69.192],[33.684,69.31],[33.141,69.069],[33.328,69.152],[33.454,69.428],[32.979,69.367],[33.0,69.47],[32.378,69.479],[32.092,69.633],[32.915,69.602],[33.008,69.722],[31.985,69.954],[31.998,69.81],[31.547,69.697],[30.428,69.722],[30.238,69.862],[30.088,69.718],[29.695,69.745],[29.601,69.977],[28.781,70.145],[30.263,70.125],[30.961,70.344],[30.213,70.543],[30.065,70.703],[29.738,70.647],[28.832,70.864],[28.193,70.249],[28.272,70.668],[27.898,70.678],[28.383,70.869],[28.392,70.975],[28.142,71.043],[27.332,70.997],[27.235,70.947],[27.546,70.804],[27.309,70.804],[26.989,70.511],[26.585,70.41],[26.645,70.636],[26.558,70.669],[26.734,70.854],[26.507,70.913],[25.044,70.109],[24.994,70.218],[25.274,70.552],[25.781,70.817],[24.765,71.008],[24.263,70.826],[24.42,70.702],[24.038,70.485],[23.379,70.247],[23.354,69.983],[22.685,70.375],[21.356,70.233],[21.803,70.066],[21.975,69.835],[21.433,70.013],[21.163,69.89],[20.622,69.914],[20.533,69.692],[20.739,69.521],[20.487,69.542],[20.107,69.341],[20.338,69.617],[20.324,69.945],[19.961,69.825],[19.642,69.424],[19.687,69.805],[19.197,69.748],[18.991,69.561],[18.614,69.491],[18.859,69.314],[18.26,69.471],[18.079,69.325],[18.101,69.156],[17.705,69.1],[17.391,68.799],[16.514,68.533],[17.553,68.426],[16.204,68.317],[16.392,68.092],[16.259,68.001],[16.312,67.881],[16.008,68.229],[15.293,68.036],[15.621,67.948],[15.134,67.973],[14.799,67.809],[14.781,67.675],[15.304,67.765],[15.249,67.602],[15.692,67.521],[15.594,67.349],[14.962,67.574],[14.442,67.271],[15.416,67.202],[14.109,67.119],[13.652,66.907],[13.959,66.794],[13.211,66.641],[13.068,66.431],[13.119,66.231],[14.034,66.298],[12.784,66.1],[13.033,65.956],[12.689,65.902],[12.273,65.568],[12.134,65.279],[12.418,65.184],[12.916,65.339],[12.508,65.099],[12.16,65.179],[11.489,64.976],[11.297,64.755],[11.633,64.814],[10.566,64.418],[9.567,63.706],[10.055,63.513],[10.935,63.77],[11.047,63.845],[10.914,63.921],[11.307,64.049],[11.458,64.003],[11.176,63.899],[11.371,63.805],[10.725,63.625],[10.76,63.461],[10.021,63.391],[9.697,63.625],[9.156,63.459],[9.136,63.594],[8.576,63.601],[8.361,63.499],[8.636,63.342],[8.158,63.162],[8.623,62.846],[8.101,63.091],[7.572,63.1],[6.94,62.93],[6.735,62.721],[8.096,62.732],[7.538,62.672],[7.691,62.586],[7.57,62.548],[6.353,62.611],[6.136,62.407],[6.692,62.468],[5.718,62.379],[5.358,62.152],[5.143,62.16],[5.096,62.027],[6.731,61.87],[6.016,61.788],[4.985,61.9],[4.91,61.81],[5.339,61.485],[4.99,61.378],[5.325,61.108],[6.383,61.134],[6.6,61.29],[7.276,61.181],[7.443,61.435],[7.347,61.301],[7.604,61.211],[7.04,61.091],[7.039,60.953],[6.778,61.142],[5.009,61.038],[5.116,60.636],[5.648,60.688],[5.137,60.446],[5.286,60.206],[5.689,60.123],[5.206,60.088],[5.146,59.639],[6.153,60.346],[6.996,60.512],[6.72,60.418],[6.527,60.153],[6.574,60.361],[6.349,60.353],[5.73,59.863],[6.217,59.818],[5.772,59.661],[5.472,59.713],[5.242,59.564],[5.173,59.163],[6.415,59.547],[5.952,59.299],[5.889,59.098],[6.099,58.952],[6.363,59.001],[6.099,58.87],[5.612,59.013],[5.586,58.62],[6.055,58.375],[6.66,58.263],[6.555,58.123],[6.731,58.068],[6.877,58.151],[7.005,58.024],[7.466,58.021],[8.166,58.145],[9.657,58.971],[9.557,59.113],[9.843,58.958],[10.179,59.009],[10.431,59.28],[10.398,59.519],[10.57,59.587],[10.595,59.765],[10.645,59.389],[10.834,59.184],[11.386,59.066],[11.147,58.989],[11.248,58.369],[11.432,58.34],[11.449,58.118],[11.703,57.973],[11.735,57.718],[11.879,57.679],[12.421,56.906],[12.884,56.618],[12.857,56.452],[12.656,56.441],[12.802,56.264],[12.471,56.291],[12.974,55.748],[12.886,55.411],[14.174,55.397],[14.342,55.528],[14.215,55.833],[14.559,56.049],[14.755,56.033],[14.714,56.134],[15.827,56.125],[15.997,56.223],[16.528,57.068],[16.476,57.265],[16.652,57.501],[16.555,57.812],[16.77,58.214],[16.652,58.434],[16.924,58.493],[16.214,58.637],[16.978,58.654],[18.618,59.327],[17.964,59.359]],[[-33.398,83.577],[-37.723,83.498],[-38.75,83.371],[-37.935,83.161],[-38.156,82.999],[-40.357,83.332],[-41.3,83.101],[-43.009,83.265],[-45.415,83.018],[-46.169,83.064],[-46.478,82.952],[-41.37,82.75],[-45.557,82.747],[-44.327,82.472],[-44.239,82.368],[-44.547,82.26],[-44.637,82.104],[-44.532,81.849],[-44.729,81.78],[-48.861,82.405],[-50.037,82.472],[-50.99,82.46],[-50.713,82.237],[-49.541,81.918],[-50.894,81.895],[-53.023,82.322],[-53.102,82.119],[-52.926,82.038],[-53.041,81.871],[-53.556,81.653],[-53.671,82.164],[-54.549,82.351],[-59.268,81.982],[-56.615,81.363],[-59.282,81.884],[-60.432,81.92],[-61.203,81.747],[-61.1,81.396],[-61.436,81.134],[-62.993,81.207],[-63.235,81.083],[-63.059,80.886],[-63.722,81.057],[-64.516,81],[-66.61,80.53],[-67.193,80.28],[-66.844,80.076],[-64.179,80.099],[-64.792,80.001],[-65.288,79.437],[-65.826,79.174],[-68.377,79.038],[-69.031,78.943],[-68.993,78.857],[-71.651,78.623],[-72.473,78.482],[-72.715,78.362],[-72.581,78.279],[-72.818,78.194],[-71.272,77.813],[-70.114,77.841],[-70.562,77.717],[-69.351,77.467],[-68.622,77.602],[-67.688,77.524],[-66.824,77.687],[-66.266,77.515],[-66.453,77.393],[-66.389,77.28],[-68.136,77.38],[-68.978,77.195],[-70.604,77.194],[-71.155,77.074],[-70.613,76.822],[-69.694,76.989],[-69.888,76.827],[-68.114,76.651],[-69.484,76.399],[-68.317,76.091],[-66.826,75.969],[-66.675,75.977],[-67.079,76.195],[-66.466,76.139],[-65.954,76.242],[-65.37,76.131],[-63.291,76.352],[-61.188,76.158],[-58.516,75.689],[-58.25,75.507],[-58.566,75.353],[-56.255,74.527],[-56.718,74.429],[-56.706,74.219],[-57.231,74.125],[-56.225,74.129],[-55.838,73.76],[-56.104,73.558],[-55.739,73.384],[-55.446,73.46],[-55.288,73.327],[-55.693,73.113],[-55.669,73.008],[-55.073,73.015],[-54.738,72.873],[-54.74,72.7],[-54.925,72.572],[-55.602,72.453],[-55.296,72.354],[-55.636,72.3],[-55.581,72.179],[-54.84,72.356],[-55.316,72.111],[-55.669,71.692],[-55.594,71.554],[-54.689,71.367],[-53.963,71.459],[-54.02,71.658],[-53.462,71.894],[-53.928,72.319],[-53.652,72.363],[-53.81,72.293],[-53.42,72.0],[-53.334,71.79],[-53.145,71.807],[-53.44,71.579],[-51.779,71.683],[-52.749,71.502],[-53.117,71.313],[-53.008,71.18],[-51.377,71.119],[-51.019,71.001],[-51.774,71.01],[-51.257,70.853],[-51.323,70.589],[-50.682,70.397],[-51.524,70.439],[-52.802,70.751],[-54.166,70.82],[-54.531,70.699],[-54.014,70.422],[-53.023,70.302],[-52.255,70.059],[-50.323,70.027],[-50.5,69.936],[-50.349,69.796],[-50.804,69.663],[-51.077,69.209],[-50.297,69.171],[-51.085,69.128],[-51.249,68.74],[-50.801,68.791],[-51.133,68.598],[-51.623,68.535],[-52.605,68.709],[-53.039,68.611],[-53.383,68.297],[-52.199,68.221],[-51.169,68.385],[-51.597,68.055],[-53.152,68.208],[-53.735,67.549],[-52.345,67.837],[-51.765,67.738],[-50.969,67.807],[-50.887,67.784],[-51.171,67.694],[-50.613,67.528],[-52.512,67.761],[-53.799,67.418],[-53.884,67.136],[-53.687,66.986],[-52.387,66.881],[-53.038,66.827],[-53.419,66.649],[-53.635,66.414],[-53.615,66.154],[-53.036,66.201],[-51.225,66.882],[-53.392,66.048],[-53.106,65.977],[-53.199,65.594],[-52.761,65.591],[-52.551,65.461],[-51.723,65.723],[-51.092,65.776],[-51.619,65.713],[-52.538,65.329],[-52.259,65.155],[-52.093,64.416],[-51.923,64.219],[-51.255,64.758],[-51.139,64.786],[-51.221,64.628],[-50.722,64.798],[-50.961,65.201],[-50.517,64.767],[-50.122,64.704],[-50.009,64.447],[-50.355,64.683],[-50.684,64.678],[-50.835,64.559],[-51.232,64.561],[-51.708,64.205],[-51.542,64.097],[-50.437,64.313],[-50.487,64.209],[-50.261,64.214],[-51.548,64.006],[-51.469,63.642],[-50.39,62.822],[-49.793,63.045],[-50.299,62.722],[-50.319,62.473],[-49.553,62.233],[-49.668,62.151],[-49.624,61.999],[-48.829,62.08],[-49.38,61.89],[-49.193,61.686],[-49.289,61.59],[-49.049,61.524],[-48.922,61.277],[-48.428,61.187],[-48.386,61.005],[-47.77,60.998],[-48.205,60.856],[-48.181,60.769],[-46.874,60.816],[-45.87,61.218],[-46.142,60.777],[-46.047,60.616],[-45.381,60.445],[-44.757,60.665],[-44.975,60.457],[-45.368,60.373],[-45.379,60.203],[-44.613,60.017],[-44.224,60.274],[-44.413,59.923],[-43.907,59.815],[-43.658,59.859],[-43.955,60.025],[-43.32,59.928],[-43.123,60.061],[-43.213,60.391],[-43.923,60.595],[-43.044,60.524],[-42.717,60.767],[-42.324,61.682],[-42.585,61.717],[-42.11,61.857],[-42.321,62.153],[-42.153,62.568],[-42.942,62.72],[-41.909,62.737],[-41.634,62.972],[-42.175,63.209],[-41.388,63.062],[-41.108,63.274],[-41.049,63.514],[-40.775,63.534],[-40.55,63.725],[-40.618,64.132],[-41.031,64.121],[-41.581,64.298],[-40.782,64.222],[-40.182,64.48],[-40.655,64.915],[-40.966,64.869],[-41.089,65.035],[-40.253,65.049],[-39.578,65.341],[-40.174,65.556],[-38.203,65.712],[-38.216,65.838],[-38.52,66.01],[-38.14,65.904],[-37.752,66.262],[-38.157,66.386],[-37.279,66.304],[-38.001,65.71],[-37.754,65.593],[-37.063,65.871],[-36.665,65.79],[-36.527,66.008],[-36.379,65.831],[-35.63,66.14],[-35.867,66.441],[-35.189,66.25],[-34.633,66.435],[-34.102,66.726],[-33.108,67.658],[-32.165,67.991],[-32.367,68.213],[-32.18,68.257],[-32.327,68.437],[-30.979,68.061],[-30.611,68.118],[-30.72,68.251],[-30.196,68.199],[-26.483,68.676],[-25.092,69.165],[-25.189,69.261],[-24.296,69.439],[-24.297,69.586],[-23.739,69.589],[-23.866,69.737],[-23.05,69.793],[-23.088,69.883],[-22.207,70.108],[-25.53,70.353],[-27.028,70.201],[-27.384,69.992],[-27.629,70.028],[-27.328,70.217],[-26.508,70.397],[-29.072,70.445],[-28.146,70.656],[-27.979,70.84],[-28.398,70.993],[-26.718,70.95],[-25.668,71.265],[-25.843,71.48],[-27.107,71.533],[-27.087,71.627],[-25.885,71.572],[-24.562,71.224],[-23.971,70.649],[-23.328,70.451],[-22.691,70.437],[-22.437,70.86],[-22.384,70.462],[-21.523,70.526],[-21.752,71.478],[-22.299,71.432],[-22.418,71.249],[-22.48,71.383],[-22.503,71.5],[-21.96,71.745],[-24.572,72.42],[-25.204,72.393],[-24.701,72.506],[-24.813,72.902],[-26.658,72.716],[-24.63,73.038],[-24.069,72.499],[-22.293,72.12],[-22.28,72.345],[-22.075,72.399],[-22.036,72.918],[-24.133,73.409],[-25.057,73.396],[-27.348,73.068],[-27.562,73.138],[-26.542,73.249],[-27.27,73.436],[-26.062,73.253],[-24.778,73.54],[-25.521,73.852],[-24.677,73.602],[-24.158,73.764],[-23.233,73.398],[-22.347,73.269],[-20.637,73.464],[-20.51,73.493],[-20.367,73.848],[-22.135,73.99],[-22.335,74.063],[-22.196,74.206],[-22.334,74.286],[-21.973,74.39],[-21.983,74.567],[-21.762,74.483],[-21.955,74.244],[-21.129,74.111],[-19.272,74.343],[-19.287,74.546],[-19.985,74.975],[-20.417,74.975],[-20.862,74.636],[-21.038,74.654],[-20.795,74.806],[-20.986,75.074],[-21.695,74.964],[-22.233,75.12],[-21.649,75.023],[-20.485,75.314],[-19.526,75.18],[-19.375,75.298],[-19.4,75.494],[-19.509,75.758],[-19.958,75.997],[-19.863,76.121],[-20.887,76.304],[-21.488,76.272],[-21.877,76.573],[-22.607,76.681],[-22.334,76.794],[-21.615,76.688],[-20.487,76.921],[-18.606,76.763],[-18.337,76.921],[-18.292,77.133],[-18.443,77.259],[-19.3,77.222],[-20.232,77.368],[-20.681,77.619],[-20.162,77.69],[-19.296,77.585],[-19.49,77.719],[-20.863,77.912],[-21.38,77.698],[-21.73,77.709],[-20.956,78.555],[-21.134,78.659],[-18.992,79.178],[-19.414,79.349],[-19.353,79.734],[-20.069,79.774],[-20.15,80.011],[-19.429,80.258],[-18.071,80.172],[-16.489,80.252],[-15.937,80.428],[-16.761,80.573],[-14.504,80.763],[-14.229,80.87],[-14.452,80.993],[-13.126,81.088],[-11.426,81.481],[-12.434,81.683],[-14.242,81.814],[-16.121,81.777],[-17.456,81.398],[-19.63,81.64],[-23.118,80.778],[-23.196,80.847],[-23.072,80.927],[-21.504,81.438],[-21.147,81.695],[-21.13,81.934],[-21.338,82.069],[-22.94,82.031],[-23.496,81.773],[-24.293,81.701],[-25.149,82.001],[-27.84,82.049],[-29.544,81.94],[-29.887,82.055],[-29.579,82.161],[-23.118,82.325],[-21.521,82.595],[-22.525,82.789],[-24.47,82.877],[-25.123,83.16],[-32.033,82.983],[-31.993,83.085],[-25.795,83.261],[-29.953,83.565],[-33.398,83.577]],[[-19.611,82.078],[-19.031,81.827],[-18.665,81.846],[-19.315,82.123],[-19.611,82.078]],[[59.262,81.854],[58.135,81.828],[57.909,81.722],[59.408,81.825],[59.262,81.854]],[[62.284,81.707],[62.106,81.679],[63.782,81.65],[62.284,81.707]],[[57.456,81.543],[56.157,81.303],[55.466,81.311],[55.717,81.188],[56.822,81.238],[57.451,81.136],[58.015,81.255],[57.859,81.368],[58.564,81.418],[57.456,81.543]],[[58.719,81.314],[59.375,81.325],[58.61,81.337],[58.719,81.314]],[[95.16,81.271],[94.838,81.139],[93.065,80.988],[92.593,80.781],[93.263,80.791],[92.578,80.533],[91.524,80.359],[93.872,80.01],[97.175,80.241],[97.417,80.323],[97.025,80.536],[97.113,80.614],[97.87,80.763],[96.755,80.958],[95.801,81.28],[95.16,81.271]],[[97.121,80.153],[94.987,80.097],[93.071,79.495],[94.219,79.402],[94.791,79.087],[96.808,78.985],[97.555,78.827],[99.44,78.834],[99.929,78.961],[99.815,79.096],[99.042,79.293],[99.681,79.323],[99.782,79.628],[100.061,79.777],[99.947,79.849],[98.596,80.052],[98.353,79.884],[97.652,79.761],[97.627,79.85],[98.018,80.023],[97.675,80.158],[97.121,80.153]],[[99.942,79.671],[99.915,79.602],[100.136,79.614],[100.3,79.67],[100.142,79.684],[100.068,79.701],[99.956,79.69],[99.942,79.671]],[[102.181,79.373],[102.251,79.256],[101.761,79.372],[101.196,79.204],[100.865,78.926],[100.956,78.788],[100.416,78.753],[100.019,78.339],[99.287,78.038],[99.845,77.957],[101.204,78.192],[104.742,78.34],[105.343,78.594],[105.146,78.819],[104.633,78.835],[103.801,79.149],[102.95,79.056],[102.412,78.835],[102.885,79.254],[103.098,79.299],[102.181,79.373]],[[106.457,78.34],[106.024,78.22],[106.719,78.265],[106.457,78.34]],[[107.508,78.189],[106.416,78.14],[107.696,78.131],[107.508,78.189]],[[23.119,78.239],[22.3,78.228],[22.043,78.577],[20.228,78.478],[20.56,78.419],[20.528,78.326],[21.035,78.059],[21.653,77.924],[21.201,77.619],[20.873,77.565],[20.928,77.46],[22.685,77.554],[22.427,77.316],[22.802,77.276],[24.902,77.757],[23.117,77.992],[23.452,78.149],[23.119,78.239]],[[89.2,77.272],[89.3,77.184],[89.68,77.28],[89.2,77.272]],[[96.528,77.206],[95.27,77.019],[96.21,76.992],[96.561,77.13],[96.528,77.206]],[[68.017,76.991],[66.829,76.924],[65.755,76.579],[64.463,76.378],[62.971,76.237],[61.202,76.282],[60.942,76.071],[60.279,76.096],[58.881,75.855],[58.058,75.663],[57.607,75.341],[56.844,75.351],[56.876,75.244],[56.57,75.098],[55.81,75.125],[56.499,74.957],[55.582,74.628],[56.137,74.496],[55.341,74.42],[54.643,73.96],[53.763,73.766],[54.205,73.542],[54.132,73.481],[54.3,73.351],[55.007,73.454],[56.43,73.297],[56.964,73.367],[57.543,73.658],[57.313,73.838],[57.756,73.769],[57.872,73.85],[57.767,74.014],[58.618,74.227],[58.535,74.499],[59.04,74.486],[59.24,74.693],[59.674,74.61],[59.747,74.746],[60.501,74.905],[60.277,75.008],[61.356,75.315],[67.127,76.108],[68.165,76.285],[68.9,76.573],[68.873,76.79],[68.017,76.991]],[[97.43,76.591],[97.588,76.599],[97.31,76.69],[97.43,76.591]],[[96.833,76.324],[96.754,76.196],[97.053,76.303],[96.833,76.324]],[[96.351,76.212],[96.614,76.264],[95.311,76.215],[96.301,76.122],[96.351,76.212]],[[81.91,75.46],[81.501,75.368],[81.979,75.247],[82.222,75.351],[82.166,75.516],[81.91,75.46]],[[86.692,74.848],[87.124,74.94],[86.605,74.993],[86.259,74.894],[86.692,74.848]],[[84.54,74.49],[84.389,74.454],[84.71,74.4],[84.873,74.516],[84.54,74.49]],[[82.478,74.076],[82.71,74.091],[82.329,74.131],[82.478,74.076]],[[83.159,74.075],[83.618,74.089],[82.818,74.092],[83.159,74.075]],[[75.57,73.541],[75.344,73.432],[76.052,73.549],[75.57,73.541]],[[76.234,73.476],[76.756,73.446],[76.083,73.523],[76.234,73.476]],[[71.023,73.504],[70.15,73.445],[69.996,73.359],[69.92,73.085],[71.626,73.174],[71.023,73.504]],[[74.142,73.074],[74.638,72.864],[74.743,73.033],[74.962,73.062],[74.142,73.074]],[[78.657,72.892],[78.881,72.752],[79.538,72.769],[79.541,72.919],[79.164,73.094],[78.657,72.892]],[[56.189,73.033],[56.43,73.201],[54.804,73.388],[53.358,73.225],[53.189,73.104],[53.37,72.917],[52.551,72.769],[52.917,72.669],[52.622,72.301],[52.252,72.13],[51.583,72.071],[51.439,71.777],[51.59,71.571],[51.938,71.475],[53.412,71.53],[53.319,71.399],[53.41,71.34],[54.156,71.125],[53.671,71.087],[53.614,70.915],[53.384,70.874],[53.722,70.814],[56.435,70.563],[56.561,70.594],[56.26,70.715],[57.146,70.589],[57.625,70.729],[56.454,71.107],[55.298,71.935],[55.518,72.221],[55.36,72.409],[55.403,72.549],[55.723,72.766],[56.122,72.807],[56.189,73.033]],[[66.408,70.616],[66.569,70.501],[66.463,70.769],[66.408,70.616]],[[53.141,71.242],[52.777,71.4],[52.24,71.325],[53.023,70.969],[53.205,71.16],[53.141,71.242]],[[26.078,71.033],[25.586,71.142],[25.315,71.034],[26.078,71.033]],[[-7.979,71.117],[-8.344,71.14],[-9.099,70.855],[-7.979,71.117]],[[23.396,70.843],[21.995,70.657],[22.359,70.515],[22.829,70.542],[23.396,70.843]],[[23.663,70.675],[23.827,70.527],[24.078,70.651],[23.663,70.675]],[[23.579,70.594],[22.918,70.385],[23.345,70.315],[23.641,70.464],[23.579,70.594]],[[19.262,74.479],[18.797,74.486],[19.099,74.352],[19.262,74.479]],[[-17.586,74.993],[-17.392,75.037],[-17.886,75.204],[-18.001,75.407],[-18.636,75.39],[-18.856,75.319],[-18.882,75.196],[-18.891,75.072],[-18.671,75.002],[-17.586,74.993]],[[-18.583,76.042],[-18.733,76.642],[-19.059,76.695],[-19.085,76.43],[-18.697,76.016],[-18.583,76.042]],[[16.462,76.609],[17.063,76.659],[16.977,76.812],[17.249,76.969],[17.153,77.049],[17.623,77.399],[18.299,77.579],[18.439,78.025],[18.995,78.081],[19.056,78.319],[19.677,78.61],[21.389,78.74],[20.501,78.981],[20.767,79.059],[20.611,79.107],[19.894,79.056],[18.678,79.262],[18.815,79.427],[18.397,79.605],[17.669,79.386],[17.688,79.533],[17.956,79.704],[17.835,79.8],[16.387,80.053],[16.094,80.007],[16.1,79.884],[15.816,79.682],[16.344,78.976],[15.764,79.174],[14.832,79.766],[14.594,79.799],[14.04,79.586],[13.957,79.34],[13.334,79.575],[12.555,79.569],[13.921,79.762],[13.693,79.861],[12.219,79.798],[12.288,79.713],[11.702,79.821],[10.682,79.758],[10.811,79.641],[10.738,79.52],[11.208,79.13],[11.978,79.293],[12.084,79.268],[11.893,79.152],[11.982,79.025],[12.403,78.953],[11.365,78.95],[13.15,78.237],[14.11,78.271],[14.638,78.415],[14.432,78.492],[14.467,78.675],[14.689,78.721],[15.016,78.63],[15.384,78.771],[15.254,78.589],[15.417,78.473],[16.783,78.664],[16.449,78.504],[17.172,78.417],[15.784,78.327],[15.698,78.228],[14.248,78.071],[14.307,78.005],[13.681,78.028],[13.791,77.854],[14.09,77.771],[16.914,77.898],[17.033,77.798],[14.921,77.689],[14.695,77.525],[13.996,77.508],[14.366,77.234],[16.462,76.609]],[[-17.729,77.706],[-17.641,77.782],[-17.814,77.875],[-18.22,77.668],[-17.729,77.706]],[[-18.997,77.974],[-18.882,78.115],[-18.935,78.424],[-19.315,78.344],[-19.129,77.939],[-18.997,77.974]],[[11.757,78.329],[12.116,78.233],[11.826,78.436],[11.262,78.542],[10.961,78.846],[10.558,78.903],[11.121,78.463],[11.757,78.329]],[[-18.036,79.711],[-17.401,79.94],[-17.983,80.055],[-19.138,79.852],[-18.036,79.711]],[[18.344,80.06],[18.856,80.037],[18.255,79.929],[18.725,79.761],[20.784,79.749],[19.675,79.591],[20.128,79.49],[22.866,79.412],[22.696,79.329],[23.948,79.194],[25.641,79.403],[26.006,79.617],[27.199,79.907],[27.148,80.059],[26.861,80.16],[24.403,80.355],[23.115,80.187],[23.315,80.425],[23.008,80.474],[22.451,80.402],[22.443,80.19],[22.29,80.049],[19.733,80.478],[19.614,80.463],[19.81,80.327],[19.751,80.227],[19.178,80.332],[19.537,80.163],[19.343,80.116],[17.917,80.143],[18.344,80.06]],[[18.742,80.301],[18.519,80.348],[18.292,80.358],[18.206,80.332],[18.162,80.288],[18.525,80.246],[18.742,80.301]],[[46.06,80.484],[47.304,80.606],[47.705,80.765],[48.625,80.629],[48.687,80.718],[47.352,80.853],[44.905,80.611],[46.06,80.484]],[[49.508,80.865],[49.244,80.821],[49.088,80.516],[47.896,80.529],[46.644,80.3],[46.991,80.183],[47.978,80.213],[47.632,80.112],[47.737,80.082],[48.386,80.096],[48.978,80.163],[48.96,80.266],[48.677,80.3],[48.896,80.369],[51.704,80.688],[50.801,80.914],[49.508,80.865]],[[54.417,80.987],[54.067,80.814],[55.883,80.628],[57.694,80.792],[54.719,81.116],[54.417,80.987]],[[50.946,81.108],[50.879,81.151],[50.716,81.171],[50.592,81.169],[50.522,81.158],[50.506,81.144],[50.465,81.126],[50.368,81.123],[50.377,81.103],[50.412,81.084],[50.518,81.046],[50.616,81.041],[50.754,81.047],[50.789,81.072],[50.946,81.108]],[[64.256,81.144],[64.096,80.998],[62.52,80.822],[63.374,80.7],[65.437,80.931],[65.172,81.144],[64.256,81.144]],[[89.976,81.113],[91.567,81.141],[90.07,81.214],[89.901,81.171],[89.976,81.113]],[[79.007,80.835],[80.428,80.928],[79.217,80.96],[79.007,80.835]],[[61.851,80.886],[59.716,80.836],[59.288,80.573],[59.65,80.431],[61.051,80.419],[62.076,80.617],[62.228,80.794],[61.851,80.886]],[[58.972,80.416],[57.011,80.468],[57.332,80.158],[57.8,80.104],[58.398,80.319],[59.255,80.343],[58.972,80.416]],[[59.545,80.119],[58.919,79.985],[59.911,79.994],[59.545,80.119]],[[91.07,79.981],[92.441,79.675],[93.803,79.905],[92.173,80.045],[91.07,79.981]],[[51.431,79.921],[50.936,80.094],[50.091,79.981],[51.431,79.921]],[[50.052,80.074],[50.319,80.172],[49.556,80.159],[50.052,80.074]],[[31.578,80.081],[33.629,80.217],[31.482,80.108],[31.578,80.081]],[[52.636,80.179],[53.852,80.268],[53.186,80.413],[52.213,80.264],[52.636,80.179]],[[56.707,80.363],[56.024,80.341],[56.012,80.204],[55.724,80.105],[57.08,80.095],[57.079,80.351],[56.707,80.363]],[[55.353,80.318],[54.98,80.256],[55.48,80.274],[55.353,80.318]],[[54.415,80.473],[53.877,80.605],[53.812,80.476],[54.415,80.473]],[[58.931,80.832],[58.622,81.042],[58.102,81.114],[57.211,81.017],[57.938,80.793],[58.931,80.832]],[[60.321,80.956],[61.567,81.05],[60.587,81.088],[60.058,80.985],[60.321,80.956]],[[76.65,79.493],[77.589,79.502],[76.052,79.645],[76.65,79.493]],[[27.889,78.852],[29.697,78.905],[28.511,78.967],[27.889,78.852]],[[26.46,78.72],[27.008,78.698],[26.586,78.811],[26.408,78.784],[26.46,78.72]],[[-25.727,71.042],[-26.622,70.876],[-27.709,70.897],[-27.714,70.713],[-28.035,70.487],[-26.605,70.553],[-26.218,70.454],[-25.346,70.693],[-25.468,70.78],[-25.432,70.921],[-25.727,71.042]],[[19.599,70.266],[19.781,70.077],[20.088,70.102],[19.599,70.266]],[[20.655,70.231],[20.405,70.119],[20.779,70.09],[20.819,70.205],[20.655,70.231]],[[19.255,70.066],[19.133,70.244],[19.051,70.038],[18.687,69.891],[18.674,69.782],[18.062,69.602],[18.785,69.579],[19.608,70.019],[19.255,70.066]],[[17.863,69.543],[17.252,69.504],[17.395,69.417],[17.002,69.362],[16.972,69.138],[16.81,69.071],[17.083,69.014],[17.488,69.197],[17.951,69.198],[18.077,69.396],[17.863,69.543]],[[16.129,69.274],[15.893,69.278],[15.483,69.043],[15.444,68.919],[15.564,68.874],[15.413,68.616],[15.095,68.441],[14.586,68.4],[14.258,68.191],[15.912,68.389],[16.519,68.633],[16.329,68.876],[15.76,68.561],[15.928,68.733],[15.812,69.024],[16.129,69.274]],[[14.119,68.247],[13.538,68.249],[13.2,68.087],[13.352,68.01],[14.119,68.247]],[[13.123,68.049],[13.068,68.071],[12.958,68.015],[12.878,67.918],[12.824,67.821],[12.972,67.874],[13.075,67.935],[13.098,67.956],[13.098,68.003],[13.123,68.049]],[[15.128,69.004],[14.802,68.791],[14.373,68.711],[15.348,68.672],[15.397,68.784],[15.128,69.004]],[[-16.541,66.447],[-16.485,66.196],[-17.153,66.203],[-17.55,65.964],[-17.907,66.143],[-18.297,66.157],[-18.142,65.734],[-18.846,66.184],[-19.383,66.076],[-19.49,65.768],[-20.292,66.084],[-20.455,65.571],[-20.804,65.636],[-21.13,65.267],[-21.432,65.474],[-21.365,65.578],[-21.658,65.724],[-21.375,65.742],[-21.309,65.895],[-21.517,65.968],[-21.407,66.026],[-22.426,66.43],[-22.889,66.441],[-23.117,66.339],[-22.484,66.266],[-22.948,66.213],[-22.445,66.07],[-22.442,65.908],[-22.616,65.867],[-22.66,66.026],[-23.019,65.982],[-23.453,66.181],[-23.599,66.109],[-23.434,66.024],[-23.777,66.018],[-23.525,65.88],[-23.833,65.849],[-23.285,65.75],[-23.616,65.68],[-24.093,65.776],[-23.857,65.538],[-24.249,65.615],[-24.476,65.525],[-23.9,65.408],[-22.902,65.58],[-21.844,65.447],[-22.509,65.197],[-21.764,65.174],[-21.892,65.049],[-24.026,64.863],[-23.819,64.739],[-22.467,64.795],[-22.106,64.533],[-21.591,64.626],[-21.95,64.515],[-22.001,64.413],[-21.901,64.392],[-22.053,64.314],[-21.463,64.379],[-22.188,64.039],[-22.701,64.083],[-22.652,63.828],[-21.106,63.94],[-20.651,63.737],[-20.414,63.805],[-20.494,63.687],[-20.198,63.556],[-18.654,63.407],[-17.947,63.536],[-17.816,63.713],[-16.64,63.865],[-15.833,64.177],[-14.628,64.416],[-14.433,64.538],[-14.385,64.745],[-14.044,64.742],[-13.854,64.993],[-13.556,65.098],[-13.805,65.355],[-13.618,65.519],[-14.167,65.642],[-14.473,65.575],[-14.318,65.684],[-14.392,65.787],[-14.827,65.764],[-14.698,66.02],[-15.116,66.102],[-14.596,66.382],[-15.543,66.229],[-16.036,66.526],[-16.541,66.447]],[[12.343,66.081],[12.576,66.072],[12.621,66.178],[12.343,66.081]],[[12.43,65.94],[12.429,65.899],[12.51,65.902],[12.719,65.964],[12.779,65.992],[12.747,66.011],[12.642,66.009],[12.549,66.002],[12.476,65.977],[12.43,65.94]],[[11.8,65.684],[11.902,65.596],[12.003,65.679],[11.8,65.684]],[[10.74,64.87],[11.246,64.908],[11.021,64.979],[10.74,64.87]],[[8.287,63.687],[8.815,63.726],[8.765,63.805],[8.287,63.687]],[[7.804,63.414],[8.141,63.366],[8.074,63.471],[7.804,63.414]],[[-36.987,65.576],[-37.048,65.722],[-37.223,65.695],[-37.187,65.531],[-36.987,65.576]],[[-6.555,62.356],[-6.552,62.278],[-6.559,62.225],[-6.544,62.206],[-6.525,62.198],[-6.454,62.187],[-6.406,62.259],[-6.473,62.292],[-6.555,62.356]],[[-6.804,62.266],[-7.172,62.286],[-6.725,61.951],[-6.841,62.119],[-6.656,62.094],[-6.631,62.228],[-6.804,62.266]],[[-7.187,62.139],[-7.423,62.14],[-7.065,62.073],[-7.187,62.139]],[[-6.764,61.815],[-6.623,61.806],[-6.885,61.899],[-6.764,61.815]],[[-6.703,61.418],[-6.741,61.571],[-6.935,61.634],[-6.703,61.418]],[[4.799,61.083],[4.973,61.148],[4.862,61.194],[4.799,61.083]],[[-0.823,60.832],[-0.865,60.806],[-0.891,60.816],[-0.916,60.81],[-0.928,60.797],[-0.938,60.746],[-0.922,60.697],[-0.909,60.687],[-0.825,60.684],[-0.826,60.716],[-0.774,60.8],[-0.774,60.812],[-0.802,60.831],[-0.823,60.832]],[[-1.006,60.717],[-1.166,60.604],[-1.068,60.502],[-1.006,60.717]],[[-1.302,60.608],[-1.572,60.494],[-1.375,60.333],[-1.664,60.283],[-1.291,60.153],[-1.299,59.879],[-1.052,60.444],[-1.287,60.467],[-1.302,60.608]],[[4.957,60.447],[4.956,60.243],[5.089,60.189],[4.957,60.447]],[[-63.979,59.754],[-64.226,59.741],[-64.183,59.973],[-64.283,60.064],[-64.768,60.012],[-64.42,60.171],[-64.817,60.331],[-65.172,59.908],[-65.028,59.771],[-65.358,59.809],[-65.481,59.69],[-65.407,59.539],[-65.038,59.388],[-65.475,59.47],[-65.412,59.315],[-65.7,59.213],[-65.384,59.06],[-65.721,59.024],[-66.043,58.821],[-65.923,58.572],[-66.002,58.431],[-66.091,58.659],[-66.362,58.791],[-66.722,58.491],[-67.57,58.213],[-67.678,57.991],[-67.756,58.405],[-68.064,58.139],[-67.888,58.296],[-68.021,58.485],[-68.414,58.052],[-69.041,57.902],[-68.357,58.163],[-68.229,58.485],[-68.381,58.744],[-68.698,58.905],[-69.271,58.884],[-69.79,58.689],[-70.154,58.761],[-69.784,58.956],[-69.648,58.821],[-69.532,58.869],[-69.344,59.303],[-69.682,59.342],[-69.579,59.675],[-69.734,59.918],[-70.655,60.026],[-69.674,60.076],[-69.751,60.487],[-69.405,60.847],[-69.503,61.04],[-69.992,60.856],[-70.279,61.069],[-71.423,61.159],[-71.743,61.337],[-71.645,61.413],[-71.854,61.44],[-71.638,61.617],[-71.866,61.689],[-72.216,61.587],[-72.04,61.68],[-72.226,61.832],[-72.506,61.923],[-72.772,61.84],[-72.632,62.027],[-72.687,62.125],[-73.705,62.473],[-74.646,62.211],[-74.633,62.116],[-75.341,62.312],[-75.79,62.18],[-75.676,62.25],[-77.372,62.573],[-78.068,62.355],[-78.147,62.209],[-78.021,61.832],[-77.514,61.556],[-77.736,61.437],[-77.765,61.158],[-78.181,60.819],[-77.603,60.825],[-77.791,60.64],[-77.504,60.543],[-77.681,60.427],[-77.453,60.146],[-77.586,60.088],[-77.289,60.022],[-77.485,59.685],[-77.349,59.579],[-77.726,59.676],[-77.859,59.476],[-77.761,59.38],[-78.431,58.902],[-78.515,58.682],[-77.157,58.019],[-76.891,57.758],[-76.573,57.181],[-76.546,56.359],[-76.762,55.996],[-77.775,55.291],[-79.712,54.672],[-79.139,54.157],[-79.242,54.099],[-78.996,54.002],[-79.075,53.932],[-78.946,53.832],[-79.1,53.657],[-78.722,52.856],[-78.744,52.655],[-78.448,52.261],[-78.982,51.775],[-78.731,51.497],[-78.903,51.2],[-79.041,51.464],[-79.339,51.628],[-79.643,51.414],[-79.737,51.186],[-79.348,50.763],[-80.104,51.283],[-80.478,51.307],[-80.851,51.125],[-80.443,51.389],[-80.588,51.667],[-81.466,52.204],[-81.828,52.224],[-81.599,52.433],[-82.292,53.031],[-82.159,53.264],[-82.141,53.818],[-82.424,54.245],[-82.219,54.813],[-82.393,55.068],[-83.911,55.315],[-85.061,55.286],[-85.365,55.079],[-85.218,55.349],[-85.677,55.601],[-87.482,56.021],[-88.075,56.467],[-88.826,56.814],[-90.592,57.224],[-91.111,57.241],[-92.798,56.922],[-92.433,57.32],[-93.179,58.726],[-94.123,58.737],[-94.332,58.297],[-94.287,58.716],[-94.957,59.069],[-94.788,59.268],[-94.786,59.953],[-94.647,60.416],[-94.762,60.498],[-94.509,60.605],[-94.068,61.139],[-94.083,61.304],[-93.889,61.344],[-93.913,61.481],[-93.312,61.767],[-93.582,61.942],[-93.333,61.933],[-93.35,62.03],[-92.906,62.215],[-93.205,62.365],[-92.528,62.168],[-92.768,62.38],[-92.551,62.547],[-91.936,62.592],[-92.361,62.819],[-91.449,62.804],[-90.699,63.064],[-90.711,63.304],[-90.97,63.443],[-91.842,63.698],[-92.465,63.555],[-92.157,63.692],[-93.379,63.948],[-93.27,63.841],[-93.56,63.865],[-93.696,64.147],[-92.338,63.788],[-91.982,63.822],[-90.946,63.588],[-90.245,63.642],[-90.013,63.804],[-90.168,63.979],[-89.856,63.957],[-90.042,64.141],[-89.811,64.181],[-89.616,64.031],[-89.132,63.969],[-89.201,64.114],[-88.818,63.992],[-88.106,64.183],[-87.003,65.109],[-87.392,65.261],[-88.974,65.348],[-89.924,65.78],[-91.427,65.948],[-89.749,65.936],[-87.97,65.349],[-87.453,65.339],[-87.081,65.441],[-85.959,66.119],[-86.685,66.36],[-86.708,66.523],[-85.604,66.568],[-84.478,66.179],[-84.324,66.291],[-83.798,66.238],[-84.223,66.682],[-84.639,66.902],[-85.111,66.891],[-84.846,67.029],[-83.998,66.729],[-83.523,66.369],[-82.642,66.588],[-81.387,67.189],[-81.294,67.497],[-82.063,67.928],[-82.013,68.194],[-82.222,68.145],[-82.553,68.446],[-81.915,68.459],[-81.282,68.657],[-81.381,68.85],[-81.958,68.884],[-81.322,69.139],[-82.228,69.249],[-82.31,69.41],[-82.755,69.494],[-82.374,69.642],[-82.618,69.691],[-85.507,69.845],[-85.387,69.232],[-84.862,69.074],[-85.107,68.844],[-84.868,68.773],[-85.69,68.671],[-85.953,68.072],[-86.398,67.8],[-86.561,67.482],[-87.359,67.177],[-88.314,67.95],[-88.347,68.288],[-87.828,68.3],[-88.041,68.812],[-89.057,69.266],[-89.28,69.255],[-89.667,69.015],[-89.898,68.491],[-90.248,68.267],[-90.574,68.475],[-90.479,68.881],[-91.237,69.286],[-90.892,69.267],[-90.416,69.457],[-91.44,69.526],[-91.202,69.645],[-91.912,69.531],[-92.312,69.673],[-92.888,69.668],[-91.977,70.039],[-92.512,70.104],[-92.321,70.235],[-91.564,70.178],[-91.761,70.326],[-92.047,70.303],[-92.356,70.634],[-92.981,70.852],[-92.883,71.069],[-93.031,71.336],[-93.763,71.638],[-93.746,71.743],[-94.308,71.765],[-94.611,71.987],[-95.201,71.904],[-95.872,71.573],[-95.406,71.492],[-95.564,71.337],[-96.062,71.414],[-96.447,71.24],[-96.549,70.809],[-96.258,70.642],[-95.886,70.694],[-95.988,70.617],[-95.879,70.549],[-96.298,70.511],[-96.551,70.21],[-95.965,69.803],[-94.823,69.578],[-94.634,69.65],[-94.271,69.455],[-93.532,69.481],[-93.431,69.375],[-93.749,69.226],[-93.619,69.417],[-94.255,69.314],[-94.255,69.151],[-94.084,69.123],[-94.6,68.803],[-94.065,68.785],[-93.852,69.0],[-93.681,68.887],[-93.644,68.633],[-93.449,68.619],[-94.744,68.071],[-95.461,68.021],[-95.65,67.737],[-95.259,67.263],[-95.4,66.949],[-96.037,66.938],[-95.743,66.69],[-95.788,66.617],[-96.423,67.052],[-95.419,67.013],[-95.416,67.156],[-95.778,67.185],[-95.72,67.317],[-96.141,67.272],[-96.369,67.51],[-95.97,68.249],[-96.722,68.039],[-96.431,68.311],[-96.977,68.255],[-97.336,68.479],[-97.829,68.533],[-97.939,68.51],[-97.794,68.388],[-98.65,68.364],[-98.193,67.923],[-97.547,67.961],[-97.207,67.855],[-97.155,67.726],[-97.607,67.631],[-98.632,68.073],[-98.704,67.966],[-98.412,67.807],[-102.32,67.736],[-103.474,68.115],[-104.487,68.063],[-104.653,68.23],[-105.377,68.414],[-105.686,68.828],[-106.164,68.92],[-108.346,68.598],[-108.718,68.297],[-108.323,68.154],[-107.734,68.174],[-107.619,68.331],[-106.608,68.357],[-106.458,68.516],[-105.75,68.592],[-106.404,68.319],[-106.424,68.201],[-107.798,68.037],[-107.763,67.907],[-107.958,67.819],[-107.156,66.882],[-107.746,66.961],[-107.71,66.74],[-107.259,66.399],[-108.496,67.092],[-107.991,67.095],[-107.909,67.163],[-107.989,67.256],[-108.613,67.598],[-108.852,67.422],[-109.038,67.691],[-109.63,67.733],[-110.074,67.993],[-110.99,67.791],[-112.503,67.682],[-115.133,67.819],[-115.434,67.902],[-114.765,68.27],[-114.096,68.267],[-113.964,68.399],[-114.62,68.746],[-115.442,68.941],[-116.243,68.974],[-116.059,68.837],[-117.227,68.913],[-120.14,69.381],[-121.742,69.798],[-123.026,69.81],[-123.214,69.542],[-123.528,69.389],[-124.338,69.365],[-124.481,69.425],[-124.125,69.69],[-124.407,69.767],[-124.444,70.111],[-124.555,70.151],[-124.99,70.027],[-124.768,69.99],[-125.346,69.662],[-125.172,69.428],[-125.728,69.38],[-126.612,69.73],[-127.226,70.296],[-127.991,70.574],[-128.17,70.418],[-127.684,70.26],[-128.279,70.108],[-128.853,69.751],[-129.054,69.701],[-129.158,69.8],[-128.899,69.966],[-130.118,69.72],[-130.971,69.209],[-131.063,69.451],[-131.325,69.361],[-131.788,69.432],[-131.92,69.291],[-132.719,69.079],[-132.739,68.922],[-132.533,68.876],[-132.706,68.815],[-133.337,68.835],[-133.197,68.74],[-133.418,68.844],[-131.938,69.535],[-130.832,69.651],[-129.538,70.105],[-129.676,70.193],[-129.945,70.091],[-130.665,70.127],[-131.136,69.907],[-132.488,69.738],[-132.568,69.698],[-132.404,69.659],[-132.84,69.651],[-133.163,69.434],[-134.174,69.253],[-133.88,69.508],[-134.409,69.682],[-134.457,69.478],[-135.141,69.468],[-135.293,69.308],[-135.691,69.311],[-135.91,69.111],[-135.576,69.027],[-135.895,68.927],[-135.435,68.842],[-135.259,68.684],[-137.869,69.093],[-139.182,69.516],[-141.408,69.653],[-143.218,70.116],[-144.619,69.982],[-145.823,70.16],[-147.705,70.217],[-149.269,70.501],[-151.945,70.452],[-151.769,70.56],[-152.471,70.654],[-152.3,70.847],[-153.233,70.933],[-154.195,70.801],[-154.785,70.894],[-154.674,70.987],[-155.167,71.099],[-155.974,70.842],[-156.147,70.928],[-155.579,71.121],[-156.567,71.342],[-156.47,71.408],[-157.909,70.86],[-159.681,70.787],[-160.082,70.635],[-159.387,70.525],[-159.815,70.497],[-159.866,70.279],[-160.095,70.333],[-159.963,70.568],[-160.117,70.591],[-160.996,70.305],[-162.074,70.162],[-161.761,70.258],[-161.881,70.332],[-162.952,69.758],[-163.161,69.388],[-163.536,69.17],[-164.302,68.936],[-166.209,68.885],[-166.381,68.425],[-166.786,68.36],[-164.125,67.607],[-163.532,67.103],[-161.72,67.021],[-161.622,66.979],[-161.879,66.804],[-161.857,66.7],[-161.398,66.552],[-160.864,66.671],[-160.361,66.612],[-160.232,66.42],[-161.591,66.46],[-161.91,66.56],[-162.051,66.667],[-162.018,66.784],[-162.362,66.947],[-162.607,66.894],[-161.828,66.371],[-161.12,66.334],[-161.034,66.189],[-161.455,66.281],[-161.934,66.043],[-163.695,66.084],[-164.034,66.216],[-163.775,66.531],[-163.894,66.576],[-163.638,66.575],[-164.46,66.588],[-165.812,66.288],[-165.63,66.131],[-166.399,66.144],[-168.088,65.658],[-167.404,65.422],[-166.157,65.286],[-166.928,65.157],[-166.415,64.927],[-166.481,64.728],[-166.143,64.583],[-164.979,64.454],[-163.713,64.588],[-163.144,64.424],[-163.052,64.52],[-163.303,64.606],[-163.204,64.652],[-162.711,64.378],[-161.759,64.816],[-161.13,64.925],[-160.887,64.796],[-160.932,64.579],[-161.491,64.434],[-160.988,64.251],[-160.779,63.819],[-160.927,63.661],[-161.505,63.468],[-162.283,63.529],[-162.621,63.266],[-163.288,63.046],[-163.738,63.016],[-163.616,63.125],[-163.943,63.247],[-164.409,63.215],[-164.525,63.128],[-164.384,63.03],[-164.8,62.918],[-164.793,62.623],[-164.589,62.709],[-164.844,62.581],[-164.758,62.497],[-165.195,62.474],[-165.707,62.1],[-165.613,61.869],[-166.079,61.803],[-165.809,61.696],[-166.168,61.651],[-166.094,61.507],[-165.845,61.536],[-165.864,61.336],[-165.566,61.102],[-165.381,61.106],[-165.274,61.275],[-165.345,61.198],[-164.869,61.112],[-165.115,60.933],[-163.587,60.903],[-163.907,60.854],[-163.421,60.757],[-163.73,60.59],[-164.0,60.766],[-164.372,60.592],[-164.319,60.771],[-164.805,60.892],[-165.354,60.541],[-165.027,60.501],[-165.061,60.413],[-164.662,60.304],[-163.907,59.807],[-162.571,59.99],[-162.527,60.199],[-162.685,60.269],[-162.138,60.686],[-161.947,60.685],[-162.421,60.284],[-161.829,59.589],[-162.023,59.284],[-161.981,59.146],[-161.644,59.11],[-161.789,59.016],[-161.724,58.794],[-162.145,58.644],[-161.361,58.67],[-161.247,58.799],[-160.363,59.051],[-159.92,58.82],[-159.67,58.911],[-158.951,58.405],[-158.789,58.441],[-158.809,58.974],[-158.678,58.929],[-158.423,59.09],[-158.081,58.977],[-158.426,58.999],[-158.503,58.85],[-158.191,58.614],[-157.142,58.878],[-156.809,59.134],[-156.975,58.736],[-157.524,58.421],[-157.488,58.254],[-157.194,58.194],[-157.611,58.051],[-157.697,57.679],[-157.462,57.506],[-157.846,57.528],[-158.321,57.298],[-158.661,57.039],[-158.675,56.795],[-158.918,56.882],[-160.302,56.314],[-160.539,56.006],[-160.292,55.805],[-160.706,55.87],[-160.803,55.754],[-161.005,55.887],[-160.899,55.994],[-161.216,56.021],[-161.697,55.907],[-162.907,55.196],[-163.279,55.122],[-163.335,54.839],[-163.131,54.917],[-163.12,55.065],[-162.674,54.997],[-162.63,55.247],[-162.386,55.052],[-162.074,55.139],[-161.517,55.618],[-161.202,55.544],[-161.413,55.536],[-161.464,55.383],[-161.178,55.389],[-159.771,55.841],[-159.66,55.626],[-159.523,55.81],[-158.79,55.987],[-158.591,56.185],[-158.476,56.075],[-158.276,56.196],[-158.552,56.313],[-158.414,56.436],[-156.629,57.01],[-156.4,57.205],[-156.436,57.36],[-155.778,57.568],[-155.007,58.016],[-154.247,58.159],[-154.289,58.304],[-153.438,58.755],[-153.327,58.884],[-153.418,58.96],[-154.178,59.156],[-154.088,59.363],[-153.653,59.647],[-153.094,59.709],[-153.025,59.794],[-153.211,59.843],[-152.66,59.997],[-152.665,60.125],[-153.025,60.296],[-152.541,60.265],[-152.26,60.409],[-152.271,60.528],[-151.75,60.755],[-151.782,60.858],[-151.594,60.98],[-150.612,61.301],[-149.976,61.279],[-149.625,61.486],[-149.329,61.497],[-150.053,61.171],[-149.075,60.876],[-150.441,61.024],[-151.322,60.743],[-151.396,60.274],[-151.853,59.782],[-151.45,59.65],[-151.046,59.772],[-151.95,59.265],[-150.935,59.249],[-150.607,59.563],[-150.198,59.567],[-149.967,59.69],[-150.005,59.784],[-149.782,59.75],[-149.714,59.92],[-149.598,59.77],[-149.395,60.106],[-149.267,59.998],[-148.431,59.989],[-148.198,60.168],[-148.182,60.393],[-147.964,60.485],[-148.119,60.575],[-148.64,60.489],[-148.257,60.675],[-148.556,60.827],[-148.344,60.854],[-148.209,61.03],[-148.411,61.011],[-148.342,61.06],[-147.752,61.219],[-147.991,60.948],[-147.361,60.915],[-146.285,61.113],[-146.599,61.054],[-146.638,60.897],[-146.392,60.811],[-146.57,60.729],[-145.675,60.651],[-145.899,60.478],[-145.248,60.38],[-144.691,60.669],[-144.901,60.335],[-144.185,60.151],[-144.147,60.016],[-142.946,60.097],[-141.67,59.97],[-141.409,60.118],[-141.29,60.004],[-141.408,59.903],[-140.42,59.711],[-139.431,60.012],[-138.988,59.835],[-139.221,59.82],[-139.287,59.611],[-139.331,59.877],[-139.512,59.954],[-139.513,59.698],[-139.799,59.546],[-138.515,59.166],[-137.544,58.581],[-136.607,58.244],[-136.061,58.453],[-136.484,58.618],[-136.41,58.701],[-136.614,58.809],[-137.059,58.874],[-136.989,59.034],[-136.226,58.765],[-136.124,58.82],[-136.15,59.048],[-136.017,58.874],[-135.826,58.898],[-136.043,58.822],[-135.862,58.577],[-135.898,58.4],[-135.09,58.246],[-135.502,59.202],[-135.4,59.208],[-135.484,59.309],[-135.364,59.419],[-135.132,58.843],[-134.664,58.385],[-134.209,58.233],[-133.877,58.518],[-134.045,58.289],[-134.031,58.072],[-133.722,57.844],[-133.194,57.878],[-133.535,57.833],[-133.117,57.566],[-133.649,57.642],[-133.437,57.337],[-133.466,57.172],[-132.825,57.056],[-132.802,56.895],[-132.487,56.766],[-132.182,56.421],[-131.551,56.207],[-131.844,56.16],[-132.208,55.753],[-132.119,55.57],[-131.945,55.554],[-131.784,55.877],[-131.033,56.088],[-131.128,55.96],[-130.748,55.318],[-131.048,55.158],[-130.85,54.808],[-130.535,54.749],[-130.204,54.947],[-130.037,55.298],[-130.147,55.654],[-130.025,55.888],[-130.048,55.057],[-129.795,55.56],[-129.561,55.463],[-130.35,54.655],[-130.43,54.421],[-130.084,54.181],[-129.626,54.23],[-130.043,54.134],[-130.335,53.724],[-129.564,53.251],[-129.258,53.418],[-129.208,53.642],[-128.959,53.841],[-128.532,53.858],[-128.764,53.747],[-128.676,53.555],[-128.207,53.483],[-127.928,53.275],[-128.133,53.418],[-128.906,53.559],[-128.855,53.705],[-129.172,53.534],[-129.081,53.367],[-128.525,53.141],[-128.365,52.826],[-128.053,52.911],[-128.272,52.363],[-127.94,52.545],[-128.037,52.318],[-128.358,52.159],[-128.102,51.788],[-127.834,52.251],[-127.066,52.653],[-127.008,52.843],[-126.951,52.721],[-127.194,52.458],[-126.714,52.061],[-127.242,52.395],[-127.438,52.356],[-127.795,52.191],[-127.859,51.99],[-127.728,51.993],[-127.851,51.673],[-127.669,51.478],[-127.339,51.707],[-126.691,51.703],[-127.42,51.608],[-127.689,51.343],[-127.708,51.151],[-127.058,50.868],[-126.632,50.915],[-126.517,51.057],[-126.522,50.866],[-126.375,50.837],[-126.514,50.679],[-125.904,50.705],[-126.447,50.588],[-126.094,50.498],[-125.641,50.466],[-125.539,50.649],[-125.476,50.497],[-125.059,50.514],[-124.86,50.872],[-124.863,50.637],[-125.057,50.419],[-124.702,49.958],[-124.413,49.778],[-124.142,49.793],[-123.972,49.892],[-123.88,50.174],[-123.785,50.088],[-123.904,49.981],[-123.874,49.737],[-123.582,49.681],[-123.817,49.587],[-123.993,49.736],[-123.948,49.535],[-123.531,49.397],[-123.188,49.68],[-123.277,49.344],[-122.879,49.399],[-123.229,49.26],[-123.196,49.148],[-123.08,49.131],[-123.077,48.98],[-122.827,49.028],[-122.545,48.762],[-122.497,48.506],[-122.662,48.446],[-122.409,48.294],[-122.494,48.13],[-122.395,48.084],[-122.416,48.184],[-122.242,48.011],[-122.402,47.784],[-122.354,47.372],[-122.627,47.144],[-123.028,47.139],[-122.828,47.337],[-122.768,47.218],[-122.578,47.293],[-122.675,47.612],[-122.533,47.92],[-123.06,47.454],[-122.922,47.408],[-123.136,47.356],[-122.657,47.881],[-122.779,48.138],[-123.976,48.168],[-124.71,48.38],[-124.663,47.974],[-124.376,47.659],[-124.139,46.955],[-123.843,46.963],[-124.113,46.863],[-123.889,46.66],[-123.946,46.433],[-124.044,46.605],[-124.073,46.279],[-123.465,46.271],[-123.221,46.154],[-123.989,46.219],[-123.929,45.577],[-124.149,43.692],[-124.54,42.813],[-124.072,41.46],[-124.357,40.371],[-123.833,39.775],[-123.701,38.907],[-122.908,38.197],[-122.999,37.989],[-122.932,38.055],[-122.521,37.826],[-122.393,38.145],[-121.525,38.056],[-122.314,38.007],[-122.385,37.961],[-122.071,37.478],[-122.446,37.798],[-122.499,37.543],[-122.395,37.208],[-121.807,36.851],[-121.877,36.331],[-120.659,35.122],[-120.645,34.58],[-120.481,34.472],[-119.606,34.418],[-119.144,34.112],[-118.506,34.017],[-118.41,33.744],[-118.081,33.722],[-117.467,33.296],[-117.063,32.344],[-116.621,31.851],[-116.722,31.735],[-116.662,31.565],[-116.333,31.203],[-116.296,30.971],[-116.062,30.804],[-115.674,29.756],[-114.937,29.352],[-114.048,28.426],[-114.266,27.934],[-114.069,27.676],[-114.301,27.873],[-115.036,27.842],[-114.994,27.736],[-114.54,27.431],[-114.445,27.218],[-113.841,26.967],[-113.599,26.721],[-113.272,26.791],[-113.156,26.946],[-113.021,26.583],[-112.377,26.214],[-112.07,25.573],[-112.073,24.84],[-111.802,24.543],[-110.363,23.605],[-110.006,22.894],[-109.496,23.16],[-109.421,23.48],[-110.263,24.345],[-110.367,24.1],[-110.659,24.341],[-110.687,24.868],[-111.292,25.79],[-111.57,26.708],[-111.795,26.88],[-111.699,26.581],[-111.863,26.679],[-112.329,27.523],[-112.734,27.826],[-112.871,28.424],[-113.094,28.512],[-113.206,28.799],[-113.5,28.927],[-113.755,29.367],[-114.55,30.022],[-114.882,31.156],[-114.79,31.647],[-114.934,31.901],[-114.149,31.507],[-113.948,31.629],[-113.759,31.558],[-113.623,31.346],[-113.047,31.179],[-113.058,30.651],[-112.162,29.019],[-111.121,27.967],[-110.53,27.864],[-110.615,27.654],[-110.478,27.323],[-109.944,27.079],[-109.755,26.703],[-109.483,26.71],[-109.276,26.534],[-109.117,26.253],[-109.2,26.305],[-109.426,26.033],[-109.385,25.727],[-109.196,25.593],[-108.887,25.733],[-109.029,25.48],[-108.787,25.538],[-108.696,25.383],[-108.051,25.067],[-108.281,25.082],[-107.951,24.615],[-107.512,24.489],[-107.527,24.36],[-107.765,24.472],[-106.935,23.881],[-105.792,22.627],[-105.649,21.988],[-105.431,21.618],[-105.209,21.491],[-105.237,21.119],[-105.511,20.809],[-105.327,20.753],[-105.26,20.579],[-105.669,20.386],[-105.482,19.976],[-104.938,19.309],[-103.912,18.828],[-103.442,18.325],[-102.7,18.063],[-101.919,17.96],[-100.848,17.2],[-99.691,16.72],[-98.762,16.535],[-98.52,16.305],[-97.755,15.967],[-97.185,15.909],[-96.511,15.652],[-94.799,16.21],[-95.021,16.278],[-94.9,16.417],[-94.791,16.287],[-94.617,16.348],[-94.662,16.202],[-94.001,16.019],[-94.374,16.285],[-93.916,16.054],[-92.265,14.568],[-91.377,13.99],[-90.479,13.901],[-89.804,13.56],[-88.512,13.184],[-88.686,13.281],[-88.023,13.169],[-87.814,13.399],[-87.489,13.353],[-87.339,12.95],[-87.585,13.043],[-87.668,12.904],[-86.851,12.248],[-85.745,11.089],[-85.908,10.898],[-85.663,10.635],[-85.85,10.292],[-85.625,9.902],[-85.077,9.602],[-84.886,9.821],[-85.237,10.107],[-85.236,10.242],[-84.715,9.899],[-84.582,9.568],[-83.737,9.15],[-83.614,8.804],[-83.734,8.614],[-83.605,8.48],[-83.292,8.406],[-83.47,8.707],[-83.286,8.664],[-82.879,8.071],[-82.866,8.246],[-82.68,8.322],[-81.728,8.138],[-81.504,7.721],[-81.268,7.625],[-81.064,7.9],[-80.846,7.22],[-80.011,7.5],[-80.459,8.214],[-79.75,8.596],[-79.687,8.851],[-79.442,9.006],[-78.955,8.933],[-78.514,8.628],[-78.41,8.355],[-78.399,8.506],[-78.223,8.397],[-78.099,8.497],[-77.761,8.133],[-78.142,8.386],[-78.287,8.092],[-78.422,8.061],[-78.17,7.544],[-77.369,6.576],[-77.469,6.177],[-77.249,5.78],[-77.534,5.537],[-77.373,5.324],[-77.286,4.722],[-77.521,4.213],[-77.409,4.248],[-77.358,3.945],[-77.278,4.058],[-77.264,3.893],[-77.077,3.913],[-77.814,2.716],[-78.067,2.509],[-78.592,2.357],[-78.577,1.774],[-78.793,1.849],[-79.025,1.624],[-78.86,1.455],[-78.9,1.206],[-80.088,0.785],[-80.046,0.155],[-80.482,-0.368],[-80.282,-0.621],[-80.455,-0.585],[-80.554,-0.848],[-80.902,-1.079],[-80.761,-1.935],[-80.77,-2.077],[-80.963,-2.189],[-80.285,-2.707],[-80.007,-2.354],[-80.03,-2.557],[-79.926,-2.549],[-79.842,-2.067],[-79.73,-2.579],[-80.027,-3.228],[-80.799,-3.731],[-81.232,-4.234],[-81.337,-4.67],[-80.882,-5.635],[-80.931,-5.841],[-81.164,-5.875],[-81.142,-6.057],[-79.995,-6.769],[-78.762,-8.617],[-78.186,-10.089],[-77.736,-10.837],[-77.633,-11.288],[-77.22,-11.663],[-77.153,-12.06],[-76.832,-12.349],[-76.224,-13.371],[-76.259,-13.803],[-76.376,-13.863],[-75.934,-14.634],[-75.534,-14.899],[-75.104,-15.412],[-73.728,-16.202],[-72.468,-16.708],[-71.532,-17.294],[-71.337,-17.683],[-70.362,-18.398],[-70.148,-19.805],[-70.197,-20.725],[-70.088,-21.493],[-70.332,-22.849],[-70.563,-23.057],[-70.593,-23.255],[-70.392,-23.566],[-70.574,-24.644],[-70.452,-25.252],[-70.714,-25.784],[-70.647,-26.329],[-71.186,-28.378],[-71.519,-28.926],[-71.316,-29.65],[-71.4,-30.143],[-71.669,-30.33],[-71.709,-30.628],[-71.452,-32.66],[-71.743,-33.095],[-71.664,-33.653],[-72.003,-34.165],[-72.224,-35.096],[-72.624,-35.586],[-72.587,-35.76],[-73.118,-36.688],[-73.216,-37.167],[-73.602,-37.188],[-73.662,-37.341],[-73.662,-37.699],[-73.465,-38.04],[-73.52,-38.509],[-73.226,-39.224],[-73.41,-39.789],[-73.671,-39.963],[-73.966,-41.118],[-73.811,-41.517],[-73.624,-41.581],[-73.735,-41.742],[-73.624,-41.774],[-73.242,-41.781],[-72.953,-41.515],[-72.542,-41.691],[-72.318,-41.499],[-72.36,-41.649],[-72.824,-41.909],[-72.499,-41.981],[-72.412,-42.388],[-72.631,-42.2],[-72.773,-42.258],[-72.632,-42.51],[-72.774,-42.505],[-72.848,-42.669],[-72.758,-43.039],[-73.076,-43.324],[-72.997,-43.632],[-73.069,-43.862],[-73.224,-43.898],[-73.265,-44.169],[-72.664,-44.436],[-72.68,-44.594],[-72.739,-44.734],[-73.362,-44.978],[-73.405,-45.102],[-73.445,-45.238],[-72.934,-45.452],[-73.266,-45.346],[-73.731,-45.48],[-73.757,-45.703],[-73.592,-45.899],[-73.845,-46.566],[-73.949,-46.533],[-73.708,-46.07],[-73.735,-45.812],[-73.879,-45.847],[-73.968,-46.154],[-74.393,-46.217],[-74.02,-46.056],[-73.825,-45.447],[-73.957,-45.404],[-74.123,-45.496],[-74.158,-45.767],[-75.067,-45.875],[-74.924,-46.16],[-75.706,-46.705],[-75.43,-46.935],[-75.54,-46.699],[-74.984,-46.512],[-75.006,-46.741],[-74.512,-46.885],[-74.454,-46.767],[-74.314,-46.788],[-74.152,-46.974],[-74.158,-47.183],[-74.483,-47.43],[-74.134,-47.591],[-74.243,-47.679],[-74.534,-47.568],[-74.655,-47.702],[-74.227,-47.969],[-73.941,-47.929],[-73.716,-47.655],[-73.61,-47.994],[-73.391,-48.146],[-74.585,-47.999],[-74.474,-48.464],[-74.009,-48.475],[-74.341,-48.596],[-74.367,-49.4],[-74.221,-49.501],[-73.935,-49.021],[-74.094,-49.43],[-73.836,-49.609],[-74.291,-49.604],[-74.324,-49.783],[-73.959,-49.995],[-74.334,-49.975],[-74.63,-50.194],[-73.95,-50.511],[-74.186,-50.485],[-74.197,-50.61],[-73.978,-50.827],[-73.654,-50.493],[-73.618,-50.651],[-73.807,-50.938],[-74.139,-50.818],[-74.366,-50.488],[-74.644,-50.361],[-74.776,-50.47],[-74.686,-50.662],[-75.095,-50.681],[-74.815,-51.063],[-73.94,-51.266],[-73.93,-51.618],[-74.197,-51.681],[-73.753,-51.796],[-73.518,-52.041],[-72.6,-51.799],[-73.169,-51.454],[-72.543,-51.706],[-72.494,-51.848],[-72.625,-52.007],[-72.523,-52.255],[-72.714,-52.357],[-72.571,-52.2],[-72.795,-51.95],[-73.26,-52.158],[-73.684,-52.078],[-73.834,-52.234],[-74.296,-52.118],[-74.037,-52.403],[-74.014,-52.639],[-73.586,-52.686],[-73.124,-52.488],[-73.241,-52.707],[-73.645,-52.837],[-73.122,-53.074],[-72.712,-52.536],[-71.511,-52.605],[-72.118,-52.65],[-72.453,-52.814],[-72.728,-52.762],[-73.053,-53.243],[-72.549,-53.461],[-72.278,-53.132],[-71.388,-52.764],[-71.227,-52.811],[-71.163,-52.888],[-71.289,-53.034],[-71.741,-53.233],[-71.791,-53.485],[-71.892,-53.524],[-71.828,-53.398],[-71.942,-53.234],[-72.413,-53.35],[-72.174,-53.632],[-71.298,-53.883],[-70.996,-53.779],[-70.795,-52.769],[-69.62,-52.465],[-69.241,-52.205],[-68.394,-52.307],[-68.965,-51.677],[-69.465,-51.584],[-69.058,-51.547],[-69.201,-50.994],[-69.359,-51.028],[-69.155,-50.864],[-68.939,-50.382],[-68.422,-50.158],[-68.598,-50.009],[-68.98,-50.003],[-68.662,-49.936],[-68.668,-49.753],[-68.257,-50.105],[-67.914,-49.984],[-67.783,-49.859],[-67.685,-49.247],[-67.466,-48.952],[-65.81,-47.941],[-66.225,-47.827],[-65.775,-47.568],[-65.854,-47.157],[-66.777,-47.006],[-67.506,-46.443],[-67.6,-46.053],[-66.941,-45.257],[-66.19,-44.965],[-65.639,-45.008],[-65.648,-44.661],[-65.266,-44.28],[-65.252,-43.572],[-64.84,-43.189],[-64.319,-42.969],[-65.027,-42.759],[-64.971,-42.666],[-64.488,-42.513],[-64.035,-42.881],[-63.617,-42.696],[-63.63,-42.283],[-63.796,-42.114],[-64.229,-42.218],[-64.061,-42.266],[-64.101,-42.395],[-64.42,-42.434],[-64.571,-42.416],[-64.538,-42.255],[-64.986,-42.102],[-65.155,-41.106],[-65.069,-40.805],[-64.869,-40.736],[-63.622,-41.16],[-62.959,-41.11],[-62.395,-40.891],[-62.246,-40.675],[-62.402,-40.197],[-62.287,-39.895],[-62.132,-39.825],[-62.077,-39.462],[-62.179,-39.38],[-62.054,-39.374],[-62.295,-39.243],[-62.335,-38.8],[-61.848,-38.962],[-61.112,-38.993],[-59.828,-38.838],[-58.179,-38.436],[-57.547,-38.086],[-56.727,-36.958],[-56.717,-36.389],[-57.076,-36.297],[-57.375,-35.9],[-57.171,-35.362],[-57.548,-35.019],[-58.283,-34.683],[-58.525,-34.296],[-58.392,-34.193],[-58.547,-33.663],[-58.424,-33.112],[-58.171,-32.959],[-58.201,-32.472],[-58.093,-32.967],[-58.364,-33.182],[-58.438,-33.719],[-58.4,-33.912],[-57.829,-34.477],[-57.171,-34.452],[-56.195,-34.906],[-55.673,-34.776],[-54.902,-34.933],[-54.169,-34.671],[-53.785,-34.38],[-53.42,-33.779],[-52.652,-33.138],[-52.127,-32.168],[-52.194,-31.886],[-51.972,-31.384],[-51.506,-31.104],[-51.359,-30.675],[-51.283,-30.752],[-51.157,-30.364],[-51.298,-30.035],[-51.025,-30.369],[-50.564,-30.254],[-50.582,-30.439],[-50.716,-30.426],[-50.689,-30.704],[-50.941,-30.904],[-50.98,-31.094],[-51.161,-31.119],[-51.272,-31.477],[-51.681,-31.775],[-52.063,-31.83],[-52.039,-32.115],[-50.921,-31.258],[-50.3,-30.426],[-49.746,-29.363],[-48.8,-28.575],[-48.621,-28.076],[-48.554,-27.196],[-48.748,-26.269],[-48.619,-26.179],[-48.666,-25.844],[-48.401,-25.597],[-48.732,-25.369],[-48.476,-25.443],[-48.402,-25.272],[-48.186,-25.31],[-48.203,-25.417],[-47.929,-25.168],[-47.989,-25.036],[-46.867,-24.236],[-45.972,-23.796],[-45.464,-23.803],[-45.325,-23.6],[-44.57,-23.274],[-44.637,-23.055],[-43.866,-22.911],[-43.676,-23.009],[-43.974,-23.057],[-43.899,-23.101],[-43.224,-22.991],[-43.154,-22.725],[-42.958,-22.967],[-42.042,-22.947],[-41.98,-22.581],[-41.706,-22.31],[-41.0,-21.999],[-40.955,-21.238],[-40.789,-20.906],[-40.396,-20.569],[-40.001,-19.742],[-39.783,-19.572],[-39.651,-18.252],[-39.154,-17.704],[-39.203,-17.178],[-38.881,-15.864],[-39.06,-14.655],[-38.942,-14.031],[-39.048,-14.044],[-38.989,-13.615],[-39.089,-13.588],[-38.764,-12.907],[-38.852,-12.79],[-38.691,-12.624],[-38.402,-12.966],[-38.019,-12.591],[-37.359,-11.253],[-37.356,-11.404],[-37.183,-11.068],[-36.398,-10.484],[-35.885,-9.848],[-35.891,-9.687],[-35.764,-9.703],[-35.341,-9.231],[-34.835,-7.971],[-34.834,-7.024],[-35.393,-5.251],[-35.549,-5.129],[-36.591,-5.098],[-37.175,-4.912],[-38.476,-3.717],[-39.965,-2.862],[-40.475,-2.796],[-41.48,-2.917],[-41.876,-2.747],[-42.25,-2.792],[-43.38,-2.376],[-44.193,-2.81],[-44.106,-2.493],[-44.229,-2.471],[-44.438,-2.944],[-44.723,-3.205],[-44.589,-2.573],[-44.382,-2.366],[-44.435,-2.168],[-44.662,-2.373],[-44.756,-2.266],[-44.538,-2.053],[-44.651,-1.746],[-44.779,-1.799],[-44.721,-1.733],[-45.076,-1.466],[-45.329,-1.717],[-45.459,-1.356],[-47.398,-0.627],[-47.419,-0.766],[-47.557,-0.67],[-48.115,-0.738],[-48.45,-1.146],[-48.468,-1.394],[-48.35,-1.482],[-48.463,-1.614],[-48.71,-1.488],[-49.211,-1.917],[-49.637,-2.657],[-49.314,-1.732],[-49.72,-1.926],[-49.999,-1.832],[-50.403,-2.016],[-50.69,-1.762],[-50.895,-0.938],[-51.948,-1.587],[-52.664,-1.552],[-51.981,-1.368],[-51.283,-0.085],[-50.755,0.223],[-49.899,1.163],[-49.957,1.66],[-50.459,1.83],[-50.714,2.134],[-51.22,4.094],[-51.547,4.311],[-51.653,4.061],[-51.828,4.636],[-52.003,4.352],[-52.058,4.717],[-52.22,4.863],[-52.325,4.771],[-52.291,4.942],[-52.899,5.425],[-53.847,5.782],[-54.156,5.359],[-54.054,5.808],[-54.356,5.91],[-55.828,5.962],[-55.898,5.699],[-56.236,5.885],[-56.97,5.993],[-57.182,5.529],[-57.228,6.178],[-57.983,6.786],[-58.415,6.851],[-58.673,6.391],[-58.477,7.326],[-58.812,7.736],[-60.167,8.617],[-60.801,8.592],[-61.304,8.41],[-61.619,8.597],[-61.247,8.6],[-61.023,9.155],[-60.792,9.361],[-61.589,9.895],[-61.766,9.814],[-61.736,9.631],[-62.077,9.975],[-62.32,9.783],[-62.55,10.2],[-62.741,10.056],[-62.686,10.29],[-62.914,10.531],[-62.38,10.547],[-61.879,10.741],[-64.298,10.635],[-63.732,10.503],[-64.188,10.458],[-64.85,10.098],[-65.129,10.07],[-65.852,10.258],[-66.247,10.632],[-68.14,10.493],[-68.399,11.161],[-68.828,11.432],[-69.632,11.48],[-70.004,12.178],[-70.203,12.098],[-70.287,11.886],[-70.193,11.625],[-69.817,11.672],[-69.805,11.474],[-70.097,11.52],[-70.233,11.373],[-71.47,10.964],[-71.494,10.533],[-71.053,9.706],[-71.086,9.348],[-71.241,9.16],[-71.62,9.048],[-72.113,9.816],[-71.594,10.657],[-71.731,10.995],[-71.642,11.014],[-71.835,11.19],[-71.957,11.57],[-71.415,11.755],[-71.137,12.046],[-71.262,12.335],[-71.597,12.434],[-72.136,12.189],[-72.275,11.889],[-73.313,11.296],[-74.143,11.321],[-74.401,10.765],[-74.516,10.863],[-74.33,10.997],[-74.845,11.11],[-75.248,10.783],[-75.708,10.143],[-75.539,10.205],[-75.639,9.45],[-76.027,9.366],[-76.277,8.989],[-76.92,8.574],[-76.772,8.311],[-76.787,7.932],[-77.831,9.068],[-78.504,9.406],[-79.112,9.537],[-79.577,9.598],[-80.127,9.21],[-81.063,8.813],[-81.546,8.827],[-81.894,9.14],[-81.78,8.957],[-82.078,8.935],[-82.244,9.031],[-82.188,9.192],[-82.34,9.209],[-82.371,9.429],[-82.778,9.67],[-83.347,10.315],[-83.868,11.3],[-83.652,11.642],[-83.829,11.861],[-83.767,12.059],[-83.68,12.024],[-83.754,12.502],[-83.593,12.713],[-83.627,12.459],[-83.511,12.412],[-83.494,13.739],[-83.188,14.34],[-83.414,14.825],[-83.344,14.902],[-83.28,14.813],[-83.158,14.993],[-83.369,15.24],[-83.646,15.368],[-83.498,15.222],[-83.76,15.22],[-84.095,15.401],[-83.973,15.52],[-83.765,15.405],[-84.261,15.823],[-84.56,15.802],[-84.974,15.99],[-85.484,15.9],[-85.986,16.024],[-85.936,15.953],[-86.357,15.783],[-86.907,15.762],[-87.702,15.911],[-88.131,15.701],[-88.594,15.95],[-88.603,15.764],[-88.894,15.891],[-88.313,16.633],[-88.272,17.61],[-88.085,18.226],[-88.13,18.351],[-88.349,18.359],[-88.032,18.839],[-88.039,18.484],[-87.882,18.274],[-87.804,18.357],[-87.501,19.288],[-87.656,19.258],[-87.659,19.352],[-87.425,19.583],[-87.688,19.637],[-87.442,19.862],[-87.421,20.231],[-86.865,20.885],[-86.824,21.422],[-87.128,21.621],[-87.387,21.551],[-87.188,21.546],[-87.251,21.447],[-88.132,21.616],[-89.888,21.253],[-90.353,21.009],[-90.492,19.947],[-90.693,19.73],[-90.739,19.352],[-91.458,18.865],[-91.343,18.901],[-91.275,18.624],[-91.6,18.447],[-91.914,18.529],[-91.974,18.716],[-92.441,18.675],[-92.885,18.469],[-93.552,18.43],[-94.46,18.167],[-95.182,18.701],[-95.72,18.768],[-95.627,18.691],[-95.92,18.82],[-95.778,18.806],[-96.29,19.344],[-96.456,19.87],[-97.121,20.615],[-97.638,21.604],[-97.754,22.027],[-97.383,21.567],[-97.409,21.273],[-97.315,21.564],[-97.763,22.106],[-97.858,22.625],[-97.668,24.39],[-97.14,26.03],[-97.435,26.486],[-97.555,26.967],[-97.485,27.237],[-97.692,27.287],[-97.768,27.458],[-97.439,27.328],[-97.289,27.671],[-97.431,27.837],[-97.073,27.986],[-97.034,28.094],[-97.156,28.144],[-96.84,28.194],[-96.774,28.422],[-96.676,28.341],[-96.421,28.457],[-96.64,28.709],[-96.449,28.594],[-96.011,28.632],[-96.235,28.489],[-95.853,28.64],[-95.273,28.964],[-94.888,29.371],[-95.023,29.702],[-94.742,29.75],[-94.778,29.548],[-94.526,29.548],[-94.76,29.384],[-93.89,29.689],[-93.841,29.98],[-93.826,29.725],[-93.176,29.779],[-92.261,29.557],[-91.893,29.836],[-91.514,29.555],[-91.249,29.564],[-91.151,29.318],[-91.29,29.289],[-90.751,29.131],[-90.502,29.3],[-90.136,29.136],[-90.052,29.431],[-90.159,29.537],[-89.443,29.194],[-89.376,28.981],[-89.156,29.017],[-89.016,29.203],[-89.721,29.619],[-89.354,29.82],[-89.401,30.046],[-89.632,29.904],[-89.815,30.007],[-89.665,30.117],[-89.737,30.172],[-90.285,30.065],[-90.413,30.14],[-90.225,30.379],[-89.588,30.166],[-88.905,30.415],[-88.135,30.367],[-88.011,30.694],[-87.79,30.292],[-88.006,30.231],[-87.281,30.339],[-87.171,30.539],[-86.998,30.57],[-86.986,30.431],[-87.201,30.339],[-86.257,30.493],[-86.124,30.406],[-86.454,30.399],[-85.756,30.167],[-85.604,30.287],[-85.676,30.122],[-85.354,29.876],[-85.319,29.68],[-84.044,30.104],[-83.694,29.926],[-82.651,28.887],[-82.844,27.846],[-82.661,27.718],[-82.636,27.981],[-82.401,27.835],[-82.715,27.5],[-82.29,26.871],[-82.013,26.962],[-82.04,26.552],[-81.829,26.687],[-81.959,26.49],[-81.715,25.983],[-81.365,25.831],[-80.94,25.264],[-81.136,25.31],[-81.11,25.138],[-80.485,25.23],[-80.126,25.833],[-80.05,26.808],[-80.838,28.758],[-80.688,28.579],[-80.694,28.345],[-80.607,28.523],[-80.61,28.178],[-80.457,27.901],[-80.585,28.272],[-80.524,28.486],[-81.25,29.794],[-81.516,30.802],[-81.46,31.127],[-81.288,31.264],[-81.381,31.353],[-81.175,31.531],[-81.259,31.539],[-81.113,31.879],[-80.694,32.216],[-80.803,32.448],[-80.579,32.287],[-80.474,32.423],[-80.634,32.512],[-79.941,32.667],[-79.933,32.81],[-79.276,33.135],[-79.226,33.405],[-79.194,33.244],[-78.841,33.724],[-78.406,33.918],[-78.013,33.912],[-77.953,34.169],[-77.928,33.94],[-77.751,34.285],[-77.38,34.527],[-77.412,34.731],[-77.296,34.603],[-76.44,34.843],[-76.362,34.937],[-76.457,34.989],[-76.975,35.025],[-77.07,35.155],[-76.779,34.99],[-76.513,35.27],[-77.04,35.527],[-76.741,35.431],[-76.577,35.532],[-76.49,35.397],[-76.174,35.354],[-75.774,35.647],[-75.759,35.843],[-75.854,35.96],[-76.084,35.691],[-76.07,35.97],[-76.726,35.958],[-76.734,36.229],[-76.559,36.015],[-76.15,36.146],[-76.148,36.279],[-75.82,36.113],[-75.993,36.474],[-75.946,36.659],[-75.534,35.819],[-75.999,36.913],[-76.488,36.897],[-76.672,37.173],[-77.251,37.329],[-76.631,37.222],[-76.401,36.991],[-76.283,37.053],[-76.758,37.505],[-76.454,37.274],[-76.401,37.386],[-76.263,37.357],[-76.306,37.571],[-77.111,38.166],[-76.492,37.682],[-76.344,37.676],[-76.264,37.894],[-77.314,38.397],[-77.03,38.889],[-77.233,38.408],[-77.001,38.445],[-76.89,38.292],[-76.868,38.39],[-76.341,38.087],[-76.669,38.538],[-76.394,38.369],[-76.559,39.065],[-76.428,39.126],[-76.57,39.269],[-76.421,39.225],[-76.063,39.561],[-75.873,39.511],[-76.003,39.411],[-75.876,39.376],[-76.074,39.369],[-76.236,39.192],[-76.135,39.082],[-76.331,38.909],[-76.168,38.853],[-76.341,38.71],[-76.017,38.625],[-76.264,38.6],[-76.265,38.436],[-76.051,38.28],[-75.859,38.362],[-75.851,37.972],[-75.659,37.954],[-75.975,37.398],[-75.934,37.152],[-75.039,38.426],[-75.187,38.591],[-75.089,38.778],[-75.574,39.477],[-75.464,39.781],[-75.074,39.983],[-75.422,39.79],[-75.524,39.49],[-74.897,39.145],[-74.923,38.941],[-74.429,39.387],[-74.065,39.993],[-74.08,39.788],[-73.972,40.4],[-74.264,40.529],[-73.927,40.914],[-73.97,41.25],[-73.872,41.055],[-73.987,40.751],[-72.925,41.285],[-71.523,41.379],[-71.39,41.795],[-71.271,41.681],[-71.149,41.746],[-71.169,41.489],[-70.701,41.715],[-70.657,41.534],[-69.949,41.677],[-70.109,42.078],[-70.241,42.091],[-70.001,41.826],[-70.427,41.757],[-70.738,42.229],[-71.046,42.331],[-70.613,42.623],[-70.829,42.825],[-70.179,43.766],[-69.965,43.855],[-69.808,43.772],[-69.653,43.994],[-69.624,43.881],[-69.557,43.983],[-69.521,43.897],[-69.226,43.986],[-68.763,44.571],[-68.812,44.339],[-68.533,44.259],[-68.451,44.508],[-68.152,44.502],[-68.057,44.384],[-67.839,44.576],[-67.191,44.676],[-66.987,44.828],[-67.107,44.885],[-67.125,45.169],[-66.44,45.096],[-66.027,45.418],[-66.11,45.317],[-65.884,45.223],[-64.779,45.638],[-64.594,45.814],[-64.633,45.947],[-64.482,45.806],[-64.315,45.836],[-64.873,45.355],[-63.368,45.365],[-64.093,45.217],[-64.135,45.023],[-64.448,45.337],[-66.091,44.505],[-66.146,44.436],[-65.868,44.569],[-66.193,44.144],[-66.126,43.814],[-65.887,43.795],[-65.738,43.561],[-65.482,43.518],[-64.276,44.334],[-64.286,44.55],[-64.101,44.487],[-64.0,44.645],[-63.61,44.48],[-63.604,44.683],[-63.306,44.643],[-61.032,45.292],[-61.461,45.367],[-61.282,45.441],[-61.35,45.574],[-61.492,45.687],[-61.777,45.656],[-61.956,45.868],[-62.483,45.622],[-62.75,45.648],[-62.701,45.741],[-63.293,45.752],[-64.056,46.021],[-63.832,46.107],[-63.916,46.166],[-64.542,46.24],[-64.906,46.888],[-64.831,47.061],[-65.319,47.101],[-64.912,47.369],[-64.703,47.725],[-65.002,47.847],[-65.607,47.67],[-65.849,47.911],[-66.36,48.061],[-66.704,48.022],[-65.927,48.189],[-65.259,48.021],[-64.254,48.55],[-64.246,48.691],[-64.514,48.841],[-64.216,48.874],[-64.568,49.105],[-65.523,49.266],[-66.598,49.126],[-68.816,48.366],[-69.471,47.967],[-70.519,47.033],[-72.109,46.551],[-73.16,46.01],[-73.558,45.425],[-74.709,45.004],[-73.974,45.345],[-74.315,45.531],[-74.038,45.502],[-73.477,45.738],[-72.981,46.21],[-71.88,46.687],[-71.268,46.796],[-70.706,47.14],[-69.994,47.74],[-69.775,48.098],[-71.018,48.456],[-69.674,48.199],[-68.282,49.197],[-67.372,49.348],[-66.941,49.994],[-66.496,50.212],[-62.715,50.302],[-61.92,50.233],[-61.725,50.104],[-60.08,50.255],[-58.51,51.295],[-56.976,51.458],[-55.695,52.138],[-55.691,52.242],[-56.012,52.394],[-55.777,52.364],[-55.746,52.475],[-56.325,52.545],[-55.803,52.643],[-55.892,53.0],[-55.798,53.212],[-55.966,53.471],[-56.524,53.766],[-56.841,53.739],[-57.332,53.469],[-57.524,53.611],[-57.135,53.792],[-57.416,54.163],[-58.31,54.202],[-58.317,54.114],[-57.928,54.104],[-58.652,53.978],[-60.329,53.266],[-60.1,53.487],[-60.395,53.653],[-60.145,53.596],[-59.823,53.834],[-58.633,54.05],[-58.435,54.228],[-57.699,54.387],[-57.404,54.591],[-57.962,54.876],[-58.398,54.774],[-58.78,54.838],[-58.997,55.149],[-59.26,55.2],[-59.838,54.814],[-59.438,55.176],[-59.759,55.31],[-60.617,55.06],[-60.192,55.481],[-60.408,55.65],[-60.341,55.785],[-60.562,55.727],[-60.743,55.941],[-61.089,55.866],[-61.45,55.996],[-61.301,56.047],[-61.365,56.216],[-61.713,56.231],[-61.425,56.361],[-61.94,56.424],[-61.738,56.526],[-62.497,56.802],[-61.372,56.681],[-61.334,57.011],[-61.977,57.248],[-61.85,57.37],[-61.921,57.421],[-62.496,57.489],[-61.968,57.612],[-61.959,57.912],[-62.306,57.972],[-62.486,58.154],[-63.262,58.015],[-62.812,58.2],[-62.594,58.474],[-63.21,58.467],[-63.537,58.33],[-62.874,58.672],[-63.05,58.878],[-63.282,58.867],[-63.248,59.068],[-63.971,59.054],[-63.415,59.194],[-63.54,59.333],[-63.776,59.277],[-63.945,59.38],[-63.75,59.513],[-63.979,59.754]],[[-2.976,59.347],[-3.042,59.334],[-3.052,59.324],[-3.013,59.291],[-2.964,59.274],[-2.861,59.247],[-2.852,59.182],[-2.815,59.162],[-2.729,59.187],[-2.72,59.219],[-2.731,59.227],[-2.815,59.241],[-2.862,59.288],[-2.976,59.347]],[[-2.604,59.289],[-2.662,59.23],[-2.407,59.298],[-2.604,59.289]],[[-3.31,59.131],[-3.347,58.987],[-3.201,58.925],[-2.762,58.956],[-3.31,59.131]],[[-3.272,58.905],[-3.401,58.882],[-3.165,58.794],[-3.272,58.905]],[[-3.035,58.823],[-2.939,58.739],[-2.896,58.828],[-3.035,58.823]],[[-3.662,58.606],[-5.017,58.567],[-5.008,58.263],[-5.338,58.239],[-5.413,58.07],[-5.157,57.881],[-5.608,57.881],[-5.745,57.668],[-5.582,57.547],[-5.795,57.379],[-5.562,57.233],[-5.861,56.903],[-5.731,56.853],[-6.134,56.707],[-5.652,56.532],[-5.188,56.758],[-5.61,56.055],[-5.623,55.813],[-5.504,55.802],[-5.681,55.624],[-5.731,55.334],[-5.556,55.39],[-5.41,55.995],[-5.084,56.197],[-4.997,56.233],[-5.223,56.066],[-5.228,55.886],[-4.8,56.158],[-4.844,56.051],[-4.584,55.939],[-4.872,55.874],[-4.892,55.699],[-4.677,55.501],[-5.056,54.988],[-5.173,54.986],[-5.032,54.761],[-4.911,54.689],[-4.818,54.846],[-3.958,54.781],[-3.55,54.947],[-3.036,54.953],[-3.465,54.773],[-3.592,54.564],[-3.166,54.128],[-2.846,54.135],[-3.027,53.906],[-2.925,53.733],[-3.065,53.513],[-2.75,53.31],[-3.065,53.427],[-3.166,53.395],[-3.098,53.26],[-3.764,53.308],[-4.269,53.145],[-4.683,52.806],[-4.101,52.915],[-3.98,52.542],[-4.218,52.277],[-5.183,51.95],[-5.262,51.88],[-5.168,51.741],[-4.902,51.626],[-4.386,51.741],[-4.091,51.66],[-4.235,51.569],[-3.891,51.592],[-3.293,51.39],[-2.433,51.741],[-3.136,51.205],[-4.188,51.189],[-4.894,50.534],[-5.655,50.077],[-5.119,50.038],[-4.728,50.29],[-4.195,50.393],[-3.68,50.24],[-3.405,50.632],[-2.999,50.717],[-2.036,50.603],[-2.031,50.725],[-1.334,50.821],[-1.416,50.897],[0.205,50.763],[0.96,50.926],[1.366,51.155],[1.415,51.363],[0.425,51.466],[0.891,51.571],[0.898,51.689],[0.752,51.73],[1.188,51.803],[1.232,51.971],[1.591,52.12],[1.747,52.469],[1.657,52.754],[1.056,52.959],[0.559,52.967],[0.28,52.809],[0.046,52.906],[0.356,53.16],[0.271,53.335],[-0.294,53.692],[-0.66,53.724],[0.115,53.609],[-0.206,54.022],[-0.084,54.118],[-1.232,54.704],[-1.655,55.57],[-2.147,55.903],[-2.599,56.027],[-3.049,55.952],[-3.789,56.095],[-3.362,56.028],[-2.674,56.253],[-2.885,56.398],[-3.31,56.363],[-2.593,56.562],[-1.778,57.494],[-2.074,57.702],[-3.403,57.708],[-4.135,57.578],[-3.857,57.819],[-4.036,57.852],[-3.99,57.959],[-3.212,58.321],[-3.046,58.616],[-3.662,58.606]],[[8.296,54.908],[8.285,54.767],[8.63,54.892],[8.38,54.9],[8.405,55.059],[8.296,54.908]],[[8.454,54.691],[8.549,54.688],[8.588,54.713],[8.573,54.749],[8.51,54.76],[8.468,54.757],[8.418,54.739],[8.4,54.714],[8.454,54.691]],[[6.755,53.625],[6.669,53.606],[6.642,53.579],[6.735,53.583],[6.801,53.625],[6.755,53.625]],[[6.159,53.484],[6.193,53.477],[6.333,53.511],[6.291,53.515],[6.168,53.494],[6.159,53.484]],[[5.665,53.455],[5.732,53.443],[5.929,53.459],[5.928,53.465],[5.876,53.475],[5.708,53.473],[5.654,53.467],[5.665,53.455]],[[5.583,53.438],[5.557,53.444],[5.415,53.431],[5.19,53.392],[5.233,53.378],[5.326,53.386],[5.583,53.438]],[[4.908,53.246],[4.924,53.235],[5.109,53.308],[5.027,53.31],[4.908,53.246]],[[4.727,53.02],[4.787,53.0],[4.886,53.071],[4.886,53.183],[4.74,53.091],[4.709,53.036],[4.727,53.02]],[[3.699,51.71],[3.732,51.678],[3.819,51.694],[3.951,51.627],[4.075,51.649],[4.068,51.667],[4.047,51.685],[3.949,51.739],[3.789,51.746],[3.699,51.73],[3.699,51.71]],[[-1.144,50.735],[-1.563,50.666],[-1.251,50.589],[-1.066,50.69],[-1.144,50.735]],[[-56.127,50.015],[-56.247,50.09],[-56.822,49.613],[-56.732,50.008],[-55.8,51.033],[-55.815,51.191],[-56.0,51.199],[-56.031,51.328],[-55.583,51.389],[-55.496,51.59],[-55.701,51.559],[-55.69,51.471],[-56.026,51.568],[-56.619,51.362],[-57.036,51.011],[-57.053,50.857],[-57.298,50.699],[-57.18,50.615],[-57.433,50.506],[-57.926,49.701],[-57.791,49.49],[-58.016,49.542],[-58.213,49.387],[-58.191,49.259],[-57.98,49.23],[-58.099,49.077],[-57.991,48.988],[-58.404,49.084],[-58.716,48.598],[-58.906,48.65],[-58.842,48.746],[-59.168,48.558],[-58.33,48.522],[-59.341,47.934],[-59.26,47.634],[-58.941,47.58],[-58.337,47.731],[-56.774,47.565],[-55.858,47.819],[-55.867,47.592],[-56.127,47.503],[-55.576,47.465],[-55.366,47.661],[-54.785,47.665],[-55.492,47.161],[-55.919,47.017],[-55.95,46.928],[-55.789,46.867],[-55.316,46.906],[-54.857,47.385],[-54.474,47.547],[-54.488,47.404],[-54.192,47.86],[-53.989,47.756],[-53.85,47.44],[-54.174,46.88],[-54.01,46.84],[-53.597,47.146],[-53.59,46.639],[-53.07,46.681],[-52.654,47.549],[-52.782,47.769],[-52.945,47.553],[-53.17,47.512],[-53.154,47.735],[-52.866,48.113],[-53.283,47.998],[-53.672,47.648],[-53.864,47.787],[-53.638,48.015],[-53.87,48.02],[-53.136,48.402],[-53.028,48.635],[-54.114,48.394],[-53.706,48.656],[-53.966,48.707],[-53.853,48.811],[-54.161,48.788],[-53.573,49.141],[-53.619,49.322],[-53.958,49.442],[-54.448,49.329],[-54.502,49.527],[-55.353,49.079],[-55.23,49.508],[-55.344,49.373],[-55.376,49.49],[-56.087,49.452],[-55.87,49.67],[-56.14,49.619],[-55.503,49.983],[-56.161,49.94],[-56.127,50.015]],[[-54.138,49.751],[-54.286,49.595],[-53.981,49.662],[-54.138,49.751]],[[-54.538,49.62],[-54.864,49.576],[-54.787,49.496],[-54.538,49.62]],[[-2.639,49.451],[-2.547,49.429],[-2.512,49.495],[-2.521,49.506],[-2.542,49.507],[-2.646,49.468],[-2.639,49.451]],[[-2.221,49.266],[-2.236,49.176],[-2.01,49.181],[-2.221,49.266]],[[-60.333,46.737],[-60.408,47.004],[-60.87,46.797],[-61.481,46.06],[-61.408,45.669],[-61.284,45.574],[-60.673,45.591],[-59.842,45.942],[-59.934,46.019],[-59.865,46.16],[-60.226,46.196],[-60.298,46.311],[-60.733,45.957],[-60.461,45.969],[-60.699,45.773],[-61.092,45.748],[-60.865,45.983],[-61.105,45.945],[-60.534,46.215],[-60.333,46.737]],[[-1.28,45.897],[-1.214,45.817],[-1.178,45.904],[-1.389,46.05],[-1.28,45.897]],[[-61.026,45.577],[-61.003,45.482],[-60.912,45.567],[-61.026,45.577]],[[-62.074,46.466],[-63.129,46.422],[-63.681,46.562],[-63.784,46.455],[-64.088,46.775],[-63.994,47.062],[-64.403,46.692],[-64.136,46.6],[-64.111,46.425],[-63.759,46.398],[-63.569,46.209],[-63.213,46.16],[-62.978,46.316],[-63.056,46.224],[-62.895,46.124],[-63.022,46.067],[-62.743,45.967],[-62.478,46.0],[-62.526,46.203],[-62.074,46.466]],[[-56.387,47.068],[-56.354,46.795],[-56.255,46.861],[-56.287,47.071],[-56.387,47.068]],[[-56.209,46.798],[-56.243,46.767],[-56.172,46.753],[-56.151,46.762],[-56.139,46.779],[-56.137,46.802],[-56.153,46.811],[-56.185,46.807],[-56.209,46.798]],[[-54.148,47.573],[-54.128,47.647],[-54.168,47.607],[-54.215,47.585],[-54.226,47.566],[-54.227,47.54],[-54.259,47.498],[-54.32,47.439],[-54.326,47.408],[-54.276,47.407],[-54.227,47.441],[-54.148,47.573]],[[-61.773,47.26],[-61.914,47.285],[-61.396,47.638],[-61.925,47.425],[-62.008,47.234],[-61.773,47.26]],[[-64.534,47.814],[-64.663,47.863],[-64.685,47.754],[-64.534,47.814]],[[-64.481,48.007],[-64.5,48.014],[-64.52,48.005],[-64.541,47.985],[-64.591,47.907],[-64.476,47.959],[-64.481,48.007]],[[-61.801,49.094],[-61.696,49.139],[-61.817,49.284],[-62.859,49.705],[-64.131,49.942],[-64.485,49.887],[-63.042,49.225],[-61.801,49.094]],[[-9.835,51.483],[-8.813,51.585],[-8.349,51.739],[-8.409,51.889],[-8.058,51.826],[-6.966,52.25],[-6.89,52.159],[-6.325,52.247],[-6.463,52.345],[-6.027,52.927],[-6.345,53.987],[-5.607,54.273],[-5.671,54.55],[-5.484,54.442],[-5.528,54.62],[-5.879,54.641],[-5.717,54.817],[-6.129,55.217],[-6.947,55.183],[-7.179,55.057],[-6.962,55.238],[-7.309,55.366],[-7.518,55.248],[-7.478,55.047],[-7.659,54.971],[-7.557,55.122],[-7.667,55.256],[-8.275,55.146],[-8.377,54.889],[-8.764,54.681],[-8.133,54.641],[-8.623,54.347],[-8.546,54.241],[-10.056,54.258],[-10.093,54.156],[-9.856,54.095],[-9.914,53.864],[-9.578,53.805],[-9.902,53.727],[-9.721,53.604],[-10.117,53.549],[-10.091,53.413],[-8.93,53.207],[-9.299,53.098],[-9.465,52.823],[-9.917,52.57],[-9.175,52.635],[-8.99,52.755],[-8.783,52.68],[-9.632,52.547],[-9.906,52.404],[-9.772,52.25],[-10.357,52.207],[-9.91,52.123],[-10.341,51.799],[-9.599,51.874],[-10.121,51.601],[-9.525,51.681],[-9.835,51.483]],[[-55.294,51.93],[-55.274,51.995],[-55.346,51.983],[-55.4,51.938],[-55.42,51.9],[-55.409,51.889],[-55.361,51.89],[-55.294,51.93]],[[-10.14,54.005],[-10.266,53.978],[-9.953,53.885],[-9.956,53.987],[-10.14,54.005]],[[-4.785,54.073],[-4.412,54.185],[-4.377,54.393],[-4.785,54.073]],[[-4.553,53.26],[-4.373,53.134],[-4.049,53.306],[-4.462,53.419],[-4.553,53.26]],[[-55.601,50.709],[-55.57,50.709],[-55.536,50.72],[-55.504,50.742],[-55.473,50.776],[-55.469,50.796],[-55.527,50.801],[-55.604,50.781],[-55.634,50.74],[-55.629,50.721],[-55.601,50.709]],[[-5.185,55.691],[-5.371,55.667],[-5.331,55.481],[-5.105,55.449],[-5.185,55.691]],[[-6.058,55.723],[-6.129,55.931],[-6.413,55.855],[-6.496,55.712],[-6.302,55.781],[-6.253,55.607],[-6.058,55.723]],[[-6.042,55.807],[-5.725,56.119],[-5.939,56.045],[-6.042,55.807]],[[-60.966,56.099],[-61.196,56.064],[-60.983,56.015],[-60.966,56.099]],[[-5.836,56.523],[-6.286,56.612],[-6.139,56.491],[-6.326,56.321],[-5.778,56.344],[-5.836,56.523]],[[-6.53,56.627],[-6.484,56.666],[-6.506,56.672],[-6.57,56.661],[-6.669,56.594],[-6.664,56.579],[-6.608,56.585],[-6.53,56.627]],[[-7.505,56.952],[-7.417,56.965],[-7.399,56.983],[-7.407,57.0],[-7.455,57.019],[-7.523,57.007],[-7.543,56.972],[-7.537,56.96],[-7.505,56.952]],[[-6.346,56.954],[-6.278,57.031],[-6.433,57.018],[-6.346,56.954]],[[-6.015,57.052],[-5.672,57.253],[-6.136,57.314],[-6.247,57.651],[-6.753,57.459],[-6.323,57.202],[-6.034,57.201],[-6.015,57.052]],[[-7.248,57.126],[-7.267,57.372],[-7.411,57.381],[-7.381,57.131],[-7.248,57.126]],[[-61.638,57.416],[-61.66,57.525],[-62.011,57.548],[-61.638,57.416]],[[-7.321,57.534],[-7.093,57.627],[-7.516,57.616],[-7.321,57.534]],[[-6.797,57.828],[-6.402,58.041],[-6.555,58.093],[-6.326,58.189],[-6.219,58.489],[-6.776,58.302],[-6.726,58.189],[-7.085,58.182],[-7.057,58.003],[-6.857,57.924],[-7.083,57.814],[-6.797,57.828]],[[-71.095,46.9],[-71.117,46.865],[-71.026,46.873],[-70.913,46.92],[-70.826,46.995],[-70.88,46.996],[-70.971,46.961],[-71.095,46.9]],[[-73.522,45.701],[-73.961,45.441],[-73.567,45.469],[-73.522,45.701]],[[-73.695,45.585],[-73.572,45.694],[-73.858,45.574],[-73.695,45.585]],[[-59.727,44.003],[-59.866,43.947],[-59.936,43.94],[-60.117,43.953],[-60.114,43.939],[-60.038,43.907],[-59.922,43.904],[-59.788,43.94],[-59.727,44.003]],[[-68.656,44.242],[-68.677,44.256],[-68.691,44.249],[-68.703,44.232],[-68.702,44.183],[-68.661,44.176],[-68.623,44.196],[-68.656,44.242]],[[-68.386,44.277],[-68.187,44.332],[-68.238,44.438],[-68.386,44.277]],[[-66.25,44.379],[-66.312,44.292],[-66.324,44.257],[-66.274,44.292],[-66.21,44.392],[-66.25,44.379]],[[-66.763,44.682],[-66.802,44.805],[-66.897,44.629],[-66.763,44.682]],[[-71.241,41.492],[-71.232,41.654],[-71.346,41.469],[-71.241,41.492]],[[-71.354,41.542],[-71.364,41.572],[-71.384,41.571],[-71.403,41.515],[-71.393,41.467],[-71.365,41.485],[-71.354,41.542]],[[-70.829,41.359],[-70.51,41.376],[-70.616,41.457],[-70.829,41.359]],[[-70.063,41.328],[-70.233,41.286],[-69.978,41.266],[-70.063,41.328]],[[-73.111,40.957],[-73.61,40.906],[-73.965,40.725],[-74.015,40.581],[-73.194,40.654],[-71.903,41.061],[-72.581,40.921],[-72.274,41.153],[-73.111,40.957]],[[-74.139,40.542],[-74.069,40.649],[-74.236,40.519],[-74.139,40.542]],[[-74.253,39.558],[-74.25,39.529],[-74.133,39.681],[-74.107,39.746],[-74.253,39.558]],[[-31.258,39.376],[-31.139,39.479],[-31.261,39.497],[-31.258,39.376]],[[-27.386,38.766],[-27.303,38.661],[-27.042,38.679],[-27.127,38.79],[-27.386,38.766]],[[-27.963,38.636],[-28.311,38.744],[-27.778,38.556],[-27.963,38.636]],[[-28.147,38.453],[-28.549,38.519],[-28.454,38.409],[-28.065,38.413],[-28.147,38.453]],[[-28.606,38.551],[-28.624,38.586],[-28.655,38.614],[-28.698,38.638],[-28.842,38.598],[-28.744,38.522],[-28.641,38.525],[-28.606,38.551]],[[-75.226,38.072],[-75.379,37.872],[-75.098,38.298],[-75.226,38.072]],[[-25.848,37.872],[-25.439,37.715],[-25.182,37.838],[-25.848,37.872]],[[-25.198,36.997],[-25.16,36.943],[-25.088,36.949],[-25.032,36.942],[-25.027,36.96],[-25.044,37.0],[-25.083,37.024],[-25.164,37.019],[-25.198,36.997]],[[-75.649,35.91],[-75.717,35.946],[-75.651,35.836],[-75.636,35.856],[-75.637,35.881],[-75.649,35.91]],[[-75.488,35.479],[-75.536,35.279],[-75.69,35.222],[-75.509,35.28],[-75.504,35.769],[-75.488,35.479]],[[-75.984,35.123],[-75.964,35.119],[-75.782,35.19],[-75.865,35.174],[-75.984,35.123]],[[-76.437,34.756],[-76.529,34.631],[-76.207,34.939],[-76.437,34.756]],[[-76.622,34.695],[-76.674,34.7],[-76.662,34.685],[-76.608,34.664],[-76.569,34.653],[-76.546,34.655],[-76.622,34.695]],[[-17.241,32.807],[-17.018,32.663],[-16.693,32.758],[-17.241,32.807]],[[-64.771,32.308],[-64.863,32.274],[-64.668,32.382],[-64.771,32.308]],[[-81.483,30.814],[-81.463,30.728],[-81.419,30.971],[-81.483,30.814]],[[-13.86,28.869],[-13.478,29.007],[-13.423,29.198],[-13.788,29.056],[-13.86,28.869]],[[-17.745,28.787],[-18.001,28.758],[-17.859,28.486],[-17.745,28.787]],[[-14.028,28.617],[-14.232,28.216],[-14.492,28.101],[-14.333,28.056],[-13.928,28.253],[-13.827,28.691],[-13.954,28.741],[-14.028,28.617]],[[-15.401,28.147],[-15.683,28.154],[-15.807,27.888],[-15.656,27.758],[-15.437,27.811],[-15.401,28.147]],[[-17.888,27.81],[-18.161,27.761],[-17.985,27.646],[-17.888,27.81]],[[-80.396,27.795],[-80.437,27.851],[-80.376,27.643],[-80.262,27.376],[-80.171,27.205],[-80.187,27.278],[-80.356,27.679],[-80.396,27.795]],[[-16.418,28.151],[-16.124,28.576],[-16.905,28.34],[-16.658,28.007],[-16.418,28.151]],[[-17.214,28.199],[-17.325,28.118],[-17.225,28.014],[-17.101,28.083],[-17.214,28.199]],[[-77.511,26.846],[-77.206,26.489],[-77.247,26.156],[-77.403,26.025],[-77.246,25.895],[-77.038,26.333],[-77.066,26.53],[-77.534,26.903],[-77.944,26.904],[-77.511,26.846]],[[-77.922,26.691],[-78.597,26.798],[-78.713,26.599],[-78.986,26.69],[-78.744,26.501],[-77.922,26.691]],[[-76.749,25.481],[-76.16,25.119],[-76.214,24.822],[-76.32,24.818],[-76.17,24.649],[-76.127,25.141],[-76.711,25.565],[-76.749,25.481]],[[-75.744,24.655],[-75.409,24.266],[-75.503,24.139],[-75.302,24.149],[-75.654,24.681],[-75.744,24.655]],[[-77.562,24.137],[-77.755,24.163],[-77.701,24.288],[-78.0,24.22],[-77.771,23.753],[-77.574,23.739],[-77.562,24.137]],[[-74.551,23.969],[-74.509,23.96],[-74.429,24.068],[-74.45,24.125],[-74.472,24.127],[-74.527,24.105],[-74.551,23.969]],[[-78.045,24.287],[-77.745,24.463],[-77.744,24.707],[-78.163,25.202],[-78.243,24.654],[-78.435,24.628],[-78.146,24.493],[-78.045,24.287]],[[-81.739,24.575],[-81.768,24.577],[-81.811,24.558],[-81.809,24.542],[-81.784,24.545],[-81.74,24.554],[-81.739,24.575]],[[-81.532,24.614],[-81.532,24.642],[-81.562,24.689],[-81.579,24.629],[-81.631,24.59],[-81.567,24.6],[-81.532,24.614]],[[-81.379,24.636],[-81.365,24.63],[-81.335,24.65],[-81.32,24.668],[-81.322,24.685],[-81.42,24.75],[-81.422,24.733],[-81.379,24.666],[-81.379,24.636]],[[-81.137,24.71],[-81.09,24.693],[-81.044,24.717],[-80.989,24.728],[-80.93,24.759],[-81.085,24.734],[-81.137,24.71]],[[-80.785,24.835],[-80.799,24.846],[-80.839,24.818],[-80.848,24.804],[-80.829,24.804],[-80.787,24.821],[-80.785,24.835]],[[-80.615,24.938],[-80.626,24.941],[-80.665,24.898],[-80.638,24.903],[-80.615,24.938]],[[-80.382,25.142],[-80.257,25.348],[-80.581,24.954],[-80.382,25.142]],[[-77.541,25.014],[-77.46,24.993],[-77.348,25.014],[-77.269,25.044],[-77.276,25.056],[-77.329,25.083],[-77.451,25.081],[-77.527,25.058],[-77.562,25.03],[-77.541,25.014]],[[-97.202,26.3],[-97.386,27.196],[-97.402,26.821],[-97.185,26.113],[-97.202,26.3]],[[-82.136,26.592],[-82.085,26.494],[-82.169,26.701],[-82.136,26.592]],[[-82.139,26.477],[-82.201,26.548],[-82.037,26.454],[-82.139,26.477]],[[-97.251,27.541],[-97.061,27.822],[-97.385,27.243],[-97.251,27.541]],[[-96.84,28.089],[-96.857,28.133],[-96.899,28.117],[-96.979,28.014],[-96.988,27.981],[-97.036,27.899],[-97.014,27.902],[-96.921,28.016],[-96.84,28.089]],[[-96.413,28.338],[-96.404,28.382],[-96.419,28.376],[-96.453,28.341],[-96.519,28.333],[-96.682,28.23],[-96.756,28.202],[-96.801,28.148],[-96.764,28.153],[-96.544,28.276],[-96.413,28.338]],[[-84.908,29.643],[-84.737,29.732],[-85.117,29.633],[-84.908,29.643]],[[-88.944,29.66],[-88.889,29.713],[-88.873,29.753],[-88.901,29.733],[-88.941,29.68],[-88.944,29.66]],[[-88.827,29.808],[-88.813,29.933],[-88.826,30.0],[-88.867,30.057],[-88.828,29.928],[-88.856,29.776],[-88.827,29.808]],[[-89.22,30.038],[-89.185,30.169],[-89.342,30.063],[-89.22,30.038]],[[-88.574,30.229],[-88.723,30.264],[-88.713,30.245],[-88.659,30.226],[-88.571,30.205],[-88.558,30.216],[-88.574,30.229]],[[-88.29,30.233],[-88.159,30.231],[-88.071,30.252],[-88.109,30.274],[-88.264,30.255],[-88.316,30.24],[-88.29,30.233]],[[-94.865,29.253],[-94.768,29.339],[-95.09,29.136],[-94.865,29.253]],[[-91.794,29.501],[-91.875,29.641],[-92.007,29.61],[-91.794,29.501]],[[-75.781,23.471],[-75.665,23.45],[-76.01,23.671],[-75.781,23.471]],[[-75.241,23.475],[-75.131,23.268],[-75.223,23.165],[-74.847,22.869],[-75.316,23.668],[-75.241,23.475]],[[-79.851,22.827],[-80.65,23.103],[-82.351,23.154],[-84.045,22.666],[-84.361,22.379],[-84.326,22.074],[-84.887,21.857],[-84.501,21.93],[-84.503,21.776],[-84.031,21.943],[-83.901,22.17],[-83.38,22.223],[-82.738,22.689],[-81.839,22.672],[-81.71,22.497],[-82.078,22.388],[-81.849,22.214],[-81.284,22.109],[-81.185,22.268],[-81.036,22.074],[-80.485,22.123],[-80.231,21.872],[-79.357,21.585],[-78.728,21.593],[-78.491,21.054],[-78.116,20.762],[-77.23,20.644],[-77.104,20.408],[-77.715,19.855],[-76.158,19.99],[-75.29,19.893],[-75.152,20.008],[-75.116,19.901],[-74.154,20.169],[-74.167,20.292],[-74.883,20.651],[-75.725,20.715],[-75.596,20.995],[-75.723,21.111],[-76.867,21.33],[-77.099,21.589],[-77.253,21.483],[-77.366,21.613],[-77.144,21.644],[-77.497,21.872],[-77.637,21.797],[-78.686,22.367],[-79.276,22.408],[-79.851,22.827]],[[-79.523,22.711],[-79.348,22.638],[-79.628,22.805],[-79.523,22.711]],[[-74.303,22.764],[-74.275,22.712],[-74.242,22.715],[-74.099,22.665],[-74.035,22.706],[-74.058,22.723],[-74.175,22.76],[-74.221,22.812],[-74.307,22.84],[-74.314,22.804],[-74.303,22.764]],[[-73.975,22.682],[-73.936,22.478],[-74.277,22.184],[-73.837,22.538],[-73.85,22.731],[-73.975,22.682]],[[-73.162,22.381],[-73.11,22.368],[-72.981,22.369],[-72.889,22.36],[-72.784,22.291],[-72.747,22.327],[-72.763,22.344],[-72.831,22.386],[-72.945,22.416],[-72.979,22.415],[-73.041,22.429],[-73.127,22.455],[-73.162,22.381]],[[-77.97,22.241],[-78.012,22.166],[-77.842,22.149],[-77.97,22.241]],[[-78.027,22.285],[-78.062,22.306],[-78.094,22.387],[-78.151,22.431],[-78.201,22.438],[-78.274,22.424],[-78.27,22.402],[-78.226,22.38],[-78.18,22.322],[-78.102,22.306],[-78.048,22.269],[-78.027,22.285]],[[-78.351,22.539],[-78.696,22.534],[-78.284,22.455],[-78.351,22.539]],[[-77.755,21.966],[-77.634,22.054],[-77.919,22.088],[-77.755,21.966]],[[-72.011,21.95],[-72.019,21.918],[-71.985,21.893],[-71.964,21.892],[-71.955,21.864],[-71.897,21.83],[-71.88,21.84],[-71.9,21.863],[-71.932,21.952],[-72.011,21.95]],[[-71.848,21.843],[-71.83,21.791],[-71.722,21.79],[-71.665,21.752],[-71.661,21.765],[-71.637,21.788],[-71.668,21.833],[-71.806,21.852],[-71.848,21.843]],[[-72.144,21.793],[-72.15,21.804],[-72.219,21.796],[-72.333,21.851],[-72.342,21.795],[-72.335,21.758],[-72.301,21.755],[-72.191,21.77],[-72.182,21.78],[-72.144,21.793]],[[-73.063,21.515],[-73.049,21.458],[-72.916,21.507],[-72.995,21.562],[-73.063,21.515]],[[-73.058,21.313],[-73.235,21.154],[-73.68,21.103],[-73.661,20.937],[-73.165,20.979],[-73.058,21.313]],[[-72.899,20.031],[-72.878,20.027],[-72.844,20.035],[-72.74,20.003],[-72.639,19.986],[-72.623,20.014],[-72.664,20.038],[-72.791,20.092],[-72.851,20.094],[-72.907,20.086],[-72.96,20.062],[-72.899,20.031]],[[-73.118,19.904],[-73.438,19.722],[-72.703,19.441],[-72.811,19.072],[-72.348,18.675],[-72.376,18.574],[-72.789,18.435],[-74.284,18.657],[-74.478,18.45],[-74.419,18.346],[-73.885,18.042],[-73.515,18.245],[-72.877,18.152],[-72.06,18.229],[-71.439,17.636],[-71.028,18.273],[-70.645,18.336],[-70.48,18.217],[-69.771,18.444],[-69.275,18.44],[-68.935,18.408],[-68.687,18.215],[-68.359,18.538],[-68.685,18.905],[-69.624,19.118],[-69.232,19.272],[-69.739,19.299],[-69.957,19.672],[-70.194,19.638],[-70.954,19.914],[-71.558,19.895],[-71.835,19.697],[-73.118,19.904]],[[-16.42,19.802],[-16.438,19.609],[-16.344,19.866],[-16.42,19.802]],[[-67.172,18.224],[-67.142,17.967],[-66.245,17.947],[-65.971,17.974],[-65.621,18.242],[-65.629,18.381],[-65.879,18.444],[-67.06,18.522],[-67.264,18.365],[-67.172,18.224]],[[-64.444,18.473],[-64.438,18.459],[-64.421,18.457],[-64.395,18.465],[-64.325,18.517],[-64.426,18.513],[-64.444,18.473]],[[-64.695,18.412],[-64.672,18.399],[-64.594,18.403],[-64.545,18.438],[-64.569,18.446],[-64.651,18.443],[-64.695,18.412]],[[-65.024,18.368],[-64.92,18.321],[-64.845,18.33],[-64.889,18.374],[-64.942,18.385],[-65.024,18.368]],[[-64.771,18.332],[-64.726,18.328],[-64.66,18.354],[-64.752,18.372],[-64.788,18.341],[-64.771,18.332]],[[-63.153,18.2],[-63.16,18.171],[-63.001,18.222],[-62.98,18.265],[-63.026,18.27],[-63.153,18.2]],[[-65.555,18.108],[-65.504,18.1],[-65.426,18.106],[-65.295,18.133],[-65.303,18.144],[-65.366,18.161],[-65.477,18.165],[-65.572,18.137],[-65.555,18.108]],[[-63.063,18.115],[-63.115,18.091],[-63.125,18.064],[-63.09,18.041],[-63.023,18.019],[-63.012,18.045],[-63.009,18.104],[-63.025,18.113],[-63.063,18.115]],[[-64.885,17.772],[-64.889,17.702],[-64.686,17.706],[-64.58,17.75],[-64.682,17.75],[-64.766,17.794],[-64.885,17.772]],[[-61.866,17.704],[-61.869,17.685],[-61.844,17.596],[-61.762,17.549],[-61.747,17.575],[-61.75,17.661],[-61.777,17.69],[-61.82,17.697],[-61.852,17.714],[-61.866,17.704]],[[-77.158,17.845],[-76.853,17.974],[-76.211,17.914],[-76.35,18.152],[-76.959,18.402],[-77.873,18.522],[-78.326,18.35],[-77.768,17.877],[-77.205,17.715],[-77.158,17.845]],[[-87.859,18.154],[-87.898,18.155],[-87.953,18.001],[-87.959,17.964],[-87.998,17.906],[-87.951,17.925],[-87.849,18.14],[-87.859,18.154]],[[-73.069,18.932],[-73.285,18.897],[-72.822,18.707],[-73.069,18.932]],[[-81.13,19.347],[-81.419,19.375],[-81.405,19.278],[-81.13,19.347]],[[-86.755,20.552],[-86.928,20.552],[-86.991,20.272],[-86.755,20.552]],[[-86.727,21.264],[-86.739,21.28],[-86.753,21.279],[-86.736,21.233],[-86.714,21.197],[-86.696,21.191],[-86.714,21.239],[-86.727,21.264]],[[-82.655,21.519],[-82.568,21.622],[-82.715,21.89],[-82.991,21.943],[-83.083,21.791],[-82.974,21.592],[-83.18,21.623],[-83.142,21.532],[-82.96,21.441],[-82.655,21.519]],[[-91.589,18.778],[-91.816,18.676],[-91.796,18.654],[-91.684,18.677],[-91.654,18.711],[-91.537,18.76],[-91.55,18.774],[-91.589,18.778]],[[-87.935,17.323],[-87.93,17.283],[-87.853,17.423],[-87.798,17.48],[-87.789,17.524],[-87.826,17.546],[-87.833,17.501],[-87.859,17.463],[-87.903,17.426],[-87.935,17.323]],[[-62.702,17.286],[-62.631,17.24],[-62.827,17.386],[-62.702,17.286]],[[-62.625,17.13],[-62.582,17.101],[-62.532,17.122],[-62.534,17.17],[-62.575,17.201],[-62.615,17.199],[-62.625,17.13]],[[-25.113,17.194],[-25.337,17.091],[-25.308,16.936],[-24.98,17.095],[-25.113,17.194]],[[-61.739,17.138],[-61.86,17.013],[-61.695,17.049],[-61.739,17.138]],[[-25.093,16.833],[-24.887,16.818],[-24.936,16.922],[-25.093,16.833]],[[-22.991,16.809],[-22.92,16.608],[-22.905,16.844],[-22.991,16.809]],[[-24.271,16.645],[-24.393,16.664],[-24.322,16.493],[-24.243,16.599],[-24.033,16.572],[-24.271,16.645]],[[-61.406,16.468],[-61.511,16.478],[-61.522,16.228],[-61.173,16.256],[-61.406,16.468]],[[-22.918,16.237],[-22.959,16.045],[-22.71,16.043],[-22.693,16.169],[-22.918,16.237]],[[-61.212,15.96],[-61.25,16.006],[-61.275,15.996],[-61.318,15.955],[-61.311,15.895],[-61.286,15.886],[-61.23,15.89],[-61.203,15.921],[-61.212,15.96]],[[-61.67,15.962],[-61.552,16.271],[-61.748,16.355],[-61.67,15.962]],[[-86.58,16.3],[-86.42,16.378],[-86.256,16.428],[-86.338,16.439],[-86.438,16.414],[-86.557,16.362],[-86.63,16.302],[-86.58,16.3]],[[-85.961,16.43],[-85.947,16.404],[-85.871,16.462],[-85.844,16.488],[-85.834,16.511],[-85.878,16.514],[-85.924,16.483],[-85.961,16.43]],[[-62.148,16.74],[-62.176,16.81],[-62.191,16.804],[-62.223,16.752],[-62.222,16.7],[-62.154,16.681],[-62.148,16.74]],[[-61.481,15.525],[-61.375,15.227],[-61.282,15.249],[-61.277,15.527],[-61.458,15.633],[-61.481,15.525]],[[-23.754,15.244],[-23.705,14.961],[-23.505,14.916],[-23.535,15.139],[-23.707,15.317],[-23.754,15.244]],[[-23.252,15.178],[-23.116,15.167],[-23.138,15.318],[-23.252,15.178]],[[-24.329,15.019],[-24.497,14.98],[-24.492,14.874],[-24.308,14.856],[-24.329,15.019]],[[-61.027,14.826],[-61.213,14.849],[-61.011,14.602],[-61.089,14.51],[-60.837,14.437],[-61.027,14.826]],[[-61.061,13.783],[-60.951,13.718],[-60.895,13.822],[-60.908,14.093],[-61.061,13.783]],[[-61.277,13.21],[-61.175,13.158],[-61.139,13.359],[-61.277,13.21]],[[-59.643,13.15],[-59.522,13.062],[-59.428,13.153],[-59.592,13.318],[-59.643,13.15]],[[-69.942,12.439],[-69.896,12.423],[-69.899,12.452],[-69.912,12.48],[-69.973,12.568],[-70.035,12.614],[-70.051,12.597],[-70.066,12.547],[-70.004,12.5],[-69.942,12.439]],[[-82.322,9.418],[-82.244,9.334],[-82.233,9.381],[-82.259,9.43],[-82.276,9.432],[-82.322,9.418]],[[-69.154,12.298],[-68.751,12.06],[-69.118,12.373],[-69.154,12.298]],[[-68.282,12.082],[-68.219,12.231],[-68.369,12.302],[-68.282,12.082]],[[-61.756,12.046],[-61.627,12.054],[-61.607,12.223],[-61.756,12.046]],[[-16.102,11.773],[-15.986,11.882],[-16.152,11.877],[-16.102,11.773]],[[-15.537,11.618],[-15.62,11.533],[-15.563,11.514],[-15.553,11.537],[-15.526,11.554],[-15.484,11.568],[-15.482,11.632],[-15.537,11.618]],[[-15.915,11.589],[-15.965,11.598],[-16.019,11.527],[-16.023,11.477],[-15.997,11.449],[-15.949,11.434],[-15.902,11.466],[-15.915,11.589]],[[-60.804,11.208],[-60.811,11.169],[-60.756,11.179],[-60.546,11.264],[-60.525,11.325],[-60.563,11.324],[-60.709,11.277],[-60.804,11.208]],[[-15.755,11.269],[-15.725,11.175],[-15.658,11.286],[-15.755,11.269]],[[-15.909,11.161],[-15.938,11.193],[-15.946,11.18],[-15.963,11.095],[-15.951,11.087],[-15.964,11.059],[-15.905,11.055],[-15.896,11.082],[-15.905,11.148],[-15.909,11.161]],[[-16.053,11.118],[-16.087,11.199],[-16.236,11.113],[-16.053,11.118]],[[-63.849,11.131],[-64.402,10.982],[-63.918,10.888],[-63.849,11.131]],[[-65.227,10.93],[-65.302,10.974],[-65.383,10.974],[-65.415,10.938],[-65.365,10.906],[-65.266,10.884],[-65.213,10.906],[-65.227,10.93]],[[-61.465,10.764],[-61.651,10.718],[-61.478,10.603],[-61.499,10.269],[-61.906,10.069],[-61.012,10.134],[-61.034,10.67],[-60.918,10.84],[-61.465,10.764]],[[-60.939,9.132],[-60.941,9.106],[-60.821,9.138],[-60.79,9.177],[-60.736,9.203],[-60.759,9.216],[-60.782,9.218],[-60.821,9.208],[-60.845,9.192],[-60.907,9.179],[-60.939,9.132]],[[-61.069,8.947],[-61.06,8.847],[-60.849,8.996],[-60.916,9.07],[-61.069,8.947]],[[-12.607,7.475],[-12.541,7.41],[-12.501,7.535],[-12.615,7.637],[-12.952,7.571],[-12.607,7.475]],[[8.475,3.265],[8.704,3.224],[8.946,3.628],[8.91,3.758],[8.676,3.736],[8.452,3.423],[8.475,3.265]],[[-50.456,1.91],[-50.299,1.939],[-50.363,2.154],[-50.491,2.129],[-50.456,1.91]],[[7.342,1.564],[7.387,1.542],[7.424,1.568],[7.452,1.631],[7.45,1.662],[7.437,1.683],[7.414,1.699],[7.388,1.68],[7.331,1.603],[7.342,1.564]],[[-50.113,0.605],[-50.251,0.585],[-50.261,0.359],[-50.04,0.523],[-50.113,0.605]],[[6.626,0.4],[6.478,0.28],[6.557,0.047],[6.75,0.243],[6.626,0.4]],[[-49.4,0.057],[-49.83,-0.094],[-49.444,-0.112],[-49.4,0.057]],[[-49.629,-0.229],[-50.248,-0.116],[-50.646,-0.273],[-50.796,-0.906],[-50.577,-1.103],[-50.76,-1.24],[-50.508,-1.788],[-50.066,-1.704],[-49.805,-1.79],[-49.588,-1.712],[-49.507,-1.512],[-49.234,-1.6],[-49.173,-1.413],[-49.038,-1.514],[-48.834,-1.39],[-48.393,-0.297],[-49.117,-0.164],[-49.629,-0.229]],[[-51.161,-0.667],[-51.254,-0.541],[-51.546,-0.65],[-51.938,-1.453],[-51.276,-1.022],[-51.161,-0.667]],[[-50.653,-0.132],[-50.842,-0.05],[-51.038,-0.226],[-50.926,-0.327],[-50.653,-0.132]],[[-49.839,0.007],[-49.738,0.268],[-50.345,0.134],[-50.286,0.029],[-49.839,0.007]],[[-50.444,-0.008],[-50.373,0.591],[-50.61,0.205],[-50.624,0.054],[-50.444,-0.008]],[[-44.979,-1.267],[-44.968,-1.391],[-44.883,-1.318],[-44.979,-1.267]],[[-44.565,-2.924],[-44.598,-3.038],[-44.481,-2.718],[-44.565,-2.924]],[[-14.409,-7.967],[-14.399,-7.976],[-14.364,-7.974],[-14.317,-7.956],[-14.303,-7.935],[-14.329,-7.913],[-14.36,-7.886],[-14.384,-7.883],[-14.399,-7.906],[-14.415,-7.944],[-14.409,-7.967]],[[-38.615,-12.924],[-38.668,-12.88],[-38.685,-12.975],[-38.787,-13.055],[-38.783,-13.119],[-38.744,-13.097],[-38.601,-12.993],[-38.6,-12.972],[-38.615,-12.924]],[[-38.978,-13.524],[-38.938,-13.532],[-38.904,-13.473],[-38.907,-13.401],[-38.98,-13.398],[-39.007,-13.416],[-39.022,-13.446],[-38.993,-13.484],[-38.978,-13.524]],[[-5.775,-15.957],[-5.783,-16.004],[-5.692,-15.998],[-5.66,-15.971],[-5.662,-15.913],[-5.708,-15.906],[-5.775,-15.957]],[[-44.22,-23.083],[-44.36,-23.172],[-44.098,-23.169],[-44.22,-23.083]],[[-45.302,-23.728],[-45.413,-23.935],[-45.261,-23.941],[-45.302,-23.728]],[[-48.666,-26.29],[-48.603,-26.414],[-48.498,-26.219],[-48.666,-26.29]],[[-48.542,-27.575],[-48.555,-27.812],[-48.415,-27.4],[-48.542,-27.575]],[[116.217,-34.866],[116.517,-34.988],[117.863,-35.055],[118.895,-34.48],[119.451,-34.368],[119.854,-33.975],[121.405,-33.827],[122.061,-33.874],[122.151,-33.992],[122.956,-33.884],[123.208,-33.988],[123.65,-33.836],[124.244,-33.015],[124.759,-32.883],[125.917,-32.297],[127.32,-32.264],[128.946,-31.703],[131.144,-31.496],[132.215,-32.007],[132.757,-31.956],[133.212,-32.184],[133.665,-32.207],[134.234,-32.549],[134.227,-32.731],[134.1,-32.749],[134.301,-33.165],[134.719,-33.255],[135.219,-33.96],[135.45,-34.581],[135.217,-34.487],[135.123,-34.586],[135.648,-34.94],[135.792,-34.863],[135.97,-34.982],[135.891,-34.661],[136.431,-34.03],[137.237,-33.629],[137.791,-32.823],[137.783,-32.578],[137.993,-33.094],[137.852,-33.201],[137.932,-33.579],[137.494,-34.161],[137.391,-34.913],[137.014,-34.916],[136.884,-35.24],[137.692,-35.143],[138.089,-34.17],[138.49,-34.764],[138.511,-35.024],[138.184,-35.613],[138.522,-35.642],[139.283,-35.375],[139.289,-35.611],[139.178,-35.523],[138.985,-35.618],[139.729,-36.371],[139.857,-36.662],[139.784,-37.246],[140.39,-37.897],[141.011,-38.077],[141.424,-38.363],[141.725,-38.271],[142.456,-38.386],[143.539,-38.821],[144.665,-38.21],[144.396,-38.137],[144.891,-37.9],[145.12,-38.091],[144.911,-38.344],[144.718,-38.34],[144.96,-38.501],[145.293,-38.238],[145.476,-38.244],[145.542,-38.394],[145.397,-38.535],[145.791,-38.667],[145.935,-38.902],[146.158,-38.866],[146.4,-39.146],[146.467,-38.84],[146.337,-38.894],[146.217,-38.727],[146.857,-38.663],[147.877,-37.934],[149.481,-37.771],[149.933,-37.529],[150.195,-35.834],[150.805,-35.013],[150.871,-34.499],[151.232,-34.03],[151.125,-34.005],[151.28,-33.927],[151.292,-33.581],[151.813,-32.901],[152.164,-32.757],[152.47,-32.439],[152.559,-32.046],[152.944,-31.435],[153.031,-30.563],[153.617,-28.673],[153.576,-28.241],[153.117,-27.194],[153.165,-25.964],[152.921,-25.689],[152.913,-25.432],[151.832,-24.123],[151.154,-23.784],[150.843,-23.458],[150.764,-22.576],[150.623,-22.367],[150.541,-22.559],[150.021,-22.168],[149.974,-22.551],[149.822,-22.39],[149.704,-22.441],[149.454,-21.579],[148.684,-20.58],[148.73,-20.468],[148.885,-20.481],[148.759,-20.29],[147.742,-19.77],[147.419,-19.378],[147.139,-19.393],[146.383,-18.977],[146.333,-18.554],[146.032,-18.273],[146.126,-17.635],[145.912,-16.913],[145.755,-16.879],[145.426,-16.406],[145.288,-14.943],[144.648,-14.492],[144.473,-14.232],[143.962,-14.463],[143.756,-14.349],[143.548,-13.741],[143.402,-12.64],[143.11,-12.304],[143.179,-11.954],[142.873,-11.821],[142.837,-11.307],[142.553,-10.874],[142.605,-10.748],[142.456,-10.707],[142.168,-10.947],[141.961,-12.054],[141.871,-11.976],[141.689,-12.351],[141.678,-12.491],[141.93,-12.74],[141.614,-12.943],[141.645,-13.259],[141.473,-13.798],[141.625,-15.057],[141.291,-16.463],[140.83,-17.414],[140.21,-17.704],[139.248,-17.329],[139.01,-16.899],[138.245,-16.718],[137.704,-16.233],[137.002,-15.878],[136.785,-15.894],[136.705,-15.685],[136.291,-15.57],[135.453,-14.923],[135.405,-14.758],[135.954,-13.935],[135.927,-13.304],[136.294,-13.138],[136.461,-13.225],[136.594,-13.004],[136.537,-12.784],[136.947,-12.35],[136.54,-11.958],[136.27,-12.132],[136.261,-12.434],[136.082,-12.422],[136.008,-12.191],[135.704,-12.21],[135.922,-11.826],[135.218,-12.222],[135.03,-12.194],[134.73,-11.984],[134.417,-12.053],[133.185,-11.706],[132.961,-11.407],[132.683,-11.506],[132.334,-11.224],[132.155,-11.311],[131.962,-11.181],[131.822,-11.302],[132.674,-11.649],[132.713,-12.123],[132.511,-12.135],[132.411,-12.295],[132.253,-12.186],[131.438,-12.277],[131.292,-12.068],[130.874,-12.367],[130.867,-12.558],[130.623,-12.431],[130.617,-12.647],[130.4,-12.688],[130.168,-12.957],[130.135,-13.146],[130.26,-13.302],[129.839,-13.573],[129.71,-13.98],[129.379,-14.392],[129.698,-14.557],[129.605,-14.647],[129.849,-14.829],[129.637,-14.851],[129.635,-15.14],[129.268,-14.871],[129.216,-15.16],[129.058,-14.884],[128.576,-14.775],[128.175,-15.043],[128.255,-15.299],[128.155,-15.226],[128.069,-15.329],[128.199,-14.752],[127.458,-14.031],[126.903,-13.744],[126.57,-14.161],[126.403,-14.019],[126.258,-14.164],[126.054,-13.977],[126.021,-14.495],[125.891,-14.618],[125.82,-14.469],[125.662,-14.529],[125.628,-14.257],[125.58,-14.483],[125.179,-14.715],[125.356,-15.12],[125.038,-15.004],[124.839,-15.161],[124.909,-15.31],[125.073,-15.307],[125.063,-15.442],[124.693,-15.274],[124.562,-15.496],[124.44,-15.494],[124.382,-15.758],[124.504,-15.972],[124.649,-15.87],[124.405,-16.299],[124.772,-16.403],[124.044,-16.265],[123.859,-16.382],[123.729,-16.192],[123.607,-16.224],[123.626,-16.416],[123.49,-16.491],[123.874,-16.919],[123.831,-17.121],[123.594,-17.03],[123.563,-17.521],[122.971,-16.437],[122.261,-17.136],[122.147,-17.549],[122.345,-18.112],[121.834,-18.477],[121.338,-19.32],[120.998,-19.604],[119.586,-20.038],[119.104,-19.995],[118.751,-20.262],[117.406,-20.721],[116.707,-20.654],[115.456,-21.492],[114.709,-21.823],[114.378,-22.342],[114.142,-22.483],[114.124,-21.829],[113.958,-21.939],[113.683,-22.638],[113.795,-22.915],[113.757,-23.418],[113.49,-23.87],[113.418,-24.436],[114.214,-25.852],[114.216,-26.289],[114.09,-26.394],[113.992,-26.321],[113.854,-26.014],[113.724,-26.13],[113.713,-25.831],[113.451,-25.599],[113.395,-25.713],[113.853,-26.332],[113.836,-26.501],[113.582,-26.558],[113.356,-26.08],[113.323,-26.244],[113.185,-26.182],[114.028,-27.347],[114.165,-28.081],[114.857,-29.143],[115.078,-30.56],[115.698,-31.695],[115.683,-33.193],[115.359,-33.64],[114.994,-33.515],[115.009,-34.256],[115.565,-34.426],[116.217,-34.866]],[[113.156,-26.095],[113.183,-26.053],[113.148,-25.974],[113.132,-25.952],[113.132,-25.883],[113.096,-25.815],[112.982,-25.52],[112.947,-25.532],[112.908,-25.57],[112.964,-25.783],[113.156,-26.095]],[[45.605,-25.529],[46.159,-25.23],[46.729,-25.15],[47.177,-24.787],[49.363,-18.336],[49.478,-17.899],[49.449,-17.241],[49.767,-16.815],[49.839,-16.487],[49.664,-15.522],[49.893,-15.458],[50.209,-15.96],[50.483,-15.386],[50.235,-14.732],[49.938,-13.072],[49.263,-12.08],[48.786,-12.471],[48.919,-12.839],[48.796,-13.267],[48.255,-13.719],[48.04,-13.596],[47.896,-13.731],[47.996,-13.96],[47.773,-14.37],[47.964,-14.673],[47.774,-14.637],[47.478,-15.009],[47.465,-14.713],[47.352,-14.766],[47.093,-15.15],[47.099,-15.434],[46.942,-15.219],[46.475,-15.513],[46.331,-15.714],[46.4,-15.925],[46.158,-15.738],[45.7,-15.814],[45.598,-15.993],[45.223,-15.95],[44.909,-16.175],[44.476,-16.217],[44.421,-16.703],[43.979,-17.392],[44.04,-18.288],[44.449,-19.429],[44.405,-19.922],[43.8,-21.179],[43.502,-21.356],[43.265,-22.384],[43.722,-23.53],[43.67,-24.3],[44.035,-24.996],[45.115,-25.543],[45.605,-25.529]],[[48.351,-13.31],[48.309,-13.198],[48.191,-13.26],[48.212,-13.385],[48.351,-13.31]],[[45.135,-12.709],[45.043,-12.701],[45.118,-12.985],[45.223,-12.752],[45.135,-12.709]],[[43.859,-12.368],[43.789,-12.307],[43.704,-12.256],[43.631,-12.247],[43.633,-12.288],[43.664,-12.343],[43.859,-12.368]],[[44.46,-12.335],[44.476,-12.082],[44.22,-12.171],[44.46,-12.335]],[[125.091,-14.592],[125.135,-14.642],[125.199,-14.579],[125.194,-14.553],[125.198,-14.475],[125.16,-14.456],[125.117,-14.492],[125.091,-14.592]],[[124.524,-15.421],[124.605,-15.357],[124.519,-15.267],[124.524,-15.421]],[[49.856,-16.933],[49.824,-17.087],[50.023,-16.695],[49.856,-16.933]],[[57.383,-20.504],[57.651,-20.485],[57.781,-20.327],[57.657,-19.99],[57.386,-20.229],[57.383,-20.504]],[[115.318,-20.851],[115.388,-20.866],[115.446,-20.788],[115.458,-20.716],[115.435,-20.668],[115.354,-20.746],[115.309,-20.811],[115.318,-20.851]],[[55.596,-20.88],[55.311,-20.904],[55.233,-21.058],[55.363,-21.274],[55.797,-21.339],[55.839,-21.139],[55.596,-20.88]],[[131.292,-11.711],[131.539,-11.437],[131.268,-11.19],[130.752,-11.384],[130.369,-11.215],[130.512,-11.618],[130.951,-11.926],[131.292,-11.711]],[[43.492,-11.862],[43.299,-11.375],[43.227,-11.752],[43.492,-11.862]],[[130.198,-11.658],[130.072,-11.681],[130.077,-11.825],[130.606,-11.817],[130.339,-11.337],[130.153,-11.478],[130.198,-11.658]],[[132.494,-11.164],[132.574,-11.318],[132.579,-10.969],[132.494,-11.164]],[[136.649,-11.212],[136.527,-11.439],[136.78,-11.012],[136.649,-11.212]],[[136.267,-11.576],[136.18,-11.677],[136.479,-11.466],[136.267,-11.576]],[[136.123,-13.817],[136.275,-13.791],[136.215,-13.665],[136.123,-13.817]],[[136.534,-13.794],[136.335,-14.212],[136.894,-14.293],[136.951,-14.184],[136.745,-14.073],[136.891,-13.787],[136.758,-13.845],[136.656,-13.676],[136.534,-13.794]],[[136.877,-15.503],[136.846,-15.544],[136.847,-15.627],[136.863,-15.62],[136.89,-15.589],[136.877,-15.503]],[[137.01,-15.595],[136.943,-15.712],[137.051,-15.824],[137.01,-15.595]],[[136.591,-15.628],[136.612,-15.544],[136.586,-15.534],[136.523,-15.543],[136.503,-15.583],[136.514,-15.627],[136.531,-15.632],[136.591,-15.628]],[[139.148,-16.714],[139.698,-16.515],[139.588,-16.395],[139.293,-16.467],[139.148,-16.714]],[[139.408,-17.091],[139.571,-17.094],[139.493,-16.99],[139.408,-17.091]],[[123.215,-10.806],[123.418,-10.651],[123.371,-10.475],[122.846,-10.762],[122.826,-10.899],[123.215,-10.806]],[[121.981,-10.528],[121.867,-10.439],[121.705,-10.556],[121.981,-10.528]],[[105.725,-10.493],[105.705,-10.431],[105.67,-10.449],[105.646,-10.452],[105.596,-10.46],[105.584,-10.512],[105.644,-10.525],[105.697,-10.564],[105.725,-10.493]],[[149.835,-10.399],[150.017,-10.577],[150.426,-10.649],[150.647,-10.518],[150.41,-10.339],[150.85,-10.236],[149.874,-10.013],[149.761,-9.806],[150.011,-9.688],[149.263,-9.498],[149.198,-9.031],[148.583,-9.052],[148.451,-8.695],[148.247,-8.554],[148.127,-8.104],[147.26,-7.464],[146.961,-6.929],[147.119,-6.722],[147.81,-6.704],[147.802,-6.315],[147.423,-5.966],[145.745,-5.402],[145.767,-4.823],[145.335,-4.385],[145.088,-4.349],[144.478,-3.825],[144.066,-3.805],[143.509,-3.431],[142.549,-3.205],[141.186,-2.628],[140.747,-2.607],[140.623,-2.446],[139.79,-2.348],[137.911,-1.484],[137.123,-1.841],[137.171,-2.025],[137.072,-2.105],[136.39,-2.273],[136.243,-2.583],[135.487,-3.345],[135.092,-3.349],[134.887,-3.21],[134.843,-2.909],[134.702,-2.934],[134.627,-2.537],[134.483,-2.583],[134.46,-2.832],[134.195,-2.309],[134.106,-1.721],[134.26,-1.363],[134.025,-0.77],[133.473,-0.726],[132.508,-0.347],[131.257,-0.855],[130.996,-1.425],[131.93,-1.56],[132.023,-1.99],[132.308,-2.242],[132.963,-2.273],[133.922,-2.102],[133.791,-2.294],[133.905,-2.391],[133.7,-2.625],[133.191,-2.438],[132.725,-2.789],[132.231,-2.68],[131.971,-2.789],[132.751,-3.295],[132.87,-3.551],[132.754,-3.704],[132.969,-4.095],[133.249,-4.062],[133.401,-3.899],[133.518,-3.412],[133.653,-3.364],[133.7,-3.087],[133.842,-3.055],[133.678,-3.479],[133.974,-3.818],[134.147,-3.797],[134.266,-3.946],[134.887,-3.938],[134.707,-3.955],[134.68,-4.079],[135.196,-4.451],[135.98,-4.531],[136.619,-4.819],[137.28,-4.945],[138.061,-5.465],[138.087,-5.709],[138.34,-5.676],[138.2,-5.807],[138.375,-5.844],[138.296,-5.949],[138.439,-6.343],[138.865,-6.858],[138.601,-6.937],[138.846,-7.136],[139.177,-7.19],[138.748,-7.251],[139.088,-7.587],[138.856,-8.145],[138.933,-8.262],[139.249,-7.982],[139.386,-8.189],[139.935,-8.101],[140.117,-7.924],[140.003,-8.196],[141.133,-9.221],[142.23,-9.17],[142.647,-9.328],[143.366,-8.961],[143.377,-8.762],[143.112,-8.475],[142.475,-8.369],[142.207,-8.196],[142.524,-8.322],[143.614,-8.2],[143.518,-8.001],[143.942,-7.944],[143.655,-7.46],[144.143,-7.757],[144.51,-7.567],[144.864,-7.632],[144.974,-7.802],[146.079,-8.114],[146.631,-8.951],[146.964,-9.06],[147.017,-9.388],[147.769,-10.07],[149.835,-10.399]],[[123.858,-10.344],[124.428,-10.149],[125.408,-9.276],[126.487,-8.913],[127.296,-8.425],[126.966,-8.316],[125.178,-8.648],[124.89,-8.968],[123.977,-9.373],[123.709,-9.615],[123.589,-9.967],[123.716,-10.079],[123.605,-10.27],[123.858,-10.344]],[[123.494,-10.177],[123.459,-10.14],[123.395,-10.171],[123.326,-10.264],[123.326,-10.338],[123.416,-10.303],[123.405,-10.227],[123.497,-10.194],[123.494,-10.177]],[[120.698,-10.207],[120.784,-9.957],[119.942,-9.301],[119.186,-9.384],[118.959,-9.519],[119.085,-9.707],[119.601,-9.774],[120.145,-10.2],[120.439,-10.294],[120.698,-10.207]],[[117.21,-9.034],[118.19,-8.841],[118.379,-8.675],[118.479,-8.856],[119.13,-8.668],[118.926,-8.298],[118.714,-8.415],[118.552,-8.27],[118.292,-8.357],[118.117,-8.122],[117.921,-8.089],[117.755,-8.15],[117.766,-8.279],[118.206,-8.652],[117.806,-8.711],[117.567,-8.426],[117.165,-8.367],[116.835,-8.532],[116.788,-9.006],[117.21,-9.034]],[[116.734,-8.387],[116.304,-8.238],[116.061,-8.437],[116.076,-8.745],[115.875,-8.826],[116.587,-8.886],[116.514,-8.821],[116.734,-8.387]],[[115.22,-8.82],[115.334,-8.616],[115.704,-8.407],[115.549,-8.208],[115.191,-8.067],[114.938,-8.187],[114.475,-8.119],[114.571,-8.345],[114.952,-8.496],[115.142,-8.697],[115.092,-8.829],[115.22,-8.82]],[[114.385,-8.263],[114.383,-7.771],[114.071,-7.633],[113.014,-7.658],[112.795,-7.552],[112.794,-7.304],[112.539,-6.926],[112.087,-6.893],[111.54,-6.648],[111.182,-6.687],[110.972,-6.436],[110.737,-6.472],[110.426,-6.947],[109.294,-6.867],[108.678,-6.791],[108.33,-6.286],[107.667,-6.216],[107.332,-5.978],[107.046,-5.904],[106.825,-6.098],[106.075,-5.914],[105.484,-6.782],[105.371,-6.664],[105.243,-6.778],[106.198,-6.928],[106.52,-7.054],[106.455,-7.369],[107.285,-7.472],[107.917,-7.724],[108.452,-7.797],[108.741,-7.667],[109.282,-7.705],[110.607,-8.149],[111.51,-8.305],[112.679,-8.409],[113.253,-8.287],[114.584,-8.77],[114.385,-8.263]],[[39.824,-7.901],[39.907,-7.649],[39.603,-7.936],[39.824,-7.901]],[[72.494,-7.262],[72.447,-7.396],[72.35,-7.263],[72.429,-7.435],[72.494,-7.262]],[[105.277,-6.561],[105.261,-6.524],[105.226,-6.529],[105.192,-6.546],[105.121,-6.615],[105.143,-6.643],[105.19,-6.662],[105.253,-6.64],[105.277,-6.561]],[[39.368,-5.951],[39.309,-5.722],[39.182,-6.173],[39.509,-6.452],[39.368,-5.951]],[[104.602,-5.905],[104.684,-5.893],[104.64,-5.52],[105.081,-5.746],[105.349,-5.55],[105.619,-5.8],[105.803,-5.716],[105.93,-3.833],[105.844,-3.614],[106.056,-3.161],[105.397,-2.38],[104.971,-2.371],[104.651,-2.595],[104.845,-2.093],[104.516,-1.819],[104.361,-1.038],[103.721,-0.887],[103.439,-0.576],[103.429,-0.192],[103.787,0.047],[103.673,0.289],[103.339,0.514],[102.55,0.216],[103.008,0.415],[103.032,0.579],[102.39,0.842],[102.02,1.442],[101.477,1.693],[101.046,2.257],[100.828,2.243],[100.888,1.948],[100.524,2.189],[99.732,3.183],[98.307,4.093],[98.248,4.415],[97.547,5.206],[96.493,5.229],[96.133,5.294],[95.629,5.609],[95.228,5.565],[95.207,5.284],[95.579,4.662],[96.445,3.816],[96.969,3.575],[97.591,2.847],[97.701,2.359],[98.595,1.865],[99.159,0.352],[99.67,0.045],[100.308,-0.827],[100.855,-1.934],[100.89,-2.249],[101.579,-3.167],[102.128,-3.599],[102.538,-4.152],[103.831,-5.08],[104.602,-5.905]],[[102.198,-5.289],[102.136,-5.361],[102.367,-5.479],[102.198,-5.289]],[[39.796,-5.394],[39.865,-4.906],[39.673,-4.927],[39.647,-5.369],[39.796,-5.394]],[[55.54,-4.693],[55.383,-4.609],[55.543,-4.786],[55.54,-4.693]],[[100.455,-3.002],[100.199,-2.786],[100.204,-2.987],[100.465,-3.329],[100.455,-3.002]],[[100.133,-2.821],[100.202,-2.68],[100.012,-2.51],[99.992,-2.77],[100.133,-2.821]],[[99.686,-2.063],[99.572,-2.026],[99.537,-2.162],[99.848,-2.37],[99.686,-2.063]],[[41.131,-2.053],[41.086,-2.037],[40.976,-2.11],[40.957,-2.167],[40.994,-2.158],[41.118,-2.1],[41.137,-2.085],[41.139,-2.07],[41.131,-2.053]],[[98.933,-0.954],[98.676,-0.971],[98.602,-1.198],[98.874,-1.664],[99.164,-1.778],[99.267,-1.628],[98.933,-0.954]],[[98.415,-0.018],[98.323,-0.001],[98.427,-0.226],[98.31,-0.532],[98.4,-0.577],[98.544,-0.258],[98.415,-0.018]],[[97.482,1.465],[97.356,1.54],[97.079,1.425],[97.684,0.596],[97.82,0.564],[97.932,0.974],[97.482,1.465]],[[97.253,2.216],[97.108,2.217],[97.328,2.053],[97.253,2.216]],[[95.896,2.889],[95.717,2.826],[95.809,2.656],[96.464,2.36],[96.417,2.515],[95.896,2.889]],[[73.443,3.274],[73.428,3.29],[73.402,3.289],[73.385,3.271],[73.382,3.246],[73.395,3.229],[73.417,3.231],[73.435,3.25],[73.443,3.274]],[[73.528,4.243],[73.518,4.248],[73.504,4.235],[73.495,4.21],[73.481,4.188],[73.473,4.171],[73.479,4.159],[73.495,4.155],[73.512,4.165],[73.519,4.187],[73.522,4.211],[73.527,4.23],[73.528,4.243]],[[100.191,5.283],[100.31,5.438],[100.204,5.447],[100.191,5.283]],[[101.265,2.996],[101.268,2.97],[101.319,2.988],[101.328,3.048],[101.311,3.067],[101.274,3.033],[101.265,2.996]],[[101.641,2.127],[101.41,2.022],[101.501,1.733],[101.719,1.789],[101.762,1.997],[101.641,2.127]],[[102.367,1.415],[102.499,1.331],[102.47,1.51],[102.024,1.608],[102.367,1.415]],[[102.276,1.395],[102.381,0.96],[102.443,1.234],[102.276,1.395]],[[103.65,1.326],[103.996,1.365],[103.818,1.447],[103.65,1.326]],[[109.055,1.438],[109.01,1.24],[109.132,1.254],[108.959,1.135],[108.906,0.794],[108.945,0.356],[109.258,0.031],[109.13,-0.445],[109.373,-0.638],[109.289,-0.846],[109.682,-0.944],[109.983,-1.275],[109.96,-1.863],[110.097,-2.001],[110.256,-2.966],[110.574,-2.891],[110.703,-3.021],[110.899,-2.909],[110.83,-2.995],[110.93,-3.071],[111.695,-2.889],[111.823,-3.057],[111.858,-3.552],[112.285,-3.321],[112.758,-3.322],[112.971,-3.187],[113.034,-2.933],[113.343,-3.246],[113.61,-3.196],[113.705,-3.455],[114.082,-3.279],[114.236,-3.361],[114.344,-3.235],[114.344,-3.444],[114.526,-3.377],[114.694,-4.17],[115.956,-3.595],[116.257,-3.126],[116.166,-2.935],[116.331,-2.902],[116.317,-2.552],[116.529,-2.511],[116.565,-2.3],[116.314,-2.14],[116.452,-1.923],[116.424,-1.785],[116.275,-1.785],[116.753,-1.327],[116.74,-1.044],[116.914,-1.224],[117.562,-0.771],[117.463,-0.324],[117.522,0.236],[117.745,0.73],[117.964,0.89],[117.912,1.099],[118.196,0.874],[118.535,0.814],[118.985,0.982],[117.789,2.027],[118.067,2.318],[117.569,2.929],[117.611,3.064],[117.352,3.194],[117.346,3.427],[117.056,3.623],[117.777,3.689],[117.497,4.133],[117.696,4.343],[118.008,4.25],[118.548,4.379],[118.562,4.502],[118.185,4.829],[118.261,4.989],[119.132,5.1],[119.256,5.366],[118.595,5.592],[118.353,5.806],[117.974,5.706],[117.935,5.787],[118.116,5.862],[118.004,6.053],[117.501,5.885],[117.645,6.002],[117.646,6.474],[117.294,6.677],[117.252,6.919],[117.129,6.969],[116.788,6.606],[116.776,6.99],[115.877,5.614],[115.604,5.603],[115.419,5.413],[115.582,5.194],[115.428,4.969],[115.027,4.9],[114.995,5.022],[114.424,4.66],[114.013,4.575],[113.924,4.243],[112.988,3.162],[111.513,2.743],[111.444,2.382],[111.209,2.38],[111.268,2.14],[111.029,1.558],[111.223,1.396],[110.349,1.72],[109.865,1.764],[109.629,2.028],[109.379,1.923],[109.055,1.438]],[[111.312,2.438],[111.389,2.415],[111.333,2.768],[111.312,2.438]],[[104.222,2.732],[104.185,2.872],[104.129,2.767],[104.222,2.732]],[[105.706,2.889],[105.837,2.977],[105.692,3.062],[105.706,2.889]],[[108.787,2.886],[108.839,2.853],[108.888,2.905],[108.886,2.999],[108.867,2.992],[108.787,2.886]],[[106.271,3.216],[106.224,3.23],[106.201,3.205],[106.215,3.129],[106.284,3.088],[106.285,3.157],[106.271,3.216]],[[108.256,4.152],[108.004,4.043],[108.045,3.889],[108.243,3.81],[108.1,3.705],[108.18,3.653],[108.394,3.836],[108.256,4.152]],[[121.904,7.075],[122.142,6.95],[122.616,7.763],[122.792,7.722],[122.843,7.529],[123.097,7.7],[123.391,7.408],[123.493,7.808],[123.666,7.818],[124.207,7.396],[123.985,6.994],[124.078,6.404],[124.927,5.875],[125.232,6.07],[125.346,5.599],[125.668,5.979],[125.588,6.466],[125.381,6.69],[125.689,7.263],[125.824,7.333],[126.189,6.31],[126.192,6.853],[126.582,7.248],[126.459,8.203],[126.365,8.484],[126.14,8.596],[126.32,8.845],[126.193,9.277],[125.471,9.757],[125.499,9.015],[125.21,9.027],[125.141,8.869],[124.869,8.972],[124.731,8.563],[124.405,8.6],[124.198,8.23],[123.799,8.049],[123.849,8.433],[123.435,8.703],[123.051,8.434],[122.911,8.156],[122.243,7.945],[121.904,7.075]],[[117.281,7.291],[117.147,7.337],[117.081,7.115],[117.281,7.291]],[[117.08,7.883],[117.077,8.069],[116.994,8.051],[116.97,7.895],[117.028,7.808],[117.08,7.883]],[[117.33,8.308],[117.281,8.315],[117.272,8.254],[117.287,8.191],[117.355,8.215],[117.354,8.289],[117.33,8.308]],[[117.68,8.678],[118.504,9.333],[118.782,9.916],[119.192,10.061],[119.369,10.327],[119.687,10.5],[119.527,10.953],[119.553,11.314],[119.306,10.974],[119.224,10.477],[117.35,8.714],[117.219,8.367],[117.68,8.678]],[[106.65,8.723],[106.659,8.766],[106.568,8.701],[106.589,8.681],[106.617,8.683],[106.653,8.701],[106.65,8.723]],[[107.168,10.397],[107.195,10.446],[107.177,10.446],[107.151,10.42],[107.078,10.387],[107.084,10.337],[107.168,10.397]],[[121.972,10.699],[121.954,10.444],[122.77,10.824],[123.075,11.197],[123.158,11.536],[122.895,11.441],[122.838,11.596],[122.613,11.564],[121.964,11.897],[121.891,11.791],[122.104,11.643],[121.972,10.699]],[[119.883,11.472],[119.73,11.432],[119.831,11.376],[119.883,11.472]],[[120.071,11.861],[119.861,11.954],[119.964,11.669],[120.071,11.861]],[[123.156,11.968],[123.474,12.217],[124.046,11.752],[123.908,12.169],[123.236,12.583],[123.156,11.968]],[[120.1,11.994],[120.341,12.077],[119.897,12.313],[119.866,12.199],[120.1,11.994]],[[121.155,12.236],[121.394,12.301],[121.519,12.584],[121.523,13.131],[121.203,13.432],[120.401,13.517],[120.338,13.412],[120.68,13.131],[121.155,12.236]],[[121.866,13.566],[121.829,13.329],[122.005,13.205],[122.115,13.463],[121.866,13.566]],[[122.205,13.648],[122.6,13.194],[122.668,13.395],[122.468,13.887],[122.595,13.908],[123.163,13.442],[123.311,13.044],[123.949,12.916],[123.878,12.69],[124.06,12.567],[124.143,13.036],[123.785,13.111],[123.819,13.269],[123.55,13.646],[123.806,13.722],[123.816,13.837],[123.32,14.062],[123.297,13.836],[123.102,13.75],[122.934,14.188],[122.627,14.318],[122.2,14.148],[122.212,13.93],[121.767,14.168],[121.628,14.581],[121.695,14.737],[121.392,15.324],[121.607,15.67],[121.595,15.933],[122.135,16.185],[122.5,17.058],[122.152,17.664],[122.3,18.403],[122.147,18.487],[121.846,18.295],[121.102,18.615],[120.814,18.603],[120.6,18.508],[120.358,17.638],[120.369,16.11],[120.16,16.048],[119.831,16.327],[119.773,16.255],[120.045,14.978],[120.439,14.453],[120.589,14.483],[120.584,14.881],[120.941,14.645],[120.617,14.188],[120.637,13.804],[120.841,13.885],[121.344,13.649],[121.743,13.946],[122.205,13.648]],[[120.271,13.751],[120.211,13.821],[120.121,13.858],[120.103,13.843],[120.099,13.817],[120.104,13.782],[120.273,13.683],[120.271,13.751]],[[109.816,18.397],[110.02,18.416],[110.451,18.748],[110.641,19.291],[111.014,19.655],[110.938,19.948],[110.679,20.137],[110.588,19.976],[110.172,20.054],[109.315,19.904],[108.666,19.304],[108.702,18.535],[109.519,18.218],[109.816,18.397]],[[121.472,19.273],[121.521,19.362],[121.392,19.399],[121.472,19.273]],[[121.196,19.051],[121.247,19.015],[121.252,19.082],[121.245,19.143],[121.213,19.184],[121.19,19.139],[121.185,19.101],[121.196,19.051]],[[121.825,18.843],[121.858,18.823],[121.922,18.895],[121.988,18.957],[121.943,19.01],[121.889,18.992],[121.86,18.937],[121.861,18.913],[121.825,18.843]],[[145.653,18.753],[145.678,18.725],[145.708,18.762],[145.707,18.79],[145.69,18.802],[145.646,18.807],[145.653,18.753]],[[145.789,18.155],[145.729,18.057],[145.778,18.079],[145.835,18.137],[145.807,18.173],[145.789,18.155]],[[145.658,16.336],[145.69,16.332],[145.712,16.339],[145.72,16.36],[145.696,16.38],[145.631,16.378],[145.636,16.352],[145.658,16.336]],[[145.698,15.114],[145.749,15.107],[145.752,15.133],[145.782,15.175],[145.789,15.223],[145.822,15.265],[145.786,15.257],[145.713,15.215],[145.684,15.125],[145.698,15.114]],[[145.625,15.06],[145.587,15.031],[145.592,14.999],[145.621,14.92],[145.662,14.971],[145.647,15.059],[145.625,15.06]],[[122.017,14.965],[121.84,15.038],[121.933,14.656],[122.017,14.965]],[[121.956,14.156],[122.172,14.008],[122.175,14.049],[121.959,14.229],[121.946,14.205],[121.946,14.181],[121.956,14.156]],[[145.18,14.121],[145.215,14.111],[145.265,14.158],[145.265,14.18],[145.232,14.189],[145.152,14.164],[145.157,14.137],[145.18,14.121]],[[124.225,14.078],[124.039,13.663],[124.175,13.532],[124.404,13.679],[124.417,13.871],[124.225,14.078]],[[144.837,13.622],[144.649,13.429],[144.7,13.258],[144.941,13.57],[144.837,13.622]],[[125.15,12.573],[124.295,12.569],[124.446,12.153],[124.995,11.765],[124.917,11.558],[125.034,11.341],[125.233,11.145],[125.736,11.05],[125.492,11.594],[125.536,12.191],[125.15,12.573]],[[166.845,11.153],[166.864,11.146],[166.89,11.153],[166.899,11.165],[166.888,11.169],[166.859,11.166],[166.845,11.153]],[[125.04,10.952],[124.93,11.373],[124.644,11.308],[124.331,11.535],[124.446,10.924],[124.663,10.962],[124.787,10.781],[124.781,10.168],[125.027,10.033],[124.987,10.368],[125.143,10.189],[125.268,10.308],[125.013,10.786],[125.04,10.952]],[[125.525,10.31],[125.495,10.119],[125.673,9.886],[125.667,10.44],[125.525,10.31]],[[125.999,9.927],[126.047,9.761],[126.173,9.8],[126.074,10.059],[125.999,9.927]],[[124.555,9.879],[124.577,10.027],[124.336,10.16],[123.817,9.817],[123.936,9.624],[124.122,9.599],[124.584,9.75],[124.555,9.879]],[[123.7,10.128],[124.005,10.4],[124.039,11.274],[123.386,9.967],[123.332,9.423],[123.7,10.128]],[[123.511,10.923],[123.257,10.994],[122.983,10.887],[122.817,10.504],[122.856,10.087],[122.471,9.962],[122.4,9.823],[122.562,9.483],[122.867,9.32],[122.995,9.059],[123.192,9.088],[123.321,9.273],[123.162,9.864],[123.568,10.781],[123.511,10.923]],[[123.626,9.268],[123.494,9.216],[123.614,9.103],[123.706,9.134],[123.626,9.268]],[[124.666,9.132],[124.807,9.143],[124.708,9.243],[124.666,9.132]],[[122.538,10.425],[122.681,10.498],[122.701,10.741],[122.537,10.608],[122.538,10.425]],[[123.816,11.151],[123.757,11.283],[123.741,11.279],[123.708,11.248],[123.737,11.151],[123.816,11.151]],[[124.335,10.707],[124.288,10.601],[124.316,10.606],[124.381,10.633],[124.382,10.68],[124.371,10.691],[124.335,10.707]],[[125.159,10.063],[125.288,9.933],[125.133,10.155],[125.159,10.063]],[[124.429,11.532],[124.622,11.55],[124.437,11.695],[124.429,11.532]],[[124.807,11.558],[124.836,11.543],[124.854,11.595],[124.821,11.627],[124.788,11.683],[124.731,11.715],[124.744,11.659],[124.781,11.581],[124.807,11.558]],[[123.775,12.454],[123.621,12.675],[123.779,12.366],[123.775,12.454]],[[122.287,12.589],[122.278,12.593],[122.248,12.557],[122.261,12.503],[122.28,12.498],[122.311,12.529],[122.287,12.589]],[[122.132,12.538],[122.145,12.653],[122.002,12.599],[121.923,12.331],[122.014,12.106],[122.132,12.538]],[[122.499,12.384],[122.603,12.286],[122.683,12.382],[122.472,12.492],[122.499,12.384]],[[123.282,12.853],[122.958,13.107],[123.367,12.701],[123.282,12.853]],[[119.95,10.605],[119.852,10.64],[119.793,10.455],[119.95,10.605]],[[125.922,9.621],[125.952,9.568],[125.971,9.594],[125.993,9.685],[125.968,9.759],[125.949,9.739],[125.922,9.621]],[[138.147,9.584],[138.117,9.55],[138.085,9.495],[138.062,9.446],[138.067,9.419],[138.143,9.501],[138.183,9.507],[138.214,9.547],[138.186,9.593],[138.147,9.584]],[[134.506,7.437],[134.595,7.382],[134.651,7.712],[134.506,7.437]],[[151.856,7.432],[151.864,7.427],[151.881,7.432],[151.913,7.454],[151.911,7.46],[151.882,7.467],[151.865,7.466],[151.86,7.457],[151.856,7.432]],[[151.608,7.375],[151.604,7.357],[151.575,7.351],[151.57,7.346],[151.578,7.338],[151.639,7.333],[151.648,7.346],[151.65,7.363],[151.643,7.379],[151.629,7.39],[151.606,7.389],[151.593,7.379],[151.608,7.375]],[[168.679,7.336],[168.675,7.322],[168.719,7.303],[168.815,7.294],[168.83,7.309],[168.755,7.322],[168.679,7.336]],[[171.202,7.074],[171.394,7.111],[171.036,7.156],[171.202,7.074]],[[171.593,7.016],[171.614,7.007],[171.659,7.01],[171.693,7.0],[171.73,6.977],[171.757,6.973],[171.688,7.028],[171.615,7.027],[171.577,7.048],[171.593,7.016]],[[158.295,6.951],[158.135,6.945],[158.183,6.801],[158.315,6.814],[158.295,6.951]],[[125.783,7.131],[125.714,7.186],[125.683,7.073],[125.769,6.906],[125.783,7.131]],[[169.591,5.802],[169.615,5.8],[169.635,5.83],[169.673,5.935],[169.726,5.976],[169.735,6.014],[169.7,5.977],[169.651,5.945],[169.627,5.856],[169.612,5.824],[169.591,5.802]],[[121.392,6.002],[121.038,6.096],[120.876,5.953],[121.294,5.87],[121.392,6.002]],[[122.288,6.639],[122.058,6.741],[121.809,6.614],[121.991,6.415],[122.288,6.639]],[[122.948,7.386],[122.822,7.428],[122.805,7.316],[122.948,7.386]],[[119.821,5.07],[120.192,5.168],[120.208,5.34],[119.821,5.07]],[[162.93,5.301],[162.993,5.277],[162.983,5.326],[162.958,5.335],[162.921,5.318],[162.93,5.301]],[[126.814,4.258],[126.711,4.02],[126.921,4.291],[126.757,4.548],[126.814,4.258]],[[126.686,4.001],[126.638,4.042],[126.661,3.928],[126.722,3.833],[126.719,3.875],[126.74,3.918],[126.686,4.001]],[[126.779,3.843],[126.778,3.813],[126.8,3.784],[126.836,3.757],[126.852,3.768],[126.858,3.787],[126.857,3.812],[126.804,3.858],[126.779,3.843]],[[117.737,4.004],[117.923,4.054],[117.708,4.262],[117.625,4.121],[117.737,4.004]],[[125.469,3.639],[125.633,3.405],[125.469,3.733],[125.469,3.639]],[[117.681,3.408],[117.537,3.386],[117.646,3.248],[117.681,3.408]],[[172.887,3.101],[172.906,3.096],[172.97,3.129],[172.962,3.143],[172.963,3.149],[172.887,3.101]],[[172.827,3.071],[172.777,3.034],[172.75,3.033],[172.77,3.013],[172.844,3.051],[172.88,3.054],[172.887,3.074],[172.827,3.071]],[[131.188,3.056],[131.172,3.061],[131.152,3.054],[131.137,3.039],[131.135,3.025],[131.15,3.022],[131.172,3.026],[131.186,3.042],[131.188,3.056]],[[125.36,2.747],[125.397,2.63],[125.446,2.763],[125.36,2.747]],[[128.218,2.297],[128.296,2.035],[128.454,2.052],[128.688,2.474],[128.472,2.571],[128.218,2.297]],[[128.043,2.157],[127.632,1.844],[127.429,1.14],[127.608,0.848],[127.537,0.611],[127.709,0.288],[127.692,-0.242],[128.046,-0.706],[128.425,-0.893],[127.978,-0.248],[127.924,0.438],[128.9,0.216],[128.261,0.734],[128.299,0.877],[128.703,1.106],[128.688,1.573],[128.222,1.401],[127.881,0.832],[127.634,0.936],[128.012,1.332],[128.011,1.701],[127.887,1.833],[128.043,2.157]],[[172.967,1.885],[173.024,1.823],[173.019,1.846],[172.982,1.897],[172.969,1.913],[172.95,1.933],[172.935,1.944],[172.933,1.926],[172.967,1.885]],[[173.02,1.727],[172.993,1.713],[173.029,1.717],[173.045,1.742],[173.043,1.779],[173.038,1.804],[173.024,1.809],[173.028,1.747],[173.02,1.727]],[[173.029,1.359],[173.011,1.338],[173.038,1.342],[173.062,1.346],[173.106,1.357],[173.163,1.358],[173.171,1.363],[173.172,1.375],[173.153,1.388],[173.143,1.381],[173.029,1.359]],[[172.99,1.025],[172.991,0.835],[173.087,0.973],[172.99,1.025]],[[129.469,-0.131],[129.549,-0.187],[129.309,0.045],[129.469,-0.131]],[[130.584,-0.045],[130.237,-0.21],[130.551,-0.366],[130.689,-0.297],[130.75,-0.444],[130.899,-0.344],[130.622,-0.086],[131.005,-0.361],[131.34,-0.29],[131.026,-0.04],[130.584,-0.045]],[[130.657,-0.437],[130.465,-0.487],[130.627,-0.529],[130.657,-0.437]],[[130.807,-0.765],[130.402,-0.924],[130.832,-0.863],[130.905,-0.777],[130.807,-0.765]],[[130.897,-0.89],[130.668,-0.984],[130.782,-1.255],[130.967,-1.343],[131.074,-0.968],[130.897,-0.89]],[[127.743,-1.36],[127.457,-1.454],[127.392,-1.645],[127.562,-1.729],[128.153,-1.661],[127.743,-1.36]],[[130.318,-1.692],[129.738,-1.867],[130.248,-2.048],[130.419,-1.971],[130.318,-1.692]],[[125.963,-1.976],[125.863,-2.077],[126.038,-2.469],[125.963,-1.976]],[[121.502,-2.045],[121.349,-1.946],[121.395,-1.834],[121.651,-1.895],[122.251,-1.555],[122.903,-0.901],[123.378,-1.004],[123.417,-0.707],[123.171,-0.571],[122.829,-0.659],[122.889,-0.755],[122.28,-0.757],[121.97,-0.933],[121.576,-0.829],[121.149,-1.339],[120.667,-1.37],[120.032,-0.432],[120.078,0.04],[120.307,0.408],[120.579,0.528],[121.013,0.442],[122.997,0.494],[123.526,0.3],[124.217,0.38],[124.967,1.083],[125.234,1.502],[125.165,1.644],[124.989,1.701],[124.274,1.022],[123.847,0.838],[123.067,0.942],[122.838,0.846],[122.437,1.018],[121.592,1.068],[121.082,1.328],[120.868,1.253],[120.603,0.854],[120.27,0.971],[119.722,-0.088],[119.844,-0.862],[119.711,-0.681],[119.508,-0.907],[119.309,-1.408],[119.322,-1.93],[119.092,-2.483],[118.783,-2.721],[118.868,-3.398],[118.995,-3.538],[119.467,-3.513],[119.624,-4.034],[119.36,-5.314],[119.557,-5.611],[119.717,-5.693],[119.952,-5.578],[120.43,-5.591],[120.279,-5.146],[120.42,-4.617],[120.437,-3.707],[120.261,-2.949],[120.654,-2.668],[121.052,-2.752],[121.054,-3.167],[120.892,-3.521],[121.618,-4.093],[121.487,-4.581],[121.589,-4.76],[122.038,-4.832],[122.114,-4.54],[122.897,-4.349],[122.848,-4.065],[122.69,-4.084],[122.253,-3.62],[122.399,-3.201],[122.292,-2.908],[121.502,-2.045]],[[129.371,-2.821],[129.116,-2.937],[128.991,-2.829],[128.199,-2.866],[127.878,-3.222],[127.902,-3.496],[128.132,-3.157],[128.517,-3.449],[128.863,-3.235],[129.468,-3.453],[129.512,-3.329],[129.844,-3.327],[130.805,-3.858],[130.846,-3.533],[130.379,-2.989],[129.371,-2.821]],[[126.87,-3.783],[127.23,-3.633],[127.227,-3.391],[127.025,-3.166],[126.808,-3.069],[126.05,-3.128],[126.178,-3.579],[126.686,-3.824],[126.87,-3.783]],[[127.531,-3.331],[127.629,-3.359],[127.554,-3.254],[127.531,-3.331]],[[128.585,-3.512],[128.62,-3.589],[128.659,-3.588],[128.713,-3.603],[128.72,-3.589],[128.722,-3.547],[128.694,-3.525],[128.667,-3.517],[128.595,-3.495],[128.585,-3.512]],[[128.392,-3.638],[128.563,-3.585],[128.452,-3.515],[128.392,-3.638]],[[128.329,-3.516],[128.016,-3.601],[127.934,-3.743],[128.25,-3.711],[128.329,-3.516]],[[127.938,-3.02],[127.988,-2.937],[127.834,-3.004],[127.938,-3.02]],[[122.969,-4.03],[123.076,-4.227],[123.242,-4.113],[123.212,-3.998],[122.969,-4.03]],[[133.333,-4.17],[133.503,-4.257],[133.622,-4.299],[133.571,-4.246],[133.464,-4.2],[133.321,-4.111],[133.333,-4.17]],[[123.075,-4.387],[122.853,-4.618],[122.767,-5.21],[122.586,-5.489],[122.645,-5.663],[122.812,-5.671],[122.969,-5.406],[123.187,-5.333],[122.972,-5.138],[123.055,-4.748],[123.196,-4.823],[123.075,-4.387]],[[123.583,-5.367],[123.623,-5.373],[123.627,-5.272],[123.561,-5.25],[123.543,-5.271],[123.541,-5.298],[123.55,-5.332],[123.583,-5.367]],[[133.115,-5.311],[132.845,-5.988],[133.12,-5.576],[133.115,-5.311]],[[134.456,-5.558],[134.205,-5.707],[134.343,-5.833],[134.302,-6.01],[134.155,-6.063],[134.638,-6.365],[134.756,-6.171],[134.747,-5.707],[134.617,-5.439],[134.456,-5.558]],[[134.823,-6.35],[134.795,-6.393],[134.795,-6.442],[134.82,-6.434],[134.886,-6.324],[134.852,-6.325],[134.823,-6.35]],[[134.415,-6.387],[134.115,-6.191],[134.195,-6.46],[134.059,-6.769],[134.2,-6.909],[134.504,-6.591],[134.537,-6.442],[134.415,-6.387]],[[134.634,-6.477],[134.661,-6.559],[134.716,-6.549],[134.729,-6.506],[134.679,-6.456],[134.634,-6.477]],[[134.631,-6.733],[134.657,-6.765],[134.674,-6.75],[134.726,-6.669],[134.736,-6.623],[134.698,-6.626],[134.663,-6.658],[134.629,-6.713],[134.631,-6.733]],[[115.414,-6.84],[115.22,-6.953],[115.546,-6.939],[115.414,-6.84]],[[114.074,-6.96],[113.067,-6.88],[112.868,-6.9],[112.726,-7.073],[113.471,-7.218],[114.074,-6.96]],[[120.633,-7.018],[120.641,-7.116],[120.672,-7.125],[120.774,-7.119],[120.782,-7.063],[120.746,-7.06],[120.633,-7.018]],[[128.577,-7.083],[128.53,-7.135],[128.55,-7.156],[128.625,-7.209],[128.67,-7.183],[128.667,-7.138],[128.673,-7.113],[128.658,-7.091],[128.628,-7.069],[128.577,-7.083]],[[131.922,-7.104],[131.751,-7.117],[131.97,-7.251],[131.922,-7.104]],[[131.701,-7.14],[131.561,-7.136],[131.26,-7.471],[131.114,-7.997],[131.326,-8.0],[131.624,-7.626],[131.701,-7.14]],[[137.833,-7.932],[137.65,-8.386],[138.296,-8.405],[138.786,-8.059],[138.963,-7.588],[138.77,-7.39],[138.296,-7.438],[137.833,-7.932]],[[138.594,-8.371],[138.898,-8.338],[138.763,-8.173],[138.594,-8.371]],[[131.087,-8.125],[130.775,-8.35],[131.176,-8.131],[131.087,-8.125]],[[125.132,-8.326],[125.05,-8.18],[124.509,-8.135],[124.356,-8.386],[125.132,-8.326]],[[124.287,-8.209],[123.928,-8.449],[124.147,-8.531],[124.287,-8.209]],[[123.592,-8.478],[123.925,-8.272],[123.776,-8.19],[123.391,-8.28],[123.476,-8.322],[123.23,-8.531],[123.553,-8.567],[123.592,-8.478]],[[122.977,-8.545],[123.153,-8.476],[123.011,-8.448],[122.888,-8.587],[122.977,-8.545]],[[122.811,-8.481],[123.006,-8.329],[122.917,-8.106],[122.759,-8.186],[122.919,-8.222],[122.85,-8.304],[122.323,-8.628],[121.967,-8.455],[121.445,-8.578],[120.425,-8.249],[119.875,-8.42],[119.808,-8.698],[119.909,-8.858],[120.121,-8.777],[121.035,-8.935],[121.415,-8.815],[121.651,-8.899],[122.47,-8.725],[122.82,-8.596],[122.811,-8.481]],[[119.471,-8.456],[119.425,-8.75],[119.555,-8.553],[119.471,-8.456]],[[119.128,-8.177],[119.098,-8.139],[119.079,-8.14],[119.037,-8.158],[119.021,-8.2],[119.03,-8.24],[119.074,-8.239],[119.107,-8.223],[119.135,-8.197],[119.128,-8.177]],[[127.786,-8.12],[128.024,-8.255],[128.119,-8.171],[127.786,-8.12]],[[125.579,-8.312],[125.646,-8.14],[125.507,-8.275],[125.579,-8.312]],[[123.025,-8.396],[123.297,-8.399],[123.336,-8.269],[123.133,-8.254],[123.025,-8.396]],[[129.78,-8.046],[129.813,-7.82],[129.609,-7.803],[129.78,-8.046]],[[125.826,-7.979],[126.04,-7.886],[126.472,-7.95],[126.801,-7.668],[126.61,-7.572],[125.975,-7.663],[125.826,-7.979]],[[127.375,-7.572],[127.355,-7.646],[127.419,-7.623],[127.464,-7.597],[127.474,-7.579],[127.475,-7.531],[127.371,-7.513],[127.375,-7.572]],[[114.413,-7.133],[114.384,-7.081],[114.349,-7.073],[114.322,-7.08],[114.299,-7.098],[114.347,-7.163],[114.398,-7.173],[114.413,-7.133]],[[120.528,-6.298],[120.477,-5.775],[120.487,-6.465],[120.528,-6.298]],[[112.719,-5.811],[112.69,-5.726],[112.586,-5.804],[112.719,-5.811]],[[132.681,-5.739],[132.746,-5.947],[132.804,-5.789],[132.63,-5.607],[132.681,-5.739]],[[124.023,-5.902],[123.976,-5.88],[123.972,-5.939],[124.006,-5.967],[124.042,-6.022],[124.051,-5.974],[124.023,-5.902]],[[122.043,-5.438],[122.041,-5.159],[121.914,-5.072],[121.808,-5.256],[122.043,-5.438]],[[122.307,-5.381],[122.619,-5.336],[122.76,-4.934],[122.702,-4.619],[122.369,-4.767],[122.307,-5.381]],[[116.305,-3.719],[116.27,-3.251],[116.022,-3.612],[116.093,-4.054],[116.305,-3.719]],[[116.327,-3.539],[116.388,-3.637],[116.427,-3.4],[116.327,-3.539]],[[127.306,0.769],[127.338,0.758],[127.373,0.791],[127.354,0.847],[127.32,0.862],[127.293,0.842],[127.286,0.812],[127.306,0.769]],[[127.374,0.635],[127.384,0.631],[127.42,0.642],[127.446,0.683],[127.443,0.733],[127.425,0.744],[127.383,0.744],[127.363,0.675],[127.374,0.635]],[[127.418,0.006],[127.449,-0.037],[127.453,-0.006],[127.449,0.069],[127.431,0.143],[127.42,0.124],[127.397,0.017],[127.418,0.006]],[[127.126,-0.279],[127.187,-0.521],[127.29,-0.284],[127.126,-0.279]],[[127.527,-0.307],[127.455,-0.406],[127.325,-0.336],[127.297,-0.46],[127.463,-0.806],[127.842,-0.848],[127.838,-0.724],[127.605,-0.61],[127.682,-0.468],[127.527,-0.307]],[[127.258,-0.623],[127.156,-0.761],[127.289,-0.802],[127.258,-0.623]],[[121.681,-0.525],[121.907,-0.451],[121.749,-0.407],[121.681,-0.525]],[[123.158,-1.158],[122.832,-1.283],[122.89,-1.587],[123.15,-1.304],[123.173,-1.616],[123.275,-1.437],[123.512,-1.447],[123.527,-1.286],[123.339,-1.254],[123.238,-1.389],[123.158,-1.158]],[[123.529,-1.503],[123.483,-1.681],[123.598,-1.704],[123.529,-1.503]],[[124.381,-1.688],[124.418,-2.005],[125.314,-1.877],[125.146,-1.693],[124.381,-1.688]],[[126.024,-1.79],[125.387,-1.843],[125.479,-1.94],[126.332,-1.823],[126.024,-1.79]],[[123.848,-1.955],[123.783,-1.878],[123.777,-1.919],[123.804,-1.994],[123.866,-1.996],[123.848,-1.955]],[[123.079,-1.899],[123.153,-1.817],[123.138,-1.773],[123.106,-1.787],[123.086,-1.815],[123.071,-1.855],[123.079,-1.899]],[[108.192,-3.103],[108.291,-2.83],[108.215,-2.697],[107.666,-2.566],[107.614,-3.209],[107.858,-3.086],[108.055,-3.227],[108.192,-3.103]],[[106.667,-3.072],[106.612,-2.896],[106.818,-2.573],[106.366,-2.465],[106.027,-1.593],[105.72,-1.534],[105.701,-1.731],[105.585,-1.527],[105.413,-1.611],[105.133,-2.043],[105.786,-2.181],[105.999,-2.825],[106.667,-3.072]],[[108.804,-1.568],[108.838,-1.662],[108.953,-1.62],[108.957,-1.564],[108.877,-1.54],[108.804,-1.568]],[[107.402,-2.873],[107.409,-2.901],[107.433,-2.925],[107.473,-2.9],[107.5,-2.845],[107.474,-2.835],[107.419,-2.838],[107.402,-2.873]],[[106.911,-2.934],[106.743,-2.933],[106.87,-3.025],[106.911,-2.934]],[[109.7,-1.007],[109.476,-0.985],[109.464,-1.278],[109.751,-1.145],[109.7,-1.007]],[[104.363,-0.659],[104.59,-0.467],[104.474,-0.335],[104.257,-0.463],[104.363,-0.659]],[[103.606,-0.383],[103.764,-0.318],[103.549,-0.228],[103.461,-0.358],[103.606,-0.383]],[[104.474,-0.212],[105.005,-0.283],[104.543,0.018],[104.474,-0.212]],[[104.544,0.223],[104.499,0.232],[104.604,0.095],[104.622,0.08],[104.651,0.063],[104.698,0.035],[104.689,0.06],[104.66,0.103],[104.544,0.223]],[[103.295,0.614],[103.187,0.7],[103.14,0.549],[103.295,0.614]],[[103.344,0.778],[103.43,0.651],[103.497,0.723],[103.386,0.87],[103.344,0.778]],[[103.137,0.842],[102.999,1.068],[102.726,1.159],[102.702,1.054],[103.137,0.842]],[[102.633,1.054],[102.549,1.13],[102.454,0.89],[103.009,0.708],[103.002,0.859],[102.633,1.054]],[[104.025,1.181],[103.932,1.071],[104.066,0.99],[104.14,1.166],[104.025,1.181]],[[104.362,1.181],[104.252,1.015],[104.439,1.05],[104.575,0.832],[104.663,1.05],[104.585,1.216],[104.362,1.181]],[[104.171,0.897],[104.123,0.944],[104.108,0.934],[104.101,0.917],[104.098,0.896],[104.177,0.805],[104.239,0.834],[104.227,0.88],[104.171,0.897]],[[103.807,0.846],[103.752,0.891],[103.74,0.872],[103.742,0.83],[103.834,0.772],[103.829,0.801],[103.807,0.846]],[[103.405,1.073],[103.315,1.071],[103.43,0.993],[103.405,1.073]],[[117.491,-8.183],[117.556,-8.367],[117.665,-8.148],[117.491,-8.183]],[[115.501,-8.743],[115.582,-8.804],[115.61,-8.77],[115.613,-8.713],[115.561,-8.67],[115.541,-8.675],[115.48,-8.715],[115.501,-8.743]],[[142.098,-10.122],[142.142,-10.181],[142.168,-10.154],[142.192,-10.085],[142.149,-10.052],[142.098,-10.122]],[[142.219,-10.149],[142.216,-10.236],[142.339,-10.192],[142.219,-10.149]],[[143.443,-8.519],[143.207,-8.423],[143.608,-8.677],[143.443,-8.519]],[[143.367,-8.417],[143.543,-8.485],[143.587,-8.482],[143.593,-8.46],[143.581,-8.391],[143.528,-8.379],[143.322,-8.368],[143.367,-8.417]],[[166.916,-0.546],[166.939,-0.551],[166.958,-0.517],[166.956,-0.497],[166.939,-0.489],[166.914,-0.499],[166.907,-0.524],[166.916,-0.546]],[[174.453,-0.647],[174.476,-0.829],[174.381,-0.592],[174.453,-0.647]],[[135.894,-0.726],[135.383,-0.651],[135.646,-0.882],[135.747,-0.823],[135.915,-1.178],[136.305,-1.173],[136.375,-1.094],[135.894,-0.726]],[[169.523,-0.866],[169.542,-0.876],[169.551,-0.874],[169.555,-0.857],[169.539,-0.847],[169.526,-0.853],[169.523,-0.866]],[[174.741,-1.185],[174.748,-1.236],[174.756,-1.256],[174.779,-1.263],[174.773,-1.212],[174.767,-1.187],[174.744,-1.147],[174.717,-1.134],[174.741,-1.185]],[[134.941,-0.979],[134.809,-1.038],[134.917,-1.134],[134.941,-0.979]],[[149.546,-1.472],[149.763,-1.589],[149.633,-1.362],[149.546,-1.472]],[[136.193,-1.859],[136.893,-1.8],[135.474,-1.592],[136.193,-1.859]],[[134.335,-2.095],[134.345,-2.139],[134.374,-2.124],[134.419,-2.052],[134.391,-2.031],[134.37,-2.028],[134.351,-2.037],[134.335,-2.095]],[[146.857,-1.949],[146.596,-2.017],[146.546,-2.209],[147.206,-2.182],[147.438,-2.059],[146.857,-1.949]],[[147.769,-2.331],[147.845,-2.336],[147.877,-2.283],[147.836,-2.247],[147.812,-2.262],[147.79,-2.306],[147.736,-2.316],[147.769,-2.331]],[[150.166,-2.66],[150.437,-2.662],[150.429,-2.47],[150.227,-2.384],[149.962,-2.474],[150.166,-2.66]],[[150.843,-2.644],[150.746,-2.739],[152.279,-3.582],[152.668,-4.132],[152.681,-4.498],[152.892,-4.832],[153.133,-4.352],[153.017,-4.106],[152.033,-3.251],[150.843,-2.644]],[[151.93,-2.751],[151.933,-2.83],[151.957,-2.83],[152.011,-2.809],[152.002,-2.738],[151.946,-2.709],[151.93,-2.751]],[[152.057,-2.995],[152.088,-2.998],[152.099,-2.947],[152.075,-2.918],[151.975,-2.846],[151.955,-2.871],[151.971,-2.896],[152.057,-2.995]],[[152.585,-3.17],[152.646,-3.221],[152.671,-3.133],[152.639,-3.043],[152.57,-3.062],[152.543,-3.096],[152.585,-3.17]],[[153.592,-4.096],[153.65,-4.123],[153.659,-4.099],[153.663,-4.041],[153.64,-4.045],[153.592,-4.096]],[[152.197,-4.285],[151.593,-4.201],[151.671,-4.883],[151.327,-4.96],[150.953,-5.424],[150.734,-5.51],[150.183,-5.524],[150.09,-5.012],[149.963,-5.448],[149.831,-5.524],[148.432,-5.472],[148.337,-5.669],[149.653,-6.29],[150.474,-6.263],[151.229,-5.92],[151.515,-5.552],[152.077,-5.458],[152.013,-5.004],[152.258,-4.955],[152.4,-4.731],[152.406,-4.341],[152.197,-4.285]],[[154.584,-5.314],[154.647,-5.433],[154.727,-5.218],[154.633,-5.014],[154.584,-5.314]],[[154.741,-5.545],[154.759,-5.931],[155.202,-6.308],[155.344,-6.722],[155.617,-6.856],[155.933,-6.78],[155.823,-6.38],[155.467,-6.145],[155.094,-5.62],[154.729,-5.444],[154.741,-5.545]],[[156.495,-6.762],[157.102,-7.324],[157.519,-7.366],[157.03,-6.892],[156.479,-6.609],[156.495,-6.762]],[[155.865,-7.043],[155.739,-6.973],[155.678,-7.089],[155.865,-7.043]],[[148.055,-5.612],[147.783,-5.522],[147.985,-5.834],[148.055,-5.612]],[[147.206,-5.252],[147.006,-5.307],[147.176,-5.432],[147.206,-5.252]],[[146.037,-4.573],[145.9,-4.604],[145.904,-4.733],[146.019,-4.726],[146.037,-4.573]],[[178.687,-7.494],[178.693,-7.495],[178.695,-7.483],[178.69,-7.474],[178.677,-7.463],[178.667,-7.458],[178.674,-7.48],[178.687,-7.494]],[[158.457,-7.545],[158.944,-8.041],[159.881,-8.557],[159.843,-8.327],[159.431,-8.029],[158.457,-7.545]],[[178.371,-8.061],[178.377,-8.068],[178.39,-8.046],[178.387,-8.032],[178.379,-8.047],[178.371,-8.061]],[[160.702,-8.317],[160.59,-8.373],[160.772,-8.964],[161.367,-9.611],[161.159,-8.962],[160.944,-8.799],[160.998,-8.612],[160.702,-8.317]],[[179.196,-8.535],[179.201,-8.535],[179.214,-8.524],[179.217,-8.515],[179.212,-8.488],[179.203,-8.466],[179.199,-8.47],[179.198,-8.489],[179.201,-8.512],[179.196,-8.535]],[[161.412,-9.6],[161.554,-9.77],[161.364,-9.353],[161.412,-9.6]],[[160.794,-9.767],[160.355,-9.422],[159.971,-9.433],[159.75,-9.273],[159.607,-9.354],[159.854,-9.792],[160.649,-9.929],[160.819,-9.863],[160.794,-9.767]],[[151.296,-9.957],[151.081,-10.02],[150.776,-9.709],[150.959,-10.093],[151.231,-10.195],[151.296,-9.957]],[[150.789,-9.418],[150.437,-9.36],[150.436,-9.625],[150.844,-9.703],[150.789,-9.418]],[[150.357,-9.349],[150.208,-9.206],[150.11,-9.362],[150.331,-9.519],[150.357,-9.349]],[[152.759,-9.177],[152.967,-9.209],[152.995,-9.108],[152.81,-8.967],[152.515,-9.01],[152.759,-9.177]],[[159.128,-9.114],[159.228,-9.03],[159.078,-9.025],[159.128,-9.114]],[[160.253,-9.123],[160.408,-9.14],[160.096,-9.034],[160.253,-9.123]],[[158.236,-8.765],[158.21,-8.678],[158.179,-8.826],[158.236,-8.765]],[[151.124,-8.805],[151.118,-8.419],[151.005,-8.524],[151.124,-8.805]],[[157.565,-8.338],[157.885,-8.569],[157.826,-8.324],[157.491,-7.966],[157.218,-8.263],[157.565,-8.338]],[[156.604,-8.172],[156.612,-8.096],[156.57,-7.959],[156.551,-7.971],[156.542,-8.011],[156.54,-8.073],[156.592,-8.196],[156.604,-8.172]],[[157.041,-8.117],[157.192,-8.082],[157.103,-7.855],[156.959,-7.938],[157.041,-8.117]],[[156.708,-7.877],[156.809,-7.723],[156.561,-7.574],[156.511,-7.708],[156.708,-7.877]],[[159.569,-8.485],[159.688,-8.508],[159.595,-8.379],[159.569,-8.485]],[[158.105,-8.537],[157.879,-8.669],[158.009,-8.763],[158.105,-8.537]],[[157.579,-8.704],[157.454,-8.706],[157.643,-8.794],[157.579,-8.704]],[[157.389,-8.713],[157.379,-8.421],[157.212,-8.565],[157.389,-8.713]],[[161.305,-10.204],[161.294,-10.326],[161.487,-10.361],[161.538,-10.566],[161.787,-10.717],[162.373,-10.823],[162.105,-10.454],[161.305,-10.204]],[[165.86,-10.703],[165.791,-10.785],[165.904,-10.851],[166.162,-10.693],[165.86,-10.703]],[[142.275,-10.705],[142.131,-10.641],[142.191,-10.762],[142.275,-10.705]],[[150.899,-10.565],[150.872,-10.552],[150.799,-10.554],[150.786,-10.603],[150.802,-10.62],[150.885,-10.643],[150.899,-10.565]],[[154.102,-11.311],[154.064,-11.419],[154.266,-11.416],[154.102,-11.311]],[[153.307,-11.356],[153.204,-11.324],[153.287,-11.517],[153.76,-11.586],[153.307,-11.356]],[[160.1,-11.611],[160.576,-11.798],[160,-11.472],[160.1,-11.611]],[[166.806,-11.677],[166.929,-11.665],[166.791,-11.571],[166.806,-11.677]],[[177.019,-12.507],[177.082,-12.516],[177.121,-12.505],[177.127,-12.493],[177.118,-12.482],[177.068,-12.477],[177.026,-12.488],[177.006,-12.491],[177.019,-12.507]],[[167.451,-13.909],[167.553,-13.846],[167.481,-13.709],[167.451,-13.909]],[[167.411,-14.197],[167.543,-14.312],[167.599,-14.184],[167.411,-14.197]],[[166.758,-15.631],[167.094,-15.581],[167.201,-15.443],[167.076,-14.936],[166.81,-15.157],[166.746,-14.827],[166.567,-14.642],[166.631,-15.406],[166.758,-15.631]],[[168.104,-15.017],[168.13,-15.319],[168.172,-15.391],[168.189,-15.329],[168.187,-15.197],[168.136,-14.986],[168.115,-14.989],[168.104,-15.017]],[[167.911,-15.436],[168.003,-15.283],[167.674,-15.452],[167.911,-15.436]],[[168.16,-15.462],[168.123,-15.681],[168.179,-15.926],[168.196,-15.972],[168.213,-15.97],[168.256,-15.955],[168.268,-15.892],[168.183,-15.508],[168.16,-15.462]],[[167.336,-15.917],[167.2,-15.885],[167.151,-16.08],[167.349,-16.154],[167.449,-16.555],[167.76,-16.516],[167.776,-16.341],[167.336,-15.917]],[[168.164,-16.082],[167.929,-16.229],[168.297,-16.337],[168.164,-16.082]],[[167.234,-15.645],[167.095,-15.685],[167.201,-15.75],[167.234,-15.645]],[[168.181,-16.804],[168.477,-16.794],[168.199,-16.594],[168.181,-16.804]],[[177.21,-17.084],[177.183,-17.164],[177.287,-17.049],[177.21,-17.084]],[[179.373,-17.256],[179.389,-17.394],[179.422,-17.367],[179.447,-17.306],[179.433,-17.272],[179.408,-17.257],[179.373,-17.256]],[[178.247,-17.329],[177.504,-17.54],[177.264,-17.863],[177.321,-18.078],[177.955,-18.264],[178.668,-18.081],[178.592,-17.651],[178.247,-17.329]],[[178.748,-17.686],[178.828,-17.729],[178.831,-17.619],[178.748,-17.686]],[[179.254,-18.031],[179.349,-18.102],[179.306,-17.944],[179.254,-18.031]],[[146.278,-18.231],[146.099,-18.252],[146.299,-18.485],[146.278,-18.231]],[[168.545,-17.685],[168.297,-17.545],[168.158,-17.711],[168.399,-17.807],[168.545,-17.685]],[[169.248,-18.983],[169.334,-18.94],[169.256,-18.763],[169.016,-18.644],[168.987,-18.871],[169.248,-18.983]],[[178.208,-18.97],[177.959,-19.122],[178.488,-19.017],[178.208,-18.97]],[[159.975,-19.238],[159.96,-19.115],[159.936,-19.333],[159.975,-19.238]],[[169.291,-19.322],[169.217,-19.476],[169.438,-19.649],[169.491,-19.54],[169.291,-19.322]],[[148.887,-20.144],[148.913,-20.154],[148.936,-20.15],[148.956,-20.135],[148.968,-20.044],[148.932,-20.069],[148.906,-20.102],[148.887,-20.144]],[[164.06,-20.142],[164.17,-20.48],[164.927,-21.29],[166.468,-22.256],[166.97,-22.323],[166.942,-22.09],[165.663,-21.267],[165.192,-20.769],[164.06,-20.142]],[[169.807,-20.241],[169.896,-20.187],[169.751,-20.153],[169.807,-20.241]],[[166.558,-20.617],[166.494,-20.709],[166.625,-20.418],[166.558,-20.617]],[[167.204,-20.674],[167.056,-20.72],[167.189,-20.804],[167.033,-20.923],[167.401,-21.161],[167.204,-20.674]],[[167.967,-21.642],[168.121,-21.616],[168.139,-21.445],[167.988,-21.338],[167.815,-21.393],[167.967,-21.642]],[[174.593,-21.702],[174.622,-21.706],[174.63,-21.695],[174.628,-21.676],[174.604,-21.667],[174.587,-21.68],[174.593,-21.702]],[[150.549,-22.307],[150.521,-22.228],[150.488,-22.211],[150.485,-22.268],[150.462,-22.308],[150.488,-22.325],[150.517,-22.323],[150.549,-22.307]],[[149.928,-22.149],[149.912,-22.049],[149.894,-22.223],[149.928,-22.149]],[[149.004,-20.221],[148.981,-20.154],[148.939,-20.284],[148.987,-20.302],[149.02,-20.303],[149.044,-20.292],[149.045,-20.278],[149.004,-20.221]],[[167.473,-22.653],[167.513,-22.661],[167.544,-22.623],[167.529,-22.579],[167.443,-22.541],[167.422,-22.619],[167.444,-22.639],[167.473,-22.653]],[[151.184,-23.741],[151.296,-23.72],[151.24,-23.53],[151.06,-23.461],[151.184,-23.741]],[[153.007,-25.729],[153.35,-25.063],[153.257,-24.729],[153.144,-24.815],[153.228,-25.006],[153.038,-25.193],[153.007,-25.729]],[[153.377,-27.235],[153.421,-27.331],[153.467,-27.038],[153.377,-27.235]],[[153.427,-27.706],[153.539,-27.436],[153.435,-27.405],[153.427,-27.706]],[[173.191,-35.016],[173.117,-35.205],[173.376,-35.5],[173.626,-35.319],[173.412,-35.543],[174.055,-36.36],[174.166,-36.328],[173.914,-35.909],[174.036,-36.122],[174.393,-36.24],[174.402,-36.602],[174.189,-36.492],[174.476,-36.942],[174.782,-36.944],[174.929,-37.085],[174.734,-37.215],[174.586,-37.098],[174.928,-37.804],[174.802,-37.896],[174.597,-38.785],[173.844,-39.139],[173.764,-39.319],[173.934,-39.509],[175.009,-39.952],[175.156,-40.115],[175.254,-40.289],[175.162,-40.622],[174.635,-41.289],[174.866,-41.223],[174.881,-41.424],[175.166,-41.417],[175.31,-41.611],[175.983,-41.213],[176.842,-40.158],[177.11,-39.673],[176.939,-39.555],[177.077,-39.222],[177.523,-39.074],[177.909,-39.24],[177.976,-38.722],[178.268,-38.551],[178.536,-37.692],[178.009,-37.555],[177.274,-37.993],[176.108,-37.645],[175.772,-36.735],[175.461,-36.476],[175.386,-36.556],[175.542,-37.201],[175.385,-37.207],[175.3,-36.993],[174.722,-36.841],[174.802,-36.309],[174.396,-35.797],[174.581,-35.786],[174.32,-35.247],[174.143,-35.3],[174.104,-35.143],[173.473,-34.947],[173.448,-34.844],[173.285,-34.981],[172.964,-34.535],[173.044,-34.429],[172.706,-34.455],[173.191,-35.016]],[[175.475,-36.314],[175.409,-36.071],[175.346,-36.218],[175.475,-36.314]],[[174.073,-41.472],[174.37,-41.104],[174.039,-41.242],[174.303,-41.02],[173.999,-40.993],[173.798,-41.272],[173.947,-40.924],[173.115,-41.279],[172.989,-40.848],[172.704,-40.668],[172.733,-40.544],[172.944,-40.519],[172.641,-40.518],[172.139,-40.947],[171.948,-41.539],[171.486,-41.795],[171.313,-42.46],[171.028,-42.696],[171.038,-42.862],[170.97,-42.718],[170.735,-43.03],[170.303,-43.108],[170.396,-43.182],[170.24,-43.164],[169.834,-43.537],[169.17,-43.777],[169.179,-43.913],[168.367,-44.082],[167.857,-44.501],[167.909,-44.665],[167.787,-44.595],[167.485,-44.771],[167.466,-44.958],[167.411,-44.828],[167.172,-44.997],[167.259,-45.082],[167.026,-45.124],[167.23,-45.29],[167.118,-45.318],[167.156,-45.411],[166.869,-45.311],[166.92,-45.408],[166.778,-45.41],[166.734,-45.544],[166.991,-45.532],[166.798,-45.646],[167.003,-45.712],[166.513,-45.812],[166.493,-45.964],[166.718,-45.889],[166.73,-46.053],[166.917,-45.957],[166.712,-46.134],[166.831,-46.225],[167.539,-46.149],[167.842,-46.366],[168.189,-46.362],[168.382,-46.605],[169.687,-46.552],[170.335,-45.992],[170.776,-45.871],[170.701,-45.684],[171.113,-45.039],[170.999,-44.911],[171.146,-44.912],[171.241,-44.264],[172.18,-43.896],[172.036,-43.702],[172.297,-43.868],[172.48,-43.727],[172.584,-43.774],[172.503,-43.844],[173.094,-43.844],[173.073,-43.676],[172.527,-43.465],[172.735,-43.355],[172.624,-43.272],[173.221,-42.977],[174.215,-41.85],[174.283,-41.741],[174.084,-41.671],[174.161,-41.562],[174.073,-41.472]],[[51.815,-46.395],[51.784,-46.359],[51.742,-46.327],[51.659,-46.374],[51.697,-46.428],[51.762,-46.449],[51.835,-46.44],[51.815,-46.395]],[[166.731,-45.639],[166.532,-45.7],[166.729,-45.73],[166.731,-45.639]],[[167.023,-45.3],[166.979,-45.18],[166.893,-45.241],[167.023,-45.3]],[[146.955,-43.502],[147.077,-43.276],[146.997,-43.156],[147.245,-43.216],[147.298,-42.791],[147.452,-43.033],[147.574,-42.846],[147.8,-42.928],[147.648,-43.021],[147.786,-43.22],[147.981,-43.157],[147.912,-42.658],[148.023,-42.259],[148.214,-41.97],[148.343,-42.215],[148.293,-40.947],[147.969,-40.78],[147.455,-41.002],[146.99,-40.992],[146.848,-41.168],[146.723,-41.078],[146.317,-41.163],[144.719,-40.672],[144.646,-40.981],[144.778,-41.419],[145.238,-42.02],[145.235,-42.197],[145.331,-42.147],[145.517,-42.354],[145.468,-42.493],[145.199,-42.231],[145.488,-42.927],[145.873,-43.292],[146.208,-43.316],[145.994,-43.376],[146.043,-43.547],[146.549,-43.509],[146.834,-43.619],[146.955,-43.502]],[[148.03,-42.715],[148.17,-42.652],[148.073,-42.593],[148.03,-42.715]],[[147.397,-43.118],[147.296,-43.162],[147.435,-43.241],[147.397,-43.118]],[[147.185,-43.408],[147.154,-43.5],[147.309,-43.501],[147.312,-43.28],[147.185,-43.408]],[[148.218,-40.505],[148.117,-40.521],[148.188,-40.593],[148.218,-40.505]],[[144.784,-40.507],[144.791,-40.44],[144.783,-40.435],[144.751,-40.47],[144.71,-40.485],[144.748,-40.589],[144.784,-40.507]],[[148.103,-40.452],[148.474,-40.432],[148.326,-40.307],[148.01,-40.381],[148.103,-40.452]],[[173.786,-40.881],[173.781,-40.922],[173.915,-40.864],[173.958,-40.787],[173.964,-40.713],[173.903,-40.746],[173.873,-40.749],[173.812,-40.794],[173.786,-40.881]],[[148.21,-40.234],[148.297,-39.986],[147.933,-39.726],[147.767,-39.87],[148.074,-40.241],[148.21,-40.234]],[[144.141,-39.954],[144.091,-39.638],[143.949,-39.584],[143.899,-40.12],[144.141,-39.954]],[[-61.876,-39.172],[-61.907,-39.136],[-61.967,-39.112],[-62.093,-39.086],[-62.083,-39.11],[-62.042,-39.167],[-61.918,-39.227],[-61.866,-39.235],[-61.876,-39.172]],[[145.288,-38.472],[145.128,-38.528],[145.355,-38.557],[145.288,-38.472]],[[145.487,-38.355],[145.427,-38.314],[145.295,-38.319],[145.286,-38.341],[145.28,-38.391],[145.336,-38.421],[145.487,-38.355]],[[137.622,-35.938],[138.123,-35.852],[137.334,-35.592],[136.639,-35.749],[136.541,-35.89],[136.755,-36.033],[137.448,-36.075],[137.622,-35.938]],[[167.765,-46.798],[167.801,-46.907],[167.522,-47.259],[168.241,-47.07],[167.956,-46.694],[167.765,-46.798]],[[37.79,-46.837],[37.59,-46.908],[37.814,-46.963],[37.888,-46.902],[37.79,-46.837]],[[68.815,-49.7],[68.993,-49.705],[69.153,-49.53],[70.124,-49.704],[70.307,-49.583],[69.986,-49.582],[69.76,-49.43],[70.166,-49.343],[70.386,-49.434],[70.555,-49.201],[70.32,-49.059],[69.542,-49.256],[69.405,-49.182],[69.644,-49.117],[69.593,-48.971],[69.052,-49.082],[69.136,-48.861],[69.002,-48.661],[68.77,-49.066],[68.883,-49.165],[68.815,-49.7]],[[69.202,-49.034],[69.369,-48.89],[69.167,-48.883],[69.202,-49.034]],[[165.889,-50.808],[166.243,-50.846],[166.267,-50.559],[166.101,-50.539],[165.889,-50.808]],[[-58.917,-51.272],[-59.097,-51.491],[-59.06,-51.685],[-59.571,-51.925],[-59.649,-52.134],[-59.532,-52.236],[-59.396,-52.308],[-59.342,-52.196],[-59.068,-52.173],[-59.196,-52.018],[-58.653,-52.099],[-58.683,-51.936],[-57.792,-51.636],[-57.96,-51.583],[-57.808,-51.518],[-57.977,-51.384],[-58.259,-51.417],[-58.272,-51.575],[-58.509,-51.484],[-58.426,-51.324],[-58.917,-51.272]],[[-58.513,-52.071],[-58.433,-52.099],[-58.439,-52.011],[-58.461,-52.002],[-58.497,-51.999],[-58.541,-52.028],[-58.513,-52.071]],[[-59.753,-52.141],[-59.793,-52.134],[-59.786,-52.156],[-59.785,-52.205],[-59.764,-52.242],[-59.747,-52.251],[-59.683,-52.232],[-59.681,-52.18],[-59.753,-52.141]],[[-60.353,-52.14],[-60.246,-51.986],[-59.921,-51.97],[-59.268,-51.428],[-60.142,-51.481],[-60.568,-51.358],[-60.245,-51.639],[-60.583,-51.713],[-60.238,-51.772],[-60.961,-52.057],[-60.686,-52.188],[-60.353,-52.14]],[[-60.916,-51.897],[-60.876,-51.794],[-61.145,-51.839],[-60.916,-51.897]],[[-60.276,-51.363],[-60.249,-51.396],[-60.112,-51.396],[-60.076,-51.343],[-60.07,-51.308],[-60.171,-51.273],[-60.275,-51.281],[-60.276,-51.363]],[[169.129,-52.485],[169.022,-52.495],[169.233,-52.548],[169.129,-52.485]],[[-69.167,-52.668],[-69.498,-52.491],[-69.935,-52.821],[-70.38,-52.752],[-70.131,-52.943],[-70.391,-53.026],[-70.46,-53.206],[-70.213,-53.414],[-69.394,-53.373],[-69.352,-53.48],[-70.091,-53.722],[-70.151,-53.888],[-69.988,-54.109],[-69.045,-54.428],[-69.312,-54.571],[-69.365,-54.438],[-69.742,-54.306],[-70.243,-54.348],[-70.63,-54.006],[-70.38,-53.987],[-70.531,-53.627],[-70.696,-53.727],[-70.644,-53.823],[-70.868,-53.884],[-70.863,-54.11],[-70.311,-54.529],[-70.701,-54.485],[-70.797,-54.327],[-71.08,-54.444],[-71.8,-54.434],[-71.902,-54.602],[-70.497,-54.81],[-69.723,-54.712],[-69.082,-54.91],[-68.22,-54.818],[-66.511,-55.032],[-65.471,-54.915],[-65.179,-54.678],[-66.236,-54.533],[-67.294,-54.05],[-68.008,-53.564],[-68.161,-53.306],[-68.489,-53.261],[-68.431,-53.055],[-68.24,-53.082],[-68.571,-52.695],[-68.79,-52.577],[-69.167,-52.668]],[[73.336,-53.03],[73.465,-53.184],[73.838,-53.113],[73.251,-52.976],[73.336,-53.03]],[[-37.692,-54.135],[-36.507,-54.511],[-36.085,-54.867],[-35.799,-54.763],[-35.913,-54.711],[-35.895,-54.555],[-36.073,-54.554],[-36.326,-54.251],[-36.647,-54.262],[-36.704,-54.108],[-38.017,-54.008],[-37.619,-54.042],[-37.692,-54.135]],[[158.897,-54.506],[158.836,-54.704],[158.845,-54.749],[158.879,-54.71],[158.946,-54.575],[158.959,-54.472],[158.897,-54.506]],[[-64.637,-54.903],[-63.815,-54.725],[-64.549,-54.716],[-64.757,-54.827],[-64.637,-54.903]],[[-67.874,-54.93],[-68.301,-54.981],[-68.07,-55.221],[-67.495,-55.177],[-67.34,-55.293],[-67.08,-55.154],[-67.245,-54.978],[-67.874,-54.93]],[[-66.611,-55.27],[-66.552,-55.273],[-66.472,-55.229],[-66.436,-55.19],[-66.523,-55.166],[-66.542,-55.169],[-66.6,-55.194],[-66.625,-55.213],[-66.637,-55.234],[-66.63,-55.254],[-66.611,-55.27]],[[-68.323,-55.308],[-68.613,-55.156],[-68.4,-55.042],[-68.458,-54.96],[-68.901,-55.018],[-69.884,-54.882],[-69.988,-55.131],[-69.241,-55.477],[-69.359,-55.301],[-69.297,-55.166],[-68.89,-55.241],[-68.867,-55.45],[-68.048,-55.643],[-68.323,-55.308]],[[-67.449,-55.641],[-67.56,-55.725],[-67.267,-55.763],[-67.374,-55.589],[-67.449,-55.641]],[[-70.283,-55.066],[-70.418,-54.909],[-71.437,-54.889],[-70.476,-55.177],[-70.283,-55.066]],[[-71.118,-54.366],[-71.022,-54.112],[-71.996,-53.885],[-72.21,-54.048],[-71.949,-54.301],[-71.473,-54.231],[-71.118,-54.366]],[[-72.366,-53.941],[-72.205,-53.807],[-72.459,-53.599],[-72.882,-53.578],[-73.054,-53.394],[-73.099,-53.512],[-73.447,-53.41],[-73.845,-53.546],[-73.314,-53.729],[-73.211,-53.986],[-73.081,-53.998],[-73.039,-53.833],[-72.764,-53.865],[-72.959,-54.066],[-72.871,-54.127],[-72.366,-53.941]],[[-73.549,-53.126],[-74.712,-52.749],[-74.27,-53.082],[-73.135,-53.354],[-73.549,-53.126]],[[-74.666,-52.16],[-74.537,-51.965],[-74.78,-51.825],[-74.823,-51.63],[-75.105,-51.789],[-74.852,-52.271],[-74.694,-52.279],[-74.666,-52.16]],[[-74.283,-51.919],[-74.115,-51.888],[-74.475,-51.726],[-74.283,-51.919]],[[-75.289,-51.625],[-75.047,-51.398],[-74.593,-51.388],[-74.571,-51.245],[-75.154,-51.279],[-75.289,-51.625]],[[-75.304,-50.484],[-75.428,-50.481],[-75.411,-50.764],[-75.115,-50.51],[-75.304,-50.484]],[[-75.25,-50.376],[-74.839,-50.197],[-74.876,-50.11],[-75.327,-50.012],[-75.449,-50.343],[-75.25,-50.376]],[[-74.763,-50.011],[-74.496,-49.859],[-74.467,-49.295],[-74.546,-48.767],[-74.793,-48.705],[-75.184,-49.084],[-75.086,-49.27],[-75.467,-49.359],[-75.306,-49.494],[-75.337,-49.628],[-75.57,-49.697],[-75.55,-49.791],[-75.066,-49.852],[-74.96,-49.533],[-74.724,-49.424],[-74.882,-49.692],[-74.763,-50.011]],[[-75.107,-48.837],[-75.583,-48.859],[-75.638,-48.943],[-75.488,-49.082],[-75.641,-49.195],[-75.39,-49.159],[-75.107,-48.837]],[[-75.434,-48.721],[-75.158,-48.623],[-75.391,-48.02],[-75.561,-48.071],[-75.518,-48.329],[-75.651,-48.586],[-75.623,-48.765],[-75.434,-48.721]],[[-75.013,-48.536],[-74.567,-48.592],[-74.827,-47.85],[-75.247,-48.027],[-75.013,-48.536]],[[-75.186,-47.851],[-74.926,-47.723],[-75.203,-47.728],[-75.186,-47.851]],[[-74.315,-45.464],[-74.311,-45.173],[-74.502,-45.285],[-74.678,-45.739],[-74.244,-45.654],[-74.315,-45.464]],[[-74.099,-45.325],[-73.849,-45.341],[-73.722,-45.158],[-74.002,-44.591],[-73.704,-44.325],[-73.9,-44.135],[-74.083,-44.186],[-74.133,-44.416],[-74.502,-44.474],[-74.618,-44.648],[-74.089,-45.196],[-74.099,-45.325]],[[-75.048,-44.824],[-75.142,-44.816],[-75.067,-44.907],[-75.048,-44.824]],[[-176.123,-44.268],[-176.229,-44.237],[-176.221,-44.331],[-176.123,-44.268]],[[-73.315,-44.531],[-73.445,-44.641],[-73.228,-44.86],[-72.764,-44.549],[-73.208,-44.335],[-73.315,-44.531]],[[-73.686,-44.546],[-73.818,-44.652],[-73.665,-44.833],[-73.686,-44.546]],[[-176.334,-44.025],[-176.517,-43.785],[-176.382,-43.867],[-176.178,-43.74],[-176.848,-43.824],[-176.555,-43.852],[-176.598,-44.107],[-176.334,-44.025]],[[-74.14,-43.821],[-73.79,-43.876],[-73.857,-43.784],[-74.14,-43.821]],[[-74.697,-43.553],[-74.745,-43.536],[-74.818,-43.549],[-74.842,-43.57],[-74.843,-43.596],[-74.81,-43.625],[-74.669,-43.608],[-74.665,-43.6],[-74.673,-43.577],[-74.697,-43.553]],[[-73.634,-42.508],[-73.471,-42.466],[-73.533,-42.314],[-73.423,-42.193],[-73.528,-41.896],[-74.037,-41.796],[-74.209,-42.879],[-74.387,-43.232],[-73.773,-43.346],[-73.75,-43.159],[-73.436,-42.937],[-73.789,-42.586],[-73.634,-42.508]],[[-78.859,-33.578],[-78.989,-33.662],[-78.775,-33.642],[-78.859,-33.578]],[[-109.276,-27.096],[-109.39,-27.068],[-109.429,-27.116],[-109.434,-27.171],[-109.28,-27.14],[-109.223,-27.101],[-109.276,-27.096]],[[-128.304,-24.334],[-128.33,-24.323],[-128.35,-24.34],[-128.342,-24.371],[-128.321,-24.4],[-128.3,-24.413],[-128.29,-24.397],[-128.291,-24.365],[-128.304,-24.334]],[[-174.919,-21.451],[-174.913,-21.3],[-174.923,-21.303],[-174.973,-21.35],[-174.968,-21.382],[-174.919,-21.451]],[[-175.157,-21.264],[-175.078,-21.129],[-175.362,-21.107],[-175.157,-21.264]],[[-159.813,-21.242],[-159.773,-21.25],[-159.741,-21.249],[-159.737,-21.241],[-159.74,-21.208],[-159.768,-21.188],[-159.811,-21.186],[-159.832,-21.2],[-159.842,-21.229],[-159.84,-21.238],[-159.813,-21.242]],[[-138.515,-20.813],[-138.546,-20.771],[-138.568,-20.787],[-138.546,-20.795],[-138.524,-20.851],[-138.535,-20.876],[-138.506,-20.857],[-138.515,-20.813]],[[-178.725,-20.646],[-178.728,-20.645],[-178.731,-20.653],[-178.729,-20.66],[-178.723,-20.667],[-178.715,-20.67],[-178.71,-20.671],[-178.712,-20.668],[-178.714,-20.66],[-178.719,-20.652],[-178.725,-20.646]],[[-178.574,-19.143],[-178.576,-19.125],[-178.563,-19.119],[-178.557,-19.113],[-178.568,-19.109],[-178.589,-19.119],[-178.599,-19.137],[-178.596,-19.151],[-178.574,-19.165],[-178.546,-19.175],[-178.535,-19.166],[-178.541,-19.157],[-178.557,-19.154],[-178.574,-19.143]],[[-169.948,-19.073],[-169.793,-19.043],[-169.862,-18.969],[-169.948,-19.073]],[[-179.846,-18.971],[-179.839,-18.962],[-179.83,-18.956],[-179.812,-18.968],[-179.798,-18.97],[-179.8,-18.94],[-179.831,-18.924],[-179.856,-18.943],[-179.863,-18.964],[-179.867,-18.978],[-179.865,-18.999],[-179.851,-19.003],[-179.849,-18.991],[-179.846,-18.971]],[[-173.922,-18.589],[-174.069,-18.64],[-173.991,-18.699],[-173.922,-18.589]],[[-136.316,-18.545],[-136.314,-18.566],[-136.294,-18.544],[-136.328,-18.519],[-136.38,-18.497],[-136.426,-18.474],[-136.459,-18.463],[-136.479,-18.471],[-136.464,-18.485],[-136.436,-18.489],[-136.383,-18.514],[-136.344,-18.535],[-136.316,-18.545]],[[-140.685,-18.38],[-140.782,-18.334],[-140.773,-18.364],[-140.696,-18.399],[-140.672,-18.416],[-140.685,-18.38]],[[-137.068,-18.265],[-136.971,-18.361],[-136.972,-18.342],[-137.03,-18.273],[-137.068,-18.265]],[[-178.762,-18.234],[-178.763,-18.191],[-178.791,-18.186],[-178.848,-18.202],[-178.827,-18.222],[-178.774,-18.252],[-178.762,-18.234]],[[-140.86,-18.199],[-140.823,-18.217],[-140.83,-18.189],[-140.893,-18.121],[-140.925,-18.084],[-140.974,-18.059],[-140.959,-18.085],[-140.895,-18.148],[-140.86,-18.199]],[[-178.988,-17.977],[-178.999,-17.947],[-179.048,-17.92],[-179.079,-17.944],[-179.064,-17.972],[-179.039,-17.988],[-179.018,-17.992],[-178.988,-17.977]],[[-178.357,-17.921],[-178.307,-17.963],[-178.251,-17.953],[-178.255,-17.93],[-178.28,-17.886],[-178.325,-17.876],[-178.357,-17.921]],[[-140.638,-17.678],[-140.65,-17.67],[-140.686,-17.684],[-140.761,-17.718],[-140.804,-17.752],[-140.824,-17.788],[-140.851,-17.831],[-140.852,-17.867],[-140.841,-17.873],[-140.804,-17.876],[-140.809,-17.857],[-140.829,-17.849],[-140.833,-17.838],[-140.815,-17.804],[-140.776,-17.754],[-140.652,-17.683],[-140.638,-17.678]],[[-149.322,-17.69],[-149.379,-17.522],[-149.635,-17.564],[-149.579,-17.735],[-149.182,-17.862],[-149.178,-17.737],[-149.322,-17.69]],[[-149.814,-17.545],[-149.782,-17.488],[-149.809,-17.474],[-149.902,-17.47],[-149.912,-17.501],[-149.905,-17.528],[-149.887,-17.553],[-149.845,-17.571],[-149.814,-17.545]],[[-178.953,-17.182],[-179.005,-17.148],[-179.018,-17.161],[-179.015,-17.182],[-178.971,-17.213],[-178.976,-17.238],[-179.004,-17.295],[-178.982,-17.307],[-178.956,-17.273],[-178.925,-17.249],[-178.915,-17.223],[-178.921,-17.208],[-178.953,-17.182]],[[-151.411,-16.774],[-151.485,-16.864],[-151.365,-16.864],[-151.411,-16.774]],[[-143.465,-16.614],[-143.551,-16.621],[-143.386,-16.669],[-143.465,-16.614]],[[-151.467,-16.658],[-151.438,-16.623],[-151.457,-16.604],[-151.506,-16.574],[-151.512,-16.619],[-151.504,-16.647],[-151.485,-16.665],[-151.467,-16.658]],[[-143.707,-16.581],[-143.611,-16.64],[-143.571,-16.635],[-143.615,-16.618],[-143.67,-16.581],[-143.707,-16.581]],[[-145.577,-16.16],[-145.614,-16.079],[-145.482,-16.347],[-145.577,-16.16]],[[-142.507,-16.028],[-142.53,-16.107],[-142.512,-16.096],[-142.481,-16.018],[-142.507,-16.028]],[[-145.134,-15.762],[-145.161,-15.757],[-145.138,-15.788],[-145.076,-15.858],[-145.058,-15.901],[-145.051,-15.856],[-145.134,-15.762]],[[-170.568,-14.267],[-170.689,-14.257],[-170.721,-14.276],[-170.821,-14.312],[-170.769,-14.36],[-170.726,-14.351],[-170.64,-14.282],[-170.568,-14.267]],[[-178.105,-14.284],[-178.142,-14.243],[-178.178,-14.232],[-178.194,-14.255],[-178.159,-14.312],[-178.103,-14.325],[-178.047,-14.318],[-178.044,-14.303],[-178.105,-14.284]],[[-171.604,-13.879],[-172.046,-13.857],[-171.912,-14.002],[-171.454,-14.046],[-171.604,-13.879]],[[-172.222,-13.56],[-172.333,-13.465],[-172.779,-13.517],[-172.485,-13.8],[-172.225,-13.804],[-172.222,-13.56]],[[-176.128,-13.268],[-176.148,-13.222],[-176.171,-13.243],[-176.195,-13.302],[-176.177,-13.341],[-176.161,-13.333],[-176.128,-13.268]],[[-151.803,-11.393],[-151.813,-11.392],[-151.819,-11.409],[-151.816,-11.431],[-151.807,-11.451],[-151.791,-11.457],[-151.783,-11.441],[-151.791,-11.414],[-151.803,-11.393]],[[-138.643,-10.446],[-138.69,-10.426],[-138.688,-10.532],[-138.651,-10.515],[-138.632,-10.492],[-138.624,-10.463],[-138.643,-10.446]],[[-139.083,-9.915],[-139.107,-9.915],[-139.134,-9.926],[-139.134,-10.01],[-139.06,-9.931],[-139.083,-9.915]],[[-138.875,-9.793],[-139.024,-9.695],[-139.166,-9.77],[-138.875,-9.793]],[[-140.031,-9.345],[-140.144,-9.359],[-140.097,-9.444],[-140.031,-9.345]],[[-171.194,-9.339],[-171.202,-9.333],[-171.204,-9.333],[-171.2,-9.345],[-171.193,-9.352],[-171.189,-9.358],[-171.186,-9.355],[-171.189,-9.347],[-171.194,-9.339]],[[-139.535,-8.875],[-139.584,-8.86],[-139.612,-8.872],[-139.632,-8.899],[-139.621,-8.948],[-139.556,-8.94],[-139.51,-8.916],[-139.508,-8.897],[-139.535,-8.875]],[[-140.046,-8.874],[-140.24,-8.798],[-140.217,-8.93],[-140.046,-8.874]],[[-172.487,-8.556],[-172.497,-8.546],[-172.499,-8.548],[-172.494,-8.559],[-172.488,-8.572],[-172.484,-8.583],[-172.479,-8.581],[-172.481,-8.567],[-172.487,-8.556]],[[-155.911,-5.609],[-155.919,-5.608],[-155.929,-5.608],[-155.928,-5.619],[-155.914,-5.632],[-155.887,-5.632],[-155.864,-5.627],[-155.862,-5.619],[-155.872,-5.611],[-155.911,-5.609]],[[-174.531,-4.659],[-174.541,-4.657],[-174.541,-4.662],[-174.533,-4.665],[-174.523,-4.674],[-174.511,-4.686],[-174.517,-4.687],[-174.529,-4.682],[-174.524,-4.69],[-174.507,-4.694],[-174.501,-4.695],[-174.501,-4.688],[-174.513,-4.675],[-174.531,-4.659]],[[-172.189,-4.522],[-172.181,-4.515],[-172.194,-4.516],[-172.208,-4.518],[-172.215,-4.511],[-172.215,-4.503],[-172.204,-4.5],[-172.197,-4.5],[-172.196,-4.495],[-172.198,-4.492],[-172.212,-4.494],[-172.228,-4.507],[-172.215,-4.524],[-172.189,-4.522]],[[-171.239,-4.444],[-171.252,-4.442],[-171.262,-4.449],[-171.262,-4.46],[-171.255,-4.467],[-171.243,-4.468],[-171.233,-4.463],[-171.232,-4.454],[-171.239,-4.444]],[[-154.943,-4.042],[-154.951,-4.031],[-154.987,-4.039],[-155.015,-4.048],[-155.015,-4.055],[-154.995,-4.071],[-154.971,-4.086],[-154.959,-4.094],[-154.956,-4.088],[-154.95,-4.056],[-154.943,-4.042]],[[-171.081,-3.12],[-171.088,-3.115],[-171.092,-3.125],[-171.097,-3.137],[-171.09,-3.143],[-171.085,-3.135],[-171.081,-3.12]],[[-79.997,-2.674],[-80.224,-2.753],[-80.273,-2.996],[-80.151,-3.012],[-79.909,-2.726],[-79.997,-2.674]],[[-171.698,-2.766],[-171.719,-2.761],[-171.725,-2.768],[-171.728,-2.774],[-171.725,-2.781],[-171.718,-2.779],[-171.706,-2.773],[-171.688,-2.779],[-171.673,-2.788],[-171.66,-2.799],[-171.64,-2.829],[-171.639,-2.847],[-171.655,-2.84],[-171.678,-2.825],[-171.698,-2.822],[-171.696,-2.826],[-171.687,-2.83],[-171.671,-2.844],[-171.647,-2.856],[-171.628,-2.856],[-171.628,-2.847],[-171.64,-2.811],[-171.665,-2.786],[-171.698,-2.766]],[[-90.432,-1.24],[-90.477,-1.221],[-90.52,-1.299],[-90.464,-1.342],[-90.424,-1.34],[-90.379,-1.292],[-90.399,-1.262],[-90.432,-1.24]],[[-91.131,-1.02],[-90.906,-0.941],[-90.8,-0.752],[-91.306,0.091],[-91.491,0.105],[-91.59,-0.015],[-91.429,-0.023],[-91.121,-0.559],[-91.484,-0.925],[-91.131,-1.02]],[[-91.399,-0.322],[-91.647,-0.284],[-91.647,-0.391],[-91.426,-0.461],[-91.399,-0.322]],[[-90.809,-0.329],[-90.553,-0.278],[-90.78,-0.16],[-90.809,-0.329]],[[-90.542,-0.676],[-90.335,-0.772],[-90.185,-0.545],[-90.47,-0.517],[-90.542,-0.676]],[[-89.423,-0.722],[-89.603,-0.913],[-89.419,-0.911],[-89.259,-0.728],[-89.423,-0.722]],[[-78.909,1.253],[-78.9,1.36],[-78.992,1.293],[-78.909,1.253]],[[-157.176,1.74],[-157.442,2.025],[-157.436,1.847],[-157.579,1.902],[-157.176,1.74]],[[-78.138,2.634],[-78.178,2.646],[-78.21,2.609],[-78.192,2.559],[-78.141,2.52],[-78.114,2.542],[-78.119,2.604],[-78.138,2.634]],[[-159.259,3.839],[-159.339,3.924],[-159.369,3.917],[-159.391,3.9],[-159.409,3.873],[-159.378,3.847],[-159.373,3.881],[-159.354,3.881],[-159.327,3.863],[-159.306,3.838],[-159.314,3.823],[-159.359,3.815],[-159.332,3.8],[-159.275,3.797],[-159.259,3.839]],[[-79.11,8.21],[-79.065,8.254],[-79.085,8.296],[-79.096,8.295],[-79.128,8.252],[-79.11,8.21]],[[-78.965,8.326],[-78.918,8.232],[-78.856,8.448],[-78.965,8.326]],[[-81.671,7.523],[-81.752,7.622],[-81.852,7.453],[-81.603,7.333],[-81.671,7.523]],[[-110.942,18.802],[-110.989,18.863],[-111.04,18.83],[-111.064,18.782],[-110.975,18.72],[-110.914,18.741],[-110.942,18.802]],[[-155.622,20.163],[-155.874,20.26],[-155.82,20.014],[-156.049,19.75],[-155.881,19.071],[-155.626,18.964],[-154.804,19.524],[-155.199,19.994],[-155.622,20.163]],[[-156.148,20.885],[-156.585,21.034],[-156.698,20.949],[-156.409,20.605],[-156.014,20.715],[-156.148,20.885]],[[-156.85,20.773],[-156.881,20.905],[-157.051,20.912],[-156.973,20.758],[-156.85,20.773]],[[-156.917,21.177],[-157.25,21.23],[-157.29,21.113],[-156.86,21.056],[-156.712,21.155],[-156.917,21.177]],[[-157.706,21.378],[-157.963,21.701],[-158.273,21.585],[-158.11,21.319],[-157.691,21.28],[-157.706,21.378]],[[-106.607,21.561],[-106.502,21.611],[-106.597,21.712],[-106.607,21.561]],[[-160.18,21.841],[-160.153,21.879],[-160.08,21.907],[-160.077,21.958],[-160.049,22.005],[-160.101,22.015],[-160.164,21.944],[-160.221,21.897],[-160.243,21.843],[-160.235,21.804],[-160.2,21.797],[-160.18,21.841]],[[-159.512,21.9],[-159.344,21.974],[-159.352,22.22],[-159.579,22.223],[-159.789,22.042],[-159.512,21.9]],[[-109.794,24.183],[-109.89,24.345],[-109.9,24.331],[-109.878,24.201],[-109.827,24.148],[-109.805,24.151],[-109.796,24.164],[-109.794,24.183]],[[-110.595,25.042],[-110.699,25.081],[-110.539,24.892],[-110.595,25.042]],[[-111.204,25.85],[-111.135,25.999],[-111.094,25.974],[-111.088,25.985],[-111.1,26.021],[-111.091,26.076],[-111.139,26.07],[-111.183,26.041],[-111.225,25.836],[-111.204,25.85]],[[-112.263,29.207],[-112.47,29.168],[-112.531,28.894],[-112.355,28.773],[-112.203,29.005],[-112.263,29.207]],[[-113.178,29.132],[-113.202,29.302],[-113.587,29.573],[-113.496,29.308],[-113.163,29.035],[-113.178,29.132]],[[-114.709,31.757],[-114.771,31.794],[-114.785,31.79],[-114.789,31.747],[-114.727,31.701],[-114.694,31.706],[-114.688,31.724],[-114.709,31.757]],[[-111.857,24.538],[-112.013,24.533],[-111.712,24.346],[-111.857,24.538]],[[-112.057,24.546],[-112.195,24.841],[-112.159,25.286],[-112.297,24.79],[-112.057,24.546]],[[-115.197,28.328],[-115.353,28.104],[-115.184,28.037],[-115.197,28.328]],[[-118.312,29.183],[-118.4,29.112],[-118.285,28.904],[-118.312,29.183]],[[-118.507,32.96],[-118.59,33.011],[-118.35,32.828],[-118.507,32.96]],[[-119.479,33.275],[-119.525,33.282],[-119.575,33.278],[-119.544,33.225],[-119.483,33.215],[-119.438,33.217],[-119.442,33.232],[-119.479,33.275]],[[-118.392,33.415],[-118.569,33.464],[-118.297,33.312],[-118.392,33.415]],[[-120.044,33.919],[-120.072,34.027],[-120.252,34.014],[-120.044,33.919]],[[-120.307,34.025],[-120.353,34.061],[-120.368,34.073],[-120.413,34.056],[-120.442,34.033],[-120.36,34.022],[-120.307,34.025]],[[-119.892,34.032],[-119.885,33.995],[-119.81,33.968],[-119.562,34.007],[-119.549,34.028],[-119.569,34.053],[-119.679,34.028],[-119.882,34.08],[-119.918,34.068],[-119.892,34.032]],[[-123.595,48.334],[-123.284,48.455],[-123.415,48.698],[-123.497,48.582],[-123.996,49.224],[-124.831,49.53],[-125.482,50.317],[-127.918,50.861],[-128.346,50.744],[-128.058,50.498],[-127.466,50.583],[-127.487,50.405],[-127.906,50.445],[-127.864,50.128],[-127.467,50.163],[-127.349,50.052],[-127.25,50.138],[-127.114,49.88],[-126.903,49.944],[-126.525,49.72],[-126.134,49.672],[-126.542,49.59],[-126.519,49.397],[-125.935,49.401],[-125.952,49.248],[-125.644,49.186],[-125.829,49.092],[-125.489,48.934],[-124.927,49.014],[-124.813,49.213],[-125.121,48.761],[-123.595,48.334]],[[-126.115,49.365],[-126.23,49.296],[-126.064,49.264],[-126.115,49.365]],[[-126.626,49.627],[-126.738,49.844],[-126.926,49.838],[-126.939,49.718],[-126.626,49.627]],[[-125.26,50.13],[-125.195,50.044],[-125.074,50.221],[-125.261,50.418],[-125.358,50.312],[-125.26,50.13]],[[-125.026,50.134],[-125.002,50.021],[-124.908,50.071],[-124.991,50.217],[-125.026,50.134]],[[-124.362,49.588],[-124.14,49.51],[-124.65,49.758],[-124.362,49.588]],[[-123.541,48.946],[-123.372,48.886],[-123.689,49.095],[-123.541,48.946]],[[-123.555,48.922],[-123.518,48.75],[-123.407,48.756],[-123.555,48.922]],[[-122.918,48.707],[-122.986,48.627],[-122.769,48.651],[-122.918,48.707]],[[-123.024,48.538],[-123.114,48.613],[-123.162,48.606],[-123.17,48.587],[-123.153,48.526],[-123.14,48.508],[-123.094,48.489],[-122.987,48.468],[-123.013,48.501],[-123.024,48.538]],[[-122.932,48.485],[-122.821,48.431],[-122.869,48.549],[-122.932,48.485]],[[-122.669,48.351],[-122.742,48.225],[-122.383,47.923],[-122.697,48.229],[-122.536,48.321],[-122.669,48.351]],[[-122.576,47.619],[-122.503,47.575],[-122.508,47.683],[-122.576,47.619]],[[-122.507,47.422],[-122.51,47.358],[-122.469,47.39],[-122.458,47.386],[-122.457,47.359],[-122.437,47.355],[-122.399,47.373],[-122.394,47.395],[-122.442,47.446],[-122.469,47.49],[-122.486,47.489],[-122.507,47.422]],[[-122.849,47.216],[-122.885,47.275],[-122.912,47.254],[-122.908,47.226],[-122.877,47.186],[-122.863,47.185],[-122.853,47.205],[-122.849,47.216]],[[-127.925,51.474],[-127.999,51.704],[-128.142,51.647],[-127.925,51.474]],[[-176.962,51.604],[-176.437,51.82],[-176.698,51.986],[-176.962,51.604]],[[-177.879,51.65],[-177.644,51.826],[-178.195,51.882],[-177.986,51.764],[-178.059,51.673],[-177.879,51.65]],[[-177.67,51.701],[-177.177,51.704],[-177.063,51.902],[-177.67,51.701]],[[-176.143,52.004],[-175.975,52.029],[-176.156,52.099],[-176.143,52.004]],[[-175.296,52.022],[-174.344,52.078],[-174.121,52.135],[-174.179,52.2],[-174.018,52.332],[-174.169,52.42],[-174.436,52.317],[-174.306,52.216],[-175.296,52.022]],[[-131.562,52.4],[-131.222,52.154],[-131.116,52.219],[-131.591,52.578],[-131.455,52.702],[-131.972,52.88],[-131.635,52.922],[-131.754,53.196],[-132.547,53.138],[-132.144,52.999],[-132.258,52.934],[-132.165,52.783],[-131.562,52.4]],[[-170.608,52.685],[-170.682,52.698],[-170.791,52.631],[-170.827,52.601],[-170.816,52.562],[-170.797,52.55],[-170.733,52.581],[-170.692,52.593],[-170.649,52.593],[-170.614,52.61],[-170.587,52.642],[-170.585,52.668],[-170.608,52.685]],[[-169.708,52.807],[-169.692,52.847],[-169.711,52.867],[-169.755,52.884],[-169.821,52.883],[-169.983,52.851],[-169.992,52.83],[-169.981,52.806],[-169.877,52.814],[-169.723,52.792],[-169.708,52.807]],[[-169.073,52.864],[-168.506,53.043],[-167.805,53.485],[-168.288,53.5],[-168.38,53.283],[-168.69,53.227],[-169.073,52.864]],[[-167.669,53.26],[-166.77,53.476],[-166.309,53.698],[-166.549,53.701],[-166.231,53.933],[-166.372,53.999],[-166.572,53.853],[-166.673,54.006],[-167.038,53.942],[-167.071,53.783],[-166.741,53.713],[-167.016,53.698],[-167.136,53.526],[-167.809,53.324],[-167.669,53.26]],[[-133.098,54.006],[-132.845,53.508],[-132.425,53.337],[-132.748,53.31],[-132.347,53.189],[-131.957,53.309],[-131.668,54.141],[-132.134,54.034],[-132.187,53.685],[-132.464,53.653],[-132.574,53.675],[-132.155,53.875],[-132.262,54.076],[-133.048,54.159],[-133.098,54.006]],[[-166.036,54.047],[-165.693,54.1],[-165.966,54.211],[-166.106,54.145],[-166.036,54.047]],[[-165.615,54.14],[-165.408,54.197],[-165.59,54.279],[-165.615,54.14]],[[-130.664,53.848],[-130.625,53.941],[-130.384,53.844],[-130.236,53.959],[-130.448,54.089],[-130.696,53.951],[-130.664,53.848]],[[-130.151,53.346],[-129.934,53.177],[-129.755,53.245],[-130.195,53.55],[-130.452,53.631],[-130.518,53.544],[-130.151,53.346]],[[-129.314,53.212],[-129.168,53.118],[-129.238,53.33],[-129.314,53.212]],[[-129.084,53.14],[-129.176,52.965],[-128.9,52.674],[-128.746,52.763],[-128.679,52.29],[-128.51,52.519],[-128.633,53.112],[-129.033,53.28],[-129.084,53.14]],[[-128.42,52.441],[-128.247,52.784],[-128.44,52.696],[-128.42,52.441]],[[-128.994,52.662],[-129.264,52.801],[-128.969,52.464],[-128.994,52.662]],[[-129.344,53.053],[-129.451,53.175],[-129.471,53.183],[-129.501,53.188],[-129.515,53.179],[-129.5,53.129],[-129.478,53.098],[-129.41,53.024],[-129.37,52.998],[-129.329,52.984],[-129.314,52.992],[-129.344,53.053]],[[-166.103,53.833],[-166.114,53.843],[-166.155,53.836],[-166.188,53.822],[-166.234,53.784],[-166.251,53.768],[-166.249,53.745],[-166.224,53.72],[-166.21,53.723],[-166.184,53.757],[-166.139,53.787],[-166.103,53.833]],[[-172.383,52.373],[-172.62,52.273],[-172.314,52.33],[-172.383,52.373]],[[-131.098,52.151],[-131.107,52.137],[-131.117,52.101],[-131.103,52.014],[-131.081,51.98],[-131.047,51.96],[-131.029,51.962],[-131.011,52.095],[-131.098,52.151]],[[-173.368,52.046],[-173.023,52.079],[-173.992,52.123],[-173.368,52.046]],[[-176.194,51.886],[-176.204,51.835],[-176.093,51.79],[-176.009,51.812],[-176.072,51.843],[-176.194,51.886]],[[-176.28,51.803],[-176.414,51.841],[-176.35,51.733],[-176.28,51.803]],[[-162.645,54.462],[-162.821,54.495],[-162.554,54.401],[-162.645,54.462]],[[-164.347,54.482],[-163.358,54.736],[-163.083,54.669],[-163.553,55.038],[-163.807,55.049],[-164.479,54.907],[-164.904,54.568],[-164.823,54.419],[-164.347,54.482]],[[-132.807,54.709],[-132.706,54.684],[-132.617,54.892],[-132.838,54.881],[-133.097,55.214],[-133.429,55.304],[-132.807,54.709]],[[-162.273,54.867],[-162.265,54.983],[-162.434,54.932],[-162.273,54.867]],[[-160.164,55.01],[-160.227,54.923],[-159.854,55.145],[-159.871,55.264],[-160.172,55.123],[-160.164,55.01]],[[-160.795,55.145],[-160.488,55.185],[-160.553,55.381],[-160.84,55.335],[-160.795,55.145]],[[-133.635,55.413],[-133.65,55.269],[-133.283,55.516],[-133.737,55.497],[-133.635,55.413]],[[-132.959,55.396],[-133.119,55.328],[-132.782,55.048],[-132.622,55.136],[-132.549,54.953],[-132.022,54.726],[-131.976,55.209],[-132.207,55.224],[-132.16,55.323],[-132.418,55.483],[-132.631,55.473],[-132.511,55.594],[-132.173,55.481],[-132.598,55.895],[-133.097,56.09],[-133.203,56.32],[-133.566,56.339],[-133.531,56.146],[-133.743,55.965],[-133.371,56.036],[-133.242,55.921],[-133.68,55.785],[-133.033,55.59],[-132.959,55.396]],[[-155.566,55.821],[-155.594,55.924],[-155.737,55.83],[-155.566,55.821]],[[-134.122,56.077],[-133.95,56.128],[-133.855,56.582],[-133.738,56.65],[-134.143,56.932],[-134.391,56.749],[-134.084,56.456],[-134.245,56.203],[-134.122,56.077]],[[-134.677,56.842],[-134.97,57.351],[-135.346,57.533],[-135.823,57.28],[-135.812,57.01],[-135.455,57.249],[-135.211,57.045],[-135.331,56.822],[-134.883,56.679],[-134.981,56.519],[-134.682,56.216],[-134.677,56.842]],[[-154.683,56.436],[-154.445,56.573],[-154.777,56.44],[-154.683,56.436]],[[-154.332,56.539],[-154.258,56.513],[-154.209,56.515],[-154.15,56.53],[-154.116,56.544],[-154.107,56.558],[-154.102,56.582],[-154.11,56.603],[-154.217,56.609],[-154.322,56.571],[-154.332,56.539]],[[-153.973,56.774],[-153.643,56.961],[-153.733,57.052],[-152.679,57.345],[-152.941,57.498],[-152.412,57.455],[-152.215,57.598],[-152.483,57.703],[-152.429,57.826],[-152.891,57.769],[-152.85,57.897],[-153.16,57.972],[-153.217,57.796],[-153.488,57.731],[-153.696,57.871],[-153.904,57.82],[-153.693,57.663],[-153.838,57.636],[-153.688,57.305],[-154.116,57.651],[-154.673,57.446],[-154.706,57.335],[-154.339,56.921],[-154.184,57.005],[-154.381,57.097],[-154.244,57.143],[-153.793,56.99],[-154.071,56.821],[-153.973,56.774]],[[-153.295,57.829],[-153.269,57.822],[-153.241,57.85],[-153.29,57.898],[-153.347,57.933],[-153.481,57.971],[-153.52,57.956],[-153.517,57.942],[-153.465,57.909],[-153.351,57.862],[-153.295,57.829]],[[-136.46,57.873],[-135.911,57.447],[-135.692,57.42],[-135.564,57.666],[-134.931,57.481],[-134.873,57.589],[-134.979,57.724],[-135.338,57.769],[-134.971,57.817],[-135.002,58.051],[-135.375,58.122],[-135.613,57.992],[-135.693,58.039],[-135.588,58.147],[-135.787,58.269],[-136.144,58.098],[-136.322,58.219],[-136.569,57.972],[-136.46,57.873]],[[-152.683,58.063],[-152.571,58.168],[-152.309,58.134],[-152.268,58.252],[-152.109,58.161],[-151.974,58.31],[-152.675,58.451],[-152.841,58.416],[-152.772,58.279],[-153.381,58.087],[-152.683,58.063]],[[-134.82,58.147],[-134.66,57.638],[-134.487,57.482],[-134.62,57.196],[-134.555,57.058],[-133.911,57.353],[-133.937,57.582],[-134.307,58.034],[-133.823,57.629],[-134.24,58.144],[-134.68,58.162],[-134.923,58.355],[-134.82,58.147]],[[-134.456,58.207],[-134.313,58.229],[-134.662,58.291],[-134.456,58.207]],[[-133.962,57.043],[-133.681,56.798],[-133.603,56.464],[-133.158,56.495],[-133.329,56.83],[-133.035,56.621],[-132.959,56.677],[-133.071,56.974],[-133.962,57.043]],[[-132.907,56.637],[-132.885,56.512],[-132.568,56.576],[-132.843,56.795],[-132.907,56.637]],[[-132.38,56.499],[-132.691,56.13],[-132.133,55.943],[-132.067,56.244],[-132.38,56.499]],[[-132.706,56.448],[-133.035,56.341],[-132.78,56.247],[-132.647,56.313],[-132.706,56.448]],[[-153.375,57.052],[-152.908,57.152],[-153.285,57.185],[-153.375,57.052]],[[-131.759,55.503],[-131.846,55.416],[-131.762,55.166],[-131.448,55.409],[-131.421,55.276],[-131.188,55.206],[-131.014,55.379],[-130.966,55.67],[-131.269,55.955],[-131.625,55.832],[-131.759,55.503]],[[-131.513,55.263],[-131.592,55.026],[-131.232,54.904],[-131.513,55.263]],[[-160.329,55.338],[-160.362,55.357],[-160.493,55.352],[-160.517,55.334],[-160.481,55.309],[-160.343,55.259],[-160.329,55.338]],[[-159.648,55.075],[-159.52,55.072],[-159.545,55.226],[-159.648,55.075]],[[-159.462,55.059],[-159.458,55.035],[-159.421,54.978],[-159.394,54.967],[-159.362,54.972],[-159.363,55.0],[-159.39,55.041],[-159.462,55.059]],[[-130.959,54.499],[-130.758,54.614],[-130.907,54.632],[-130.959,54.499]],[[-152.368,58.611],[-152.637,58.542],[-152.486,58.485],[-152.368,58.611]],[[-147.846,59.799],[-147.54,59.868],[-146.958,60.289],[-147.181,60.358],[-147.846,59.799]],[[-147.914,60.092],[-148.08,60.152],[-148.231,60.114],[-148.272,60.053],[-148.074,60.035],[-148.022,60.065],[-147.914,60.092]],[[-147.66,60.352],[-147.689,60.491],[-147.795,60.46],[-147.871,60.23],[-147.76,60.19],[-147.66,60.352]],[[-146.703,60.396],[-146.595,60.268],[-146.102,60.411],[-146.56,60.481],[-146.703,60.396]],[[-145.238,60.321],[-145.15,60.313],[-145.119,60.337],[-145.102,60.388],[-145.128,60.401],[-145.284,60.337],[-145.238,60.321]],[[-144.542,59.878],[-144.614,59.813],[-144.236,60.015],[-144.542,59.878]],[[-147.943,60.875],[-147.964,60.9],[-148.038,60.924],[-148.102,60.916],[-148.1,60.895],[-148.124,60.844],[-148.115,60.831],[-148.057,60.818],[-147.931,60.826],[-147.943,60.875]],[[-151.899,60.49],[-151.96,60.504],[-152.004,60.407],[-152.069,60.358],[-152.021,60.362],[-151.987,60.374],[-151.887,60.473],[-151.899,60.49]],[[-169.486,56.618],[-169.55,56.628],[-169.624,56.615],[-169.755,56.635],[-169.766,56.608],[-169.633,56.546],[-169.587,56.542],[-169.474,56.594],[-169.486,56.618]],[[-170.161,57.184],[-170.116,57.242],[-170.387,57.203],[-170.386,57.189],[-170.358,57.154],[-170.264,57.137],[-170.161,57.184]],[[-160.919,58.577],[-160.715,58.795],[-161.131,58.668],[-160.919,58.577]],[[-166.107,59.775],[-165.592,59.913],[-165.73,60.314],[-166.476,60.383],[-166.836,60.217],[-167.436,60.207],[-167.139,60.009],[-166.107,59.775]],[[-172.278,60.344],[-172.924,60.607],[-173.074,60.493],[-172.636,60.329],[-172.278,60.344]],[[-169.571,62.997],[-169.365,63.171],[-168.852,63.171],[-168.716,63.311],[-169.555,63.373],[-170.43,63.699],[-171.035,63.585],[-171.646,63.727],[-171.818,63.53],[-171.519,63.332],[-170.954,63.453],[-170.527,63.379],[-169.571,62.997]],[[-165.83,66.317],[-165.822,66.328],[-166.033,66.278],[-166.146,66.237],[-166.149,66.222],[-166.11,66.227],[-165.942,66.278],[-165.83,66.317]],[[-123.211,71.123],[-122.84,71.097],[-121.749,71.445],[-120.619,71.506],[-120.443,71.631],[-120.18,72.213],[-119.513,72.303],[-119.078,72.64],[-115.393,73.502],[-116.95,74.101],[-117.707,74.252],[-118.625,74.233],[-119.118,74.016],[-119.206,74.198],[-119.729,74.108],[-119.563,74.233],[-121.504,74.545],[-124.696,74.348],[-124.192,73.902],[-123.797,73.768],[-124.804,73.126],[-124.565,72.944],[-124.97,72.843],[-124.987,72.588],[-125.627,72.255],[-125.845,71.979],[-125.297,71.973],[-124.008,71.677],[-123.211,71.123]],[[-113.514,74.43],[-111.729,74.502],[-108.831,75.065],[-108.475,74.947],[-106.961,74.94],[-105.972,75.131],[-105.481,75.746],[-105.633,75.945],[-106.397,76.06],[-106.846,75.952],[-106.688,75.819],[-106.914,75.68],[-107.216,75.892],[-108.021,75.805],[-107.723,75.995],[-108.406,76.085],[-108.123,76.233],[-108.628,76.587],[-108.467,76.738],[-109.098,76.812],[-110.314,76.369],[-109.43,76.109],[-109.871,75.929],[-108.945,75.699],[-109.005,75.515],[-111.053,75.549],[-111.549,75.822],[-112.057,75.834],[-111.865,75.939],[-112.698,76.202],[-113.823,76.207],[-114.194,76.451],[-114.767,76.506],[-115.581,76.438],[-115.832,76.296],[-114.779,76.173],[-116.21,76.194],[-116.591,76.096],[-116.665,75.958],[-114.992,75.896],[-116.802,75.772],[-117.164,75.645],[-115.142,75.679],[-116.077,75.493],[-117.258,75.46],[-117.597,75.293],[-115.729,74.968],[-115.413,75.115],[-115.02,74.976],[-114.452,75.088],[-114.358,75.171],[-114.514,75.275],[-114.168,75.24],[-114.017,75.434],[-113.467,75.416],[-113.853,75.259],[-113.845,75.112],[-113.712,75.069],[-111.033,75.227],[-111.671,75.019],[-112.836,74.976],[-114.377,74.671],[-113.514,74.43]],[[-118.328,75.58],[-117.513,76.099],[-118.626,75.906],[-119.395,75.617],[-118.328,75.58]],[[-120.921,75.814],[-120.888,75.928],[-120.993,75.927],[-121.241,75.752],[-120.921,75.814]],[[-120.409,75.826],[-119.538,75.982],[-119.74,76.118],[-119.524,76.34],[-118.994,76.145],[-118.625,76.366],[-118.791,76.513],[-118.468,76.547],[-118.203,76.76],[-117.78,76.784],[-117.993,76.406],[-117.154,76.298],[-116.999,76.532],[-115.946,76.711],[-116.253,76.901],[-115.81,76.939],[-116.329,77.137],[-115.47,77.309],[-116.511,77.548],[-117.04,77.465],[-116.704,77.38],[-116.844,77.34],[-119.09,77.305],[-121.561,76.453],[-122.423,76.39],[-122.903,76.135],[-122.593,76.162],[-122.64,76.009],[-122.4,75.944],[-121.213,75.984],[-120.813,76.179],[-120.409,75.826]],[[-112.373,77.364],[-110.198,77.525],[-110.153,77.763],[-110.866,77.834],[-109.772,77.957],[-109.622,78.075],[-111.207,78.088],[-113.283,77.836],[-113.164,77.53],[-112.373,77.364]],[[-114.297,78.063],[-115.029,77.968],[-114.287,77.721],[-113.619,77.813],[-114.297,78.063]],[[-100.68,77.931],[-99.956,77.794],[-99.166,77.857],[-99.0,77.997],[-99.778,78.325],[-99.848,78.438],[-99.609,78.583],[-100.435,78.82],[-101.128,78.802],[-101.037,78.939],[-101.704,79.079],[-102.393,79.01],[-102.576,78.879],[-102.731,78.969],[-102.652,79.095],[-102.914,79.231],[-103.706,79.352],[-105.388,79.324],[-105.571,79.164],[-105.536,79.033],[-104.747,79.027],[-104.97,78.856],[-104.896,78.808],[-104.152,78.99],[-103.876,78.903],[-104.185,78.781],[-103.372,78.736],[-104.021,78.635],[-103.483,78.594],[-103.571,78.54],[-104.996,78.519],[-104.764,78.352],[-103.947,78.26],[-102.731,78.371],[-102.607,78.249],[-101.074,78.194],[-100.68,77.931]],[[-102.788,78.218],[-102.826,78.25],[-102.892,78.271],[-102.973,78.267],[-103.11,78.246],[-103.26,78.183],[-103.274,78.166],[-103.271,78.151],[-103.252,78.138],[-103.118,78.126],[-103.003,78.146],[-102.788,78.218]],[[-111.435,78.287],[-111.169,78.386],[-110.418,78.295],[-109.336,78.408],[-109.504,78.582],[-110.618,78.758],[-113.293,78.334],[-111.435,78.287]],[[-95.317,79.355],[-93.96,79.396],[-94.109,79.315],[-93.933,79.291],[-92.822,79.45],[-91.3,79.373],[-92.547,79.283],[-94.17,78.973],[-93.16,78.776],[-93.634,78.751],[-93.267,78.608],[-91.867,78.543],[-92.848,78.46],[-92.351,78.313],[-90.614,78.15],[-90.327,78.185],[-90.652,78.308],[-90.459,78.331],[-89.49,78.172],[-90.037,78.607],[-88.822,78.186],[-88.606,78.392],[-88.742,78.584],[-87.983,78.537],[-88.254,78.672],[-88.04,78.995],[-87.817,79.036],[-87.953,78.915],[-87.922,78.751],[-87.617,78.676],[-86.957,78.975],[-85.042,79.285],[-85.648,79.611],[-86.007,79.479],[-86.337,79.635],[-87.295,79.58],[-86.977,79.894],[-87.202,80.043],[-87.922,80.098],[-87.625,80.187],[-87.675,80.372],[-88.525,80.418],[-88.644,80.387],[-88.612,80.255],[-88.2,80.111],[-88.857,80.166],[-89.198,80.263],[-89.134,80.44],[-89.236,80.511],[-90.643,80.594],[-91.998,81.185],[-93.333,81.364],[-94.233,81.315],[-93.235,81.155],[-93.345,81.085],[-94.981,81.05],[-95.515,80.838],[-93.928,80.559],[-95.927,80.721],[-96.133,80.691],[-96.152,80.553],[-95.549,80.367],[-96.394,80.315],[-95.405,80.135],[-94.263,80.195],[-94.611,80.056],[-96.773,80.136],[-96.463,79.848],[-95.858,79.674],[-94.402,79.736],[-95.663,79.527],[-95.733,79.418],[-95.317,79.355]],[[-99.425,80.126],[-100.126,80.001],[-100.0,79.884],[-98.79,79.785],[-98.895,80.082],[-99.425,80.126]],[[-89.623,81.032],[-84.941,81.286],[-86.477,81.036],[-89.263,80.914],[-87.33,80.67],[-85.781,81.035],[-83.289,81.148],[-85.246,80.988],[-86.615,80.63],[-84.418,80.527],[-82.222,80.772],[-82.884,80.578],[-82.368,80.561],[-80.134,80.764],[-79.198,81.118],[-76.885,81.43],[-78.287,81.168],[-78.716,80.952],[-76.863,80.865],[-82.987,80.323],[-81.01,79.693],[-80.124,79.669],[-80.476,79.606],[-81.688,79.686],[-83.724,80.229],[-86.499,80.258],[-86.615,80.124],[-86.421,79.845],[-85.269,79.664],[-83.576,79.054],[-84.568,79.071],[-84.412,78.997],[-81.75,78.976],[-83.271,78.77],[-85.004,78.912],[-86.808,78.774],[-87.491,78.417],[-87.552,78.177],[-86.913,78.127],[-85.92,78.343],[-86.218,78.081],[-85.586,78.11],[-84.783,78.528],[-84.91,78.24],[-84.223,78.176],[-84.615,78.196],[-85.548,77.928],[-85.292,77.764],[-85.289,77.559],[-84.861,77.5],[-83.779,77.533],[-82.595,77.992],[-82.903,77.733],[-83.608,77.442],[-84.487,77.368],[-85.588,77.461],[-86.755,77.864],[-88.017,77.785],[-88.095,77.719],[-87.681,77.436],[-86.812,77.185],[-88.556,77.072],[-89.5,76.827],[-89.57,76.492],[-88.546,76.421],[-88.614,76.651],[-88.496,76.773],[-88.396,76.405],[-87.498,76.386],[-87.49,76.586],[-87.354,76.448],[-86.68,76.377],[-86.454,76.585],[-85.344,76.313],[-84.275,76.357],[-84.224,76.675],[-83.886,76.453],[-82.233,76.466],[-82.53,76.723],[-81.717,76.495],[-80.975,76.47],[-80.835,76.369],[-80.997,76.215],[-80.69,76.176],[-78.284,76.571],[-77.999,76.852],[-78.289,76.978],[-79.221,76.936],[-79.497,77.196],[-81.756,77.204],[-82.057,77.297],[-81.278,77.365],[-81.659,77.525],[-80.573,77.315],[-78.493,77.369],[-78.076,77.519],[-78.013,77.946],[-75.97,77.993],[-75.193,78.328],[-76.416,78.512],[-74.879,78.545],[-74.433,78.724],[-76.256,79.007],[-77.883,78.942],[-78.582,79.075],[-74.532,79.053],[-74.481,79.229],[-75.603,79.24],[-76.899,79.512],[-75.503,79.414],[-73.466,79.495],[-73.201,79.597],[-73.472,79.756],[-74.66,79.835],[-74.394,79.874],[-72.437,79.694],[-71.388,79.762],[-71.11,79.848],[-71.356,79.911],[-70.559,80.071],[-72.056,80.123],[-70.265,80.234],[-70.713,80.54],[-69.551,80.383],[-64.78,81.493],[-68.689,81.293],[-66.914,81.485],[-66.626,81.616],[-64.436,81.743],[-62.177,82.043],[-61.207,82.341],[-61.697,82.489],[-63.247,82.45],[-63.085,82.565],[-63.643,82.713],[-63.499,82.793],[-64.504,82.778],[-64.905,82.901],[-68.173,82.646],[-68.469,82.653],[-66.423,82.927],[-69.97,83.116],[-71.424,83.021],[-70.94,82.902],[-72.069,83.106],[-73.441,82.946],[-72.659,82.722],[-74.414,83.013],[-75.745,83.047],[-77.125,83.009],[-75.566,82.609],[-76.009,82.535],[-77.48,82.883],[-79.886,82.939],[-80.155,82.911],[-78.749,82.679],[-81.01,82.779],[-81.178,82.745],[-80.81,82.586],[-82.117,82.629],[-81.681,82.519],[-82.451,82.427],[-79.425,81.854],[-82.537,82.247],[-82.747,82.196],[-82.327,82.092],[-82.634,82.077],[-83.591,82.326],[-84.897,82.449],[-86.616,82.219],[-85.045,81.983],[-86.627,82.051],[-87.018,81.959],[-88.063,82.096],[-90.942,81.827],[-91.684,81.636],[-89.822,81.635],[-90.609,81.43],[-90.304,81.401],[-87.597,81.526],[-89.427,81.387],[-89.674,81.329],[-89.209,81.25],[-89.981,81.125],[-89.623,81.032]],[[-47.308,82.533],[-45.067,82.066],[-44.865,82.084],[-44.75,82.401],[-46.399,82.692],[-47.272,82.657],[-47.308,82.533]],[[-72.374,77.355],[-71.433,77.394],[-72.49,77.432],[-72.374,77.355]],[[-89.285,76.302],[-91.415,76.456],[-90.543,76.496],[-91.305,76.681],[-92.995,76.62],[-93.535,76.448],[-93.212,76.755],[-93.811,76.914],[-95.638,77.064],[-96.758,76.972],[-96.814,76.913],[-96.402,76.797],[-96.898,76.773],[-95.651,76.585],[-96.04,76.487],[-95.274,76.264],[-93.092,76.354],[-92.185,75.847],[-92.069,75.658],[-92.411,75.406],[-92.389,75.263],[-92.076,75.124],[-92.174,75.051],[-91.962,74.793],[-91.508,74.651],[-91.135,74.65],[-90.88,74.818],[-90.967,74.715],[-90.553,74.613],[-89.559,74.555],[-89.196,74.638],[-89.192,74.745],[-88.94,74.79],[-88.851,74.69],[-88.535,74.832],[-88.34,74.785],[-88.558,74.57],[-88.423,74.494],[-85.808,74.499],[-85.442,74.601],[-85.133,74.517],[-85.061,74.607],[-84.426,74.508],[-83.532,74.586],[-83.341,74.765],[-83.522,74.901],[-83.103,74.817],[-83.117,74.693],[-82.931,74.566],[-81.94,74.473],[-80.278,74.582],[-80.149,74.796],[-80.348,74.903],[-79.401,74.918],[-80.382,75.034],[-79.509,75.26],[-79.66,75.45],[-80.26,75.479],[-80.119,75.562],[-81.269,75.756],[-83.932,75.819],[-86.069,75.502],[-85.951,75.395],[-87.257,75.618],[-87.539,75.485],[-88.715,75.659],[-88.917,75.454],[-89.646,75.565],[-89.205,75.737],[-89.278,75.795],[-91.407,76.22],[-89.407,76.189],[-89.285,76.302]],[[-79.699,75.883],[-79.052,75.867],[-79.057,75.985],[-78.845,76.106],[-79.699,75.883]],[[-97.656,74.466],[-97.291,74.576],[-97.75,74.511],[-97.656,74.466]],[[-95.442,74.506],[-95.274,74.519],[-95.51,74.637],[-95.851,74.582],[-95.442,74.506]],[[-94.697,74.642],[-93.573,74.669],[-93.498,75.137],[-93.909,75.423],[-94.878,75.63],[-95.955,75.444],[-96.597,75.058],[-94.697,74.642]],[[-99.627,74.984],[-97.953,75.06],[-98.069,75.199],[-97.674,75.127],[-97.878,75.416],[-97.653,75.508],[-97.336,75.42],[-97.408,75.673],[-97.891,75.76],[-97.602,75.851],[-97.65,75.979],[-97.531,76.109],[-97.739,76.335],[-97.701,76.467],[-98.711,76.694],[-99.024,76.615],[-98.89,76.466],[-100.069,76.635],[-100.891,76.475],[-99.978,76.312],[-100.414,76.243],[-99.541,76.146],[-100.113,76.117],[-99.689,75.96],[-99.865,75.924],[-101.788,76.451],[-102.138,76.285],[-101.557,76.236],[-101.872,76.083],[-101.431,75.992],[-101.506,75.918],[-101.288,75.789],[-100.973,75.798],[-102.145,75.875],[-102.798,75.6],[-102.541,75.514],[-99.195,75.698],[-100.712,75.406],[-100.146,75.246],[-100.483,75.188],[-100.292,75.028],[-99.627,74.984]],[[-104.075,75.425],[-104.474,75.413],[-104.887,75.148],[-104.309,75.031],[-103.642,75.163],[-104.075,75.425]],[[-102.423,75.869],[-102.008,75.939],[-102.49,76.095],[-102.728,76.307],[-104.406,76.108],[-103.801,76.037],[-103.985,75.933],[-103.77,75.892],[-103.042,75.919],[-103.315,75.764],[-102.423,75.869]],[[-103.051,76.45],[-104.075,76.666],[-104.603,76.583],[-104.271,76.326],[-103.051,76.45]],[[-101.613,76.605],[-101.605,76.587],[-101.485,76.575],[-101.226,76.579],[-100.747,76.649],[-100.269,76.734],[-100.467,76.75],[-100.622,76.752],[-100.886,76.743],[-100.962,76.734],[-101.165,76.665],[-101.509,76.628],[-101.613,76.605]],[[-94.751,75.77],[-94.296,75.788],[-94.499,75.992],[-94.901,75.931],[-94.751,75.77]],[[-97.021,75.468],[-96.857,75.369],[-95.96,75.554],[-96.368,75.655],[-97.021,75.468]],[[-113.708,76.873],[-114.835,76.795],[-113.488,76.783],[-113.708,76.873]],[[-90.556,76.735],[-89.974,76.488],[-89.726,76.507],[-89.822,76.631],[-89.694,76.72],[-89.949,76.836],[-90.556,76.735]],[[-104.711,77.124],[-104.454,77.249],[-105.456,77.701],[-106.066,77.725],[-105.38,77.254],[-104.711,77.124]],[[-102.08,77.692],[-101.002,77.735],[-101.639,77.892],[-102.472,77.873],[-102.378,77.728],[-102.08,77.692]],[[-96.195,77.701],[-96.264,77.595],[-95.987,77.484],[-93.836,77.452],[-93.129,77.66],[-93.583,77.771],[-96.195,77.701]],[[-91.185,77.482],[-90.993,77.329],[-90.228,77.212],[-89.695,77.339],[-89.839,77.491],[-90.423,77.628],[-91.019,77.644],[-91.185,77.482]],[[-96.012,77.887],[-95.087,77.993],[-94.936,78.106],[-95.329,78.225],[-94.888,78.36],[-97.169,78.758],[-98.333,78.774],[-98.06,78.558],[-98.317,78.477],[-98.05,78.326],[-96.945,78.152],[-97.658,78.091],[-97.019,77.908],[-96.99,77.806],[-96.012,77.887]],[[-93.549,74.167],[-95.145,73.96],[-95.059,73.805],[-94.698,73.664],[-95.633,73.695],[-95.602,72.884],[-95.251,72.502],[-95.193,72.027],[-94.144,72.001],[-93.542,72.437],[-93.771,72.668],[-94.211,72.757],[-92.118,72.754],[-91.426,73.195],[-91.554,73.236],[-91.249,73.304],[-90.355,73.869],[-93.549,74.167]],[[-89.358,72.804],[-89.862,72.412],[-89.859,72.248],[-89.657,72.175],[-90.025,71.949],[-89.846,71.492],[-87.14,71.012],[-87.845,70.944],[-89.456,71.062],[-88.848,70.523],[-87.901,70.252],[-86.397,70.465],[-86.5,70.35],[-86.322,70.145],[-85.78,70.037],[-83.15,70.009],[-82.294,69.837],[-81.565,69.943],[-80.922,69.731],[-80.843,69.792],[-81.024,69.9],[-81.652,70.095],[-79.093,69.925],[-78.819,70.01],[-78.81,70.179],[-79.405,70.401],[-79.066,70.604],[-78.283,70.229],[-77.774,70.239],[-77.592,69.846],[-76.859,69.775],[-77.09,69.635],[-76.234,69.662],[-76.52,69.517],[-75.648,69.213],[-75.954,69.031],[-76.557,69.009],[-76.585,68.699],[-74.855,69.066],[-74.717,69.046],[-74.954,68.961],[-74.743,68.913],[-74.91,68.823],[-74.7,68.808],[-74.422,68.58],[-73.989,68.549],[-74.118,68.701],[-73.852,68.701],[-73.821,68.363],[-73.284,68.357],[-73.328,68.267],[-72.22,67.254],[-72.789,67.031],[-73.033,66.728],[-74.416,66.167],[-73.746,65.767],[-73.551,65.485],[-75.799,65.298],[-75.357,65.009],[-75.452,64.842],[-75.589,64.905],[-75.52,65.056],[-75.828,65.227],[-77.327,65.453],[-77.46,65.356],[-77.361,65.197],[-78.055,64.983],[-78.175,64.618],[-77.791,64.367],[-76.856,64.238],[-75.767,64.392],[-75.715,64.524],[-74.695,64.497],[-74.64,64.557],[-74.919,64.766],[-74.681,64.831],[-74.461,64.645],[-74.13,64.608],[-74.065,64.425],[-73.91,64.578],[-73.271,64.583],[-73.455,64.399],[-72.498,63.823],[-72.174,63.893],[-72.29,63.728],[-71.381,63.58],[-71.992,63.416],[-71.501,63.126],[-71.254,63.043],[-70.946,63.121],[-71.106,63.002],[-70.236,62.763],[-69.605,62.768],[-69.126,62.424],[-68.536,62.256],[-67.44,62.151],[-66.257,61.868],[-66.059,61.914],[-66.133,62.102],[-65.98,62.209],[-66.645,62.602],[-67.737,63.01],[-67.676,63.094],[-68.141,63.172],[-68.859,63.752],[-67.723,63.423],[-67.893,63.734],[-66.697,63.07],[-66.655,63.265],[-66.414,63.027],[-66.229,62.991],[-66.224,63.107],[-65.108,62.626],[-65.163,62.933],[-64.672,62.922],[-65.069,63.263],[-65.192,63.764],[-64.665,63.245],[-64.514,63.264],[-64.562,63.68],[-64.411,63.706],[-64.576,63.897],[-64.798,63.916],[-64.678,64.028],[-65.17,64.028],[-65.58,64.294],[-65.213,64.303],[-65.075,64.437],[-65.529,64.505],[-65.275,64.632],[-65.432,64.726],[-65.939,64.886],[-66.215,64.722],[-66.302,64.778],[-66.224,64.854],[-66.635,65.0],[-66.697,64.815],[-66.831,65.074],[-67.337,65.347],[-67.118,65.44],[-67.57,65.644],[-67.937,65.565],[-67.866,65.774],[-68.187,65.871],[-68.217,66.079],[-68.749,66.2],[-68.46,66.249],[-67.828,65.965],[-67.35,65.93],[-67.183,66.034],[-67.883,66.467],[-67.225,66.31],[-67.307,66.57],[-67.077,66.525],[-66.986,66.627],[-66.064,66.133],[-65.656,66.205],[-65.857,66.086],[-65.826,65.997],[-65.004,66.078],[-64.445,66.317],[-65.402,65.764],[-64.555,65.117],[-64.27,65.401],[-64.346,65.172],[-63.896,65.109],[-63.607,64.928],[-63.363,65.23],[-63.337,65.617],[-63.651,65.661],[-63.421,65.709],[-63.459,65.853],[-63.169,65.657],[-62.659,65.64],[-62.382,65.833],[-62.624,66.016],[-61.992,66.035],[-62.534,66.227],[-62.406,66.316],[-62.553,66.407],[-61.863,66.313],[-61.576,66.412],[-62.123,66.643],[-61.307,66.609],[-62.124,67.047],[-62.38,66.905],[-62.962,66.949],[-63.702,66.822],[-63.04,67.235],[-63.592,67.378],[-63.836,67.264],[-64.589,67.316],[-64.7,67.351],[-64.008,67.347],[-64.077,67.496],[-63.85,67.566],[-64.638,67.84],[-65.021,67.788],[-64.835,67.99],[-64.977,68.043],[-65.415,67.879],[-65.401,67.675],[-65.541,67.766],[-65.509,67.968],[-65.864,67.923],[-65.975,67.957],[-65.942,68.071],[-66.526,67.851],[-66.275,68.041],[-66.212,68.28],[-66.631,68.211],[-66.663,68.034],[-66.729,68.129],[-66.923,68.066],[-66.831,68.216],[-67.033,68.326],[-66.714,68.446],[-67.938,68.524],[-68.21,68.703],[-69.319,68.857],[-67.883,68.784],[-67.752,69.039],[-68.416,69.172],[-69.041,69.098],[-67.938,69.248],[-66.803,69.153],[-66.676,69.258],[-67.361,69.473],[-68.513,69.577],[-69.251,69.512],[-68.02,69.77],[-67.193,69.757],[-67.364,70.034],[-67.855,70.282],[-68.121,70.315],[-68.327,70.18],[-68.231,70.112],[-68.744,69.941],[-69.008,69.979],[-68.778,70.204],[-70.058,70.043],[-68.483,70.415],[-68.358,70.523],[-68.496,70.61],[-70.085,70.83],[-70.98,70.581],[-71.429,70.128],[-71.276,70.5],[-71.89,70.432],[-70.762,70.792],[-70.639,70.902],[-70.673,71.052],[-71.743,71.047],[-72.633,70.831],[-71.187,71.279],[-71.641,71.516],[-72.902,71.678],[-73.278,71.538],[-73.181,71.283],[-73.713,71.588],[-74.197,71.404],[-73.714,71.72],[-73.867,71.771],[-74.488,71.648],[-74.759,71.338],[-75.035,71.231],[-74.701,71.676],[-75.205,71.709],[-74.316,71.843],[-74.209,71.979],[-74.903,72.1],[-75.923,71.717],[-75.04,72.27],[-75.186,72.434],[-75.704,72.572],[-77.753,72.725],[-78.484,72.471],[-77.517,72.178],[-78.699,72.351],[-78.863,72.101],[-78.585,71.881],[-79.008,72.043],[-79.0,72.272],[-79.831,72.446],[-80.109,72.332],[-79.884,72.177],[-80.182,72.209],[-80.925,71.908],[-80.921,72.072],[-80.691,72.103],[-80.941,72.21],[-80.611,72.451],[-81.229,72.312],[-80.275,72.746],[-80.592,72.928],[-80.603,73.121],[-81.152,73.314],[-81.344,73.598],[-81.605,73.696],[-82.843,73.715],[-83.904,73.528],[-83.782,73.417],[-84.416,73.456],[-85.018,73.335],[-85.455,73.105],[-84.274,72.836],[-85.388,72.945],[-85.65,72.722],[-85.341,72.422],[-84.623,72.377],[-84.842,72.308],[-84.284,72.044],[-85.322,72.233],[-85.912,71.987],[-85.339,71.697],[-84.699,71.631],[-84.87,71.002],[-85.048,71.059],[-85.002,71.137],[-85.644,71.152],[-86.55,70.989],[-85.023,71.353],[-86.218,71.899],[-86.341,72.123],[-86.323,72.461],[-86.668,72.763],[-86.001,73.313],[-84.984,73.764],[-86.406,73.855],[-87.72,73.723],[-89.115,73.182],[-89.358,72.804]],[[-80.823,73.743],[-80.776,73.334],[-80.183,73.225],[-79.937,72.864],[-79.501,72.756],[-78.314,72.882],[-76.09,72.881],[-76.29,73.081],[-77.382,73.537],[-80.823,73.743]],[[-55.235,72.825],[-56.215,72.719],[-55.524,72.568],[-55.017,72.791],[-55.235,72.825]],[[-53.958,71.128],[-53.629,71.034],[-53.432,71.153],[-53.584,71.297],[-53.958,71.128]],[[-52.119,70.871],[-51.607,70.869],[-51.97,70.976],[-52.119,70.871]],[[-54.372,70.317],[-54.831,70.133],[-54.323,69.942],[-54.788,69.95],[-54.919,69.714],[-53.658,69.465],[-54.183,69.404],[-54.051,69.337],[-53.578,69.257],[-51.9,69.605],[-52.045,69.807],[-53.297,70.205],[-54.372,70.317]],[[-51.202,69.525],[-50.679,69.849],[-51.35,69.855],[-51.202,69.525]],[[-67.829,69.675],[-68.221,69.617],[-67.94,69.535],[-67.755,69.631],[-67.829,69.675]],[[-62.872,67.063],[-62.805,67.029],[-62.682,67.056],[-62.485,67.134],[-62.396,67.178],[-62.417,67.188],[-62.47,67.19],[-62.625,67.177],[-62.664,67.148],[-62.757,67.113],[-62.825,67.072],[-62.872,67.063]],[[-64.837,62.406],[-64.418,62.487],[-64.824,62.559],[-64.956,62.458],[-64.837,62.406]],[[-65.235,61.898],[-64.847,61.762],[-65.068,61.926],[-65.235,61.898]],[[-70.443,62.734],[-71.22,62.874],[-70.766,62.597],[-70.269,62.578],[-70.443,62.734]],[[-82.388,62.519],[-82.026,62.73],[-81.961,62.926],[-83.376,62.905],[-83.912,62.426],[-83.699,62.16],[-83.016,62.21],[-82.388,62.519]],[[-79.598,62.413],[-79.927,62.393],[-80.179,62.213],[-80.265,61.818],[-79.816,61.595],[-79.669,61.644],[-79.272,62.186],[-79.598,62.413]],[[-92.993,61.89],[-93.076,61.935],[-93.197,61.919],[-93.177,61.893],[-93.085,61.842],[-93.044,61.844],[-93.0,61.867],[-92.993,61.89]],[[-74.254,62.622],[-73.988,62.636],[-74.626,62.713],[-74.254,62.622]],[[-77.538,63.287],[-77.934,63.479],[-78.537,63.424],[-77.942,63.114],[-77.538,63.287]],[[-84.506,63.39],[-83.728,63.813],[-83.584,64.058],[-83.186,64.158],[-83.016,64.127],[-83.034,64.023],[-82.467,63.927],[-82.378,63.707],[-81.046,63.462],[-80.261,63.802],[-80.668,63.901],[-80.569,63.932],[-80.829,64.09],[-81.887,64.016],[-81.676,64.213],[-82.05,64.644],[-84.085,65.218],[-84.501,65.458],[-84.885,65.249],[-85.24,65.51],[-85.105,65.623],[-85.241,65.796],[-85.555,65.919],[-85.814,65.832],[-86.075,65.534],[-86.374,64.566],[-86.252,64.137],[-86.932,63.902],[-87.177,63.595],[-85.769,63.7],[-85.393,63.12],[-84.506,63.39]],[[-84.783,65.57],[-84.602,65.631],[-84.692,65.793],[-84.939,66.009],[-85.15,66.015],[-85.096,65.756],[-84.783,65.57]],[[-84.118,65.772],[-83.234,65.697],[-83.726,65.797],[-83.701,65.92],[-83.95,66.027],[-84.456,66.106],[-84.143,65.916],[-84.118,65.772]],[[-77.929,63.962],[-77.714,63.946],[-77.642,63.992],[-77.564,64.022],[-77.569,64.03],[-77.617,64.037],[-77.711,64.036],[-77.931,64.015],[-77.966,63.993],[-77.958,63.976],[-77.929,63.962]],[[-77.365,63.588],[-76.783,63.384],[-76.652,63.504],[-77.134,63.682],[-77.365,63.588]],[[-82.931,66.257],[-83.238,66.332],[-83.06,66.199],[-82.931,66.257]],[[-75.086,67.751],[-75.103,68.202],[-75.867,68.337],[-76.688,68.254],[-77.306,67.706],[-77.076,67.32],[-76.694,67.236],[-75.4,67.367],[-75.127,67.537],[-75.086,67.751]],[[-78.869,68.31],[-79.153,68.335],[-79.174,68.235],[-78.983,68.193],[-78.869,68.31]],[[-75.073,68.404],[-74.881,68.349],[-74.798,68.458],[-75.075,68.685],[-75.37,68.636],[-75.4,68.525],[-75.073,68.404]],[[-74.374,67.79],[-73.398,67.83],[-73.494,68.001],[-74.731,68.049],[-74.573,67.829],[-74.374,67.79]],[[-78.705,69.014],[-78.234,69.315],[-78.597,69.371],[-79.406,68.923],[-79.211,68.845],[-78.705,69.014]],[[-77.215,69.138],[-76.911,69.175],[-76.669,69.366],[-77.319,69.416],[-77.379,69.274],[-77.215,69.138]],[[-78.795,69.48],[-77.969,69.639],[-78.201,69.74],[-78.795,69.48]],[[-79.971,69.556],[-80.048,69.634],[-79.365,69.712],[-80.214,69.802],[-80.795,69.689],[-79.971,69.556]],[[-86.515,70.017],[-86.531,70.048],[-86.563,70.077],[-86.613,70.106],[-86.691,70.115],[-86.799,70.105],[-86.913,70.113],[-87.107,70.147],[-87.168,70.127],[-87.323,70.102],[-87.323,70.08],[-87.264,70.044],[-87.191,70.019],[-87.044,70.0],[-86.984,70.011],[-86.855,69.986],[-86.734,69.976],[-86.558,69.995],[-86.515,70.017]],[[-96.624,71.968],[-96.766,72.046],[-96.593,72.204],[-96.801,72.322],[-96.473,72.434],[-96.542,72.699],[-97.128,72.628],[-97.083,72.763],[-97.636,73.028],[-98.431,72.958],[-97.23,73.421],[-97.626,73.502],[-96.997,73.675],[-97.327,73.862],[-99.158,73.732],[-100.002,73.946],[-100.227,73.889],[-99.912,73.847],[-99.991,73.795],[-100.915,73.805],[-100.953,73.691],[-100.522,73.449],[-100.976,73.6],[-101.523,73.486],[-100.889,73.275],[-100.366,73.359],[-99.825,73.214],[-100.489,73.234],[-100.531,73.138],[-100.283,73.12],[-100.092,72.945],[-100.396,72.977],[-100.485,72.773],[-101.273,72.722],[-101.922,73.057],[-102.204,73.077],[-102.504,73.006],[-102.714,72.783],[-101.724,72.315],[-100.594,72.152],[-99.224,71.387],[-98.784,71.314],[-98.199,71.441],[-98.459,71.773],[-98.323,71.852],[-98.181,71.662],[-97.461,71.634],[-96.613,71.834],[-96.624,71.968]],[[-104.385,71.338],[-104.386,71.577],[-104.81,71.903],[-105.624,72.927],[-106.828,73.266],[-107.113,73.192],[-108.029,73.349],[-107.936,73.217],[-108.238,73.106],[-107.696,72.149],[-107.306,71.895],[-107.785,71.63],[-108.188,71.724],[-108.755,72.551],[-110.008,72.984],[-110.661,73.008],[-110.197,72.759],[-110.205,72.661],[-111.675,72.3],[-111.895,72.356],[-111.356,72.572],[-111.27,72.714],[-113.074,72.995],[-113.45,72.863],[-113.578,72.652],[-114.522,72.593],[-114.109,72.861],[-114.052,73.071],[-114.206,73.298],[-114.638,73.373],[-117.256,72.914],[-118.133,72.633],[-118.481,72.428],[-118.213,72.263],[-118.945,71.986],[-118.994,71.803],[-118.583,71.649],[-117.742,71.659],[-118.226,71.467],[-117.936,71.392],[-115.303,71.494],[-117.814,71.158],[-118.377,70.968],[-117.587,70.63],[-113.757,70.691],[-111.633,70.309],[-112.638,70.225],[-114.592,70.312],[-117.195,70.054],[-117.104,69.804],[-116.513,69.425],[-113.694,69.195],[-113.555,68.768],[-113.02,68.481],[-109.472,68.677],[-107.44,69.002],[-106.659,69.44],[-106.42,69.414],[-106.341,69.224],[-106.141,69.162],[-105.02,69.081],[-105.106,68.92],[-102.895,68.824],[-101.857,69.024],[-101.789,69.182],[-102.046,69.258],[-101.978,69.425],[-102.151,69.488],[-103.12,69.205],[-103.049,69.472],[-103.435,69.668],[-102.621,69.552],[-102.596,69.718],[-102.182,69.846],[-101.734,69.704],[-101.484,69.85],[-101.216,69.68],[-100.935,69.715],[-101.091,70.136],[-101.562,70.135],[-101.676,70.278],[-103.05,70.655],[-103.005,70.526],[-103.105,70.51],[-103.953,70.763],[-104.57,71.104],[-104.385,71.338]],[[-100.635,70.67],[-100.621,70.547],[-100.308,70.496],[-100.276,70.595],[-100.635,70.67]],[[-98.304,69.669],[-98.041,69.457],[-98.546,69.573],[-98.448,69.48],[-98.559,69.461],[-98.504,69.308],[-99.564,69.034],[-99.254,68.863],[-98.904,68.932],[-97.472,68.544],[-96.599,68.461],[-95.268,68.826],[-95.751,68.898],[-96.3,69.344],[-97.236,69.673],[-97.409,69.631],[-97.411,69.738],[-97.691,69.841],[-98.081,69.833],[-98.304,69.669]],[[-95.956,69.367],[-95.806,69.56],[-95.684,69.336],[-95.437,69.378],[-95.381,69.507],[-95.798,69.626],[-95.979,69.509],[-95.956,69.367]],[[-104.7,68.577],[-105.051,68.559],[-104.44,68.45],[-104.7,68.577]],[[-101.732,68.652],[-101.759,68.775],[-102.013,68.825],[-102.308,68.682],[-101.732,68.652]],[[-100.597,68.766],[-100.366,68.729],[-100.178,68.904],[-100.565,69.027],[-100.597,68.766]],[[-100.141,68.97],[-99.995,69.014],[-100.153,69.129],[-100.247,69.053],[-100.141,68.97]],[[-101.245,69.574],[-101.356,69.54],[-101.207,69.48],[-101.269,69.391],[-101.001,69.462],[-101.245,69.574]],[[-106.526,73.413],[-105.339,72.915],[-104.791,73.168],[-104.555,73.541],[-105.512,73.766],[-106.614,73.696],[-106.95,73.51],[-106.526,73.413]],[[-99.298,73.862],[-98.27,73.869],[-97.659,74.072],[-99.417,73.895],[-99.298,73.862]],[[-97.098,73.062],[-96.944,72.927],[-96.598,73.074],[-96.862,73.189],[-97.098,73.062]],[[-139.14,69.65],[-139.291,69.598],[-138.879,69.59],[-139.14,69.65]],[[-109.498,68.047],[-109.361,67.988],[-109.323,67.991],[-109.324,68.013],[-109.342,68.046],[-109.469,68.098],[-109.498,68.047]],[[-109.096,67.924],[-108.886,67.899],[-109.184,67.975],[-109.096,67.924]],[[-108.128,67.629],[-108.152,67.429],[-107.95,67.318],[-107.991,67.622],[-108.128,67.629]],[[-107.965,66.885],[-107.806,66.999],[-108.093,67.005],[-107.965,66.885]],[[-90.229,69.436],[-90.492,69.37],[-90.295,69.258],[-90.229,69.436]],[[-90.6,69.368],[-90.772,69.293],[-90.493,69.221],[-90.6,69.368]],[[-86.702,68.306],[-86.96,68.1],[-86.847,68.01],[-86.893,67.837],[-86.596,67.736],[-86.396,67.889],[-86.421,68.183],[-86.702,68.306]],[[-78.669,60.731],[-78.669,60.717],[-78.532,60.729],[-78.372,60.756],[-78.279,60.784],[-78.242,60.819],[-78.4,60.808],[-78.612,60.772],[-78.669,60.731]],[[-80.122,59.823],[-80.167,59.764],[-80.064,59.771],[-79.95,59.81],[-79.899,59.853],[-79.956,59.877],[-80.041,59.87],[-80.084,59.852],[-80.122,59.823]],[[-80.325,59.633],[-80.317,59.621],[-80.285,59.624],[-80.241,59.645],[-80.183,59.683],[-80.167,59.709],[-80.21,59.725],[-80.257,59.679],[-80.299,59.674],[-80.325,59.633]],[[-79.838,57.483],[-79.808,57.442],[-79.792,57.449],[-79.775,57.514],[-79.732,57.508],[-79.717,57.516],[-79.713,57.555],[-79.727,57.605],[-79.743,57.608],[-79.768,57.599],[-79.811,57.559],[-79.819,57.542],[-79.816,57.518],[-79.838,57.483]],[[-79.944,56.777],[-79.894,56.757],[-79.867,56.775],[-79.835,56.816],[-79.827,56.843],[-79.861,56.864],[-79.898,56.865],[-79.946,56.827],[-79.944,56.777]],[[-79.582,56.765],[-79.551,56.733],[-79.577,56.645],[-79.553,56.644],[-79.518,56.657],[-79.497,56.667],[-79.485,56.687],[-79.482,56.714],[-79.491,56.743],[-79.511,56.771],[-79.553,56.799],[-79.57,56.796],[-79.584,56.781],[-79.582,56.765]],[[-79.272,56.6],[-79.458,56.211],[-79.554,56.192],[-79.459,56.54],[-79.515,56.327],[-80.008,55.911],[-79.905,55.871],[-79.545,56.128],[-79.765,55.807],[-79.495,55.875],[-79.182,56.212],[-79.274,55.922],[-79.175,55.885],[-78.907,56.32],[-79.272,56.6]],[[-78.914,56.133],[-78.71,56.213],[-78.669,56.439],[-78.914,56.133]],[[-79.633,56.387],[-79.58,56.466],[-80.089,56.214],[-79.633,56.387]],[[-80.004,53.28],[-79.939,53.274],[-79.938,53.304],[-79.975,53.352],[-80.05,53.364],[-80.074,53.344],[-80.068,53.324],[-80.039,53.297],[-80.004,53.28]],[[-81.01,52.761],[-80.71,52.832],[-81.136,53.206],[-81.847,53.186],[-82.039,53.05],[-81.01,52.761]],[[-79.521,51.953],[-79.271,52.087],[-79.644,52.01],[-79.521,51.953]],[[-64.88,61.357],[-64.67,61.593],[-65.432,61.65],[-64.88,61.357]],[[-46.496,60.687],[-46.382,60.66],[-46.205,60.944],[-46.79,60.78],[-46.496,60.687]],[[-68.365,60.254],[-67.819,60.45],[-68.088,60.588],[-68.365,60.254]],[[-64.738,60.376],[-64.407,60.367],[-64.836,60.501],[-64.738,60.376]],[[-69.316,59.029],[-69.221,58.968],[-69.195,59.146],[-69.316,59.029]],[[-67.7,-55.873],[-67.51,-55.844],[-67.85,-55.843],[-67.7,-55.873]],[[-26.415,-58.44],[-26.26,-58.492],[-26.303,-58.382],[-26.415,-58.44]],[[-45.718,-60.521],[-45.955,-60.597],[-45.174,-60.733],[-45.718,-60.521]],[[-55.347,-61.212],[-54.671,-61.117],[-55.387,-61.073],[-55.347,-61.212]],[[-54.192,-61.247],[-54.071,-61.299],[-54.024,-61.135],[-54.192,-61.247]],[[-57.978,-61.912],[-58.684,-62.008],[-59.004,-62.21],[-58.562,-62.244],[-58.467,-62.137],[-57.64,-62.02],[-57.978,-61.912]],[[-58.991,-62.249],[-59.202,-62.283],[-58.838,-62.303],[-58.991,-62.249]],[[-59.619,-62.395],[-59.525,-62.451],[-59.389,-62.444],[-59.353,-62.413],[-59.396,-62.367],[-59.479,-62.352],[-59.661,-62.354],[-59.619,-62.395]],[[-60.838,-62.534],[-61.15,-62.634],[-60.378,-62.617],[-60.221,-62.745],[-59.85,-62.615],[-60.838,-62.534]],[[-62.639,-63.032],[-62.655,-63.074],[-62.615,-63.069],[-62.411,-62.972],[-62.344,-62.918],[-62.317,-62.874],[-62.527,-62.924],[-62.639,-63.032]],[[-60.693,-62.996],[-60.505,-62.967],[-60.637,-62.895],[-60.693,-62.996]],[[-56.489,-62.982],[-56.614,-63.045],[-56.354,-63.169],[-56.051,-63.055],[-56.489,-62.982]],[[-56.042,-63.157],[-56.499,-63.358],[-56.379,-63.437],[-55.83,-63.298],[-55.075,-63.324],[-55.156,-63.205],[-55.59,-63.128],[-56.042,-63.157]],[[-56.21,-63.437],[-55.957,-63.58],[-55.719,-63.492],[-56.21,-63.437]],[[-60.852,-63.891],[-60.653,-63.867],[-60.562,-63.696],[-60.972,-63.849],[-60.852,-63.891]],[[-61.936,-63.99],[-62.044,-64.08],[-61.798,-63.967],[-61.936,-63.99]],[[-62.329,-64.013],[-62.586,-64.076],[-62.48,-64.211],[-62.782,-64.479],[-62.186,-64.369],[-62.058,-64.138],[-62.329,-64.013]],[[-63.334,-64.266],[-64.272,-64.698],[-63.74,-64.834],[-62.837,-64.572],[-63.277,-64.573],[-63.181,-64.47],[-63.334,-64.266]],[[-63.219,-64.73],[-63.367,-64.792],[-63.459,-64.796],[-63.558,-64.906],[-63.474,-64.907],[-63.316,-64.861],[-63.257,-64.791],[-63.177,-64.739],[-63.219,-64.73]],[[-66.175,-65.867],[-65.845,-65.842],[-65.637,-65.548],[-65.968,-65.571],[-66.175,-65.867]],[[-66.85,-66.305],[-66.575,-66.082],[-66.779,-66.111],[-66.85,-66.305]],[[-68.901,-67.744],[-68.58,-67.733],[-68.381,-67.555],[-67.988,-67.474],[-68.235,-67.372],[-67.688,-67.147],[-67.968,-67.032],[-67.711,-66.633],[-68.336,-66.802],[-69.082,-67.403],[-69.12,-67.578],[-68.901,-67.744]],[[-67.521,-66.897],[-67.257,-66.841],[-67.426,-66.737],[-67.521,-66.897]],[[-67.69,-67.688],[-67.545,-67.785],[-67.149,-67.65],[-67.69,-67.688]],[[-71.834,-69.367],[-71.718,-69.524],[-71.879,-69.909],[-71.729,-70.054],[-71.121,-70.196],[-70.328,-70.16],[-69.618,-70.398],[-70.328,-70.361],[-71.19,-70.66],[-70.917,-70.786],[-69.876,-70.876],[-69.835,-71.093],[-70.381,-70.946],[-71.194,-70.985],[-71.719,-71.145],[-72.71,-71.073],[-73.06,-71.127],[-72.212,-71.335],[-73.604,-71.351],[-73.38,-71.528],[-73.479,-71.579],[-74.308,-71.4],[-74.425,-71.457],[-74.392,-71.638],[-74.863,-71.543],[-75.293,-71.615],[-75.353,-71.878],[-73.996,-72.17],[-73.537,-72.022],[-73.776,-71.849],[-72.928,-71.922],[-72.259,-71.641],[-71.816,-71.822],[-70.821,-71.907],[-71.034,-72.035],[-71.898,-72.121],[-71.661,-72.25],[-70.206,-72.228],[-70.873,-72.366],[-72.737,-72.281],[-73.057,-72.448],[-72.367,-72.67],[-70.543,-72.664],[-69.209,-72.534],[-68.543,-72.158],[-68.241,-71.822],[-68.336,-70.856],[-69.708,-69.321],[-70.079,-69.311],[-70.154,-68.923],[-70.417,-68.789],[-72.058,-69.001],[-72.114,-69.225],[-71.834,-69.367]],[[-90.807,-72.611],[-91.67,-72.624],[-91.357,-72.909],[-91.511,-73.196],[-91.161,-73.182],[-90.776,-72.993],[-90.895,-72.824],[-90.807,-72.611]],[[-93.8,-72.882],[-94.004,-72.82],[-94.047,-72.823],[-94.113,-72.86],[-94.078,-72.884],[-93.966,-72.92],[-93.796,-72.92],[-93.756,-72.908],[-93.8,-72.882]],[[-94.434,-72.589],[-94.566,-72.468],[-95.273,-72.647],[-94.434,-72.589]],[[-96.915,-72.578],[-96.052,-72.577],[-96.078,-72.454],[-95.575,-72.41],[-95.531,-72.249],[-95.685,-72.057],[-96.979,-72.222],[-96.125,-71.896],[-96.383,-71.836],[-96.869,-71.851],[-97.345,-72.189],[-97.582,-72.095],[-97.473,-72.0],[-97.585,-71.883],[-97.816,-71.919],[-97.923,-72.117],[-98.168,-72.123],[-98.091,-71.912],[-98.189,-71.82],[-98.615,-71.764],[-99.784,-72.044],[-100.219,-71.833],[-102.314,-72.081],[-98.408,-72.548],[-96.915,-72.578]],[[-76.176,-71.132],[-74.505,-70.973],[-73.55,-70.723],[-73.958,-70.561],[-74.115,-70.655],[-74.401,-70.576],[-74.59,-70.792],[-74.954,-70.59],[-75.21,-70.773],[-76.5,-70.941],[-76.421,-71.09],[-76.176,-71.132]],[[-71.438,-70.392],[-71.355,-70.298],[-71.795,-70.288],[-71.685,-70.442],[-71.438,-70.392]],[[-74.81,-69.752],[-75.265,-69.749],[-75.76,-69.916],[-75.804,-70.038],[-74.849,-70.179],[-74.438,-69.95],[-74.81,-69.752]],[[-72.345,-69.707],[-71.985,-69.698],[-72.464,-69.452],[-72.937,-69.469],[-72.777,-69.645],[-72.345,-69.707]],[[-104.881,-73.201],[-104.538,-73.166],[-104.972,-72.941],[-105.132,-72.992],[-104.881,-73.201]],[[-126.83,-73.291],[-127.268,-73.304],[-127.414,-73.516],[-127.233,-73.586],[-127.212,-73.724],[-126.583,-73.67],[-126.244,-73.891],[-125.09,-74.182],[-123.837,-74.226],[-123.8,-74.076],[-124.129,-73.971],[-124.042,-73.88],[-124.129,-73.834],[-124.617,-73.735],[-125.799,-73.802],[-125.828,-73.718],[-125.264,-73.666],[-126.065,-73.315],[-126.83,-73.291]],[[-123.112,-73.682],[-123.346,-73.843],[-122.625,-73.966],[-122.881,-74.099],[-122.765,-74.219],[-122.956,-74.24],[-122.859,-74.343],[-121.062,-74.337],[-120.99,-74.157],[-120.272,-73.989],[-120.556,-73.756],[-123.112,-73.682]],[[-119.821,-74.12],[-118.877,-73.878],[-119.803,-73.815],[-119.662,-73.989],[-119.905,-74.082],[-119.821,-74.12]],[[-117.376,-74.083],[-117.23,-74.193],[-116.739,-74.165],[-116.155,-73.91],[-117.376,-74.083]],[[-127.853,-74.332],[-128.133,-74.327],[-128.096,-74.466],[-127.518,-74.641],[-127.145,-74.48],[-127.853,-74.332]],[[-131.594,-74.33],[-132.163,-74.426],[-131.179,-74.605],[-130.967,-74.515],[-130.981,-74.414],[-131.594,-74.33]],[[-132.362,-74.41],[-132.552,-74.387],[-132.832,-74.422],[-132.857,-74.462],[-132.546,-74.498],[-132.391,-74.442],[-132.362,-74.41]],[[-145.541,-75.693],[-145.238,-75.711],[-145.761,-75.514],[-146.151,-75.574],[-145.541,-75.693]],[[-147.421,-76.09],[-146.69,-76.246],[-146.949,-76.098],[-147.421,-76.09]],[[-147.279,-76.553],[-147.355,-76.619],[-147.221,-76.671],[-146.79,-76.633],[-147.279,-76.553]],[[-150.104,-76.719],[-150.177,-76.691],[-150.838,-76.714],[-150.874,-76.737],[-150.83,-76.762],[-150.655,-76.789],[-150.233,-76.776],[-150.085,-76.735],[-150.104,-76.719]],[[-149.469,-76.757],[-148.984,-76.845],[-148.321,-76.772],[-149.469,-76.757]],[[-147.087,-76.837],[-146.981,-77.006],[-146.164,-76.949],[-147.087,-76.837]],[[-148.704,-76.936],[-149.303,-76.916],[-149.015,-77.019],[-148.44,-76.977],[-148.704,-76.936]],[[-149.743,-76.927],[-150.789,-76.982],[-149.231,-77.121],[-149.743,-76.927]],[[-147.77,-76.577],[-148.001,-76.577],[-147.579,-76.663],[-147.77,-76.577]],[[-160.807,-79.812],[-158.997,-79.735],[-159.684,-79.402],[-162.39,-78.76],[-163.256,-78.722],[-164.126,-78.995],[-164.282,-79.246],[-163.712,-79.442],[-160.807,-79.812]],[[-155.751,-79.83],[-155.525,-79.846],[-155.045,-79.9],[-154.942,-79.966],[-154.529,-80.0],[-154.349,-80.026],[-154.114,-80.036],[-153.93,-80.033],[-154.025,-79.988],[-154.535,-79.936],[-155.162,-79.851],[-155.674,-79.766],[-155.751,-79.83]],[[-163.253,-81.482],[-160.467,-81.589],[-162.456,-81.313],[-163.951,-81.391],[-163.253,-81.482]],[[-158.154,-82.058],[-157.835,-82.031],[-158.989,-81.779],[-158.154,-82.058]],[[-163.796,-82.843],[-163.047,-83.097],[-162.305,-83.142],[-161.635,-83.027],[-163.796,-82.843]],[[-151.344,-77.296],[-150.356,-77.349],[-151.022,-77.22],[-151.512,-77.273],[-151.344,-77.296]],[[-149.439,-77.371],[-148.929,-77.387],[-149.662,-77.301],[-149.439,-77.371]],[[-75.702,-72.911],[-75.244,-73.009],[-76.018,-73.085],[-76.053,-73.255],[-74.575,-73.611],[-74.366,-73.464],[-74.668,-73.275],[-74.224,-72.997],[-75.377,-72.82],[-75.702,-72.911]],[[-74.038,-73.366],[-73.542,-73.124],[-73.832,-73.113],[-74.134,-73.277],[-74.038,-73.366]],[[-57.439,-63.791],[-57.683,-63.813],[-57.104,-63.841],[-57.439,-63.791]],[[-57.779,-63.868],[-58.275,-63.916],[-58.438,-64.113],[-58.147,-64.097],[-58.02,-64.242],[-58.304,-64.315],[-58.214,-64.37],[-57.295,-64.367],[-57.414,-64.296],[-57.222,-64.221],[-57.249,-64.097],[-57.48,-63.962],[-57.846,-64.054],[-57.779,-63.868]],[[-57.023,-64.352],[-57.433,-64.54],[-57.24,-64.567],[-56.895,-64.333],[-57.023,-64.352]],[[102.789,-65.236],[103.113,-65.312],[103.176,-65.455],[103.397,-65.445],[103.137,-65.191],[102.796,-65.136],[102.789,-65.236]],[[101.079,-65.403],[100.545,-65.409],[100.27,-65.603],[100.981,-65.678],[101.259,-65.528],[101.079,-65.403]],[[92.333,-65.807],[92.67,-65.775],[92.248,-65.74],[92.333,-65.807]],[[48.358,-66.704],[48.304,-66.798],[48.786,-66.768],[48.358,-66.704]],[[-60.82,-68.778],[-60.656,-68.768],[-61.015,-68.71],[-60.82,-68.778]],[[-62.172,-69.637],[-61.998,-69.722],[-61.816,-69.376],[-62.239,-69.176],[-62.568,-69.18],[-62.172,-69.637]],[[15.91,-69.728],[15.571,-69.885],[16.159,-70.072],[16.315,-69.844],[16.625,-69.75],[15.91,-69.728]],[[26.426,-70.061],[25.983,-70.2],[26.005,-70.373],[26.857,-70.381],[26.686,-70.114],[26.426,-70.061]],[[1.412,-70.041],[1.027,-70.05],[0.953,-70.169],[1.212,-70.381],[1.461,-70.136],[1.412,-70.041]],[[4.076,-70.325],[4.365,-70.503],[4.618,-70.369],[4.495,-70.251],[4.076,-70.325]],[[3.193,-70.393],[2.585,-70.535],[3.037,-70.597],[3.221,-70.519],[3.193,-70.393]],[[-60.488,-70.647],[-60.554,-70.509],[-60.976,-70.599],[-60.826,-70.711],[-60.488,-70.647]],[[-3.575,-70.703],[-3.007,-70.851],[-2.801,-70.982],[-2.783,-71.167],[-2.092,-70.821],[-3.575,-70.703]],[[-3.213,-71.076],[-3.404,-71.12],[-2.955,-71.214],[-3.213,-71.076]],[[-6.181,-70.586],[-5.894,-70.552],[-5.972,-70.421],[-6.438,-70.453],[-6.181,-70.586]],[[-3.49,-70.508],[-2.738,-70.507],[-2.684,-70.376],[-3.173,-70.307],[-3.49,-70.508]],[[-61.152,-69.883],[-61.404,-69.933],[-61.158,-69.976],[-61.152,-69.883]],[[-60.79,-71.041],[-60.516,-71.0],[-60.946,-70.967],[-60.79,-71.041]],[[-12.915,-72.015],[-12.888,-72.137],[-12.509,-72.173],[-12.915,-72.015]],[[-16.356,-72.459],[-16.517,-72.531],[-16.453,-72.652],[-16.104,-72.679],[-16.356,-72.459]],[[-21.126,-73.94],[-22.035,-74.107],[-21.167,-74.133],[-20.818,-74.455],[-20.417,-74.443],[-20.654,-74.105],[-20.521,-73.798],[-20.58,-73.619],[-20.867,-73.677],[-21.126,-73.94]],[[-49.144,-78.094],[-50.142,-78.557],[-50.377,-78.78],[-50.242,-78.833],[-50.502,-78.95],[-50.733,-79.283],[-50.379,-79.338],[-50.295,-79.43],[-50.402,-79.512],[-52.297,-80.141],[-53.394,-80.109],[-54.347,-80.569],[-54.351,-80.76],[-54.163,-80.87],[-49.773,-80.784],[-49.188,-80.643],[-43.528,-80.191],[-43.49,-80.096],[-43.758,-80.021],[-43.267,-79.979],[-42.99,-79.801],[-42.965,-79.477],[-43.627,-78.846],[-45.352,-78.791],[-43.852,-78.53],[-43.809,-78.287],[-44.34,-78.093],[-46.826,-77.785],[-49.144,-78.094]],[[-36.481,-79.294],[-33.934,-79.32],[-35.535,-79.09],[-36.566,-79.209],[-36.481,-79.294]],[[-32.583,-79.658],[-31.933,-79.568],[-32.377,-79.535],[-32.583,-79.658]],[[-31.68,-79.634],[-32.0,-79.732],[-31.824,-79.85],[-30.422,-80.011],[-29.614,-79.91],[-30.78,-79.647],[-30.985,-79.818],[-31.68,-79.634]],[[-59.498,-80.115],[-59.788,-80.101],[-59.706,-79.875],[-59.873,-79.777],[-60.579,-79.741],[-61.684,-80.02],[-61.597,-80.206],[-61.194,-80.257],[-61.633,-80.344],[-65.98,-80.384],[-66.377,-80.222],[-66.771,-80.294],[-64.268,-80.749],[-63.144,-80.595],[-62.671,-80.834],[-60.583,-80.948],[-59.825,-80.733],[-59.734,-80.344],[-59.322,-80.196],[-59.498,-80.115]],[[-65.579,-79.771],[-66.014,-79.624],[-67.809,-79.546],[-66.267,-80.081],[-65.504,-79.954],[-65.579,-79.771]],[[-69.732,-79.618],[-69.686,-79.443],[-69.251,-79.21],[-66.728,-78.384],[-67.479,-78.362],[-70.544,-78.884],[-71.454,-79.129],[-71.784,-79.444],[-71.414,-79.64],[-69.732,-79.618]],[[-68.161,-79.479],[-67.434,-79.501],[-67.069,-79.268],[-68.033,-79.227],[-68.549,-79.437],[-68.161,-79.479]],[[96.307,-66.186],[97.019,-66.139],[96.613,-66.036],[96.307,-66.186]],[[100.082,-66.203],[100.265,-66.217],[100.291,-66.112],[100.082,-66.203]],[[98.655,-66.453],[98.95,-66.421],[98.596,-66.383],[98.655,-66.453]],[[85.136,-66.637],[85.329,-66.612],[85.121,-66.519],[85.136,-66.637]],[[86.278,-66.697],[86.337,-66.788],[86.652,-66.718],[86.278,-66.697]],[[85.553,-66.729],[85.314,-66.776],[85.65,-66.98],[85.938,-66.894],[85.553,-66.729]],[[71.705,-70.284],[71.659,-70.497],[72.078,-70.609],[71.705,-70.284]],[[69.744,-72.044],[69.918,-71.918],[69.737,-71.922],[69.744,-72.044]],[[68.436,-72.26],[68.84,-72.165],[68.667,-72.103],[68.436,-72.26]],[[162.297,-66.304],[162.511,-66.52],[162.611,-66.477],[162.297,-66.304]],[[163.09,-66.701],[163.284,-66.882],[163.238,-66.709],[163.09,-66.701]],[[164.692,-67.56],[164.919,-67.447],[164.684,-67.259],[164.692,-67.56]],[[169.659,-73.418],[169.479,-73.539],[169.709,-73.625],[169.96,-73.514],[169.783,-73.324],[169.659,-73.418]],[[163.763,-74.803],[163.976,-74.833],[164.208,-74.608],[163.742,-74.712],[163.763,-74.803]],[[162.662,-75.692],[162.788,-75.696],[162.968,-75.567],[162.917,-75.557],[162.842,-75.566],[162.72,-75.597],[162.591,-75.669],[162.662,-75.692]],[[166.65,-77.774],[166.729,-77.851],[167.392,-77.649],[168.519,-77.681],[169.353,-77.525],[167.461,-77.394],[166.716,-77.162],[166.413,-77.252],[166.626,-77.377],[166.217,-77.525],[166.65,-77.774]],[[167.422,-78.006],[166.864,-78.196],[166.012,-78.131],[166.285,-78.306],[167.643,-78.141],[167.422,-78.006]],[[122.031,20.469],[121.991,20.48],[121.941,20.454],[121.914,20.359],[121.941,20.354],[121.96,20.366],[122.031,20.469]],[[121.867,20.839],[121.848,20.841],[121.796,20.747],[121.791,20.701],[121.83,20.7],[121.878,20.782],[121.867,20.839]],[[110.54,21.039],[110.522,21.083],[110.422,21.059],[110.385,21.093],[110.31,21.075],[110.265,21.025],[110.281,21.001],[110.34,20.998],[110.422,21.007],[110.504,20.968],[110.539,21.018],[110.54,21.039]],[[112.839,21.765],[112.713,21.698],[112.771,21.582],[112.839,21.765]],[[112.644,21.64],[112.648,21.71],[112.559,21.675],[112.525,21.623],[112.546,21.619],[112.644,21.64]],[[121.639,24.13],[121.929,24.974],[121.517,25.277],[121.041,25.033],[120.132,23.653],[120.083,23.094],[120.743,21.956],[120.84,21.925],[120.947,22.503],[121.397,23.173],[121.639,24.13]],[[114.247,22.264],[114.187,22.297],[114.134,22.292],[114.139,22.268],[114.207,22.195],[114.232,22.211],[114.244,22.234],[114.247,22.264]],[[114.003,22.278],[114.044,22.333],[113.882,22.28],[113.839,22.242],[113.852,22.22],[113.877,22.21],[113.998,22.21],[114.003,22.278]],[[118.451,24.456],[118.407,24.522],[118.339,24.469],[118.287,24.477],[118.295,24.436],[118.433,24.414],[118.451,24.456]],[[118.15,24.436],[118.183,24.496],[118.171,24.519],[118.104,24.552],[118.093,24.541],[118.077,24.501],[118.089,24.489],[118.091,24.446],[118.15,24.436]],[[125.269,24.733],[125.444,24.743],[125.284,24.872],[125.269,24.733]],[[124.302,24.587],[124.085,24.436],[124.136,24.348],[124.302,24.587]],[[123.935,24.362],[123.771,24.414],[123.681,24.288],[123.935,24.362]],[[119.797,25.623],[119.696,25.591],[119.747,25.411],[119.797,25.623]],[[128.162,26.607],[128.311,26.721],[128.255,26.882],[128.098,26.668],[127.907,26.694],[127.653,26.095],[127.804,26.153],[127.867,26.442],[128.162,26.607]],[[142.107,26.722],[142.17,26.616],[142.188,26.617],[142.202,26.649],[142.162,26.71],[142.125,26.726],[142.107,26.722]],[[128.99,27.811],[128.908,27.898],[128.9,27.728],[128.99,27.811]],[[121.164,28.062],[121.251,28.086],[121.251,28.145],[121.234,28.181],[121.205,28.204],[121.134,28.135],[121.132,28.063],[121.164,28.062]],[[129.275,28.201],[129.366,28.128],[129.69,28.517],[129.165,28.25],[129.275,28.201]],[[129.257,28.176],[129.192,28.192],[129.232,28.101],[129.331,28.082],[129.324,28.105],[129.277,28.145],[129.257,28.176]],[[122.165,29.701],[122.12,29.782],[122.062,29.773],[122.043,29.736],[122.084,29.725],[122.169,29.66],[122.173,29.679],[122.165,29.701]],[[122.402,29.95],[122.351,29.955],[122.332,29.935],[122.368,29.853],[122.394,29.846],[122.404,29.892],[122.402,29.95]],[[122.282,29.944],[122.284,30.068],[121.969,30.143],[122.024,30.013],[122.282,29.944]],[[130.673,30.367],[130.497,30.466],[130.388,30.388],[130.508,30.241],[130.673,30.367]],[[130.87,30.444],[130.96,30.397],[131.06,30.828],[130.87,30.444]],[[131.035,31.378],[131.337,31.405],[131.66,32.466],[132.009,32.919],[131.848,33.118],[131.897,33.255],[131.537,33.274],[131.696,33.603],[131.175,33.603],[130.953,33.872],[130.716,33.928],[129.58,33.236],[129.992,32.852],[129.679,33.06],[129.827,32.725],[129.769,32.571],[130.054,32.771],[130.34,32.702],[130.326,32.853],[130.175,32.851],[130.127,33.105],[130.238,33.178],[130.547,32.832],[130.498,32.657],[130.641,32.619],[130.194,32.091],[130.188,31.769],[130.322,31.601],[130.294,31.451],[130.147,31.408],[130.201,31.292],[130.589,31.179],[130.528,31.46],[130.655,31.718],[130.797,31.671],[130.686,31.015],[131.098,31.256],[131.035,31.378]],[[121.577,31.637],[121.211,31.805],[121.52,31.55],[121.863,31.492],[121.577,31.637]],[[129.707,31.718],[129.687,31.64],[129.787,31.787],[129.707,31.718]],[[130.2,32.341],[130.168,32.541],[130.01,32.522],[130.004,32.194],[130.2,32.341]],[[130.256,32.431],[130.293,32.419],[130.381,32.424],[130.419,32.458],[130.461,32.516],[130.365,32.527],[130.242,32.463],[130.256,32.431]],[[128.839,32.763],[128.665,32.784],[128.657,32.628],[128.895,32.652],[128.839,32.763]],[[129.153,33.003],[129.11,33.133],[129.052,32.829],[129.153,33.003]],[[129.508,33.284],[129.57,33.361],[129.37,33.176],[129.508,33.284]],[[126.873,33.341],[126.901,33.515],[126.76,33.553],[126.166,33.312],[126.282,33.202],[126.873,33.341]],[[129.776,33.829],[129.717,33.858],[129.7,33.829],[129.675,33.74],[129.727,33.707],[129.796,33.749],[129.776,33.829]],[[132.09,33.855],[132.313,34.325],[133.142,34.302],[134.247,34.714],[134.74,34.765],[135.416,34.617],[135.1,34.288],[135.128,34.007],[135.453,33.553],[135.695,33.487],[135.916,33.562],[136.33,34.177],[136.854,34.324],[136.88,34.434],[136.533,34.678],[136.804,35.05],[136.897,35.036],[136.871,34.733],[136.963,34.835],[137.275,34.773],[137.062,34.583],[138.189,34.596],[138.72,35.124],[138.904,35.025],[138.803,34.975],[138.838,34.619],[139.086,34.839],[139.249,35.278],[139.474,35.299],[139.675,35.149],[139.65,35.409],[139.835,35.658],[140.097,35.585],[139.826,35.297],[139.844,34.915],[140.355,35.181],[140.457,35.51],[140.874,35.725],[140.574,36.231],[141.002,37.115],[140.962,38.149],[141.108,38.338],[141.467,38.404],[141.546,38.763],[141.901,39.111],[141.977,39.429],[141.991,39.792],[141.797,40.291],[141.43,40.723],[141.455,41.405],[140.892,41.48],[140.801,41.139],[141.244,41.206],[141.119,40.882],[140.936,40.941],[140.749,40.83],[140.628,41.195],[140.344,41.203],[140.281,40.846],[139.923,40.598],[140.011,40.26],[139.742,39.921],[139.995,39.855],[140.065,39.624],[139.802,38.882],[139.401,38.143],[138.885,37.844],[138.548,37.392],[137.246,36.753],[137.017,36.837],[136.9,37.118],[137.323,37.522],[136.843,37.382],[136.719,37.198],[136.698,36.742],[136.067,36.117],[136.095,35.768],[135.795,35.55],[135.327,35.526],[135.174,35.747],[133.981,35.507],[132.923,35.511],[131.354,34.413],[131.004,34.393],[130.889,34.262],[130.919,33.976],[131.741,34.052],[132.09,33.855]],[[129.337,34.285],[129.215,34.321],[129.214,34.083],[129.337,34.285]],[[126.77,34.296],[126.753,34.344],[126.7,34.396],[126.652,34.39],[126.646,34.351],[126.689,34.305],[126.77,34.296]],[[129.297,34.34],[129.475,34.54],[129.451,34.687],[129.326,34.607],[129.297,34.34]],[[127.799,34.615],[127.787,34.682],[127.737,34.631],[127.788,34.584],[127.799,34.615]],[[128.055,34.708],[128.038,34.879],[127.832,34.875],[127.873,34.735],[128.055,34.708]],[[128.52,34.82],[128.741,34.799],[128.722,35.014],[128.52,34.82]],[[133.381,36.246],[133.296,36.34],[133.19,36.233],[133.381,36.246]],[[130.916,37.478],[130.934,37.53],[130.904,37.554],[130.838,37.537],[130.81,37.51],[130.817,37.478],[130.871,37.449],[130.916,37.478]],[[138.51,38.259],[138.25,38.078],[138.322,37.97],[138.225,37.829],[138.497,37.904],[138.51,38.259]],[[140.27,41.456],[140.66,41.816],[141.151,41.805],[140.327,42.293],[140.48,42.559],[140.71,42.556],[140.986,42.342],[141.407,42.547],[141.851,42.579],[143.237,42.0],[143.429,42.419],[143.969,42.881],[144.921,43.001],[145.833,43.386],[145.341,43.303],[145.14,43.663],[145.126,43.869],[145.37,44.327],[144.715,43.928],[143.759,44.132],[142.885,44.67],[141.938,45.51],[141.594,45.256],[141.761,44.483],[141.398,43.643],[141.374,43.28],[141.138,43.18],[140.392,43.303],[140.432,42.954],[139.86,42.582],[139.835,42.278],[140.108,41.913],[140.009,41.521],[140.27,41.456]],[[139.505,42.096],[139.558,42.235],[139.412,42.16],[139.505,42.096]],[[141.252,45.232],[141.145,45.154],[141.295,45.119],[141.252,45.232]],[[141.002,45.465],[140.972,45.465],[140.982,45.364],[141.034,45.269],[141.073,45.333],[141.07,45.4],[141.057,45.45],[141.002,45.465]],[[148.612,45.485],[148.324,45.282],[148.056,45.262],[147.924,45.383],[147.886,45.226],[147.247,44.856],[146.897,44.404],[147.658,44.977],[148.837,45.363],[148.812,45.51],[148.612,45.485]],[[146.516,44.375],[146.568,44.44],[146.112,44.5],[145.439,43.737],[145.556,43.665],[145.587,43.845],[145.914,44.104],[146.516,44.375]],[[146.609,43.74],[146.683,43.716],[146.714,43.744],[146.899,43.804],[146.884,43.829],[146.825,43.86],[146.622,43.813],[146.613,43.797],[146.609,43.74]],[[146.288,43.625],[146.332,43.62],[146.359,43.625],[146.35,43.644],[146.333,43.647],[146.31,43.652],[146.284,43.639],[146.274,43.63],[146.288,43.625]],[[145.887,43.433],[145.894,43.42],[145.907,43.422],[145.931,43.426],[145.944,43.426],[145.941,43.445],[145.931,43.457],[145.914,43.455],[145.896,43.455],[145.882,43.46],[145.869,43.458],[145.869,43.45],[145.882,43.444],[145.887,43.433]],[[146.028,43.42],[146.032,43.407],[146.046,43.409],[146.07,43.421],[146.086,43.429],[146.101,43.44],[146.089,43.449],[146.049,43.434],[146.028,43.42]],[[139.392,34.69],[139.446,34.68],[139.456,34.727],[139.426,34.776],[139.37,34.775],[139.367,34.721],[139.392,34.69]],[[134.635,34.044],[134.637,34.227],[134.076,34.358],[133.603,34.244],[133.627,34.069],[133.472,33.973],[133.134,33.927],[132.935,34.095],[132.643,33.69],[132.033,33.34],[132.413,33.43],[132.495,32.917],[132.709,32.902],[132.642,32.762],[132.87,32.755],[133.286,33.36],[133.632,33.511],[133.959,33.448],[134.182,33.247],[134.377,33.608],[134.739,33.821],[134.635,34.044]],[[139.776,33.078],[139.824,33.045],[139.841,33.056],[139.874,33.094],[139.809,33.129],[139.777,33.125],[139.769,33.107],[139.776,33.078]],[[132.445,33.913],[132.43,33.924],[132.315,33.909],[132.266,33.945],[132.208,33.948],[132.201,33.928],[132.209,33.873],[132.267,33.871],[132.36,33.847],[132.411,33.88],[132.445,33.913]],[[132.549,34.075],[132.543,34.173],[132.461,34.087],[132.549,34.075]],[[134.683,34.247],[134.933,34.288],[135.005,34.544],[134.683,34.247]],[[134.252,34.423],[134.372,34.522],[134.182,34.519],[134.252,34.423]],[[150.553,46.209],[149.962,46.022],[149.447,45.593],[150.553,46.209]],[[142.15,45.999],[142.406,46.555],[142.636,46.716],[143.282,46.559],[143.432,46.029],[143.581,46.361],[143.486,46.752],[143.218,46.795],[142.557,47.738],[142.574,48.072],[143.105,49.199],[144.049,49.249],[144.714,48.64],[144.686,48.871],[144.272,49.311],[143.816,50.283],[143.455,51.471],[143.3,51.632],[143.156,52.084],[143.324,52.614],[143.288,53.134],[142.918,53.794],[142.976,54.141],[142.693,54.416],[142.335,54.281],[142.706,53.896],[142.526,53.447],[142.142,53.496],[141.824,53.34],[141.856,52.794],[141.661,52.273],[141.668,51.933],[141.808,51.789],[141.722,51.736],[142.207,51.223],[142.066,50.63],[142.142,49.569],[141.866,48.75],[142.182,48.013],[141.964,47.587],[142.039,47.14],[141.83,46.451],[141.962,46.013],[142.077,45.917],[142.15,45.999]],[[155.513,50.837],[155.64,50.91],[155.467,50.914],[155.513,50.837]],[[156.376,50.862],[156.168,50.732],[156.405,50.658],[156.488,50.843],[156.376,50.862]],[[156.123,50.671],[156.002,50.757],[155.68,50.401],[155.218,50.298],[155.243,50.095],[155.397,50.041],[155.792,50.202],[156.123,50.671]],[[154.611,49.294],[154.81,49.312],[154.9,49.63],[154.611,49.294]],[[154.001,48.756],[154.043,48.739],[154.081,48.79],[154.205,48.857],[154.228,48.892],[154.199,48.905],[154.126,48.904],[154.092,48.832],[153.992,48.773],[154.001,48.756]],[[153.004,47.713],[153.054,47.706],[153.101,47.763],[153.079,47.809],[153.049,47.797],[152.984,47.728],[153.004,47.713]],[[151.723,46.829],[151.816,46.787],[152.289,47.142],[151.723,46.829]],[[178.908,51.616],[178.648,51.644],[179.452,51.373],[178.908,51.616]],[[177.329,51.841],[177.67,52.103],[177.25,51.903],[177.329,51.841]],[[179.627,52.03],[179.498,51.933],[179.78,51.967],[179.627,52.03]],[[178.571,51.978],[178.509,51.995],[178.475,51.968],[178.478,51.943],[178.512,51.899],[178.575,51.916],[178.607,51.953],[178.571,51.978]],[[173.776,52.495],[173.402,52.405],[173.723,52.36],[173.776,52.495]],[[172.935,52.752],[173.436,52.852],[173.102,52.996],[172.495,52.938],[172.935,52.752]],[[167.592,54.798],[167.442,54.856],[168.081,54.513],[167.592,54.798]],[[166.65,54.839],[166.248,55.165],[166.276,55.312],[165.751,55.295],[166.645,54.694],[166.65,54.839]],[[164.573,59.221],[163.761,59.015],[163.727,58.799],[163.432,58.546],[164.616,58.886],[164.573,59.221]],[[138.206,55.034],[137.577,55.197],[137.233,54.791],[137.463,54.873],[137.721,54.663],[138.206,55.034]],[[137.179,55.1],[136.715,54.956],[137.055,54.927],[137.179,55.1]],[[150.713,59.122],[150.666,59.16],[150.592,59.097],[150.47,59.054],[150.472,59.035],[150.511,59.007],[150.59,59.019],[150.728,59.095],[150.713,59.122]],[[126.344,34.545],[126.109,34.399],[126.335,34.426],[126.344,34.545]],[[126.159,34.707],[126.078,34.915],[126.008,34.867],[126.159,34.707]],[[126.387,36.571],[126.319,36.613],[126.338,36.471],[126.404,36.428],[126.418,36.493],[126.387,36.571]],[[126.494,37.783],[126.369,37.772],[126.516,37.605],[126.494,37.783]],[[124.745,37.981],[124.717,37.989],[124.661,37.973],[124.636,37.981],[124.625,37.945],[124.656,37.925],[124.697,37.92],[124.717,37.933],[124.74,37.947],[124.754,37.955],[124.755,37.97],[124.745,37.981]],[[124.905,39.536],[124.935,39.608],[124.89,39.602],[124.846,39.559],[124.849,39.508],[124.905,39.536]],[[113.521,22.852],[113.404,22.903],[113.564,22.758],[113.521,22.852]],[[107.044,20.837],[106.911,20.824],[106.99,20.743],[107.044,20.837]],[[106.855,20.858],[106.795,20.928],[106.769,20.864],[106.803,20.844],[106.854,20.796],[106.866,20.816],[106.855,20.858]],[[107.399,20.903],[107.466,20.901],[107.521,20.927],[107.551,20.981],[107.551,21.034],[107.519,21.013],[107.479,20.952],[107.399,20.903]],[[107.563,21.22],[107.476,21.269],[107.404,21.094],[107.563,21.22]],[[100.075,9.529],[99.954,9.581],[99.962,9.422],[100.075,9.529]],[[100.043,9.792],[99.983,9.794],[99.998,9.748],[100.026,9.712],[100.064,9.68],[100.074,9.697],[100.073,9.749],[100.043,9.792]],[[104.037,10.111],[104.064,10.391],[103.85,10.371],[104.018,10.029],[104.037,10.111]],[[103.318,10.719],[103.223,10.782],[103.223,10.76],[103.281,10.68],[103.318,10.719]],[[103.045,11.285],[103.037,11.39],[103.008,11.383],[102.995,11.348],[102.993,11.29],[103.011,11.276],[103.027,11.275],[103.045,11.285]],[[102.606,11.677],[102.569,11.692],[102.546,11.668],[102.533,11.615],[102.59,11.572],[102.606,11.677]],[[102.378,12.073],[102.277,12.152],[102.302,11.981],[102.43,11.965],[102.378,12.073]],[[95.283,5.898],[95.242,5.907],[95.218,5.89],[95.283,5.799],[95.343,5.784],[95.362,5.812],[95.366,5.843],[95.359,5.877],[95.283,5.898]],[[81.38,6.241],[81.768,6.614],[81.832,7.428],[81.373,8.431],[80.711,9.366],[80.253,9.796],[79.982,9.813],[80.046,9.65],[80.428,9.481],[80.086,9.578],[80.1,9.21],[79.929,8.899],[79.783,8.018],[79.75,8.294],[79.713,8.182],[80.007,6.364],[80.095,6.153],[80.496,5.949],[81.38,6.241]],[[79.86,9.066],[79.748,9.105],[79.904,8.975],[79.86,9.066]],[[79.888,9.741],[79.872,9.744],[79.859,9.734],[79.846,9.715],[79.857,9.686],[79.907,9.62],[79.97,9.631],[79.912,9.679],[79.888,9.741]],[[92.717,9.165],[92.744,9.131],[92.787,9.137],[92.809,9.173],[92.786,9.241],[92.762,9.244],[92.739,9.231],[92.713,9.205],[92.717,9.165]],[[98.301,9.139],[98.274,9.13],[98.258,9.095],[98.251,9.041],[98.308,9.051],[98.312,9.08],[98.301,9.139]],[[93.115,8.219],[93.171,8.212],[93.141,8.25],[93.097,8.349],[93.078,8.328],[93.064,8.275],[93.115,8.219]],[[93.494,8.225],[93.456,8.172],[93.461,8.109],[93.47,8.073],[93.472,8.053],[93.478,8.024],[93.49,8.019],[93.537,8.057],[93.512,8.16],[93.532,8.214],[93.494,8.225]],[[98.301,8.136],[98.296,7.776],[98.435,8.086],[98.301,8.136]],[[98.529,8.109],[98.58,7.917],[98.592,7.934],[98.604,8.057],[98.529,8.109]],[[93.434,7.948],[93.375,8.018],[93.334,8.007],[93.309,7.964],[93.342,7.919],[93.365,7.877],[93.443,7.878],[93.447,7.899],[93.434,7.948]],[[99.068,7.496],[99.104,7.471],[99.078,7.592],[99.045,7.637],[99.038,7.626],[99.038,7.548],[99.068,7.496]],[[93.597,7.319],[93.638,7.262],[93.734,7.356],[93.692,7.411],[93.655,7.38],[93.614,7.358],[93.597,7.319]],[[93.709,7.001],[93.829,6.749],[93.93,6.973],[93.822,7.237],[93.656,7.136],[93.709,7.001]],[[99.607,6.597],[99.701,6.571],[99.654,6.714],[99.607,6.597]],[[99.822,6.445],[99.646,6.418],[99.744,6.263],[99.919,6.359],[99.822,6.445]],[[98.283,10.008],[98.292,10.051],[98.221,10.045],[98.14,9.975],[98.118,9.878],[98.134,9.875],[98.183,9.933],[98.231,9.954],[98.283,10.008]],[[92.574,10.704],[92.448,10.866],[92.37,10.547],[92.473,10.521],[92.574,10.704]],[[98.143,10.963],[98.08,10.887],[98.271,10.74],[98.143,10.963]],[[98.498,10.964],[98.519,10.959],[98.542,10.962],[98.527,11.087],[98.477,10.98],[98.498,10.964]],[[92.687,11.411],[92.64,11.509],[92.596,11.386],[92.687,11.411]],[[98.209,11.457],[98.216,11.456],[98.222,11.478],[98.263,11.524],[98.284,11.594],[98.308,11.723],[98.3,11.783],[98.278,11.758],[98.239,11.645],[98.201,11.567],[98.187,11.472],[98.209,11.457]],[[92.723,11.536],[92.864,12.436],[92.99,12.539],[92.886,12.942],[93.066,13.222],[93.062,13.545],[92.857,13.358],[92.721,12.541],[92.788,12.226],[92.534,11.873],[92.723,11.536]],[[92.731,12.949],[92.711,12.962],[92.694,12.957],[92.68,12.939],[92.686,12.8],[92.718,12.865],[92.731,12.949]],[[98.259,13.014],[98.309,12.935],[98.265,13.202],[98.259,13.014]],[[98.331,12.511],[98.314,12.336],[98.468,12.571],[98.312,12.678],[98.331,12.511]],[[98.066,12.39],[97.939,12.346],[98.002,12.279],[98.066,12.39]],[[98.057,12.28],[98.037,12.232],[98.075,12.164],[98.108,12.148],[98.125,12.145],[98.137,12.15],[98.12,12.191],[98.118,12.223],[98.128,12.261],[98.122,12.279],[98.105,12.288],[98.071,12.292],[98.057,12.28]],[[98.454,12.061],[98.474,11.899],[98.61,11.957],[98.454,12.061]],[[93.062,11.899],[93.017,12.037],[92.996,12.032],[92.955,12.002],[92.982,11.959],[93.062,11.899]],[[98.021,11.696],[98.084,11.637],[98.01,11.86],[98.021,11.696]],[[98.376,11.792],[98.528,11.539],[98.524,11.805],[98.376,11.792]],[[97.579,16.486],[97.469,16.461],[97.537,16.24],[97.579,16.486]],[[94.784,15.794],[94.805,15.819],[94.838,15.892],[94.828,15.933],[94.733,15.823],[94.743,15.812],[94.784,15.794]],[[94.412,15.848],[94.601,16.206],[94.388,15.994],[94.412,15.848]],[[93.745,18.866],[93.487,18.868],[93.674,18.676],[93.745,18.866]],[[93.756,19.326],[93.946,19.429],[93.715,19.558],[93.644,19.495],[93.756,19.326]],[[93.492,19.893],[93.413,19.95],[93.513,19.755],[93.492,19.893]],[[93.023,19.829],[93.01,19.924],[92.96,20.046],[92.915,20.086],[92.913,20.0],[92.975,19.868],[93.023,19.829]],[[91.934,21.722],[91.908,21.723],[91.857,21.709],[91.873,21.574],[91.859,21.533],[91.889,21.503],[91.949,21.508],[91.962,21.61],[91.949,21.683],[91.934,21.722]],[[91.861,21.927],[91.851,21.927],[91.835,21.885],[91.82,21.81],[91.838,21.75],[91.874,21.832],[91.883,21.884],[91.861,21.927]],[[90.778,22.089],[90.868,22.485],[90.596,22.864],[90.503,22.835],[90.68,22.327],[90.515,22.065],[90.778,22.089]],[[91.439,22.599],[91.411,22.476],[91.467,22.378],[91.51,22.353],[91.557,22.382],[91.548,22.425],[91.523,22.491],[91.484,22.577],[91.456,22.617],[91.439,22.599]],[[91.158,22.365],[91.079,22.52],[91.045,22.105],[91.158,22.365]],[[90.642,22.963],[90.58,23.035],[90.536,23.015],[90.562,22.975],[90.604,22.946],[90.66,22.92],[90.642,22.963]],[[73.084,8.311],[73.079,8.317],[73.075,8.306],[73.056,8.275],[73.039,8.265],[73.026,8.275],[73.023,8.266],[73.029,8.254],[73.039,8.252],[73.053,8.257],[73.067,8.269],[73.08,8.293],[73.084,8.311]],[[72.796,11.26],[72.793,11.263],[72.782,11.243],[72.772,11.214],[72.773,11.196],[72.78,11.202],[72.788,11.216],[72.793,11.242],[72.796,11.26]],[[54.511,12.553],[53.535,12.716],[53.316,12.533],[53.719,12.319],[54.511,12.553]],[[58.951,20.516],[58.884,20.681],[58.641,20.211],[58.951,20.516]],[[55.747,26.692],[55.954,26.701],[56.279,26.952],[55.758,26.948],[55.763,26.812],[55.295,26.639],[55.747,26.692]],[[48.228,29.936],[48.081,29.799],[48.218,29.602],[48.347,29.72],[48.228,29.936]],[[50.452,26.191],[50.575,25.807],[50.586,26.241],[50.452,26.191]],[[54.428,24.425],[54.457,24.423],[54.465,24.443],[54.427,24.471],[54.398,24.506],[54.379,24.505],[54.335,24.471],[54.358,24.443],[54.428,24.425]],[[53.412,24.411],[53.191,24.291],[53.383,24.281],[53.412,24.411]],[[53.834,24.259],[53.634,24.17],[53.928,24.143],[53.834,24.259]],[[52.658,24.333],[52.629,24.377],[52.584,24.352],[52.582,24.335],[52.6,24.281],[52.617,24.289],[52.658,24.333]],[[42.794,13.766],[42.781,13.769],[42.735,13.753],[42.69,13.674],[42.756,13.704],[42.794,13.766]],[[42.798,14.012],[42.762,14.067],[42.694,14.008],[42.756,13.955],[42.774,13.95],[42.787,13.971],[42.798,14.012]],[[42.59,15.303],[42.61,15.332],[42.625,15.368],[42.602,15.433],[42.57,15.407],[42.549,15.32],[42.559,15.281],[42.59,15.303]],[[40.408,15.629],[40.183,15.643],[39.957,15.889],[39.94,15.745],[40.071,15.677],[39.947,15.696],[39.975,15.612],[40.408,15.629]],[[40.076,16.082],[39.996,16.043],[40.11,15.986],[40.076,16.082]],[[42.17,16.709],[41.947,16.749],[41.86,17.003],[41.776,16.847],[41.897,16.684],[42.158,16.571],[42.17,16.709]],[[36.554,25.645],[36.534,25.689],[36.504,25.645],[36.53,25.602],[36.722,25.534],[36.764,25.501],[36.805,25.451],[36.875,25.383],[36.902,25.383],[36.955,25.415],[36.924,25.426],[36.748,25.559],[36.589,25.62],[36.554,25.645]],[[36.58,25.795],[36.583,25.856],[36.546,25.812],[36.544,25.734],[36.586,25.699],[36.596,25.713],[36.596,25.735],[36.58,25.795]],[[7.271,4.499],[7.14,4.395],[7.301,4.418],[7.271,4.499]],[[13.361,37.349],[14.143,37.104],[14.555,36.777],[15.113,36.688],[15.296,37.055],[15.1,37.459],[15.635,38.268],[13.789,37.981],[13.291,38.191],[12.903,38.035],[12.734,38.183],[12.548,38.053],[12.436,37.82],[12.527,37.67],[13.361,37.349]],[[20.704,37.743],[20.994,37.708],[20.692,37.93],[20.704,37.743]],[[12.024,36.821],[11.948,36.843],[11.936,36.829],[11.941,36.78],[12.003,36.746],[12.051,36.757],[12.048,36.776],[12.024,36.821]],[[25.413,36.405],[25.397,36.379],[25.371,36.359],[25.436,36.34],[25.482,36.393],[25.467,36.435],[25.409,36.474],[25.397,36.465],[25.415,36.442],[25.413,36.405]],[[27.914,36.345],[27.716,36.172],[27.746,35.911],[28.088,36.065],[28.232,36.434],[27.914,36.345]],[[14.448,35.957],[14.351,35.978],[14.352,35.872],[14.533,35.82],[14.448,35.957]],[[27.223,35.82],[27.071,35.598],[27.138,35.409],[27.223,35.82]],[[34.063,35.474],[33.459,35.336],[32.942,35.39],[32.88,35.181],[32.301,35.083],[32.317,34.953],[32.449,34.729],[33.008,34.57],[33.699,34.97],[34.05,34.988],[33.942,35.292],[34.556,35.662],[34.063,35.474]],[[11.281,34.802],[11.255,34.82],[11.153,34.745],[11.124,34.682],[11.278,34.754],[11.281,34.802]],[[25.611,35.007],[26.244,35.045],[26.32,35.315],[25.791,35.123],[25.73,35.349],[24.313,35.364],[24.109,35.496],[24.166,35.595],[23.852,35.535],[23.737,35.656],[23.57,35.535],[23.593,35.257],[24.464,35.16],[24.8,34.934],[25.611,35.007]],[[14.304,36.062],[14.263,36.076],[14.18,36.06],[14.194,36.042],[14.254,36.012],[14.313,36.028],[14.321,36.036],[14.304,36.062]],[[22.998,36.328],[22.911,36.221],[23.042,36.146],[22.998,36.328]],[[10.722,33.739],[11.038,33.785],[10.745,33.889],[10.722,33.739]],[[26.331,36.511],[26.461,36.585],[26.27,36.595],[26.331,36.511]],[[27.788,36.584],[27.838,36.538],[27.86,36.554],[27.869,36.583],[27.87,36.623],[27.863,36.641],[27.837,36.635],[27.786,36.608],[27.788,36.584]],[[24.326,36.656],[24.531,36.684],[24.538,36.705],[24.536,36.764],[24.46,36.747],[24.45,36.729],[24.425,36.713],[24.357,36.744],[24.345,36.723],[24.326,36.656]],[[25.289,36.722],[25.364,36.658],[25.382,36.674],[25.407,36.717],[25.296,36.789],[25.26,36.758],[25.289,36.722]],[[25.743,36.79],[25.771,36.782],[25.859,36.79],[25.985,36.88],[26.064,36.903],[26.001,36.937],[25.942,36.887],[25.852,36.848],[25.834,36.825],[25.797,36.807],[25.743,36.79]],[[24.721,36.921],[24.763,36.949],[24.716,37.024],[24.681,37.022],[24.671,36.999],[24.676,36.959],[24.703,36.917],[24.721,36.921]],[[25.133,37.0],[25.199,36.991],[25.279,37.068],[25.271,37.084],[25.275,37.138],[25.235,37.149],[25.146,37.107],[25.105,37.035],[25.133,37.0]],[[24.524,37.125],[24.536,37.168],[24.529,37.192],[24.484,37.21],[24.441,37.187],[24.425,37.132],[24.487,37.11],[24.524,37.125]],[[25.525,37.196],[25.362,37.07],[25.457,36.93],[25.584,37.039],[25.525,37.196]],[[26.938,37.025],[26.92,36.945],[27.02,36.959],[27.035,36.976],[27.04,37.002],[27.016,37.01],[26.967,37.052],[26.889,37.087],[26.938,37.025]],[[27.061,36.84],[26.918,36.726],[27.352,36.869],[27.061,36.84]],[[24.436,37.344],[24.481,37.408],[24.449,37.45],[24.431,37.475],[24.395,37.45],[24.37,37.42],[24.398,37.383],[24.379,37.314],[24.436,37.344]],[[24.912,37.391],[24.938,37.39],[24.943,37.494],[24.907,37.509],[24.895,37.446],[24.896,37.407],[24.912,37.391]],[[25.313,37.489],[25.307,37.413],[25.403,37.419],[25.457,37.447],[25.463,37.471],[25.348,37.509],[25.313,37.489]],[[26.297,37.62],[26.351,37.674],[26.326,37.673],[26.212,37.638],[26.086,37.635],[25.997,37.566],[25.982,37.526],[26.029,37.529],[26.205,37.569],[26.297,37.62]],[[24.289,37.528],[24.356,37.577],[24.401,37.649],[24.379,37.683],[24.32,37.678],[24.277,37.601],[24.289,37.528]],[[26.721,37.705],[27.055,37.709],[26.824,37.811],[26.581,37.724],[26.721,37.705]],[[25.092,37.648],[24.996,37.677],[25.156,37.545],[25.256,37.6],[25.092,37.648]],[[24.98,37.797],[24.956,37.905],[24.7,37.962],[24.962,37.692],[24.98,37.797]],[[24.537,37.98],[24.588,38.124],[24.276,38.22],[24.099,38.671],[23.525,38.813],[23.313,39.035],[22.87,38.871],[23.252,38.801],[23.651,38.443],[24.04,38.39],[24.212,38.118],[24.537,37.98]],[[26.161,39.026],[26.596,39.049],[26.348,39.383],[25.91,39.288],[25.855,39.179],[26.072,39.096],[26.273,39.198],[26.161,39.026]],[[23.735,39.081],[23.78,39.114],[23.594,39.209],[23.666,39.095],[23.735,39.081]],[[23.888,39.226],[23.841,39.147],[23.971,39.268],[23.888,39.226]],[[24.564,38.942],[24.461,38.889],[24.675,38.809],[24.564,38.942]],[[25.892,38.243],[26.094,38.218],[26.16,38.541],[25.846,38.574],[25.991,38.354],[25.892,38.243]],[[25.438,39.983],[25.058,40.0],[25.062,39.852],[25.357,39.808],[25.438,39.983]],[[31.638,46.273],[31.509,46.373],[31.564,46.258],[32.15,46.155],[31.638,46.273]],[[25.977,40.178],[25.918,40.238],[25.875,40.234],[25.741,40.196],[25.669,40.136],[25.74,40.105],[25.97,40.136],[25.977,40.178]],[[25.624,40.492],[25.448,40.483],[25.686,40.427],[25.624,40.492]],[[24.646,40.579],[24.774,40.615],[24.719,40.786],[24.517,40.687],[24.646,40.579]],[[23.516,37.986],[23.484,37.991],[23.462,37.98],[23.439,37.941],[23.419,37.931],[23.435,37.911],[23.467,37.902],[23.511,37.901],[23.551,37.926],[23.535,37.97],[23.516,37.986]],[[20.789,38.142],[20.563,38.475],[20.352,38.222],[20.569,38.098],[20.789,38.142]],[[20.646,38.414],[20.709,38.319],[20.759,38.329],[20.739,38.366],[20.712,38.399],[20.701,38.426],[20.701,38.451],[20.675,38.476],[20.65,38.484],[20.624,38.48],[20.646,38.414]],[[20.555,38.583],[20.715,38.638],[20.694,38.844],[20.555,38.583]],[[19.892,39.797],[19.649,39.726],[20.1,39.377],[19.847,39.668],[19.892,39.797]],[[17.608,42.769],[17.344,42.79],[17.744,42.7],[17.608,42.769]],[[16.851,42.896],[17.188,42.917],[16.651,42.997],[16.851,42.896]],[[16.656,43.214],[16.376,43.214],[17.194,43.126],[16.656,43.214]],[[16.602,43.382],[16.423,43.317],[16.891,43.315],[16.602,43.382]],[[15.202,43.898],[15.203,43.908],[15.189,43.922],[14.953,44.117],[14.865,44.168],[14.891,44.126],[15.136,43.907],[15.15,43.912],[15.202,43.898]],[[15.122,44.093],[15.247,44.027],[15.066,44.158],[15.122,44.093]],[[15.374,43.915],[15.437,43.9],[15.371,43.974],[15.27,44.011],[15.309,43.961],[15.374,43.915]],[[14.804,44.649],[14.742,44.697],[14.76,44.665],[14.885,44.545],[14.913,44.486],[14.996,44.434],[15.039,44.393],[15.098,44.358],[15.163,44.309],[15.188,44.336],[15.214,44.348],[15.24,44.35],[15.113,44.436],[15.006,44.534],[14.898,44.611],[14.855,44.618],[14.804,44.649]],[[14.483,44.693],[14.331,45.165],[14.312,44.9],[14.483,44.693]],[[14.628,44.994],[14.81,44.977],[14.571,45.225],[14.438,45.099],[14.628,44.994]],[[14.762,44.755],[14.857,44.715],[14.691,44.848],[14.762,44.755]],[[1.497,38.712],[1.406,38.671],[1.594,38.672],[1.497,38.712]],[[1.409,38.857],[1.613,39.087],[1.303,39.031],[1.223,38.904],[1.409,38.857]],[[8.418,39.206],[8.595,38.964],[8.801,38.91],[8.967,38.964],[9.056,39.239],[9.562,39.166],[9.707,40.017],[9.643,40.268],[9.805,40.5],[9.554,40.932],[9.615,41.017],[9.228,41.257],[8.699,40.895],[8.204,40.871],[8.19,40.652],[8.471,40.293],[8.408,39.917],[8.548,39.839],[8.418,39.206]],[[3.462,39.698],[3.145,39.79],[3.159,39.971],[2.37,39.572],[2.5,39.478],[2.701,39.542],[3.073,39.301],[3.462,39.698]],[[3.968,39.946],[4.322,39.898],[4.226,40.032],[3.853,40.063],[3.968,39.946]],[[8.344,41.102],[8.32,41.122],[8.267,41.099],[8.224,41.031],[8.206,40.997],[8.253,40.994],[8.286,41.04],[8.319,41.063],[8.344,41.102]],[[13.868,40.709],[13.894,40.697],[13.938,40.706],[13.961,40.718],[13.962,40.739],[13.871,40.762],[13.854,40.724],[13.868,40.709]],[[8.441,39.091],[8.359,39.099],[8.421,38.969],[8.441,39.091]],[[9.556,42.161],[9.415,43.021],[9.313,42.713],[8.815,42.608],[8.566,42.358],[8.701,42.096],[8.622,41.931],[8.887,41.701],[8.808,41.588],[9.186,41.385],[9.556,42.161]],[[10.395,42.858],[10.11,42.785],[10.419,42.713],[10.395,42.858]],[[10.874,57.262],[11.011,57.229],[11.052,57.253],[11.077,57.277],[11.175,57.323],[11.086,57.33],[10.935,57.309],[10.874,57.262]],[[12.04,56.052],[11.866,55.968],[11.82,55.698],[11.691,55.729],[11.628,55.957],[11.322,55.753],[10.979,55.722],[11.286,55.204],[11.654,55.187],[11.862,54.773],[12.05,54.815],[12.09,55.188],[12.413,55.286],[12.243,55.538],[12.571,55.685],[12.579,56.064],[12.04,56.052]],[[12.551,55.556],[12.666,55.597],[12.62,55.679],[12.551,55.556]],[[14.684,55.102],[15.051,55.005],[15.137,55.087],[14.765,55.297],[14.684,55.102]],[[12.31,55.041],[12.119,54.914],[12.549,54.966],[12.31,55.041]],[[11.74,54.807],[11.258,54.952],[11.059,54.941],[11.036,54.773],[11.457,54.629],[11.766,54.679],[11.74,54.807]],[[13.337,54.697],[13.177,54.544],[13.19,54.326],[13.707,54.281],[13.58,54.464],[13.658,54.56],[13.337,54.697]],[[11.234,54.501],[11.012,54.466],[11.283,54.418],[11.234,54.501]],[[10.765,54.8],[10.951,55.156],[10.622,54.851],[10.765,54.8]],[[10.266,54.949],[10.2,54.963],[10.216,54.941],[10.341,54.859],[10.417,54.837],[10.484,54.848],[10.505,54.861],[10.414,54.897],[10.347,54.906],[10.266,54.949]],[[10.058,54.908],[9.771,55.06],[9.806,54.906],[10.058,54.908]],[[10.255,55.088],[10.785,55.133],[10.819,55.322],[10.645,55.61],[9.861,55.515],[9.989,55.163],[10.255,55.088]],[[10.636,55.914],[10.516,55.959],[10.527,55.784],[10.636,55.914]],[[16.838,56.841],[17.118,57.32],[16.996,57.318],[16.412,56.569],[16.432,56.244],[16.838,56.841]],[[18.207,57.01],[18.146,56.921],[18.908,57.398],[18.791,57.483],[18.814,57.706],[19.076,57.836],[18.901,57.915],[18.537,57.831],[18.137,57.557],[18.105,57.272],[18.285,57.083],[18.207,57.01]],[[19.087,57.865],[19.331,57.963],[19.135,57.981],[19.087,57.865]],[[21.978,57.963],[22.152,57.967],[22.372,58.217],[23.323,58.451],[22.82,58.622],[21.862,58.497],[21.984,58.387],[21.882,58.262],[22.188,58.154],[21.978,57.963]],[[23.109,58.659],[23.063,58.611],[23.26,58.54],[23.344,58.55],[23.356,58.576],[23.333,58.649],[23.165,58.678],[23.109,58.659]],[[22.661,58.709],[23.009,58.834],[22.982,58.92],[22.649,59.087],[22.056,58.944],[22.661,58.709]],[[18.416,59.029],[18.486,59.105],[18.465,59.108],[18.398,59.089],[18.377,59.069],[18.35,59.023],[18.372,59.02],[18.416,59.029]],[[18.595,59.47],[18.624,59.492],[18.698,59.525],[18.698,59.535],[18.621,59.548],[18.572,59.526],[18.555,59.486],[18.545,59.478],[18.57,59.437],[18.595,59.47]],[[20.603,60.017],[20.611,60.041],[20.569,60.07],[20.49,60.075],[20.43,60.062],[20.398,60.041],[20.411,60.03],[20.488,60.033],[20.522,60.012],[20.603,60.017]],[[20.034,60.094],[20.259,60.261],[19.888,60.406],[19.788,60.354],[19.848,60.221],[19.687,60.268],[19.746,60.099],[20.034,60.094]],[[19.6,60.163],[19.629,60.17],[19.667,60.165],[19.662,60.187],[19.629,60.246],[19.551,60.244],[19.519,60.185],[19.537,60.145],[19.58,60.135],[19.6,60.163]],[[21.819,60.382],[21.994,60.337],[21.827,60.47],[21.819,60.382]],[[22.126,60.356],[22.077,60.286],[22.361,60.166],[22.355,60.356],[22.126,60.356]],[[21.833,60.141],[21.864,60.202],[21.764,60.199],[21.705,60.172],[21.695,60.114],[21.733,60.106],[21.833,60.141]],[[21.634,60.169],[21.568,60.172],[21.507,60.148],[21.486,60.127],[21.541,60.098],[21.628,60.108],[21.648,60.141],[21.634,60.169]],[[21.3,60.48],[21.451,60.53],[21.268,60.638],[21.3,60.48]],[[21.318,63.179],[21.422,63.246],[21.084,63.278],[21.318,63.179]],[[24.971,65.055],[24.786,65.086],[24.651,65.074],[24.577,65.043],[24.579,64.979],[24.699,64.958],[24.848,64.991],[24.892,65.026],[24.998,65.039],[24.971,65.055]],[[58.606,70.129],[58.953,69.893],[59.503,69.866],[59.637,69.721],[60.216,69.688],[60.477,69.794],[60.393,69.962],[59.048,70.46],[58.52,70.318],[58.606,70.129]],[[29.744,69.792],[30.055,69.838],[29.836,69.906],[29.744,69.792]],[[48.845,69.495],[48.32,69.269],[48.279,69.04],[48.439,68.805],[49.18,68.778],[49.626,68.86],[50.094,69.126],[50.283,69.089],[49.996,69.309],[48.845,69.495]],[[42.477,66.735],[42.676,66.688],[42.714,66.702],[42.691,66.735],[42.631,66.782],[42.547,66.796],[42.469,66.786],[42.46,66.77],[42.477,66.735]],[[35.729,65.198],[35.529,65.151],[35.842,65.001],[35.729,65.198]],[[67.098,69.447],[67.264,69.443],[67.329,69.572],[67.026,69.483],[67.098,69.447]],[[70.058,66.627],[69.469,66.716],[69.845,66.49],[70.059,66.518],[70.058,66.627]],[[76.906,72.298],[77.781,72.309],[78.365,72.482],[77.579,72.631],[76.906,72.298]],[[107.27,77.289],[107.302,77.242],[107.415,77.243],[107.679,77.268],[107.665,77.3],[107.629,77.32],[107.594,77.33],[107.486,77.347],[107.366,77.347],[107.27,77.289]],[[149.406,76.782],[148.399,76.648],[149.15,76.66],[149.406,76.782]],[[112.394,76.644],[111.969,76.626],[112.532,76.45],[112.661,76.51],[112.394,76.644]],[[137.561,75.955],[137.707,75.76],[137.269,75.749],[137.29,75.349],[136.982,75.365],[136.962,75.27],[138.092,74.797],[139.099,74.657],[139.681,74.964],[140.268,74.847],[141.987,74.991],[142.473,74.82],[143.128,74.97],[142.199,75.393],[142.086,75.661],[142.308,75.692],[142.942,75.713],[142.986,75.633],[142.7,75.449],[142.82,75.268],[143.17,75.117],[144.02,75.045],[144.883,75.269],[144.727,75.366],[145.36,75.53],[143.686,75.864],[142.67,75.863],[141.485,76.137],[140.985,75.965],[140.944,75.7],[140.816,75.631],[138.92,76.197],[137.561,75.955]],[[152.559,76.144],[152.786,76.086],[152.886,76.122],[152.864,76.163],[152.835,76.185],[152.799,76.195],[152.643,76.175],[152.559,76.144]],[[146.925,75.062],[148.297,74.8],[149.597,74.773],[150.58,74.919],[150.822,75.157],[148.59,75.236],[148.432,75.414],[146.795,75.371],[146.751,75.51],[146.537,75.582],[146.149,75.198],[146.925,75.062]],[[135.849,75.729],[135.699,75.845],[135.452,75.39],[135.949,75.41],[136.169,75.606],[135.849,75.729]],[[111.949,74.389],[111.503,74.353],[112.782,74.095],[113.387,74.4],[112.084,74.549],[111.949,74.389]],[[140.3,74.257],[140.102,74.184],[140.183,74.005],[140.409,73.922],[141.01,73.999],[141.097,74.168],[140.3,74.257]],[[135.628,74.22],[135.387,74.253],[136.122,73.885],[136.259,73.985],[135.628,74.22]],[[141.682,73.904],[141.085,73.866],[140.381,73.483],[139.686,73.426],[143.491,73.246],[143.344,73.569],[142.435,73.852],[141.682,73.904]],[[124.543,73.85],[124.653,73.888],[124.337,73.928],[124.543,73.85]],[[119.792,73.045],[120.261,73.09],[119.64,73.124],[119.792,73.045]],[[137.079,71.502],[137.712,71.423],[137.96,71.508],[137.817,71.588],[137.079,71.502]],[[160.505,70.82],[160.719,70.823],[160.449,70.934],[160.505,70.82]],[[167.993,69.776],[169.201,69.58],[169.434,69.832],[168.358,70.016],[167.789,69.837],[167.993,69.776]],[[161.456,68.966],[161.351,69.369],[161.609,69.501],[161.505,69.639],[161.083,69.406],[161.137,69.11],[161.456,68.966]]]]}}]}