{"type":"FeatureCollection","note":"Natural Earth populated places. Ranking is editorial, not population-driven — Washington DC outranks larger cities because it anchors a metro and is a world city. Trust rank over POP_MAX.","features":[{"type":"Feature","properties":{"name":"Hong Kong","tier":"world_city","rank":0,"min_zoom":3.0,"min_label":3.0,"iso_a2":"HK","adm0":"Hong Kong S.A.R.","adm1":null,"capital":0},"geometry":{"type":"Point","coordinates":[114.1831,22.3069]}},{"type":"Feature","properties":{"name":"Singapore","tier":"capital","rank":0,"min_zoom":2.1,"min_label":2.1,"iso_a2":"SG","adm0":"Singapore","adm1":null,"capital":1},"geometry":{"type":"Point","coordinates":[103.8539,1.295]}},{"type":"Feature","properties":{"name":"Beijing","tier":"capital","rank":1,"min_zoom":1.7,"min_label":1.7,"iso_a2":"CN","adm0":"China","adm1":"Beijing","capital":1},"geometry":{"type":"Point","coordinates":[116.3942,39.9017]}},{"type":"Feature","properties":{"name":"Jakarta","tier":"capital","rank":1,"min_zoom":2.1,"min_label":2.1,"iso_a2":"ID","adm0":"Indonesia","adm1":"Jakarta Raya","capital":1},"geometry":{"type":"Point","coordinates":[106.8275,-6.1725]}},{"type":"Feature","properties":{"name":"Kolkata","tier":"world_city","rank":1,"min_zoom":3.7,"min_label":3.7,"iso_a2":"IN","adm0":"India","adm1":"West Bengal","capital":0},"geometry":{"type":"Point","coordinates":[88.3691,22.5696]}},{"type":"Feature","properties":{"name":"Los Angeles","tier":"world_city","rank":1,"min_zoom":2.0,"min_label":2.0,"iso_a2":"US","adm0":"United States of America","adm1":"California","capital":0},"geometry":{"type":"Point","coordinates":[-118.232,34.0492]}},{"type":"Feature","properties":{"name":"Mumbai","tier":"world_city","rank":1,"min_zoom":1.7,"min_label":1.7,"iso_a2":"IN","adm0":"India","adm1":"Maharashtra","capital":0},"geometry":{"type":"Point","coordinates":[72.8758,19.0684]}},{"type":"Feature","properties":{"name":"New York","tier":"world_city","rank":1,"min_zoom":1.7,"min_label":1.7,"iso_a2":"US","adm0":"United States of America","adm1":"New York","capital":0},"geometry":{"type":"Point","coordinates":[-73.9957,40.7216]}},{"type":"Feature","properties":{"name":"Rio de Janeiro","tier":"world_city","rank":1,"min_zoom":1.7,"min_label":1.7,"iso_a2":"BR","adm0":"Brazil","adm1":"Rio de Janeiro","capital":0},"geometry":{"type":"Point","coordinates":[-43.2121,-22.9073]}},{"type":"Feature","properties":{"name":"Shanghai","tier":"world_city","rank":1,"min_zoom":2.0,"min_label":2.0,"iso_a2":"CN","adm0":"China","adm1":"Shanghai","capital":0},"geometry":{"type":"Point","coordinates":[121.4346,31.2184]}},{"type":"Feature","properties":{"name":"São Paulo","tier":"world_city","rank":1,"min_zoom":3.0,"min_label":3.0,"iso_a2":"BR","adm0":"Brazil","adm1":"São Paulo","capital":0},"geometry":{"type":"Point","coordinates":[-46.627,-23.5567]}},{"type":"Feature","properties":{"name":"Washington,  D.C.","tier":"capital","rank":1,"min_zoom":2.1,"min_label":2.1,"iso_a2":"US","adm0":"United States of America","adm1":"District of Columbia","capital":1},"geometry":{"type":"Point","coordinates":[-77.0114,38.9015]}},{"type":"Feature","properties":{"name":"Lagos","tier":"world_city","rank":2,"min_zoom":2.0,"min_label":2.0,"iso_a2":"NG","adm0":"Nigeria","adm1":"Lagos","capital":0},"geometry":{"type":"Point","coordinates":[3.3896,6.4452]}},{"type":"Feature","properties":{"name":"Mexico City","tier":"capital","rank":2,"min_zoom":2.1,"min_label":2.1,"iso_a2":"MX","adm0":"Mexico","adm1":"Distrito Federal","capital":1},"geometry":{"type":"Point","coordinates":[-99.1329,19.4444]}},{"type":"Feature","properties":{"name":"Moscow","tier":"capital","rank":2,"min_zoom":1.7,"min_label":2.0,"iso_a2":"RU","adm0":"Russia","adm1":"Moskva","capital":1},"geometry":{"type":"Point","coordinates":[37.6136,55.7541]}},{"type":"Feature","properties":{"name":"Tokyo","tier":"capital","rank":2,"min_zoom":1.7,"min_label":2.0,"iso_a2":"JP","adm0":"Japan","adm1":"Tokyo","capital":1},"geometry":{"type":"Point","coordinates":[139.7495,35.687]}},{"type":"Feature","properties":{"name":"Cairo","tier":"capital","rank":3,"min_zoom":1.7,"min_label":3.0,"iso_a2":"EG","adm0":"Egypt","adm1":"Al Qahirah","capital":1},"geometry":{"type":"Point","coordinates":[31.248,30.0519]}},{"type":"Feature","properties":{"name":"Cape Town","tier":"capital","rank":3,"min_zoom":1.7,"min_label":3.0,"iso_a2":"ZA","adm0":"South Africa","adm1":"Western Cape","capital":1},"geometry":{"type":"Point","coordinates":[18.433,-33.9181]}},{"type":"Feature","properties":{"name":"Paris","tier":"capital","rank":3,"min_zoom":1.7,"min_label":3.0,"iso_a2":"FR","adm0":"France","adm1":"Île-de-France","capital":1},"geometry":{"type":"Point","coordinates":[2.353,48.8581]}},{"type":"Feature","properties":{"name":"Rome","tier":"capital","rank":3,"min_zoom":2.7,"min_label":3.0,"iso_a2":"IT","adm0":"Italy","adm1":"Lazio","capital":1},"geometry":{"type":"Point","coordinates":[12.4813,41.8979]}},{"type":"Feature","properties":{"name":"Santiago","tier":"capital","rank":3,"min_zoom":2.0,"min_label":3.0,"iso_a2":"CL","adm0":"Chile","adm1":"Región Metropolitana de Santiago","capital":1},"geometry":{"type":"Point","coordinates":[-70.6505,-33.4402]}},{"type":"Feature","properties":{"name":"Sydney","tier":"world_city","rank":3,"min_zoom":1.7,"min_label":3.0,"iso_a2":"AU","adm0":"Australia","adm1":"New South Wales","capital":0},"geometry":{"type":"Point","coordinates":[151.2125,-33.8714]}},{"type":"Feature","properties":{"name":"Bogota","tier":"capital","rank":5,"min_zoom":2.1,"min_label":5.0,"iso_a2":"CO","adm0":"Colombia","adm1":"Bogota","capital":1},"geometry":{"type":"Point","coordinates":[-74.0853,4.5984]}},{"type":"Feature","properties":{"name":"Istanbul","tier":"world_city","rank":5,"min_zoom":3.0,"min_label":5.0,"iso_a2":"TR","adm0":"Turkey","adm1":"Istanbul","capital":0},"geometry":{"type":"Point","coordinates":[28.9743,41.0176]}},{"type":"Feature","properties":{"name":"London","tier":"capital","rank":5,"min_zoom":1.7,"min_label":5.0,"iso_a2":"GB","adm0":"United Kingdom","adm1":"Westminster","capital":1},"geometry":{"type":"Point","coordinates":[-0.1187,51.5019]}},{"type":"Feature","properties":{"name":"Nairobi","tier":"capital","rank":5,"min_zoom":2.0,"min_label":5.0,"iso_a2":"KE","adm0":"Kenya","adm1":"Nairobi","capital":1},"geometry":{"type":"Point","coordinates":[36.8147,-1.2814]}},{"type":"Feature","properties":{"name":"Riyadh","tier":"capital","rank":5,"min_zoom":3.7,"min_label":5.0,"iso_a2":"SA","adm0":"Saudi Arabia","adm1":"Ar Riyad","capital":1},"geometry":{"type":"Point","coordinates":[46.7205,24.6345]}},{"type":"Feature","properties":{"name":"Atlanta","tier":"world_city","rank":11,"min_zoom":3.0,"min_label":3.0,"iso_a2":"US","adm0":"United States of America","adm1":"Georgia","capital":0},"geometry":{"type":"Point","coordinates":[-84.3676,33.7395]}},{"type":"Feature","properties":{"name":"Bengaluru","tier":"world_city","rank":11,"min_zoom":3.7,"min_label":3.7,"iso_a2":"IN","adm0":"India","adm1":"Karnataka","capital":0},"geometry":{"type":"Point","coordinates":[77.5581,12.9719]}},{"type":"Feature","properties":{"name":"Chengdu","tier":"world_city","rank":11,"min_zoom":3.0,"min_label":3.0,"iso_a2":"CN","adm0":"China","adm1":"Sichuan","capital":0},"geometry":{"type":"Point","coordinates":[104.0681,30.6719]}},{"type":"Feature","properties":{"name":"Chicago","tier":"world_city","rank":11,"min_zoom":3.0,"min_label":3.0,"iso_a2":"US","adm0":"United States of America","adm1":"Illinois","capital":0},"geometry":{"type":"Point","coordinates":[-87.6352,41.848]}},{"type":"Feature","properties":{"name":"Denver","tier":"world_city","rank":11,"min_zoom":3.7,"min_label":3.7,"iso_a2":"US","adm0":"United States of America","adm1":"Colorado","capital":0},"geometry":{"type":"Point","coordinates":[-104.986,39.7411]}},{"type":"Feature","properties":{"name":"Houston","tier":"world_city","rank":11,"min_zoom":3.0,"min_label":3.0,"iso_a2":"US","adm0":"United States of America","adm1":"Texas","capital":0},"geometry":{"type":"Point","coordinates":[-95.3484,29.7413]}},{"type":"Feature","properties":{"name":"Miami","tier":"world_city","rank":11,"min_zoom":2.1,"min_label":2.1,"iso_a2":"US","adm0":"United States of America","adm1":"Florida","capital":0},"geometry":{"type":"Point","coordinates":[-80.2261,25.7896]}},{"type":"Feature","properties":{"name":"New Delhi","tier":"capital","rank":11,"min_zoom":2.1,"min_label":2.1,"iso_a2":"IN","adm0":"India","adm1":"Delhi","capital":1},"geometry":{"type":"Point","coordinates":[77.2,28.6]}},{"type":"Feature","properties":{"name":"San Francisco","tier":"world_city","rank":11,"min_zoom":2.7,"min_label":2.7,"iso_a2":"US","adm0":"United States of America","adm1":"California","capital":0},"geometry":{"type":"Point","coordinates":[-122.3996,37.7843]}},{"type":"Feature","properties":{"name":"Ürümqi","tier":"world_city","rank":11,"min_zoom":3.7,"min_label":3.7,"iso_a2":"CN","adm0":"China","adm1":"Xinjiang Uygur","capital":0},"geometry":{"type":"Point","coordinates":[87.5731,43.807]}},{"type":"Feature","properties":{"name":"Monterrey","tier":"world_city","rank":12,"min_zoom":3.7,"min_label":3.7,"iso_a2":"MX","adm0":"Mexico","adm1":"Nuevo León","capital":0},"geometry":{"type":"Point","coordinates":[-100.3319,25.6719]}},{"type":"Feature","properties":{"name":"Toronto","tier":"world_city","rank":12,"min_zoom":2.1,"min_label":2.1,"iso_a2":"CA","adm0":"Canada","adm1":"Ontario","capital":0},"geometry":{"type":"Point","coordinates":[-79.3895,43.6646]}},{"type":"Feature","properties":{"name":"Vancouver","tier":"world_city","rank":12,"min_zoom":2.1,"min_label":2.1,"iso_a2":"CA","adm0":"Canada","adm1":"British Columbia","capital":0},"geometry":{"type":"Point","coordinates":[-123.1236,49.2754]}},{"type":"Feature","properties":{"name":"Ōsaka","tier":"world_city","rank":12,"min_zoom":3.0,"min_label":3.0,"iso_a2":"JP","adm0":"Japan","adm1":"Osaka","capital":0},"geometry":{"type":"Point","coordinates":[135.5038,34.6911]}},{"type":"Feature","properties":{"name":"Addis Ababa","tier":"capital","rank":13,"min_zoom":3.0,"min_label":3.0,"iso_a2":"ET","adm0":"Ethiopia","adm1":"Addis Ababa","capital":1},"geometry":{"type":"Point","coordinates":[38.6981,9.0353]}},{"type":"Feature","properties":{"name":"Berlin","tier":"capital","rank":13,"min_zoom":2.7,"min_label":3.0,"iso_a2":"DE","adm0":"Germany","adm1":"Berlin","capital":1},"geometry":{"type":"Point","coordinates":[13.3996,52.5238]}},{"type":"Feature","properties":{"name":"Buenos Aires","tier":"capital","rank":13,"min_zoom":2.1,"min_label":3.0,"iso_a2":"AR","adm0":"Argentina","adm1":"Ciudad de Buenos Aires","capital":1},"geometry":{"type":"Point","coordinates":[-58.4325,-34.6107]}},{"type":"Feature","properties":{"name":"Johannesburg","tier":"world_city","rank":13,"min_zoom":3.0,"min_label":3.0,"iso_a2":"ZA","adm0":"South Africa","adm1":"Gauteng","capital":0},"geometry":{"type":"Point","coordinates":[28.0281,-26.1681]}},{"type":"Feature","properties":{"name":"Kinshasa","tier":"capital","rank":13,"min_zoom":3.0,"min_label":3.0,"iso_a2":"CD","adm0":"Congo (Kinshasa)","adm1":"Kinshasa City","capital":1},"geometry":{"type":"Point","coordinates":[15.313,-4.3278]}},{"type":"Feature","properties":{"name":"Madrid","tier":"capital","rank":13,"min_zoom":3.0,"min_label":3.0,"iso_a2":"ES","adm0":"Spain","adm1":"Comunidad de Madrid","capital":1},"geometry":{"type":"Point","coordinates":[-3.6853,40.402]}},{"type":"Feature","properties":{"name":"Melbourne","tier":"world_city","rank":13,"min_zoom":3.0,"min_label":3.0,"iso_a2":"AU","adm0":"Australia","adm1":"Victoria","capital":0},"geometry":{"type":"Point","coordinates":[144.9731,-37.8181]}},{"type":"Feature","properties":{"name":"Seoul","tier":"capital","rank":13,"min_zoom":3.0,"min_label":3.0,"iso_a2":"KR","adm0":"South Korea","adm1":"Seoul","capital":1},"geometry":{"type":"Point","coordinates":[126.9978,37.5683]}},{"type":"Feature","properties":{"name":"Baghdad","tier":"capital","rank":15,"min_zoom":3.7,"min_label":5.0,"iso_a2":"IQ","adm0":"Iraq","adm1":"Baghdad","capital":1},"geometry":{"type":"Point","coordinates":[44.3919,33.3406]}},{"type":"Feature","properties":{"name":"Bangkok","tier":"capital","rank":15,"min_zoom":3.0,"min_label":5.0,"iso_a2":"TH","adm0":"Thailand","adm1":"Bangkok Metropolis","capital":1},"geometry":{"type":"Point","coordinates":[100.5147,13.7519]}},{"type":"Feature","properties":{"name":"Casablanca","tier":"world_city","rank":15,"min_zoom":3.7,"min_label":5.0,"iso_a2":"MA","adm0":"Morocco","adm1":"Grand Casablanca","capital":0},"geometry":{"type":"Point","coordinates":[-7.6183,33.6019]}},{"type":"Feature","properties":{"name":"Kabul","tier":"capital","rank":15,"min_zoom":3.7,"min_label":5.0,"iso_a2":"AF","adm0":"Afghanistan","adm1":"Kabul","capital":1},"geometry":{"type":"Point","coordinates":[69.1813,34.5186]}},{"type":"Feature","properties":{"name":"Kyiv","tier":"capital","rank":15,"min_zoom":3.7,"min_label":5.0,"iso_a2":"UA","adm0":"Ukraine","adm1":"Kiev","capital":1},"geometry":{"type":"Point","coordinates":[30.5147,50.4353]}},{"type":"Feature","properties":{"name":"Lima","tier":"capital","rank":15,"min_zoom":3.0,"min_label":5.0,"iso_a2":"PE","adm0":"Peru","adm1":"Lima","capital":1},"geometry":{"type":"Point","coordinates":[-77.052,-12.0461]}},{"type":"Feature","properties":{"name":"Manila","tier":"capital","rank":15,"min_zoom":2.7,"min_label":5.0,"iso_a2":"PH","adm0":"Philippines","adm1":"Metropolitan Manila","capital":1},"geometry":{"type":"Point","coordinates":[120.9803,14.6061]}},{"type":"Feature","properties":{"name":"Tehran","tier":"capital","rank":15,"min_zoom":3.0,"min_label":5.0,"iso_a2":"IR","adm0":"Iran","adm1":"Tehran","capital":1},"geometry":{"type":"Point","coordinates":[51.4224,35.6739]}},{"type":"Feature","properties":{"name":"Athens","tier":"capital","rank":16,"min_zoom":3.7,"min_label":6.0,"iso_a2":"GR","adm0":"Greece","adm1":"Attiki","capital":1},"geometry":{"type":"Point","coordinates":[23.7314,37.9853]}},{"type":"Feature","properties":{"name":"Caracas","tier":"capital","rank":16,"min_zoom":3.0,"min_label":6.0,"iso_a2":"VE","adm0":"Venezuela","adm1":"Distrito Capital","capital":1},"geometry":{"type":"Point","coordinates":[-66.919,10.5029]}},{"type":"Feature","properties":{"name":"Tashkent","tier":"capital","rank":16,"min_zoom":3.7,"min_label":6.0,"iso_a2":"UZ","adm0":"Uzbekistan","adm1":"Tashkent","capital":1},"geometry":{"type":"Point","coordinates":[69.2688,41.3038]}},{"type":"Feature","properties":{"name":"Geneva","tier":"world_city","rank":17,"min_zoom":3.7,"min_label":7.0,"iso_a2":"CH","adm0":"Switzerland","adm1":"Genève","capital":0},"geometry":{"type":"Point","coordinates":[6.14,46.21]}},{"type":"Feature","properties":{"name":"Stockholm","tier":"capital","rank":17,"min_zoom":3.0,"min_label":7.0,"iso_a2":"SE","adm0":"Sweden","adm1":"Stockholm","capital":1},"geometry":{"type":"Point","coordinates":[18.0663,59.3241]}},{"type":"Feature","properties":{"name":"Vienna","tier":"capital","rank":17,"min_zoom":3.7,"min_label":7.0,"iso_a2":"AT","adm0":"Austria","adm1":"Wien","capital":1},"geometry":{"type":"Point","coordinates":[16.3647,48.202]}},{"type":"Feature","properties":{"name":"Amsterdam","tier":"capital","rank":18,"min_zoom":3.7,"min_label":8.0,"iso_a2":"NL","adm0":"Netherlands","adm1":"Noord-Holland","capital":1},"geometry":{"type":"Point","coordinates":[4.9147,52.3519]}},{"type":"Feature","properties":{"name":"Auckland","tier":"world_city","rank":18,"min_zoom":3.0,"min_label":8.0,"iso_a2":"NZ","adm0":"New Zealand","adm1":"Auckland","capital":0},"geometry":{"type":"Point","coordinates":[174.763,-36.8481]}},{"type":"Feature","properties":{"name":"Dakar","tier":"capital","rank":18,"min_zoom":3.0,"min_label":8.0,"iso_a2":"SN","adm0":"Senegal","adm1":"Dakar","capital":1},"geometry":{"type":"Point","coordinates":[-17.4751,14.7178]}},{"type":"Feature","properties":{"name":"Dubai","tier":"world_city","rank":18,"min_zoom":3.7,"min_label":8.0,"iso_a2":"AE","adm0":"United Arab Emirates","adm1":"Dubay","capital":0},"geometry":{"type":"Point","coordinates":[55.2869,25.2149]}},{"type":"Feature","properties":{"name":"Taipei","tier":"capital","rank":18,"min_zoom":3.7,"min_label":8.0,"iso_a2":"TW","adm0":"Taiwan","adm1":"Taipei City","capital":1},"geometry":{"type":"Point","coordinates":[121.5683,25.0358]}},{"type":"Feature","properties":{"name":"Ahmedabad","tier":"world_city","rank":21,"min_zoom":4.7,"min_label":4.7,"iso_a2":"IN","adm0":"India","adm1":"Dadra and Nagar Haveli","capital":0},"geometry":{"type":"Point","coordinates":[72.5781,23.032]}},{"type":"Feature","properties":{"name":"Anchorage","tier":"regional","rank":21,"min_zoom":3.0,"min_label":3.0,"iso_a2":"US","adm0":"United States of America","adm1":"Alaska","capital":0},"geometry":{"type":"Point","coordinates":[-149.8874,61.214]}},{"type":"Feature","properties":{"name":"Bandung","tier":"world_city","rank":21,"min_zoom":4.7,"min_label":4.7,"iso_a2":"ID","adm0":"Indonesia","adm1":"Jawa Barat","capital":0},"geometry":{"type":"Point","coordinates":[107.5681,-6.9481]}},{"type":"Feature","properties":{"name":"Baotou","tier":"world_city","rank":21,"min_zoom":4.0,"min_label":4.0,"iso_a2":"CN","adm0":"China","adm1":"Nei Mongol","capital":0},"geometry":{"type":"Point","coordinates":[109.8201,40.6542]}},{"type":"Feature","properties":{"name":"Belém","tier":"world_city","rank":21,"min_zoom":4.0,"min_label":4.0,"iso_a2":"BR","adm0":"Brazil","adm1":"Pará","capital":0},"geometry":{"type":"Point","coordinates":[-48.482,-1.4481]}},{"type":"Feature","properties":{"name":"Boston","tier":"world_city","rank":21,"min_zoom":4.0,"min_label":4.0,"iso_a2":"US","adm0":"United States of America","adm1":"Massachusetts","capital":0},"geometry":{"type":"Point","coordinates":[-71.072,42.3319]}},{"type":"Feature","properties":{"name":"Brasília","tier":"capital","rank":21,"min_zoom":3.7,"min_label":3.7,"iso_a2":"BR","adm0":"Brazil","adm1":"Distrito Federal","capital":1},"geometry":{"type":"Point","coordinates":[-47.918,-15.7814]}},{"type":"Feature","properties":{"name":"Changchun","tier":"world_city","rank":21,"min_zoom":4.0,"min_label":4.0,"iso_a2":"CN","adm0":"China","adm1":"Jilin","capital":0},"geometry":{"type":"Point","coordinates":[125.338,43.867]}},{"type":"Feature","properties":{"name":"Changsha","tier":"world_city","rank":21,"min_zoom":4.7,"min_label":4.7,"iso_a2":"CN","adm0":"China","adm1":"Hunan","capital":0},"geometry":{"type":"Point","coordinates":[112.968,28.2019]}},{"type":"Feature","properties":{"name":"Chennai","tier":"world_city","rank":21,"min_zoom":4.0,"min_label":4.0,"iso_a2":"IN","adm0":"India","adm1":"Tamil Nadu","capital":0},"geometry":{"type":"Point","coordinates":[80.2781,13.0919]}},{"type":"Feature","properties":{"name":"Chongqing","tier":"world_city","rank":21,"min_zoom":4.0,"min_label":4.0,"iso_a2":"CN","adm0":"China","adm1":"Chongqing","capital":0},"geometry":{"type":"Point","coordinates":[106.593,29.5669]}},{"type":"Feature","properties":{"name":"Curitiba","tier":"world_city","rank":21,"min_zoom":4.0,"min_label":4.0,"iso_a2":"BR","adm0":"Brazil","adm1":"Paraná","capital":0},"geometry":{"type":"Point","coordinates":[-49.3219,-25.4181]}},{"type":"Feature","properties":{"name":"Dallas","tier":"world_city","rank":21,"min_zoom":4.0,"min_label":4.0,"iso_a2":"US","adm0":"United States of America","adm1":"Texas","capital":0},"geometry":{"type":"Point","coordinates":[-96.7947,32.772]}},{"type":"Feature","properties":{"name":"Delhi","tier":"world_city","rank":21,"min_zoom":4.0,"min_label":4.0,"iso_a2":"IN","adm0":"India","adm1":"Delhi","capital":0},"geometry":{"type":"Point","coordinates":[77.2281,28.6719]}},{"type":"Feature","properties":{"name":"Detroit","tier":"world_city","rank":21,"min_zoom":4.0,"min_label":4.0,"iso_a2":"US","adm0":"United States of America","adm1":"Michigan","capital":0},"geometry":{"type":"Point","coordinates":[-83.0513,42.3336]}},{"type":"Feature","properties":{"name":"Dongguan","tier":"world_city","rank":21,"min_zoom":5.6,"min_label":5.6,"iso_a2":"CN","adm0":"China","adm1":"Guangdong","capital":0},"geometry":{"type":"Point","coordinates":[113.7505,23.0215]}},{"type":"Feature","properties":{"name":"Fortaleza","tier":"world_city","rank":21,"min_zoom":4.0,"min_label":4.0,"iso_a2":"BR","adm0":"Brazil","adm1":"Ceará","capital":0},"geometry":{"type":"Point","coordinates":[-38.5819,-3.7481]}},{"type":"Feature","properties":{"name":"Fuzhou","tier":"world_city","rank":21,"min_zoom":4.7,"min_label":4.7,"iso_a2":"CN","adm0":"China","adm1":"Fujian","capital":0},"geometry":{"type":"Point","coordinates":[119.2981,26.0819]}},{"type":"Feature","properties":{"name":"Goiânia","tier":"world_city","rank":21,"min_zoom":4.7,"min_label":4.7,"iso_a2":"BR","adm0":"Brazil","adm1":"Goiás","capital":0},"geometry":{"type":"Point","coordinates":[-49.302,-16.7181]}},{"type":"Feature","properties":{"name":"Guangzhou","tier":"world_city","rank":21,"min_zoom":4.0,"min_label":4.0,"iso_a2":"CN","adm0":"China","adm1":"Guangdong","capital":0},"geometry":{"type":"Point","coordinates":[113.2618,23.1247]}},{"type":"Feature","properties":{"name":"Guiyang","tier":"world_city","rank":21,"min_zoom":4.7,"min_label":4.7,"iso_a2":"CN","adm0":"China","adm1":"Guizhou","capital":0},"geometry":{"type":"Point","coordinates":[106.7181,26.582]}},{"type":"Feature","properties":{"name":"Hangzhou","tier":"world_city","rank":21,"min_zoom":4.0,"min_label":4.0,"iso_a2":"CN","adm0":"China","adm1":"Zhejiang","capital":0},"geometry":{"type":"Point","coordinates":[120.1681,30.2519]}},{"type":"Feature","properties":{"name":"Harbin","tier":"world_city","rank":21,"min_zoom":3.7,"min_label":3.7,"iso_a2":"CN","adm0":"China","adm1":"Heilongjiang","capital":0},"geometry":{"type":"Point","coordinates":[126.648,45.7519]}},{"type":"Feature","properties":{"name":"Honolulu","tier":"world_city","rank":21,"min_zoom":4.0,"min_label":4.0,"iso_a2":"US","adm0":"United States of America","adm1":"Hawaii","capital":0},"geometry":{"type":"Point","coordinates":[-157.8583,21.3034]}},{"type":"Feature","properties":{"name":"Hyderabad","tier":"world_city","rank":21,"min_zoom":4.0,"min_label":4.0,"iso_a2":"IN","adm0":"India","adm1":"Telangana","capital":0},"geometry":{"type":"Point","coordinates":[78.478,17.4019]}},{"type":"Feature","properties":{"name":"Jaipur","tier":"world_city","rank":21,"min_zoom":4.0,"min_label":4.0,"iso_a2":"IN","adm0":"India","adm1":"Rajasthan","capital":0},"geometry":{"type":"Point","coordinates":[75.808,26.9231]}},{"type":"Feature","properties":{"name":"Jinan","tier":"world_city","rank":21,"min_zoom":4.0,"min_label":4.0,"iso_a2":"CN","adm0":"China","adm1":"Shandong","capital":0},"geometry":{"type":"Point","coordinates":[116.9931,36.6769]}},{"type":"Feature","properties":{"name":"Kanpur","tier":"world_city","rank":21,"min_zoom":4.0,"min_label":4.0,"iso_a2":"IN","adm0":"India","adm1":"Uttar Pradesh","capital":0},"geometry":{"type":"Point","coordinates":[80.318,26.4619]}},{"type":"Feature","properties":{"name":"Kunming","tier":"world_city","rank":21,"min_zoom":4.0,"min_label":4.0,"iso_a2":"CN","adm0":"China","adm1":"Yunnan","capital":0},"geometry":{"type":"Point","coordinates":[102.6974,25.0429]}},{"type":"Feature","properties":{"name":"Lanzhou","tier":"world_city","rank":21,"min_zoom":4.0,"min_label":4.0,"iso_a2":"CN","adm0":"China","adm1":"Gansu","capital":0},"geometry":{"type":"Point","coordinates":[103.7901,36.058]}},{"type":"Feature","properties":{"name":"Medan","tier":"world_city","rank":21,"min_zoom":4.0,"min_label":4.0,"iso_a2":"ID","adm0":"Indonesia","adm1":"Sumatera Utara","capital":0},"geometry":{"type":"Point","coordinates":[98.6481,3.5819]}},{"type":"Feature","properties":{"name":"Minneapolis","tier":"world_city","rank":21,"min_zoom":4.0,"min_label":4.0,"iso_a2":"US","adm0":"United States of America","adm1":"Minnesota","capital":0},"geometry":{"type":"Point","coordinates":[-93.2537,44.9819]}},{"type":"Feature","properties":{"name":"Nagpur","tier":"world_city","rank":21,"min_zoom":4.0,"min_label":4.0,"iso_a2":"IN","adm0":"India","adm1":"Maharashtra","capital":0},"geometry":{"type":"Point","coordinates":[79.088,21.1719]}},{"type":"Feature","properties":{"name":"Nanchang","tier":"world_city","rank":21,"min_zoom":4.7,"min_label":4.7,"iso_a2":"CN","adm0":"China","adm1":"Jiangxi","capital":0},"geometry":{"type":"Point","coordinates":[115.8781,28.6819]}},{"type":"Feature","properties":{"name":"Nanjing","tier":"world_city","rank":21,"min_zoom":4.0,"min_label":4.0,"iso_a2":"CN","adm0":"China","adm1":"Jiangsu","capital":0},"geometry":{"type":"Point","coordinates":[118.778,32.052]}},{"type":"Feature","properties":{"name":"Nanning","tier":"world_city","rank":21,"min_zoom":4.0,"min_label":4.0,"iso_a2":"CN","adm0":"China","adm1":"Guangxi","capital":0},"geometry":{"type":"Point","coordinates":[108.3181,22.8219]}},{"type":"Feature","properties":{"name":"New Orleans","tier":"world_city","rank":21,"min_zoom":4.0,"min_label":4.0,"iso_a2":"US","adm0":"United States of America","adm1":"Louisiana","capital":0},"geometry":{"type":"Point","coordinates":[-90.0884,29.9689]}},{"type":"Feature","properties":{"name":"Patna","tier":"world_city","rank":21,"min_zoom":4.7,"min_label":4.7,"iso_a2":"IN","adm0":"India","adm1":"Bihar","capital":0},"geometry":{"type":"Point","coordinates":[85.1281,25.6269]}},{"type":"Feature","properties":{"name":"Philadelphia","tier":"world_city","rank":21,"min_zoom":5.0,"min_label":5.0,"iso_a2":"US","adm0":"United States of America","adm1":"Pennsylvania","capital":0},"geometry":{"type":"Point","coordinates":[-75.1798,39.9459]}},{"type":"Feature","properties":{"name":"Phoenix","tier":"world_city","rank":21,"min_zoom":4.0,"min_label":4.0,"iso_a2":"US","adm0":"United States of America","adm1":"Arizona","capital":0},"geometry":{"type":"Point","coordinates":[-112.0674,33.4483]}},{"type":"Feature","properties":{"name":"Porto Alegre","tier":"world_city","rank":21,"min_zoom":4.0,"min_label":4.0,"iso_a2":"BR","adm0":"Brazil","adm1":"Rio Grande do Sul","capital":0},"geometry":{"type":"Point","coordinates":[-51.202,-30.0481]}},{"type":"Feature","properties":{"name":"Pune","tier":"world_city","rank":21,"min_zoom":4.0,"min_label":4.0,"iso_a2":"IN","adm0":"India","adm1":"Maharashtra","capital":0},"geometry":{"type":"Point","coordinates":[73.8519,18.5164]}},{"type":"Feature","properties":{"name":"Recife","tier":"world_city","rank":21,"min_zoom":3.7,"min_label":3.7,"iso_a2":"BR","adm0":"Brazil","adm1":"Pernambuco","capital":0},"geometry":{"type":"Point","coordinates":[-34.9088,-8.0605]}},{"type":"Feature","properties":{"name":"Salvador","tier":"world_city","rank":21,"min_zoom":3.7,"min_label":3.7,"iso_a2":"BR","adm0":"Brazil","adm1":"Bahia","capital":0},"geometry":{"type":"Point","coordinates":[-38.4819,-12.968]}},{"type":"Feature","properties":{"name":"San Diego","tier":"world_city","rank":21,"min_zoom":4.0,"min_label":4.0,"iso_a2":"US","adm0":"United States of America","adm1":"California","capital":0},"geometry":{"type":"Point","coordinates":[-117.1509,32.7189]}},{"type":"Feature","properties":{"name":"Seattle","tier":"world_city","rank":21,"min_zoom":4.0,"min_label":4.0,"iso_a2":"US","adm0":"United States of America","adm1":"Washington","capital":0},"geometry":{"type":"Point","coordinates":[-122.3153,47.6004]}},{"type":"Feature","properties":{"name":"Shenyeng","tier":"world_city","rank":21,"min_zoom":4.0,"min_label":4.0,"iso_a2":"CN","adm0":"China","adm1":"Liaoning","capital":0},"geometry":{"type":"Point","coordinates":[123.448,41.8069]}},{"type":"Feature","properties":{"name":"Shenzhen","tier":"world_city","rank":21,"min_zoom":4.7,"min_label":4.7,"iso_a2":"CN","adm0":"China","adm1":"Guangdong","capital":0},"geometry":{"type":"Point","coordinates":[114.0612,22.5481]}},{"type":"Feature","properties":{"name":"St. Louis","tier":"world_city","rank":21,"min_zoom":4.0,"min_label":4.0,"iso_a2":"US","adm0":"United States of America","adm1":"Missouri","capital":0},"geometry":{"type":"Point","coordinates":[-90.2419,38.637]}},{"type":"Feature","properties":{"name":"Surabaya","tier":"world_city","rank":21,"min_zoom":4.0,"min_label":4.0,"iso_a2":"ID","adm0":"Indonesia","adm1":"Jawa Timur","capital":0},"geometry":{"type":"Point","coordinates":[112.7489,-7.2473]}},{"type":"Feature","properties":{"name":"Surat","tier":"world_city","rank":21,"min_zoom":4.0,"min_label":4.0,"iso_a2":"IN","adm0":"India","adm1":"Dadra and Nagar Haveli","capital":0},"geometry":{"type":"Point","coordinates":[72.8381,21.2019]}},{"type":"Feature","properties":{"name":"Taiyuan","tier":"world_city","rank":21,"min_zoom":4.0,"min_label":4.0,"iso_a2":"CN","adm0":"China","adm1":"Shanxi","capital":0},"geometry":{"type":"Point","coordinates":[112.5431,37.877]}},{"type":"Feature","properties":{"name":"Tampa","tier":"world_city","rank":21,"min_zoom":5.0,"min_label":5.0,"iso_a2":"US","adm0":"United States of America","adm1":"Florida","capital":0},"geometry":{"type":"Point","coordinates":[-82.4606,27.9489]}},{"type":"Feature","properties":{"name":"Tianjin","tier":"world_city","rank":21,"min_zoom":4.0,"min_label":4.0,"iso_a2":"CN","adm0":"China","adm1":"Tianjin","capital":0},"geometry":{"type":"Point","coordinates":[117.1966,39.0828]}},{"type":"Feature","properties":{"name":"Wuhan","tier":"world_city","rank":21,"min_zoom":4.0,"min_label":4.0,"iso_a2":"CN","adm0":"China","adm1":"Hubei","capital":0},"geometry":{"type":"Point","coordinates":[114.2681,30.582]}},{"type":"Feature","properties":{"name":"Xian","tier":"world_city","rank":21,"min_zoom":3.7,"min_label":3.7,"iso_a2":"CN","adm0":"China","adm1":"Shaanxi","capital":0},"geometry":{"type":"Point","coordinates":[108.8931,34.277]}},{"type":"Feature","properties":{"name":"Zhengzhou","tier":"world_city","rank":21,"min_zoom":4.0,"min_label":4.0,"iso_a2":"CN","adm0":"China","adm1":"Henan","capital":0},"geometry":{"type":"Point","coordinates":[113.6631,34.7569]}},{"type":"Feature","properties":{"name":"Zibo","tier":"world_city","rank":21,"min_zoom":4.7,"min_label":4.7,"iso_a2":"CN","adm0":"China","adm1":"Shandong","capital":0},"geometry":{"type":"Point","coordinates":[117.9965,36.8214]}},{"type":"Feature","properties":{"name":"Chattogram","tier":"world_city","rank":22,"min_zoom":4.0,"min_label":4.0,"iso_a2":"BD","adm0":"Bangladesh","adm1":"Chittagong","capital":0},"geometry":{"type":"Point","coordinates":[91.798,22.3319]}},{"type":"Feature","properties":{"name":"Dhaka","tier":"capital","rank":22,"min_zoom":4.0,"min_label":4.0,"iso_a2":"BD","adm0":"Bangladesh","adm1":"Dhaka","capital":1},"geometry":{"type":"Point","coordinates":[90.4066,23.725]}},{"type":"Feature","properties":{"name":"Edmonton","tier":"world_city","rank":22,"min_zoom":4.0,"min_label":4.0,"iso_a2":"CA","adm0":"Canada","adm1":"Alberta","capital":0},"geometry":{"type":"Point","coordinates":[-113.5019,53.552]}},{"type":"Feature","properties":{"name":"Guadalajara","tier":"world_city","rank":22,"min_zoom":4.0,"min_label":4.0,"iso_a2":"MX","adm0":"Mexico","adm1":"Jalisco","capital":0},"geometry":{"type":"Point","coordinates":[-103.332,20.672]}},{"type":"Feature","properties":{"name":"Hiroshima","tier":"world_city","rank":22,"min_zoom":4.0,"min_label":4.0,"iso_a2":"JP","adm0":"Japan","adm1":"Hiroshima","capital":0},"geometry":{"type":"Point","coordinates":[132.441,34.3898]}},{"type":"Feature","properties":{"name":"Kano","tier":"world_city","rank":22,"min_zoom":4.7,"min_label":4.7,"iso_a2":"NG","adm0":"Nigeria","adm1":"Kano","capital":0},"geometry":{"type":"Point","coordinates":[8.5181,12.0019]}},{"type":"Feature","properties":{"name":"Karachi","tier":"world_city","rank":22,"min_zoom":4.0,"min_label":4.0,"iso_a2":"PK","adm0":"Pakistan","adm1":"Sind","capital":0},"geometry":{"type":"Point","coordinates":[66.9881,24.8719]}},{"type":"Feature","properties":{"name":"Lahore","tier":"world_city","rank":22,"min_zoom":4.0,"min_label":4.0,"iso_a2":"PK","adm0":"Pakistan","adm1":"Punjab","capital":0},"geometry":{"type":"Point","coordinates":[74.3481,31.5619]}},{"type":"Feature","properties":{"name":"Montréal","tier":"world_city","rank":22,"min_zoom":4.0,"min_label":4.0,"iso_a2":"CA","adm0":"Canada","adm1":"Québec","capital":0},"geometry":{"type":"Point","coordinates":[-73.5852,45.5019]}},{"type":"Feature","properties":{"name":"Puebla","tier":"world_city","rank":22,"min_zoom":4.0,"min_label":4.0,"iso_a2":"MX","adm0":"Mexico","adm1":"Puebla","capital":0},"geometry":{"type":"Point","coordinates":[-98.2037,19.0326]}},{"type":"Feature","properties":{"name":"Sapporo","tier":"world_city","rank":22,"min_zoom":4.0,"min_label":4.0,"iso_a2":"JP","adm0":"Japan","adm1":"Hokkaido","capital":0},"geometry":{"type":"Point","coordinates":[141.3381,43.0769]}},{"type":"Feature","properties":{"name":"St.  Petersburg","tier":"world_city","rank":22,"min_zoom":3.7,"min_label":3.7,"iso_a2":"RU","adm0":"Russia","adm1":"City of St. Petersburg","capital":0},"geometry":{"type":"Point","coordinates":[30.3141,59.941]}},{"type":"Feature","properties":{"name":"Alexandria","tier":"world_city","rank":23,"min_zoom":4.0,"min_label":4.0,"iso_a2":"EG","adm0":"Egypt","adm1":"Al Iskandariyah","capital":0},"geometry":{"type":"Point","coordinates":[29.948,31.202]}},{"type":"Feature","properties":{"name":"Barcelona","tier":"world_city","rank":23,"min_zoom":4.0,"min_label":4.0,"iso_a2":"ES","adm0":"Spain","adm1":"Cataluña","capital":0},"geometry":{"type":"Point","coordinates":[2.1814,41.3852]}},{"type":"Feature","properties":{"name":"Durban","tier":"world_city","rank":23,"min_zoom":4.0,"min_label":4.0,"iso_a2":"ZA","adm0":"South Africa","adm1":"KwaZulu-Natal","capital":0},"geometry":{"type":"Point","coordinates":[31.0109,-29.8607]}},{"type":"Feature","properties":{"name":"Frankfurt","tier":"world_city","rank":23,"min_zoom":4.0,"min_label":4.0,"iso_a2":"DE","adm0":"Germany","adm1":"Hessen","capital":0},"geometry":{"type":"Point","coordinates":[8.675,50.1]}},{"type":"Feature","properties":{"name":"Hamburg","tier":"world_city","rank":23,"min_zoom":5.0,"min_label":5.0,"iso_a2":"DE","adm0":"Germany","adm1":"Hamburg","capital":0},"geometry":{"type":"Point","coordinates":[9.9981,53.552]}},{"type":"Feature","properties":{"name":"Milan","tier":"world_city","rank":23,"min_zoom":4.7,"min_label":4.7,"iso_a2":"IT","adm0":"Italy","adm1":"Lombardia","capital":0},"geometry":{"type":"Point","coordinates":[9.2031,45.4719]}},{"type":"Feature","properties":{"name":"Munich","tier":"world_city","rank":23,"min_zoom":4.7,"min_label":4.7,"iso_a2":"DE","adm0":"Germany","adm1":"Bayern","capital":0},"geometry":{"type":"Point","coordinates":[11.573,48.1319]}},{"type":"Feature","properties":{"name":"Naples","tier":"world_city","rank":23,"min_zoom":4.7,"min_label":4.7,"iso_a2":"IT","adm0":"Italy","adm1":"Campania","capital":0},"geometry":{"type":"Point","coordinates":[14.2431,40.842]}},{"type":"Feature","properties":{"name":"Perth","tier":"world_city","rank":23,"min_zoom":3.7,"min_label":3.7,"iso_a2":"AU","adm0":"Australia","adm1":"Western Australia","capital":0},"geometry":{"type":"Point","coordinates":[115.8381,-31.9531]}},{"type":"Feature","properties":{"name":"Algiers","tier":"capital","rank":25,"min_zoom":4.0,"min_label":5.0,"iso_a2":"DZ","adm0":"Algeria","adm1":"Alger","capital":1},"geometry":{"type":"Point","coordinates":[3.0486,36.765]}},{"type":"Feature","properties":{"name":"Ankara","tier":"capital","rank":25,"min_zoom":4.0,"min_label":5.0,"iso_a2":"TR","adm0":"Turkey","adm1":"Ankara","capital":1},"geometry":{"type":"Point","coordinates":[32.8624,39.9292]}},{"type":"Feature","properties":{"name":"Cali","tier":"world_city","rank":25,"min_zoom":4.0,"min_label":5.0,"iso_a2":"CO","adm0":"Colombia","adm1":"Valle del Cauca","capital":0},"geometry":{"type":"Point","coordinates":[-76.5019,3.4019]}},{"type":"Feature","properties":{"name":"Dar es Salaam","tier":"capital","rank":25,"min_zoom":4.0,"min_label":5.0,"iso_a2":"TZ","adm0":"Tanzania","adm1":"Dar-Es-Salaam","capital":1},"geometry":{"type":"Point","coordinates":[39.2664,-6.7981]}},{"type":"Feature","properties":{"name":"Hanoi","tier":"capital","rank":25,"min_zoom":4.0,"min_label":5.0,"iso_a2":"VN","adm0":"Vietnam","adm1":"Thái Nguyên","capital":1},"geometry":{"type":"Point","coordinates":[105.8481,21.0353]}},{"type":"Feature","properties":{"name":"Ho Chi Minh City","tier":"world_city","rank":25,"min_zoom":4.0,"min_label":5.0,"iso_a2":"VN","adm0":"Vietnam","adm1":"H? Chí Minh city","capital":0},"geometry":{"type":"Point","coordinates":[106.703,10.7621]}},{"type":"Feature","properties":{"name":"Jeddah","tier":"world_city","rank":25,"min_zoom":4.0,"min_label":5.0,"iso_a2":"SA","adm0":"Saudi Arabia","adm1":"Makkah","capital":0},"geometry":{"type":"Point","coordinates":[39.2173,21.5188]}},{"type":"Feature","properties":{"name":"Khartoum","tier":"capital","rank":25,"min_zoom":4.0,"min_label":5.0,"iso_a2":"SD","adm0":"Sudan","adm1":"Khartoum","capital":1},"geometry":{"type":"Point","coordinates":[32.5322,15.59]}},{"type":"Feature","properties":{"name":"Makkah","tier":"world_city","rank":25,"min_zoom":3.7,"min_label":5.0,"iso_a2":"SA","adm0":"Saudi Arabia","adm1":"Makkah","capital":0},"geometry":{"type":"Point","coordinates":[39.8181,21.432]}},{"type":"Feature","properties":{"name":"Mashhad","tier":"world_city","rank":25,"min_zoom":4.0,"min_label":5.0,"iso_a2":"IR","adm0":"Iran","adm1":"Razavi Khorasan","capital":0},"geometry":{"type":"Point","coordinates":[59.5681,36.272]}},{"type":"Feature","properties":{"name":"Medellín","tier":"world_city","rank":25,"min_zoom":4.0,"min_label":5.0,"iso_a2":"CO","adm0":"Colombia","adm1":"Antioquia","capital":0},"geometry":{"type":"Point","coordinates":[-75.577,6.2769]}},{"type":"Feature","properties":{"name":"Warsaw","tier":"capital","rank":25,"min_zoom":4.0,"min_label":5.0,"iso_a2":"PL","adm0":"Poland","adm1":"Masovian","capital":1},"geometry":{"type":"Point","coordinates":[21.0053,52.2309]}},{"type":"Feature","properties":{"name":"Yangon","tier":"world_city","rank":25,"min_zoom":4.0,"min_label":5.0,"iso_a2":"MM","adm0":"Myanmar","adm1":"Yangon","capital":0},"geometry":{"type":"Point","coordinates":[96.1647,16.7853]}},{"type":"Feature","properties":{"name":"Accra","tier":"capital","rank":26,"min_zoom":4.0,"min_label":6.0,"iso_a2":"GH","adm0":"Ghana","adm1":"Greater Accra","capital":1},"geometry":{"type":"Point","coordinates":[-0.2187,5.552]}},{"type":"Feature","properties":{"name":"Aleppo","tier":"world_city","rank":26,"min_zoom":4.7,"min_label":6.0,"iso_a2":"SY","adm0":"Syria","adm1":"Aleppo (Halab)","capital":0},"geometry":{"type":"Point","coordinates":[37.1681,36.2319]}},{"type":"Feature","properties":{"name":"Bucharest","tier":"capital","rank":26,"min_zoom":4.0,"min_label":6.0,"iso_a2":"RO","adm0":"Romania","adm1":"Bucharest","capital":1},"geometry":{"type":"Point","coordinates":[26.098,44.4353]}},{"type":"Feature","properties":{"name":"Budapest","tier":"capital","rank":26,"min_zoom":4.7,"min_label":6.0,"iso_a2":"HU","adm0":"Hungary","adm1":"Budapest","capital":1},"geometry":{"type":"Point","coordinates":[19.0814,47.502]}},{"type":"Feature","properties":{"name":"Damascus","tier":"capital","rank":26,"min_zoom":4.7,"min_label":6.0,"iso_a2":"SY","adm0":"Syria","adm1":"Damascus","capital":1},"geometry":{"type":"Point","coordinates":[36.2981,33.502]}},{"type":"Feature","properties":{"name":"Havana","tier":"capital","rank":26,"min_zoom":4.0,"min_label":6.0,"iso_a2":"CU","adm0":"Cuba","adm1":"Ciudad de la Habana","capital":1},"geometry":{"type":"Point","coordinates":[-82.3661,23.1339]}},{"type":"Feature","properties":{"name":"Kuala Lumpur","tier":"capital","rank":26,"min_zoom":4.0,"min_label":6.0,"iso_a2":"MY","adm0":"Malaysia","adm1":"Selangor","capital":1},"geometry":{"type":"Point","coordinates":[101.6887,3.1398]}},{"type":"Feature","properties":{"name":"Lisbon","tier":"capital","rank":26,"min_zoom":4.0,"min_label":6.0,"iso_a2":"PT","adm0":"Portugal","adm1":"Lisboa","capital":1},"geometry":{"type":"Point","coordinates":[-9.1468,38.7247]}},{"type":"Feature","properties":{"name":"Luanda","tier":"capital","rank":26,"min_zoom":4.0,"min_label":6.0,"iso_a2":"AO","adm0":"Angola","adm1":"Luanda","capital":1},"geometry":{"type":"Point","coordinates":[13.2325,-8.8363]}},{"type":"Feature","properties":{"name":"Maracaibo","tier":"world_city","rank":26,"min_zoom":4.0,"min_label":6.0,"iso_a2":"VE","adm0":"Venezuela","adm1":"Zulia","capital":0},"geometry":{"type":"Point","coordinates":[-71.6619,10.7319]}},{"type":"Feature","properties":{"name":"Pyongyang","tier":"capital","rank":26,"min_zoom":4.7,"min_label":6.0,"iso_a2":"KP","adm0":"North Korea","adm1":"P'yongyang","capital":1},"geometry":{"type":"Point","coordinates":[125.7527,39.0214]}},{"type":"Feature","properties":{"name":"Sanaa","tier":"capital","rank":26,"min_zoom":4.0,"min_label":6.0,"iso_a2":"YE","adm0":"Yemen","adm1":"Amanat Al Asimah","capital":1},"geometry":{"type":"Point","coordinates":[44.2046,15.3567]}},{"type":"Feature","properties":{"name":"Guayaquil","tier":"world_city","rank":27,"min_zoom":4.7,"min_label":7.0,"iso_a2":"EC","adm0":"Ecuador","adm1":"Guayas","capital":0},"geometry":{"type":"Point","coordinates":[-79.922,-2.2181]}},{"type":"Feature","properties":{"name":"Helsinki","tier":"capital","rank":27,"min_zoom":4.0,"min_label":7.0,"iso_a2":"FI","adm0":"Finland","adm1":"Southern Finland","capital":1},"geometry":{"type":"Point","coordinates":[24.9325,60.1638]}},{"type":"Feature","properties":{"name":"Oslo","tier":"capital","rank":27,"min_zoom":4.0,"min_label":7.0,"iso_a2":"NO","adm0":"Norway","adm1":"Oslo","capital":1},"geometry":{"type":"Point","coordinates":[10.748,59.9186]}},{"type":"Feature","properties":{"name":"Prague","tier":"capital","rank":27,"min_zoom":4.7,"min_label":7.0,"iso_a2":"CZ","adm0":"Czechia","adm1":"Prague","capital":1},"geometry":{"type":"Point","coordinates":[14.4229,50.087]}},{"type":"Feature","properties":{"name":"Tripoli","tier":"capital","rank":27,"min_zoom":4.0,"min_label":7.0,"iso_a2":"LY","adm0":"Libya","adm1":"Tajura' wa an Nawahi al Arba","capital":1},"geometry":{"type":"Point","coordinates":[13.18,32.8925]}},{"type":"Feature","properties":{"name":"Zürich","tier":"world_city","rank":27,"min_zoom":4.7,"min_label":7.0,"iso_a2":"CH","adm0":"Switzerland","adm1":"Zürich","capital":0},"geometry":{"type":"Point","coordinates":[8.5481,47.3819]}},{"type":"Feature","properties":{"name":"Abidjan","tier":"capital","rank":28,"min_zoom":4.0,"min_label":8.0,"iso_a2":"CI","adm0":"Ivory Coast","adm1":"Lagunes","capital":1},"geometry":{"type":"Point","coordinates":[-4.0202,5.3231]}},{"type":"Feature","properties":{"name":"Brussels","tier":"capital","rank":28,"min_zoom":4.7,"min_label":8.0,"iso_a2":"BE","adm0":"Belgium","adm1":"Brussels","capital":1},"geometry":{"type":"Point","coordinates":[4.3314,50.8353]}},{"type":"Feature","properties":{"name":"Dublin","tier":"capital","rank":28,"min_zoom":4.0,"min_label":8.0,"iso_a2":"IE","adm0":"Ireland","adm1":"Dublin","capital":1},"geometry":{"type":"Point","coordinates":[-6.257,53.3467]}},{"type":"Feature","properties":{"name":"Kuwait City","tier":"capital","rank":28,"min_zoom":4.0,"min_label":8.0,"iso_a2":"KW","adm0":"Kuwait","adm1":"Al Kuwayt","capital":1},"geometry":{"type":"Point","coordinates":[47.9764,29.3717]}},{"type":"Feature","properties":{"name":"København","tier":"capital","rank":28,"min_zoom":4.0,"min_label":8.0,"iso_a2":"DK","adm0":"Denmark","adm1":"Hovedstaden","capital":1},"geometry":{"type":"Point","coordinates":[12.5615,55.6805]}},{"type":"Feature","properties":{"name":"Monrovia","tier":"capital","rank":28,"min_zoom":4.0,"min_label":8.0,"iso_a2":"LR","adm0":"Liberia","adm1":"Montserrado","capital":1},"geometry":{"type":"Point","coordinates":[-10.7997,6.3146]}},{"type":"Feature","properties":{"name":"Santo Domingo","tier":"capital","rank":28,"min_zoom":4.0,"min_label":8.0,"iso_a2":"DO","adm0":"Dominican Republic","adm1":"Distrito Nacional","capital":1},"geometry":{"type":"Point","coordinates":[-69.9297,18.4707]}},{"type":"Feature","properties":{"name":"Tel Aviv","tier":"world_city","rank":28,"min_zoom":4.0,"min_label":8.0,"iso_a2":"IL","adm0":"Israel","adm1":"Tel Aviv","capital":0},"geometry":{"type":"Point","coordinates":[34.7681,32.0819]}},{"type":"Feature","properties":{"name":"Apia","tier":"capital","rank":30,"min_zoom":5.0,"min_label":5.0,"iso_a2":"WS","adm0":"Samoa","adm1":null,"capital":1},"geometry":{"type":"Point","coordinates":[-171.7686,-13.8357]}},{"type":"Feature","properties":{"name":"Hamilton","tier":"capital","rank":30,"min_zoom":5.0,"min_label":5.0,"iso_a2":"BM","adm0":"Bermuda","adm1":null,"capital":1},"geometry":{"type":"Point","coordinates":[-64.7839,32.2942]}},{"type":"Feature","properties":{"name":"Hargeisa","tier":"capital","rank":30,"min_zoom":5.0,"min_label":5.0,"iso_a2":"-99","adm0":"Somaliland","adm1":null,"capital":1},"geometry":{"type":"Point","coordinates":[44.0653,9.56]}},{"type":"Feature","properties":{"name":"Jerusalem","tier":"capital","rank":30,"min_zoom":3.7,"min_label":3.7,"iso_a2":"IL","adm0":"Israel","adm1":"Jerusalem","capital":1},"geometry":{"type":"Point","coordinates":[35.2066,31.7784]}},{"type":"Feature","properties":{"name":"Malé","tier":"capital","rank":30,"min_zoom":5.0,"min_label":5.0,"iso_a2":"MV","adm0":"Maldives","adm1":null,"capital":1},"geometry":{"type":"Point","coordinates":[73.5089,4.172]}},{"type":"Feature","properties":{"name":"Nassau","tier":"capital","rank":30,"min_zoom":5.0,"min_label":5.0,"iso_a2":"BS","adm0":"The Bahamas","adm1":null,"capital":1},"geometry":{"type":"Point","coordinates":[-77.35,25.0834]}},{"type":"Feature","properties":{"name":"Nicosia","tier":"capital","rank":30,"min_zoom":5.0,"min_label":5.0,"iso_a2":"CY","adm0":"Cyprus","adm1":null,"capital":1},"geometry":{"type":"Point","coordinates":[33.3666,35.1667]}},{"type":"Feature","properties":{"name":"Nuku'alofa","tier":"capital","rank":30,"min_zoom":5.0,"min_label":5.0,"iso_a2":"TO","adm0":"Tonga","adm1":null,"capital":1},"geometry":{"type":"Point","coordinates":[-175.2206,-21.1385]}},{"type":"Feature","properties":{"name":"Praia","tier":"capital","rank":30,"min_zoom":5.0,"min_label":5.0,"iso_a2":"CV","adm0":"Cape Verde","adm1":null,"capital":1},"geometry":{"type":"Point","coordinates":[-23.5167,14.9167]}},{"type":"Feature","properties":{"name":"San Juan","tier":"world_city","rank":30,"min_zoom":5.0,"min_label":5.0,"iso_a2":"PR","adm0":"Puerto Rico","adm1":null,"capital":0},"geometry":{"type":"Point","coordinates":[-66.13,18.44]}},{"type":"Feature","properties":{"name":"Stanley","tier":"minor","rank":30,"min_zoom":5.0,"min_label":5.0,"iso_a2":"FK","adm0":"Falkland Islands","adm1":null,"capital":0},"geometry":{"type":"Point","coordinates":[-57.85,-51.7]}},{"type":"Feature","properties":{"name":"São Tomé","tier":"capital","rank":30,"min_zoom":5.0,"min_label":5.0,"iso_a2":"ST","adm0":"Sao Tome and Principe","adm1":null,"capital":1},"geometry":{"type":"Point","coordinates":[6.7297,0.3375]}},{"type":"Feature","properties":{"name":"Valletta","tier":"capital","rank":30,"min_zoom":5.0,"min_label":5.0,"iso_a2":"MT","adm0":"Malta","adm1":null,"capital":1},"geometry":{"type":"Point","coordinates":[14.5147,35.8997]}},{"type":"Feature","properties":{"name":"Victoria","tier":"capital","rank":30,"min_zoom":5.0,"min_label":5.0,"iso_a2":"SC","adm0":"Seychelles","adm1":null,"capital":1},"geometry":{"type":"Point","coordinates":[55.45,-4.6166]}},{"type":"Feature","properties":{"name":"Amritsar","tier":"world_city","rank":31,"min_zoom":5.0,"min_label":5.0,"iso_a2":"IN","adm0":"India","adm1":"Punjab","capital":0},"geometry":{"type":"Point","coordinates":[74.868,31.6419]}},{"type":"Feature","properties":{"name":"Asansol","tier":"world_city","rank":31,"min_zoom":5.0,"min_label":5.0,"iso_a2":"IN","adm0":"India","adm1":"West Bengal","capital":0},"geometry":{"type":"Point","coordinates":[86.9814,23.6853]}},{"type":"Feature","properties":{"name":"Bandjarmasin","tier":"regional","rank":31,"min_zoom":5.0,"min_label":5.0,"iso_a2":"ID","adm0":"Indonesia","adm1":"Kalimantan Selatan","capital":0},"geometry":{"type":"Point","coordinates":[114.5801,-3.33]}},{"type":"Feature","properties":{"name":"Bethel","tier":"minor","rank":31,"min_zoom":5.0,"min_label":5.0,"iso_a2":"US","adm0":"United States of America","adm1":"Alaska","capital":0},"geometry":{"type":"Point","coordinates":[-161.7558,60.7933]}},{"type":"Feature","properties":{"name":"Bhilai","tier":"world_city","rank":31,"min_zoom":5.0,"min_label":5.0,"iso_a2":"IN","adm0":"India","adm1":"Chhattisgarh","capital":0},"geometry":{"type":"Point","coordinates":[81.3722,21.2113]}},{"type":"Feature","properties":{"name":"Bhopal","tier":"world_city","rank":31,"min_zoom":5.0,"min_label":5.0,"iso_a2":"IN","adm0":"India","adm1":"Madhya Pradesh","capital":0},"geometry":{"type":"Point","coordinates":[77.408,23.2519]}},{"type":"Feature","properties":{"name":"Bhubaneswar","tier":"world_city","rank":31,"min_zoom":5.0,"min_label":5.0,"iso_a2":"IN","adm0":"India","adm1":"Orissa","capital":0},"geometry":{"type":"Point","coordinates":[85.8254,20.2724]}},{"type":"Feature","properties":{"name":"Bismarck","tier":"regional","rank":31,"min_zoom":5.0,"min_label":5.0,"iso_a2":"US","adm0":"United States of America","adm1":"North Dakota","capital":0},"geometry":{"type":"Point","coordinates":[-100.7833,46.8083]}},{"type":"Feature","properties":{"name":"Boa Vista","tier":"regional","rank":31,"min_zoom":5.0,"min_label":5.0,"iso_a2":"BR","adm0":"Brazil","adm1":"Roraima","capital":0},"geometry":{"type":"Point","coordinates":[-60.666,2.8161]}},{"type":"Feature","properties":{"name":"Boise","tier":"regional","rank":31,"min_zoom":5.0,"min_label":5.0,"iso_a2":"US","adm0":"United States of America","adm1":"Idaho","capital":0},"geometry":{"type":"Point","coordinates":[-116.2275,43.6086]}},{"type":"Feature","properties":{"name":"Buffalo","tier":"world_city","rank":31,"min_zoom":5.0,"min_label":5.0,"iso_a2":"US","adm0":"United States of America","adm1":"New York","capital":0},"geometry":{"type":"Point","coordinates":[-78.8819,42.8819]}},{"type":"Feature","properties":{"name":"Campo Grande","tier":"world_city","rank":31,"min_zoom":5.0,"min_label":5.0,"iso_a2":"BR","adm0":"Brazil","adm1":"Mato Grosso do Sul","capital":0},"geometry":{"type":"Point","coordinates":[-54.6186,-20.4481]}},{"type":"Feature","properties":{"name":"Caxias","tier":"regional","rank":31,"min_zoom":5.0,"min_label":5.0,"iso_a2":"BR","adm0":"Brazil","adm1":"Maranh","capital":0},"geometry":{"type":"Point","coordinates":[-43.35,-4.833]}},{"type":"Feature","properties":{"name":"Cheyenne","tier":"regional","rank":31,"min_zoom":5.0,"min_label":5.0,"iso_a2":"US","adm0":"United States of America","adm1":"Wyoming","capital":0},"geometry":{"type":"Point","coordinates":[-104.8197,41.14]}},{"type":"Feature","properties":{"name":"Cincinnati","tier":"world_city","rank":31,"min_zoom":5.0,"min_label":5.0,"iso_a2":"US","adm0":"United States of America","adm1":"Ohio","capital":0},"geometry":{"type":"Point","coordinates":[-84.4589,39.1638]}},{"type":"Feature","properties":{"name":"Cleveland","tier":"world_city","rank":31,"min_zoom":5.0,"min_label":5.0,"iso_a2":"US","adm0":"United States of America","adm1":"Ohio","capital":0},"geometry":{"type":"Point","coordinates":[-81.6969,41.4719]}},{"type":"Feature","properties":{"name":"Coimbatore","tier":"world_city","rank":31,"min_zoom":5.0,"min_label":5.0,"iso_a2":"IN","adm0":"India","adm1":"Tamil Nadu","capital":0},"geometry":{"type":"Point","coordinates":[76.9481,11.0019]}},{"type":"Feature","properties":{"name":"Cold Bay","tier":"minor","rank":31,"min_zoom":5.0,"min_label":5.0,"iso_a2":"US","adm0":"United States of America","adm1":"Alaska","capital":0},"geometry":{"type":"Point","coordinates":[-162.7151,55.2]}},{"type":"Feature","properties":{"name":"Cruzeiro do Sul","tier":"regional","rank":31,"min_zoom":5.0,"min_label":5.0,"iso_a2":"BR","adm0":"Brazil","adm1":"Acre","capital":0},"geometry":{"type":"Point","coordinates":[-72.67,-7.63]}},{"type":"Feature","properties":{"name":"Des Moines","tier":"regional","rank":31,"min_zoom":5.0,"min_label":5.0,"iso_a2":"US","adm0":"United States of America","adm1":"Iowa","capital":0},"geometry":{"type":"Point","coordinates":[-93.62,41.58]}},{"type":"Feature","properties":{"name":"Fairbanks","tier":"regional","rank":31,"min_zoom":4.0,"min_label":4.0,"iso_a2":"US","adm0":"United States of America","adm1":"Alaska","capital":0},"geometry":{"type":"Point","coordinates":[-147.7107,64.837]}},{"type":"Feature","properties":{"name":"Feira de Santana","tier":"regional","rank":31,"min_zoom":5.0,"min_label":5.0,"iso_a2":"BR","adm0":"Brazil","adm1":"Bahia","capital":0},"geometry":{"type":"Point","coordinates":[-38.97,-12.25]}},{"type":"Feature","properties":{"name":"Florianópolis","tier":"world_city","rank":31,"min_zoom":5.0,"min_label":5.0,"iso_a2":"BR","adm0":"Brazil","adm1":"Santa Catarina","capital":0},"geometry":{"type":"Point","coordinates":[-48.522,-27.578]}},{"type":"Feature","properties":{"name":"Guilin","tier":"world_city","rank":31,"min_zoom":5.0,"min_label":5.0,"iso_a2":"CN","adm0":"China","adm1":"Guangxi","capital":0},"geometry":{"type":"Point","coordinates":[110.2781,25.2819]}},{"type":"Feature","properties":{"name":"Hami","tier":"regional","rank":31,"min_zoom":5.0,"min_label":5.0,"iso_a2":"CN","adm0":"China","adm1":"Xinjiang Uygur","capital":0},"geometry":{"type":"Point","coordinates":[93.515,42.827]}},{"type":"Feature","properties":{"name":"Helena","tier":"minor","rank":31,"min_zoom":5.0,"min_label":5.0,"iso_a2":"US","adm0":"United States of America","adm1":"Montana","capital":0},"geometry":{"type":"Point","coordinates":[-112.0353,46.5927]}},{"type":"Feature","properties":{"name":"Hotan","tier":"regional","rank":31,"min_zoom":4.0,"min_label":4.0,"iso_a2":"CN","adm0":"China","adm1":"Xinjiang Uygur","capital":0},"geometry":{"type":"Point","coordinates":[79.9269,37.0997]}},{"type":"Feature","properties":{"name":"Huainan","tier":"world_city","rank":31,"min_zoom":5.0,"min_label":5.0,"iso_a2":"CN","adm0":"China","adm1":"Anhui","capital":0},"geometry":{"type":"Point","coordinates":[116.978,32.6319]}},{"type":"Feature","properties":{"name":"Jackson","tier":"regional","rank":31,"min_zoom":5.0,"min_label":5.0,"iso_a2":"US","adm0":"United States of America","adm1":"Mississippi","capital":0},"geometry":{"type":"Point","coordinates":[-90.185,32.2988]}},{"type":"Feature","properties":{"name":"Jamshedpur","tier":"world_city","rank":31,"min_zoom":5.0,"min_label":5.0,"iso_a2":"IN","adm0":"India","adm1":"Jharkhand","capital":0},"geometry":{"type":"Point","coordinates":[86.1956,22.7895]}},{"type":"Feature","properties":{"name":"Ji-Paraná","tier":"regional","rank":31,"min_zoom":5.0,"min_label":5.0,"iso_a2":"BR","adm0":"Brazil","adm1":"Rondinia","capital":0},"geometry":{"type":"Point","coordinates":[-61.967,-10.8333]}},{"type":"Feature","properties":{"name":"Jiayuguan","tier":"regional","rank":31,"min_zoom":5.0,"min_label":5.0,"iso_a2":"CN","adm0":"China","adm1":"Gansu","capital":0},"geometry":{"type":"Point","coordinates":[98.3,39.82]}},{"type":"Feature","properties":{"name":"Juneau","tier":"minor","rank":31,"min_zoom":4.0,"min_label":4.0,"iso_a2":"US","adm0":"United States of America","adm1":"Alaska","capital":0},"geometry":{"type":"Point","coordinates":[-134.4007,58.3034]}},{"type":"Feature","properties":{"name":"Kashgar","tier":"regional","rank":31,"min_zoom":5.0,"min_label":5.0,"iso_a2":"CN","adm0":"China","adm1":"Xinjiang Uygur","capital":0},"geometry":{"type":"Point","coordinates":[75.9699,39.4763]}},{"type":"Feature","properties":{"name":"Kodiak","tier":"minor","rank":31,"min_zoom":5.0,"min_label":5.0,"iso_a2":"US","adm0":"United States of America","adm1":"Alaska","capital":0},"geometry":{"type":"Point","coordinates":[-152.407,57.79]}},{"type":"Feature","properties":{"name":"Kozhikode","tier":"world_city","rank":31,"min_zoom":5.0,"min_label":5.0,"iso_a2":"IN","adm0":"India","adm1":"Kerala","capital":0},"geometry":{"type":"Point","coordinates":[75.768,11.2524]}},{"type":"Feature","properties":{"name":"Las Vegas","tier":"world_city","rank":31,"min_zoom":5.0,"min_label":5.0,"iso_a2":"US","adm0":"United States of America","adm1":"Nevada","capital":0},"geometry":{"type":"Point","coordinates":[-115.1514,36.1648]}},{"type":"Feature","properties":{"name":"Leticia","tier":"regional","rank":31,"min_zoom":5.0,"min_label":5.0,"iso_a2":"CO","adm0":"Colombia","adm1":"Amazonas","capital":0},"geometry":{"type":"Point","coordinates":[-69.9553,-4.2012]}},{"type":"Feature","properties":{"name":"Lhasa","tier":"regional","rank":31,"min_zoom":4.0,"min_label":4.0,"iso_a2":"CN","adm0":"China","adm1":"Xizang","capital":0},"geometry":{"type":"Point","coordinates":[91.1,29.645]}},{"type":"Feature","properties":{"name":"Macapá","tier":"regional","rank":31,"min_zoom":5.0,"min_label":5.0,"iso_a2":"BR","adm0":"Brazil","adm1":"Amapá","capital":0},"geometry":{"type":"Point","coordinates":[-51.05,0.033]}},{"type":"Feature","properties":{"name":"Madurai","tier":"world_city","rank":31,"min_zoom":5.0,"min_label":5.0,"iso_a2":"IN","adm0":"India","adm1":"Tamil Nadu","capital":0},"geometry":{"type":"Point","coordinates":[78.1181,9.922]}},{"type":"Feature","properties":{"name":"Makassar","tier":"world_city","rank":31,"min_zoom":5.0,"min_label":5.0,"iso_a2":"ID","adm0":"Indonesia","adm1":"Sulawesi Selatan","capital":0},"geometry":{"type":"Point","coordinates":[119.4301,-5.138]}},{"type":"Feature","properties":{"name":"Manaus","tier":"world_city","rank":31,"min_zoom":4.0,"min_label":4.0,"iso_a2":"BR","adm0":"Brazil","adm1":"Amazonas","capital":0},"geometry":{"type":"Point","coordinates":[-60.002,-3.0981]}},{"type":"Feature","properties":{"name":"Marabá","tier":"regional","rank":31,"min_zoom":5.0,"min_label":5.0,"iso_a2":"BR","adm0":"Brazil","adm1":"Pará","capital":0},"geometry":{"type":"Point","coordinates":[-49.116,-5.35]}},{"type":"Feature","properties":{"name":"Memphis","tier":"world_city","rank":31,"min_zoom":5.0,"min_label":5.0,"iso_a2":"US","adm0":"United States of America","adm1":"Tennessee","capital":0},"geometry":{"type":"Point","coordinates":[-90.0288,35.1447]}},{"type":"Feature","properties":{"name":"Milwaukee","tier":"world_city","rank":31,"min_zoom":5.0,"min_label":5.0,"iso_a2":"US","adm0":"United States of America","adm1":"Wisconsin","capital":0},"geometry":{"type":"Point","coordinates":[-87.9167,43.0296]}},{"type":"Feature","properties":{"name":"Nashville","tier":"world_city","rank":31,"min_zoom":5.0,"min_label":5.0,"iso_a2":"US","adm0":"United States of America","adm1":"Tennessee","capital":0},"geometry":{"type":"Point","coordinates":[-86.7819,36.1719]}},{"type":"Feature","properties":{"name":"Nome","tier":"minor","rank":31,"min_zoom":4.0,"min_label":4.0,"iso_a2":"US","adm0":"United States of America","adm1":"Alaska","capital":0},"geometry":{"type":"Point","coordinates":[-165.4064,64.5061]}},{"type":"Feature","properties":{"name":"Norfolk","tier":"major","rank":31,"min_zoom":5.7,"min_label":5.7,"iso_a2":"US","adm0":"United States of America","adm1":"Virginia","capital":0},"geometry":{"type":"Point","coordinates":[-76.28,36.85]}},{"type":"Feature","properties":{"name":"Oklahoma City","tier":"world_city","rank":31,"min_zoom":5.0,"min_label":5.0,"iso_a2":"US","adm0":"United States of America","adm1":"Oklahoma","capital":0},"geometry":{"type":"Point","coordinates":[-97.5206,35.472]}},{"type":"Feature","properties":{"name":"Omaha","tier":"regional","rank":31,"min_zoom":5.0,"min_label":5.0,"iso_a2":"US","adm0":"United States of America","adm1":"Nebraska","capital":0},"geometry":{"type":"Point","coordinates":[-96.01,41.24]}},{"type":"Feature","properties":{"name":"Padang","tier":"world_city","rank":31,"min_zoom":5.0,"min_label":5.0,"iso_a2":"ID","adm0":"Indonesia","adm1":"Sumatera Barat","capital":0},"geometry":{"type":"Point","coordinates":[100.3581,-0.9581]}},{"type":"Feature","properties":{"name":"Palembang","tier":"world_city","rank":31,"min_zoom":5.0,"min_label":5.0,"iso_a2":"ID","adm0":"Indonesia","adm1":"Sumatera Selatan","capital":0},"geometry":{"type":"Point","coordinates":[104.7481,-2.9781]}},{"type":"Feature","properties":{"name":"Pierre","tier":"minor","rank":31,"min_zoom":5.0,"min_label":5.0,"iso_a2":"US","adm0":"United States of America","adm1":"South Dakota","capital":0},"geometry":{"type":"Point","coordinates":[-100.3506,44.3683]}},{"type":"Feature","properties":{"name":"Pingxiang","tier":"world_city","rank":31,"min_zoom":5.0,"min_label":5.0,"iso_a2":"CN","adm0":"China","adm1":"Jiangxi","capital":0},"geometry":{"type":"Point","coordinates":[113.8481,27.622]}},{"type":"Feature","properties":{"name":"Pittsburgh","tier":"world_city","rank":31,"min_zoom":5.0,"min_label":5.0,"iso_a2":"US","adm0":"United States of America","adm1":"Pennsylvania","capital":0},"geometry":{"type":"Point","coordinates":[-80.0019,40.4319]}},{"type":"Feature","properties":{"name":"Point Hope","tier":"minor","rank":31,"min_zoom":5.0,"min_label":5.0,"iso_a2":"US","adm0":"United States of America","adm1":"Alaska","capital":0},"geometry":{"type":"Point","coordinates":[-166.808,68.3477]}},{"type":"Feature","properties":{"name":"Portland","tier":"world_city","rank":31,"min_zoom":4.0,"min_label":4.0,"iso_a2":"US","adm0":"United States of America","adm1":"Oregon","capital":0},"geometry":{"type":"Point","coordinates":[-122.6819,45.522]}},{"type":"Feature","properties":{"name":"Prudhoe Bay","tier":"minor","rank":31,"min_zoom":3.7,"min_label":3.7,"iso_a2":"US","adm0":"United States of America","adm1":"Alaska","capital":0},"geometry":{"type":"Point","coordinates":[-148.6694,70.2922]}},{"type":"Feature","properties":{"name":"Qiqihar","tier":"world_city","rank":31,"min_zoom":4.0,"min_label":4.0,"iso_a2":"CN","adm0":"China","adm1":"Heilongjiang","capital":0},"geometry":{"type":"Point","coordinates":[123.988,47.3469]}},{"type":"Feature","properties":{"name":"Raleigh","tier":"major","rank":31,"min_zoom":5.0,"min_label":5.0,"iso_a2":"US","adm0":"United States of America","adm1":"North Carolina","capital":0},"geometry":{"type":"Point","coordinates":[-78.647,35.7727]}},{"type":"Feature","properties":{"name":"Sacramento","tier":"world_city","rank":31,"min_zoom":5.0,"min_label":5.0,"iso_a2":"US","adm0":"United States of America","adm1":"California","capital":0},"geometry":{"type":"Point","coordinates":[-121.472,38.577]}},{"type":"Feature","properties":{"name":"Salt Lake City","tier":"world_city","rank":31,"min_zoom":4.0,"min_label":4.0,"iso_a2":"US","adm0":"United States of America","adm1":"Utah","capital":0},"geometry":{"type":"Point","coordinates":[-111.932,40.777]}},{"type":"Feature","properties":{"name":"San Antonio","tier":"world_city","rank":31,"min_zoom":5.0,"min_label":5.0,"iso_a2":"US","adm0":"United States of America","adm1":"Texas","capital":0},"geometry":{"type":"Point","coordinates":[-98.4927,29.4198]}},{"type":"Feature","properties":{"name":"San Jose","tier":"world_city","rank":31,"min_zoom":5.0,"min_label":5.0,"iso_a2":"US","adm0":"United States of America","adm1":"California","capital":0},"geometry":{"type":"Point","coordinates":[-121.8882,37.3309]}},{"type":"Feature","properties":{"name":"Santa Fe","tier":"regional","rank":31,"min_zoom":5.0,"min_label":5.0,"iso_a2":"US","adm0":"United States of America","adm1":"New Mexico","capital":0},"geometry":{"type":"Point","coordinates":[-105.9372,35.6869]}},{"type":"Feature","properties":{"name":"Santarém","tier":"regional","rank":31,"min_zoom":5.0,"min_label":5.0,"iso_a2":"BR","adm0":"Brazil","adm1":"Pará","capital":0},"geometry":{"type":"Point","coordinates":[-54.7,-2.4333]}},{"type":"Feature","properties":{"name":"Semarang","tier":"world_city","rank":31,"min_zoom":5.0,"min_label":5.0,"iso_a2":"ID","adm0":"Indonesia","adm1":"Jawa Tengah","capital":0},"geometry":{"type":"Point","coordinates":[110.4181,-6.9647]}},{"type":"Feature","properties":{"name":"Shantou","tier":"world_city","rank":31,"min_zoom":5.0,"min_label":5.0,"iso_a2":"CN","adm0":"China","adm1":"Guangdong","capital":0},"geometry":{"type":"Point","coordinates":[116.6681,23.372]}},{"type":"Feature","properties":{"name":"Tarakan","tier":"regional","rank":31,"min_zoom":5.0,"min_label":5.0,"iso_a2":"ID","adm0":"Indonesia","adm1":"Kalimantan Timur","capital":0},"geometry":{"type":"Point","coordinates":[117.633,3.3]}},{"type":"Feature","properties":{"name":"Utqiaġvik","tier":"minor","rank":31,"min_zoom":5.0,"min_label":5.0,"iso_a2":"US","adm0":"United States of America","adm1":"Alaska","capital":0},"geometry":{"type":"Point","coordinates":[-156.7886,71.2906]}},{"type":"Feature","properties":{"name":"Valdez","tier":"minor","rank":31,"min_zoom":5.0,"min_label":5.0,"iso_a2":"US","adm0":"United States of America","adm1":"Alaska","capital":0},"geometry":{"type":"Point","coordinates":[-146.3483,61.136]}},{"type":"Feature","properties":{"name":"Varanasi","tier":"world_city","rank":31,"min_zoom":5.0,"min_label":5.0,"iso_a2":"IN","adm0":"India","adm1":"Uttar Pradesh","capital":0},"geometry":{"type":"Point","coordinates":[82.9981,25.3319]}},{"type":"Feature","properties":{"name":"Vilhena","tier":"regional","rank":31,"min_zoom":5.0,"min_label":5.0,"iso_a2":"BR","adm0":"Brazil","adm1":"Rondônia","capital":0},"geometry":{"type":"Point","coordinates":[-60.1166,-12.7166]}},{"type":"Feature","properties":{"name":"Vishakhapatnam","tier":"world_city","rank":31,"min_zoom":5.0,"min_label":5.0,"iso_a2":"IN","adm0":"India","adm1":"Andhra Pradesh","capital":0},"geometry":{"type":"Point","coordinates":[83.2198,17.6829]}},{"type":"Feature","properties":{"name":"Xining","tier":"world_city","rank":31,"min_zoom":4.7,"min_label":4.7,"iso_a2":"CN","adm0":"China","adm1":"Gansu","capital":0},"geometry":{"type":"Point","coordinates":[101.7681,36.6219]}},{"type":"Feature","properties":{"name":"Yinchuan","tier":"world_city","rank":31,"min_zoom":5.0,"min_label":5.0,"iso_a2":"CN","adm0":"China","adm1":"Ningxia Hui","capital":0},"geometry":{"type":"Point","coordinates":[106.2711,38.4699]}},{"type":"Feature","properties":{"name":"Abuja","tier":"capital","rank":32,"min_zoom":4.0,"min_label":4.0,"iso_a2":"NG","adm0":"Nigeria","adm1":"Federal Capital Territory","capital":1},"geometry":{"type":"Point","coordinates":[7.4895,9.0546]}},{"type":"Feature","properties":{"name":"Acapulco","tier":"regional","rank":32,"min_zoom":5.0,"min_label":5.0,"iso_a2":"MX","adm0":"Mexico","adm1":"Guerrero","capital":0},"geometry":{"type":"Point","coordinates":[-99.916,16.85]}},{"type":"Feature","properties":{"name":"Anadyr","tier":"minor","rank":32,"min_zoom":5.0,"min_label":5.0,"iso_a2":"RU","adm0":"Russia","adm1":"Chukchi Autonomous Okrug","capital":0},"geometry":{"type":"Point","coordinates":[177.475,64.737]}},{"type":"Feature","properties":{"name":"Archangel","tier":"regional","rank":32,"min_zoom":4.0,"min_label":4.0,"iso_a2":"RU","adm0":"Russia","adm1":"Arkhangel'sk","capital":0},"geometry":{"type":"Point","coordinates":[40.545,64.575]}},{"type":"Feature","properties":{"name":"Arctic Bay","tier":"minor","rank":32,"min_zoom":5.0,"min_label":5.0,"iso_a2":"CA","adm0":"Canada","adm1":"Nunavut","capital":0},"geometry":{"type":"Point","coordinates":[-85.1666,73.0333]}},{"type":"Feature","properties":{"name":"Barnaul","tier":"regional","rank":32,"min_zoom":5.0,"min_label":5.0,"iso_a2":"RU","adm0":"Russia","adm1":"Altay","capital":0},"geometry":{"type":"Point","coordinates":[83.745,53.355]}},{"type":"Feature","properties":{"name":"Bratsk","tier":"regional","rank":32,"min_zoom":5.0,"min_label":5.0,"iso_a2":"RU","adm0":"Russia","adm1":"Irkutsk","capital":0},"geometry":{"type":"Point","coordinates":[101.615,56.157]}},{"type":"Feature","properties":{"name":"Calgary","tier":"world_city","rank":32,"min_zoom":4.0,"min_label":4.0,"iso_a2":"CA","adm0":"Canada","adm1":"Alberta","capital":0},"geometry":{"type":"Point","coordinates":[-114.0819,51.0849]}},{"type":"Feature","properties":{"name":"Cancún","tier":"regional","rank":32,"min_zoom":4.0,"min_label":4.0,"iso_a2":"MX","adm0":"Mexico","adm1":"Quintana Roo","capital":0},"geometry":{"type":"Point","coordinates":[-86.83,21.17]}},{"type":"Feature","properties":{"name":"Charlottetown","tier":"minor","rank":32,"min_zoom":5.0,"min_label":5.0,"iso_a2":"CA","adm0":"Canada","adm1":"Prince Edward Island","capital":0},"geometry":{"type":"Point","coordinates":[-63.1313,46.2493]}},{"type":"Feature","properties":{"name":"Chihuahua","tier":"world_city","rank":32,"min_zoom":4.0,"min_label":4.0,"iso_a2":"MX","adm0":"Mexico","adm1":"Chihuahua","capital":0},"geometry":{"type":"Point","coordinates":[-106.0869,28.6469]}},{"type":"Feature","properties":{"name":"Chita","tier":"regional","rank":32,"min_zoom":5.0,"min_label":5.0,"iso_a2":"RU","adm0":"Russia","adm1":"Chita","capital":0},"geometry":{"type":"Point","coordinates":[113.465,52.055]}},{"type":"Feature","properties":{"name":"Churchill","tier":"minor","rank":32,"min_zoom":4.0,"min_label":4.0,"iso_a2":"CA","adm0":"Canada","adm1":"Manitoba","capital":0},"geometry":{"type":"Point","coordinates":[-94.166,58.766]}},{"type":"Feature","properties":{"name":"Dikson","tier":"minor","rank":32,"min_zoom":5.0,"min_label":5.0,"iso_a2":"RU","adm0":"Russia","adm1":"Taymyr","capital":0},"geometry":{"type":"Point","coordinates":[80.5451,73.507]}},{"type":"Feature","properties":{"name":"Enugu","tier":"regional","rank":32,"min_zoom":5.0,"min_label":5.0,"iso_a2":"NG","adm0":"Nigeria","adm1":"Enugu","capital":0},"geometry":{"type":"Point","coordinates":[7.5,6.45]}},{"type":"Feature","properties":{"name":"Fort Good Hope","tier":"minor","rank":32,"min_zoom":5.0,"min_label":5.0,"iso_a2":"CA","adm0":"Canada","adm1":"Northwest Territories","capital":0},"geometry":{"type":"Point","coordinates":[-128.6333,66.2666]}},{"type":"Feature","properties":{"name":"Fort Severn","tier":"minor","rank":32,"min_zoom":5.0,"min_label":5.0,"iso_a2":"CA","adm0":"Canada","adm1":"Ontario","capital":0},"geometry":{"type":"Point","coordinates":[-87.65,55.9833]}},{"type":"Feature","properties":{"name":"Halifax","tier":"regional","rank":32,"min_zoom":4.0,"min_label":4.0,"iso_a2":"CA","adm0":"Canada","adm1":"Nova Scotia","capital":0},"geometry":{"type":"Point","coordinates":[-63.6,44.65]}},{"type":"Feature","properties":{"name":"Hyderabad","tier":"world_city","rank":32,"min_zoom":5.0,"min_label":5.0,"iso_a2":"PK","adm0":"Pakistan","adm1":"Sind","capital":0},"geometry":{"type":"Point","coordinates":[68.373,25.3819]}},{"type":"Feature","properties":{"name":"Irkutsk","tier":"regional","rank":32,"min_zoom":3.7,"min_label":3.7,"iso_a2":"RU","adm0":"Russia","adm1":"Irkutsk","capital":0},"geometry":{"type":"Point","coordinates":[104.2839,52.2846]}},{"type":"Feature","properties":{"name":"Islamabad","tier":"capital","rank":32,"min_zoom":5.0,"min_label":5.0,"iso_a2":"PK","adm0":"Pakistan","adm1":"F.C.T.","capital":1},"geometry":{"type":"Point","coordinates":[73.0806,33.6894]}},{"type":"Feature","properties":{"name":"Kazan","tier":"world_city","rank":32,"min_zoom":5.0,"min_label":5.0,"iso_a2":"RU","adm0":"Russia","adm1":"Tatarstan","capital":0},"geometry":{"type":"Point","coordinates":[49.1244,55.7519]}},{"type":"Feature","properties":{"name":"Krasnoyarsk","tier":"world_city","rank":32,"min_zoom":5.0,"min_label":5.0,"iso_a2":"RU","adm0":"Russia","adm1":"Krasnoyarsk","capital":0},"geometry":{"type":"Point","coordinates":[92.8641,56.0159]}},{"type":"Feature","properties":{"name":"Magadan","tier":"regional","rank":32,"min_zoom":3.7,"min_label":3.7,"iso_a2":"RU","adm0":"Russia","adm1":"Maga Buryatdan","capital":0},"geometry":{"type":"Point","coordinates":[150.81,59.575]}},{"type":"Feature","properties":{"name":"Mazatlán","tier":"regional","rank":32,"min_zoom":5.0,"min_label":5.0,"iso_a2":"MX","adm0":"Mexico","adm1":"Sinaloa","capital":0},"geometry":{"type":"Point","coordinates":[-106.42,23.2211]}},{"type":"Feature","properties":{"name":"Multan","tier":"world_city","rank":32,"min_zoom":5.0,"min_label":5.0,"iso_a2":"PK","adm0":"Pakistan","adm1":"Punjab","capital":0},"geometry":{"type":"Point","coordinates":[71.4531,30.2019]}},{"type":"Feature","properties":{"name":"Murmansk","tier":"regional","rank":32,"min_zoom":3.7,"min_label":3.7,"iso_a2":"RU","adm0":"Russia","adm1":"Murmansk","capital":0},"geometry":{"type":"Point","coordinates":[33.1,68.97]}},{"type":"Feature","properties":{"name":"Mérida","tier":"world_city","rank":32,"min_zoom":5.0,"min_label":5.0,"iso_a2":"MX","adm0":"Mexico","adm1":"Yucatán","capital":0},"geometry":{"type":"Point","coordinates":[-89.6186,20.9686]}},{"type":"Feature","properties":{"name":"Nagasaki","tier":"regional","rank":32,"min_zoom":5.0,"min_label":5.0,"iso_a2":"JP","adm0":"Japan","adm1":"Nagasaki","capital":0},"geometry":{"type":"Point","coordinates":[129.885,32.765]}},{"type":"Feature","properties":{"name":"Nain","tier":"minor","rank":32,"min_zoom":5.0,"min_label":5.0,"iso_a2":"CA","adm0":"Canada","adm1":"Newfoundland and Labrador","capital":0},"geometry":{"type":"Point","coordinates":[-61.686,56.5474]}},{"type":"Feature","properties":{"name":"Naujaat","tier":"minor","rank":32,"min_zoom":4.0,"min_label":4.0,"iso_a2":"CA","adm0":"Canada","adm1":"Nunavut","capital":0},"geometry":{"type":"Point","coordinates":[-86.2829,66.5295]}},{"type":"Feature","properties":{"name":"Nizhneyansk","tier":"minor","rank":32,"min_zoom":5.0,"min_label":5.0,"iso_a2":"RU","adm0":"Russia","adm1":"Sakha (Yakutia)","capital":0},"geometry":{"type":"Point","coordinates":[136.0666,71.4333]}},{"type":"Feature","properties":{"name":"Nizhny Novgorod","tier":"world_city","rank":32,"min_zoom":5.0,"min_label":5.0,"iso_a2":"RU","adm0":"Russia","adm1":"Nizhegorod","capital":0},"geometry":{"type":"Point","coordinates":[43.9981,56.335]}},{"type":"Feature","properties":{"name":"Novosibirsk","tier":"world_city","rank":32,"min_zoom":5.0,"min_label":5.0,"iso_a2":"RU","adm0":"Russia","adm1":"Novosibirsk","capital":0},"geometry":{"type":"Point","coordinates":[82.9581,55.0319]}},{"type":"Feature","properties":{"name":"Ottawa","tier":"capital","rank":32,"min_zoom":3.0,"min_label":3.0,"iso_a2":"CA","adm0":"Canada","adm1":"Ontario","capital":1},"geometry":{"type":"Point","coordinates":[-75.702,45.4186]}},{"type":"Feature","properties":{"name":"Palana","tier":"minor","rank":32,"min_zoom":5.0,"min_label":5.0,"iso_a2":"RU","adm0":"Russia","adm1":"Kamchatka","capital":0},"geometry":{"type":"Point","coordinates":[159.95,59.084]}},{"type":"Feature","properties":{"name":"Perm","tier":"world_city","rank":32,"min_zoom":4.0,"min_label":4.0,"iso_a2":"RU","adm0":"Russia","adm1":"Perm'","capital":0},"geometry":{"type":"Point","coordinates":[56.248,58.0019]}},{"type":"Feature","properties":{"name":"Peshawar","tier":"world_city","rank":32,"min_zoom":5.0,"min_label":5.0,"iso_a2":"PK","adm0":"Pakistan","adm1":"N.W.F.P.","capital":0},"geometry":{"type":"Point","coordinates":[71.5331,34.007]}},{"type":"Feature","properties":{"name":"Petropavlovsk-Kamchatsky","tier":"regional","rank":32,"min_zoom":5.0,"min_label":5.0,"iso_a2":"RU","adm0":"Russia","adm1":"Kamchatka","capital":0},"geometry":{"type":"Point","coordinates":[158.623,53.062]}},{"type":"Feature","properties":{"name":"Prince Rupert","tier":"minor","rank":32,"min_zoom":4.0,"min_label":4.0,"iso_a2":"CA","adm0":"Canada","adm1":"British Columbia","capital":0},"geometry":{"type":"Point","coordinates":[-130.33,54.3167]}},{"type":"Feature","properties":{"name":"Québec","tier":"regional","rank":32,"min_zoom":4.0,"min_label":4.0,"iso_a2":"CA","adm0":"Canada","adm1":"Québec","capital":0},"geometry":{"type":"Point","coordinates":[-71.2456,46.84]}},{"type":"Feature","properties":{"name":"Regina","tier":"regional","rank":32,"min_zoom":5.0,"min_label":5.0,"iso_a2":"CA","adm0":"Canada","adm1":"Saskatchewan","capital":0},"geometry":{"type":"Point","coordinates":[-104.617,50.45]}},{"type":"Feature","properties":{"name":"Resolute","tier":"minor","rank":32,"min_zoom":5.0,"min_label":5.0,"iso_a2":"CA","adm0":"Canada","adm1":"Nunavut","capital":0},"geometry":{"type":"Point","coordinates":[-94.9,74.6833]}},{"type":"Feature","properties":{"name":"Samara","tier":"world_city","rank":32,"min_zoom":3.7,"min_label":3.7,"iso_a2":"RU","adm0":"Russia","adm1":"Samara","capital":0},"geometry":{"type":"Point","coordinates":[50.1493,53.197]}},{"type":"Feature","properties":{"name":"Saskatoon","tier":"regional","rank":32,"min_zoom":5.0,"min_label":5.0,"iso_a2":"CA","adm0":"Canada","adm1":"Saskatchewan","capital":0},"geometry":{"type":"Point","coordinates":[-106.67,52.17]}},{"type":"Feature","properties":{"name":"Sokoto","tier":"regional","rank":32,"min_zoom":5.0,"min_label":5.0,"iso_a2":"NG","adm0":"Nigeria","adm1":"Sokoto","capital":0},"geometry":{"type":"Point","coordinates":[5.24,13.06]}},{"type":"Feature","properties":{"name":"St. John's","tier":"regional","rank":32,"min_zoom":4.0,"min_label":4.0,"iso_a2":"CA","adm0":"Canada","adm1":"Newfoundland and Labrador","capital":0},"geometry":{"type":"Point","coordinates":[-52.681,47.585]}},{"type":"Feature","properties":{"name":"Surgut","tier":"regional","rank":32,"min_zoom":4.0,"min_label":4.0,"iso_a2":"RU","adm0":"Russia","adm1":"Khanty-Mansiy","capital":0},"geometry":{"type":"Point","coordinates":[73.425,61.2599]}},{"type":"Feature","properties":{"name":"Tampico","tier":"regional","rank":32,"min_zoom":5.0,"min_label":5.0,"iso_a2":"MX","adm0":"Mexico","adm1":"Tamaulipas","capital":0},"geometry":{"type":"Point","coordinates":[-97.87,22.3]}},{"type":"Feature","properties":{"name":"Thunder Bay","tier":"regional","rank":32,"min_zoom":5.0,"min_label":5.0,"iso_a2":"CA","adm0":"Canada","adm1":"Ontario","capital":0},"geometry":{"type":"Point","coordinates":[-89.275,48.4462]}},{"type":"Feature","properties":{"name":"Tijuana","tier":"world_city","rank":32,"min_zoom":5.0,"min_label":5.0,"iso_a2":"MX","adm0":"Mexico","adm1":"Baja California","capital":0},"geometry":{"type":"Point","coordinates":[-117.0819,32.502]}},{"type":"Feature","properties":{"name":"Tiksi","tier":"minor","rank":32,"min_zoom":4.0,"min_label":4.0,"iso_a2":"RU","adm0":"Russia","adm1":"Sakha (Yakutia)","capital":0},"geometry":{"type":"Point","coordinates":[128.835,71.6269]}},{"type":"Feature","properties":{"name":"Tomsk","tier":"regional","rank":32,"min_zoom":4.0,"min_label":4.0,"iso_a2":"RU","adm0":"Russia","adm1":"Tomsk","capital":0},"geometry":{"type":"Point","coordinates":[84.975,56.495]}},{"type":"Feature","properties":{"name":"Tuxtla Gutiérrez","tier":"regional","rank":32,"min_zoom":5.0,"min_label":5.0,"iso_a2":"MX","adm0":"Mexico","adm1":"Chiapas","capital":0},"geometry":{"type":"Point","coordinates":[-93.15,16.75]}},{"type":"Feature","properties":{"name":"Ufa","tier":"world_city","rank":32,"min_zoom":5.0,"min_label":5.0,"iso_a2":"RU","adm0":"Russia","adm1":"Bashkortostan","capital":0},"geometry":{"type":"Point","coordinates":[56.0381,54.7919]}},{"type":"Feature","properties":{"name":"Veracruz","tier":"regional","rank":32,"min_zoom":5.0,"min_label":5.0,"iso_a2":"MX","adm0":"Mexico","adm1":"Veracruz","capital":0},"geometry":{"type":"Point","coordinates":[-96.16,19.1773]}},{"type":"Feature","properties":{"name":"Victoria","tier":"regional","rank":32,"min_zoom":5.0,"min_label":5.0,"iso_a2":"CA","adm0":"Canada","adm1":"British Columbia","capital":0},"geometry":{"type":"Point","coordinates":[-123.35,48.4333]}},{"type":"Feature","properties":{"name":"Vladivostok","tier":"regional","rank":32,"min_zoom":5.0,"min_label":5.0,"iso_a2":"RU","adm0":"Russia","adm1":"Primor'ye","capital":0},"geometry":{"type":"Point","coordinates":[131.91,43.13]}},{"type":"Feature","properties":{"name":"Volgograd","tier":"world_city","rank":32,"min_zoom":4.0,"min_label":4.0,"iso_a2":"RU","adm0":"Russia","adm1":"Volgograd","capital":0},"geometry":{"type":"Point","coordinates":[44.498,48.712]}},{"type":"Feature","properties":{"name":"Whitehorse","tier":"minor","rank":32,"min_zoom":4.0,"min_label":4.0,"iso_a2":"CA","adm0":"Canada","adm1":"Yukon","capital":0},"geometry":{"type":"Point","coordinates":[-135.05,60.7167]}},{"type":"Feature","properties":{"name":"Winnipeg","tier":"regional","rank":32,"min_zoom":4.0,"min_label":4.0,"iso_a2":"CA","adm0":"Canada","adm1":"Manitoba","capital":0},"geometry":{"type":"Point","coordinates":[-97.166,49.883]}},{"type":"Feature","properties":{"name":"Yakutsk","tier":"regional","rank":32,"min_zoom":4.0,"min_label":4.0,"iso_a2":"RU","adm0":"Russia","adm1":"Sakha (Yakutia)","capital":0},"geometry":{"type":"Point","coordinates":[129.735,62.035]}},{"type":"Feature","properties":{"name":"Yekaterinburg","tier":"world_city","rank":32,"min_zoom":5.0,"min_label":5.0,"iso_a2":"RU","adm0":"Russia","adm1":"Sverdlovsk","capital":0},"geometry":{"type":"Point","coordinates":[60.598,56.852]}},{"type":"Feature","properties":{"name":"Yellowknife","tier":"minor","rank":32,"min_zoom":4.0,"min_label":4.0,"iso_a2":"CA","adm0":"Canada","adm1":"Northwest Territories","capital":0},"geometry":{"type":"Point","coordinates":[-114.397,62.442]}},{"type":"Feature","properties":{"name":"Adelaide","tier":"world_city","rank":33,"min_zoom":3.7,"min_label":3.7,"iso_a2":"AU","adm0":"Australia","adm1":"South Australia","capital":0},"geometry":{"type":"Point","coordinates":[138.5981,-34.933]}},{"type":"Feature","properties":{"name":"Alice Springs","tier":"minor","rank":33,"min_zoom":5.0,"min_label":5.0,"iso_a2":"AU","adm0":"Australia","adm1":"Northern Territory","capital":0},"geometry":{"type":"Point","coordinates":[133.88,-23.701]}},{"type":"Feature","properties":{"name":"Antofagasta","tier":"regional","rank":33,"min_zoom":4.0,"min_label":4.0,"iso_a2":"CL","adm0":"Chile","adm1":"Antofagasta","capital":0},"geometry":{"type":"Point","coordinates":[-70.4,-23.65]}},{"type":"Feature","properties":{"name":"Bahía Blanca","tier":"regional","rank":33,"min_zoom":5.0,"min_label":5.0,"iso_a2":"AR","adm0":"Argentina","adm1":"Ciudad de Buenos Aires","capital":0},"geometry":{"type":"Point","coordinates":[-62.265,-38.74]}},{"type":"Feature","properties":{"name":"Bloemfontein","tier":"capital","rank":33,"min_zoom":5.0,"min_label":5.0,"iso_a2":"ZA","adm0":"South Africa","adm1":"Orange Free State","capital":1},"geometry":{"type":"Point","coordinates":[26.2299,-29.12]}},{"type":"Feature","properties":{"name":"Brisbane","tier":"world_city","rank":33,"min_zoom":4.0,"min_label":4.0,"iso_a2":"AU","adm0":"Australia","adm1":"Queensland","capital":0},"geometry":{"type":"Point","coordinates":[153.0331,-27.4531]}},{"type":"Feature","properties":{"name":"Bumba","tier":"regional","rank":33,"min_zoom":5.0,"min_label":5.0,"iso_a2":"CD","adm0":"Congo (Kinshasa)","adm1":"Équateur","capital":0},"geometry":{"type":"Point","coordinates":[22.46,2.19]}},{"type":"Feature","properties":{"name":"Canberra","tier":"capital","rank":33,"min_zoom":4.0,"min_label":4.0,"iso_a2":"AU","adm0":"Australia","adm1":"Australian Capital Territory","capital":1},"geometry":{"type":"Point","coordinates":[149.129,-35.283]}},{"type":"Feature","properties":{"name":"Comodoro Rivadavia","tier":"regional","rank":33,"min_zoom":5.0,"min_label":5.0,"iso_a2":"AR","adm0":"Argentina","adm1":"Chubut","capital":0},"geometry":{"type":"Point","coordinates":[-67.5,-45.87]}},{"type":"Feature","properties":{"name":"Concepción","tier":"regional","rank":33,"min_zoom":5.0,"min_label":5.0,"iso_a2":"CL","adm0":"Chile","adm1":"Bío-Bío","capital":0},"geometry":{"type":"Point","coordinates":[-73.05,-36.83]}},{"type":"Feature","properties":{"name":"Córdoba","tier":"world_city","rank":33,"min_zoom":4.0,"min_label":4.0,"iso_a2":"AR","adm0":"Argentina","adm1":"Córdoba","capital":0},"geometry":{"type":"Point","coordinates":[-64.1842,-31.398]}},{"type":"Feature","properties":{"name":"Darwin","tier":"regional","rank":33,"min_zoom":3.7,"min_label":3.7,"iso_a2":"AU","adm0":"Australia","adm1":"Northern Territory","capital":0},"geometry":{"type":"Point","coordinates":[130.85,-12.4254]}},{"type":"Feature","properties":{"name":"Gondar","tier":"regional","rank":33,"min_zoom":5.0,"min_label":5.0,"iso_a2":"ET","adm0":"Ethiopia","adm1":"Amhara","capital":0},"geometry":{"type":"Point","coordinates":[37.46,12.61]}},{"type":"Feature","properties":{"name":"Hobart","tier":"regional","rank":33,"min_zoom":5.0,"min_label":5.0,"iso_a2":"AU","adm0":"Australia","adm1":"Tasmania","capital":0},"geometry":{"type":"Point","coordinates":[147.295,-42.85]}},{"type":"Feature","properties":{"name":"Iquique","tier":"regional","rank":33,"min_zoom":5.0,"min_label":5.0,"iso_a2":"CL","adm0":"Chile","adm1":"Tarapacá","capital":0},"geometry":{"type":"Point","coordinates":[-70.13,-20.25]}},{"type":"Feature","properties":{"name":"Kikwit","tier":"regional","rank":33,"min_zoom":5.0,"min_label":5.0,"iso_a2":"CD","adm0":"Congo (Kinshasa)","adm1":"Bandundu","capital":0},"geometry":{"type":"Point","coordinates":[18.85,-5.03]}},{"type":"Feature","properties":{"name":"Kolwezi","tier":"regional","rank":33,"min_zoom":5.0,"min_label":5.0,"iso_a2":"CD","adm0":"Congo (Kinshasa)","adm1":"Katanga","capital":0},"geometry":{"type":"Point","coordinates":[25.4724,-10.7167]}},{"type":"Feature","properties":{"name":"Lubumbashi","tier":"world_city","rank":33,"min_zoom":5.0,"min_label":5.0,"iso_a2":"CD","adm0":"Congo (Kinshasa)","adm1":"Katanga","capital":0},"geometry":{"type":"Point","coordinates":[27.4781,-11.6781]}},{"type":"Feature","properties":{"name":"Luxor","tier":"regional","rank":33,"min_zoom":5.0,"min_label":5.0,"iso_a2":"EG","adm0":"Egypt","adm1":"Qina","capital":0},"geometry":{"type":"Point","coordinates":[32.65,25.7]}},{"type":"Feature","properties":{"name":"Lyon","tier":"world_city","rank":33,"min_zoom":4.7,"min_label":4.7,"iso_a2":"FR","adm0":"France","adm1":"Rhône-Alpes","capital":0},"geometry":{"type":"Point","coordinates":[4.8281,45.772]}},{"type":"Feature","properties":{"name":"Mar del Plata","tier":"regional","rank":33,"min_zoom":5.0,"min_label":5.0,"iso_a2":"AR","adm0":"Argentina","adm1":"Ciudad de Buenos Aires","capital":0},"geometry":{"type":"Point","coordinates":[-57.58,-38.0]}},{"type":"Feature","properties":{"name":"Matadi","tier":"regional","rank":33,"min_zoom":5.0,"min_label":5.0,"iso_a2":"CD","adm0":"Congo (Kinshasa)","adm1":"Bas-Congo","capital":0},"geometry":{"type":"Point","coordinates":[13.45,-5.8166]}},{"type":"Feature","properties":{"name":"Mendoza","tier":"world_city","rank":33,"min_zoom":5.0,"min_label":5.0,"iso_a2":"AR","adm0":"Argentina","adm1":"Mendoza","capital":0},"geometry":{"type":"Point","coordinates":[-68.8186,-32.8814]}},{"type":"Feature","properties":{"name":"Newcastle","tier":"regional","rank":33,"min_zoom":5.0,"min_label":5.0,"iso_a2":"AU","adm0":"Australia","adm1":"New South Wales","capital":0},"geometry":{"type":"Point","coordinates":[151.7702,-32.9295]}},{"type":"Feature","properties":{"name":"Palermo","tier":"world_city","rank":33,"min_zoom":5.0,"min_label":5.0,"iso_a2":"IT","adm0":"Italy","adm1":"Sicily","capital":0},"geometry":{"type":"Point","coordinates":[13.3481,38.127]}},{"type":"Feature","properties":{"name":"Port Elizabeth","tier":"world_city","rank":33,"min_zoom":5.0,"min_label":5.0,"iso_a2":"ZA","adm0":"South Africa","adm1":"Eastern Cape","capital":0},"geometry":{"type":"Point","coordinates":[25.5981,-33.9681]}},{"type":"Feature","properties":{"name":"Posadas","tier":"regional","rank":33,"min_zoom":5.0,"min_label":5.0,"iso_a2":"AR","adm0":"Argentina","adm1":"Misiones","capital":0},"geometry":{"type":"Point","coordinates":[-55.8851,-27.3578]}},{"type":"Feature","properties":{"name":"Pretoria","tier":"capital","rank":33,"min_zoom":5.0,"min_label":5.0,"iso_a2":"ZA","adm0":"South Africa","adm1":"Gauteng","capital":1},"geometry":{"type":"Point","coordinates":[28.2275,-25.705]}},{"type":"Feature","properties":{"name":"Puerto Deseado","tier":"minor","rank":33,"min_zoom":5.0,"min_label":5.0,"iso_a2":"AR","adm0":"Argentina","adm1":"Santa Cruz","capital":0},"geometry":{"type":"Point","coordinates":[-65.9,-47.75]}},{"type":"Feature","properties":{"name":"Puerto Montt","tier":"regional","rank":33,"min_zoom":5.0,"min_label":5.0,"iso_a2":"CL","adm0":"Chile","adm1":"Los Lagos","capital":0},"geometry":{"type":"Point","coordinates":[-72.93,-41.47]}},{"type":"Feature","properties":{"name":"Punta Arenas","tier":"regional","rank":33,"min_zoom":3.0,"min_label":3.0,"iso_a2":"CL","adm0":"Chile","adm1":"Magallanes y Antártica Chilena","capital":0},"geometry":{"type":"Point","coordinates":[-70.94,-53.165]}},{"type":"Feature","properties":{"name":"Río Gallegos","tier":"regional","rank":33,"min_zoom":5.0,"min_label":5.0,"iso_a2":"AR","adm0":"Argentina","adm1":"Santa Cruz","capital":0},"geometry":{"type":"Point","coordinates":[-69.2166,-51.6333]}},{"type":"Feature","properties":{"name":"Seville","tier":"major","rank":33,"min_zoom":5.0,"min_label":5.0,"iso_a2":"ES","adm0":"Spain","adm1":"Andalucía","capital":0},"geometry":{"type":"Point","coordinates":[-5.98,37.405]}},{"type":"Feature","properties":{"name":"Townsville","tier":"regional","rank":33,"min_zoom":5.0,"min_label":5.0,"iso_a2":"AU","adm0":"Australia","adm1":"Queensland","capital":0},"geometry":{"type":"Point","coordinates":[146.77,-19.2499]}},{"type":"Feature","properties":{"name":"Valdivia","tier":"regional","rank":33,"min_zoom":4.0,"min_label":4.0,"iso_a2":"CL","adm0":"Chile","adm1":"Los Ríos","capital":0},"geometry":{"type":"Point","coordinates":[-73.2331,-39.8217]}},{"type":"Feature","properties":{"name":"Valencia","tier":"world_city","rank":33,"min_zoom":4.7,"min_label":4.7,"iso_a2":"ES","adm0":"Spain","adm1":"Comunidad Valenciana","capital":0},"geometry":{"type":"Point","coordinates":[-0.402,39.487]}},{"type":"Feature","properties":{"name":"Valparaíso","tier":"world_city","rank":33,"min_zoom":5.0,"min_label":5.0,"iso_a2":"CL","adm0":"Chile","adm1":"Valparaíso","capital":0},"geometry":{"type":"Point","coordinates":[-71.617,-33.0477]}},{"type":"Feature","properties":{"name":"Cartagena","tier":"world_city","rank":35,"min_zoom":5.0,"min_label":5.0,"iso_a2":"CO","adm0":"Colombia","adm1":"Bolívar","capital":0},"geometry":{"type":"Point","coordinates":[-75.5163,10.4017]}},{"type":"Feature","properties":{"name":"Cebu","tier":"world_city","rank":35,"min_zoom":4.0,"min_label":5.0,"iso_a2":"PH","adm0":"Philippines","adm1":"Cebu","capital":0},"geometry":{"type":"Point","coordinates":[123.8981,10.3219]}},{"type":"Feature","properties":{"name":"Cusco","tier":"regional","rank":35,"min_zoom":4.0,"min_label":5.0,"iso_a2":"PE","adm0":"Peru","adm1":"Cusco","capital":0},"geometry":{"type":"Point","coordinates":[-71.9722,-13.525]}},{"type":"Feature","properties":{"name":"Davao","tier":"world_city","rank":35,"min_zoom":5.0,"min_label":5.0,"iso_a2":"PH","adm0":"Philippines","adm1":"Davao Del Sur","capital":0},"geometry":{"type":"Point","coordinates":[125.6281,7.112]}},{"type":"Feature","properties":{"name":"Dongola","tier":"minor","rank":35,"min_zoom":5.0,"min_label":5.0,"iso_a2":"SD","adm0":"Sudan","adm1":"Northern","capital":0},"geometry":{"type":"Point","coordinates":[30.4833,19.1666]}},{"type":"Feature","properties":{"name":"Fez","tier":"world_city","rank":35,"min_zoom":5.0,"min_label":5.0,"iso_a2":"MA","adm0":"Morocco","adm1":"Fès - Boulemane","capital":0},"geometry":{"type":"Point","coordinates":[-5.0023,34.0565]}},{"type":"Feature","properties":{"name":"Ghardaia","tier":"regional","rank":35,"min_zoom":5.0,"min_label":5.0,"iso_a2":"DZ","adm0":"Algeria","adm1":"Ghardaaa","capital":0},"geometry":{"type":"Point","coordinates":[3.67,32.49]}},{"type":"Feature","properties":{"name":"Glasgow","tier":"world_city","rank":35,"min_zoom":4.0,"min_label":5.0,"iso_a2":"GB","adm0":"United Kingdom","adm1":"Glasgow","capital":0},"geometry":{"type":"Point","coordinates":[-4.2391,55.8623]}},{"type":"Feature","properties":{"name":"Ica","tier":"regional","rank":35,"min_zoom":5.0,"min_label":5.0,"iso_a2":"PE","adm0":"Peru","adm1":"Ica","capital":0},"geometry":{"type":"Point","coordinates":[-75.7255,-14.068]}},{"type":"Feature","properties":{"name":"Iloilo","tier":"regional","rank":35,"min_zoom":5.0,"min_label":5.0,"iso_a2":"PH","adm0":"Philippines","adm1":"Iloilo","capital":0},"geometry":{"type":"Point","coordinates":[122.545,10.705]}},{"type":"Feature","properties":{"name":"Isfahan","tier":"world_city","rank":35,"min_zoom":5.0,"min_label":5.0,"iso_a2":"IR","adm0":"Iran","adm1":"Esfahan","capital":0},"geometry":{"type":"Point","coordinates":[51.6981,32.702]}},{"type":"Feature","properties":{"name":"Kampala","tier":"capital","rank":35,"min_zoom":5.0,"min_label":5.0,"iso_a2":"UG","adm0":"Uganda","adm1":"Kampala","capital":1},"geometry":{"type":"Point","coordinates":[32.5814,0.3186]}},{"type":"Feature","properties":{"name":"Kandahar","tier":"regional","rank":35,"min_zoom":5.0,"min_label":5.0,"iso_a2":"AF","adm0":"Afghanistan","adm1":"Kandahar","capital":0},"geometry":{"type":"Point","coordinates":[65.6949,31.61]}},{"type":"Feature","properties":{"name":"Kassala","tier":"regional","rank":35,"min_zoom":5.0,"min_label":5.0,"iso_a2":"SD","adm0":"Sudan","adm1":"Kassala","capital":0},"geometry":{"type":"Point","coordinates":[36.39,15.46]}},{"type":"Feature","properties":{"name":"Marrakesh","tier":"world_city","rank":35,"min_zoom":5.0,"min_label":5.0,"iso_a2":"MA","adm0":"Morocco","adm1":"Marrakech - Tensift - Al Haouz","capital":0},"geometry":{"type":"Point","coordinates":[-8.0019,31.6319]}},{"type":"Feature","properties":{"name":"Mbeya","tier":"regional","rank":35,"min_zoom":5.0,"min_label":5.0,"iso_a2":"TZ","adm0":"Tanzania","adm1":"Mbeya","capital":0},"geometry":{"type":"Point","coordinates":[33.43,-8.89]}},{"type":"Feature","properties":{"name":"Mitú","tier":"minor","rank":35,"min_zoom":5.0,"min_label":5.0,"iso_a2":"CO","adm0":"Colombia","adm1":"Vaupés","capital":0},"geometry":{"type":"Point","coordinates":[-70.1736,1.1983]}},{"type":"Feature","properties":{"name":"Mombasa","tier":"world_city","rank":35,"min_zoom":5.0,"min_label":5.0,"iso_a2":"KE","adm0":"Kenya","adm1":"Coast","capital":0},"geometry":{"type":"Point","coordinates":[39.688,-4.0381]}},{"type":"Feature","properties":{"name":"Naypyidaw","tier":"capital","rank":35,"min_zoom":5.0,"min_label":5.0,"iso_a2":"MM","adm0":"Myanmar","adm1":"Mandalay","capital":1},"geometry":{"type":"Point","coordinates":[96.1167,19.7685]}},{"type":"Feature","properties":{"name":"Nyala","tier":"regional","rank":35,"min_zoom":5.0,"min_label":5.0,"iso_a2":"SD","adm0":"Sudan","adm1":"South Darfur","capital":0},"geometry":{"type":"Point","coordinates":[24.89,12.06]}},{"type":"Feature","properties":{"name":"Oran","tier":"world_city","rank":35,"min_zoom":5.0,"min_label":5.0,"iso_a2":"DZ","adm0":"Algeria","adm1":"Oran","capital":0},"geometry":{"type":"Point","coordinates":[-0.6219,35.7119]}},{"type":"Feature","properties":{"name":"Port Sudan","tier":"regional","rank":35,"min_zoom":5.0,"min_label":5.0,"iso_a2":"SD","adm0":"Sudan","adm1":"Red Sea","capital":0},"geometry":{"type":"Point","coordinates":[37.2164,19.6158]}},{"type":"Feature","properties":{"name":"Rabat","tier":"capital","rank":35,"min_zoom":5.0,"min_label":5.0,"iso_a2":"MA","adm0":"Morocco","adm1":"Rabat - Salé - Zemmour - Zaer","capital":1},"geometry":{"type":"Point","coordinates":[-6.8364,34.0253]}},{"type":"Feature","properties":{"name":"Sevastopol","tier":"regional","rank":35,"min_zoom":4.0,"min_label":5.0,"iso_a2":"RU","adm0":"Russia","adm1":"Crimea","capital":0},"geometry":{"type":"Point","coordinates":[33.5244,44.6039]}},{"type":"Feature","properties":{"name":"Shiraz","tier":"world_city","rank":35,"min_zoom":5.0,"min_label":5.0,"iso_a2":"IR","adm0":"Iran","adm1":"Fars","capital":0},"geometry":{"type":"Point","coordinates":[52.5681,29.6319]}},{"type":"Feature","properties":{"name":"Tacna","tier":"regional","rank":35,"min_zoom":5.0,"min_label":5.0,"iso_a2":"PE","adm0":"Peru","adm1":"Tacna","capital":0},"geometry":{"type":"Point","coordinates":[-70.25,-18.0]}},{"type":"Feature","properties":{"name":"Tamanrasset","tier":"regional","rank":35,"min_zoom":5.0,"min_label":5.0,"iso_a2":"DZ","adm0":"Algeria","adm1":"Tamanghasset","capital":0},"geometry":{"type":"Point","coordinates":[5.5228,22.785]}},{"type":"Feature","properties":{"name":"Trujillo","tier":"regional","rank":35,"min_zoom":4.0,"min_label":5.0,"iso_a2":"PE","adm0":"Peru","adm1":"La Libertad","capital":0},"geometry":{"type":"Point","coordinates":[-79.02,-8.12]}},{"type":"Feature","properties":{"name":"Wau","tier":"regional","rank":35,"min_zoom":5.0,"min_label":5.0,"iso_a2":"SS","adm0":"South Sudan","adm1":"West Bahr-al-Ghazal","capital":0},"geometry":{"type":"Point","coordinates":[27.99,7.7]}},{"type":"Feature","properties":{"name":"Zanzibar","tier":"regional","rank":35,"min_zoom":5.0,"min_label":5.0,"iso_a2":"TZ","adm0":"Tanzania","adm1":"Zanzibar West","capital":0},"geometry":{"type":"Point","coordinates":[39.2,-6.16]}},{"type":"Feature","properties":{"name":"Aden","tier":"regional","rank":36,"min_zoom":5.0,"min_label":6.0,"iso_a2":"YE","adm0":"Yemen","adm1":"`Adan","capital":0},"geometry":{"type":"Point","coordinates":[45.0095,12.7797]}},{"type":"Feature","properties":{"name":"Agadez","tier":"regional","rank":36,"min_zoom":5.0,"min_label":6.0,"iso_a2":"NE","adm0":"Niger","adm1":"Agadez","capital":0},"geometry":{"type":"Point","coordinates":[7.9828,16.9959]}},{"type":"Feature","properties":{"name":"Almaty","tier":"world_city","rank":36,"min_zoom":5.0,"min_label":6.0,"iso_a2":"KZ","adm0":"Kazakhstan","adm1":"Almaty","capital":0},"geometry":{"type":"Point","coordinates":[76.9131,43.3269]}},{"type":"Feature","properties":{"name":"Antananarivo","tier":"capital","rank":36,"min_zoom":5.0,"min_label":6.0,"iso_a2":"MG","adm0":"Madagascar","adm1":"Antananarivo","capital":1},"geometry":{"type":"Point","coordinates":[47.5147,-18.9147]}},{"type":"Feature","properties":{"name":"Bamako","tier":"capital","rank":36,"min_zoom":4.0,"min_label":6.0,"iso_a2":"ML","adm0":"Mali","adm1":"Bamako","capital":1},"geometry":{"type":"Point","coordinates":[-8.002,12.652]}},{"type":"Feature","properties":{"name":"Beira","tier":"regional","rank":36,"min_zoom":5.0,"min_label":6.0,"iso_a2":"MZ","adm0":"Mozambique","adm1":"Sofala","capital":0},"geometry":{"type":"Point","coordinates":[34.87,-19.82]}},{"type":"Feature","properties":{"name":"Bulawayo","tier":"regional","rank":36,"min_zoom":5.0,"min_label":6.0,"iso_a2":"ZW","adm0":"Zimbabwe","adm1":"Bulawayo","capital":0},"geometry":{"type":"Point","coordinates":[28.58,-20.17]}},{"type":"Feature","properties":{"name":"Ciudad Guayana","tier":"regional","rank":36,"min_zoom":5.0,"min_label":6.0,"iso_a2":"VE","adm0":"Venezuela","adm1":"Bolívar","capital":0},"geometry":{"type":"Point","coordinates":[-62.62,8.37]}},{"type":"Feature","properties":{"name":"Colombo","tier":"capital","rank":36,"min_zoom":5.0,"min_label":6.0,"iso_a2":"LK","adm0":"Sri Lanka","adm1":"Colombo","capital":1},"geometry":{"type":"Point","coordinates":[79.8578,6.932]}},{"type":"Feature","properties":{"name":"Djenné","tier":"minor","rank":36,"min_zoom":5.0,"min_label":6.0,"iso_a2":"ML","adm0":"Mali","adm1":"Mopti","capital":0},"geometry":{"type":"Point","coordinates":[-4.55,13.9]}},{"type":"Feature","properties":{"name":"Grootfontein","tier":"minor","rank":36,"min_zoom":5.0,"min_label":6.0,"iso_a2":"NA","adm0":"Namibia","adm1":"Otjozondjupa","capital":0},"geometry":{"type":"Point","coordinates":[18.1166,-19.5666]}},{"type":"Feature","properties":{"name":"Harare","tier":"capital","rank":36,"min_zoom":4.0,"min_label":6.0,"iso_a2":"ZW","adm0":"Zimbabwe","adm1":"Harare","capital":1},"geometry":{"type":"Point","coordinates":[31.0428,-17.8158]}},{"type":"Feature","properties":{"name":"Huambo","tier":"world_city","rank":36,"min_zoom":5.0,"min_label":6.0,"iso_a2":"AO","adm0":"Angola","adm1":"Huambo","capital":0},"geometry":{"type":"Point","coordinates":[15.7581,-12.748]}},{"type":"Feature","properties":{"name":"Kathmandu","tier":"capital","rank":36,"min_zoom":5.0,"min_label":6.0,"iso_a2":"NP","adm0":"Nepal","adm1":"Bhaktapur","capital":1},"geometry":{"type":"Point","coordinates":[85.3147,27.7186]}},{"type":"Feature","properties":{"name":"La Paz","tier":"capital","rank":36,"min_zoom":4.0,"min_label":6.0,"iso_a2":"BO","adm0":"Bolivia","adm1":"La Paz","capital":1},"geometry":{"type":"Point","coordinates":[-68.1519,-16.496]}},{"type":"Feature","properties":{"name":"Lusaka","tier":"capital","rank":36,"min_zoom":4.0,"min_label":6.0,"iso_a2":"ZM","adm0":"Zambia","adm1":"Lusaka","capital":1},"geometry":{"type":"Point","coordinates":[28.2814,-15.4147]}},{"type":"Feature","properties":{"name":"Maputo","tier":"capital","rank":36,"min_zoom":5.0,"min_label":6.0,"iso_a2":"MZ","adm0":"Mozambique","adm1":"Maputo","capital":1},"geometry":{"type":"Point","coordinates":[32.5872,-25.9533]}},{"type":"Feature","properties":{"name":"Maroua","tier":"regional","rank":36,"min_zoom":5.0,"min_label":6.0,"iso_a2":"CM","adm0":"Cameroon","adm1":"Extrême-Nord","capital":0},"geometry":{"type":"Point","coordinates":[14.3247,10.5956]}},{"type":"Feature","properties":{"name":"Menongue","tier":"minor","rank":36,"min_zoom":5.0,"min_label":6.0,"iso_a2":"AO","adm0":"Angola","adm1":"Cuando Cubango","capital":0},"geometry":{"type":"Point","coordinates":[17.7,-14.6666]}},{"type":"Feature","properties":{"name":"Minsk","tier":"capital","rank":36,"min_zoom":5.0,"min_label":6.0,"iso_a2":"BY","adm0":"Belarus","adm1":"Minsk","capital":1},"geometry":{"type":"Point","coordinates":[27.5647,53.9019]}},{"type":"Feature","properties":{"name":"Nacala","tier":"regional","rank":36,"min_zoom":5.0,"min_label":6.0,"iso_a2":"MZ","adm0":"Mozambique","adm1":"Nampula","capital":0},"geometry":{"type":"Point","coordinates":[40.715,-14.5186]}},{"type":"Feature","properties":{"name":"Niamey","tier":"capital","rank":36,"min_zoom":5.0,"min_label":6.0,"iso_a2":"NE","adm0":"Niger","adm1":"Niamey","capital":1},"geometry":{"type":"Point","coordinates":[2.1147,13.5187]}},{"type":"Feature","properties":{"name":"Nur-Sultan","tier":"capital","rank":36,"min_zoom":4.0,"min_label":6.0,"iso_a2":"KZ","adm0":"Kazakhstan","adm1":"Aqmola","capital":1},"geometry":{"type":"Point","coordinates":[71.4278,51.1811]}},{"type":"Feature","properties":{"name":"Qaraghandy","tier":"regional","rank":36,"min_zoom":5.0,"min_label":6.0,"iso_a2":"KZ","adm0":"Kazakhstan","adm1":"Qaraghandy","capital":0},"geometry":{"type":"Point","coordinates":[73.115,49.885]}},{"type":"Feature","properties":{"name":"Riberalta","tier":"regional","rank":36,"min_zoom":5.0,"min_label":6.0,"iso_a2":"BO","adm0":"Bolivia","adm1":"El Beni","capital":0},"geometry":{"type":"Point","coordinates":[-66.1,-10.983]}},{"type":"Feature","properties":{"name":"Samarkand","tier":"regional","rank":36,"min_zoom":5.0,"min_label":6.0,"iso_a2":"UZ","adm0":"Uzbekistan","adm1":"Samarkand","capital":0},"geometry":{"type":"Point","coordinates":[66.945,39.67]}},{"type":"Feature","properties":{"name":"San Cristóbal","tier":"regional","rank":36,"min_zoom":5.0,"min_label":6.0,"iso_a2":"VE","adm0":"Venezuela","adm1":"Táchira","capital":0},"geometry":{"type":"Point","coordinates":[-72.25,7.77]}},{"type":"Feature","properties":{"name":"Santa Cruz","tier":"world_city","rank":36,"min_zoom":5.0,"min_label":6.0,"iso_a2":"BO","adm0":"Bolivia","adm1":"Santa Cruz","capital":0},"geometry":{"type":"Point","coordinates":[-63.2279,-17.752]}},{"type":"Feature","properties":{"name":"Sucre","tier":"capital","rank":36,"min_zoom":4.7,"min_label":6.0,"iso_a2":"BO","adm0":"Bolivia","adm1":"Chuquisaca","capital":1},"geometry":{"type":"Point","coordinates":[-65.2595,-19.041]}},{"type":"Feature","properties":{"name":"Thessaloniki","tier":"world_city","rank":36,"min_zoom":5.0,"min_label":6.0,"iso_a2":"GR","adm0":"Greece","adm1":"Kentriki Makedonia","capital":0},"geometry":{"type":"Point","coordinates":[22.8831,40.6981]}},{"type":"Feature","properties":{"name":"Timbuktu","tier":"regional","rank":36,"min_zoom":5.0,"min_label":6.0,"iso_a2":"ML","adm0":"Mali","adm1":"Timbuktu","capital":0},"geometry":{"type":"Point","coordinates":[-3.0166,16.7666]}},{"type":"Feature","properties":{"name":"Valencia","tier":"world_city","rank":36,"min_zoom":5.0,"min_label":6.0,"iso_a2":"VE","adm0":"Venezuela","adm1":"Carabobo","capital":0},"geometry":{"type":"Point","coordinates":[-67.982,10.2319]}},{"type":"Feature","properties":{"name":"Windhoek","tier":"capital","rank":36,"min_zoom":5.0,"min_label":6.0,"iso_a2":"NA","adm0":"Namibia","adm1":"Khomas","capital":1},"geometry":{"type":"Point","coordinates":[17.0835,-22.57]}},{"type":"Feature","properties":{"name":"Yaoundé","tier":"capital","rank":36,"min_zoom":5.0,"min_label":6.0,"iso_a2":"CM","adm0":"Cameroon","adm1":"Centre","capital":1},"geometry":{"type":"Point","coordinates":[11.5147,3.8686]}},{"type":"Feature","properties":{"name":"Zinder","tier":"regional","rank":36,"min_zoom":5.0,"min_label":6.0,"iso_a2":"NE","adm0":"Niger","adm1":"Zinder","capital":0},"geometry":{"type":"Point","coordinates":[8.9833,13.8]}},{"type":"Feature","properties":{"name":"Abéché","tier":"regional","rank":37,"min_zoom":5.0,"min_label":7.0,"iso_a2":"TD","adm0":"Chad","adm1":"Ouaddaï","capital":0},"geometry":{"type":"Point","coordinates":[20.83,13.84]}},{"type":"Feature","properties":{"name":"Asunción","tier":"capital","rank":37,"min_zoom":4.0,"min_label":7.0,"iso_a2":"PY","adm0":"Paraguay","adm1":"Asunción","capital":1},"geometry":{"type":"Point","coordinates":[-57.6258,-25.2907]}},{"type":"Feature","properties":{"name":"Atar","tier":"minor","rank":37,"min_zoom":5.0,"min_label":7.0,"iso_a2":"MR","adm0":"Mauritania","adm1":"Adrar","capital":0},"geometry":{"type":"Point","coordinates":[-13.05,20.5166]}},{"type":"Feature","properties":{"name":"Banghazi","tier":"world_city","rank":37,"min_zoom":4.7,"min_label":7.0,"iso_a2":"LY","adm0":"Libya","adm1":"Benghazi","capital":0},"geometry":{"type":"Point","coordinates":[20.0648,32.1187]}},{"type":"Feature","properties":{"name":"Bangui","tier":"capital","rank":37,"min_zoom":5.0,"min_label":7.0,"iso_a2":"CF","adm0":"Central African Republic","adm1":"Bangui","capital":1},"geometry":{"type":"Point","coordinates":[18.5583,4.3666]}},{"type":"Feature","properties":{"name":"Bergen","tier":"regional","rank":37,"min_zoom":5.0,"min_label":7.0,"iso_a2":"NO","adm0":"Norway","adm1":"Hordaland","capital":0},"geometry":{"type":"Point","coordinates":[5.3245,60.391]}},{"type":"Feature","properties":{"name":"Brazzaville","tier":"capital","rank":37,"min_zoom":5.0,"min_label":7.0,"iso_a2":"CG","adm0":"Congo (Brazzaville)","adm1":"Pool","capital":1},"geometry":{"type":"Point","coordinates":[15.2827,-4.2572]}},{"type":"Feature","properties":{"name":"Erdenet","tier":"regional","rank":37,"min_zoom":5.0,"min_label":7.0,"iso_a2":"MN","adm0":"Mongolia","adm1":"Orhon","capital":0},"geometry":{"type":"Point","coordinates":[104.1183,49.0533]}},{"type":"Feature","properties":{"name":"Gaborone","tier":"capital","rank":37,"min_zoom":5.0,"min_label":7.0,"iso_a2":"BW","adm0":"Botswana","adm1":"South-East","capital":1},"geometry":{"type":"Point","coordinates":[25.9119,-24.6463]}},{"type":"Feature","properties":{"name":"Libreville","tier":"capital","rank":37,"min_zoom":5.0,"min_label":7.0,"iso_a2":"GA","adm0":"Gabon","adm1":"Estuaire","capital":1},"geometry":{"type":"Point","coordinates":[9.458,0.3854]}},{"type":"Feature","properties":{"name":"N'Djamena","tier":"capital","rank":37,"min_zoom":5.0,"min_label":7.0,"iso_a2":"TD","adm0":"Chad","adm1":"Hadjer-Lamis","capital":1},"geometry":{"type":"Point","coordinates":[15.0472,12.115]}},{"type":"Feature","properties":{"name":"N'Délé","tier":"minor","rank":37,"min_zoom":5.0,"min_label":7.0,"iso_a2":"CF","adm0":"Central African Republic","adm1":"Bamingui-Bangoran","capital":0},"geometry":{"type":"Point","coordinates":[20.653,8.4091]}},{"type":"Feature","properties":{"name":"Nouakchott","tier":"capital","rank":37,"min_zoom":5.0,"min_label":7.0,"iso_a2":"MR","adm0":"Mauritania","adm1":"Nouakchott","capital":1},"geometry":{"type":"Point","coordinates":[-15.9753,18.0864]}},{"type":"Feature","properties":{"name":"Obo","tier":"minor","rank":37,"min_zoom":5.0,"min_label":7.0,"iso_a2":"CF","adm0":"Central African Republic","adm1":"Haut-Mbomou","capital":0},"geometry":{"type":"Point","coordinates":[26.5,5.4]}},{"type":"Feature","properties":{"name":"Port-Gentil","tier":"regional","rank":37,"min_zoom":5.0,"min_label":7.0,"iso_a2":"GA","adm0":"Gabon","adm1":"Ogooué-Maritime","capital":0},"geometry":{"type":"Point","coordinates":[8.78,-0.72]}},{"type":"Feature","properties":{"name":"Quito","tier":"capital","rank":37,"min_zoom":4.0,"min_label":7.0,"iso_a2":"EC","adm0":"Ecuador","adm1":"Pichincha","capital":1},"geometry":{"type":"Point","coordinates":[-78.502,-0.213]}},{"type":"Feature","properties":{"name":"Sabha","tier":"regional","rank":37,"min_zoom":5.0,"min_label":7.0,"iso_a2":"LY","adm0":"Libya","adm1":"Sabha","capital":0},"geometry":{"type":"Point","coordinates":[14.4333,27.0333]}},{"type":"Feature","properties":{"name":"Sofia","tier":"capital","rank":37,"min_zoom":5.0,"min_label":7.0,"iso_a2":"BG","adm0":"Bulgaria","adm1":"Grad Sofiya","capital":1},"geometry":{"type":"Point","coordinates":[23.3147,42.6853]}},{"type":"Feature","properties":{"name":"Tromsø","tier":"regional","rank":37,"min_zoom":3.7,"min_label":7.0,"iso_a2":"NO","adm0":"Norway","adm1":"Troms","capital":0},"geometry":{"type":"Point","coordinates":[18.992,69.6351]}},{"type":"Feature","properties":{"name":"Trondheim","tier":"regional","rank":37,"min_zoom":4.0,"min_label":7.0,"iso_a2":"NO","adm0":"Norway","adm1":"Sør-Trøndelag","capital":0},"geometry":{"type":"Point","coordinates":[10.4167,63.4167]}},{"type":"Feature","properties":{"name":"Tunis","tier":"capital","rank":37,"min_zoom":5.0,"min_label":7.0,"iso_a2":"TN","adm0":"Tunisia","adm1":"Tunis","capital":1},"geometry":{"type":"Point","coordinates":[10.1797,36.8028]}},{"type":"Feature","properties":{"name":"Ulaanbaatar","tier":"capital","rank":37,"min_zoom":4.0,"min_label":7.0,"iso_a2":"MN","adm0":"Mongolia","adm1":"Ulaanbaatar","capital":1},"geometry":{"type":"Point","coordinates":[106.9147,47.9186]}},{"type":"Feature","properties":{"name":"Abu Dhabi","tier":"capital","rank":38,"min_zoom":5.0,"min_label":8.0,"iso_a2":"AE","adm0":"United Arab Emirates","adm1":"Abu Dhabi","capital":1},"geometry":{"type":"Point","coordinates":[54.3666,24.4667]}},{"type":"Feature","properties":{"name":"Amman","tier":"capital","rank":38,"min_zoom":5.0,"min_label":8.0,"iso_a2":"JO","adm0":"Jordan","adm1":"Amman","capital":1},"geometry":{"type":"Point","coordinates":[35.9314,31.952]}},{"type":"Feature","properties":{"name":"Ashgabat","tier":"capital","rank":38,"min_zoom":5.0,"min_label":8.0,"iso_a2":"TM","adm0":"Turkmenistan","adm1":"Ahal","capital":1},"geometry":{"type":"Point","coordinates":[58.3833,37.95]}},{"type":"Feature","properties":{"name":"Asmara","tier":"capital","rank":38,"min_zoom":5.0,"min_label":8.0,"iso_a2":"ER","adm0":"Eritrea","adm1":"Anseba","capital":1},"geometry":{"type":"Point","coordinates":[38.9333,15.3333]}},{"type":"Feature","properties":{"name":"Baku","tier":"capital","rank":38,"min_zoom":5.0,"min_label":8.0,"iso_a2":"AZ","adm0":"Azerbaijan","adm1":"Baki","capital":1},"geometry":{"type":"Point","coordinates":[49.8603,40.3972]}},{"type":"Feature","properties":{"name":"Bandar Seri Begawan","tier":"capital","rank":38,"min_zoom":5.0,"min_label":8.0,"iso_a2":"BN","adm0":"Brunei","adm1":"Brunei and Muara","capital":1},"geometry":{"type":"Point","coordinates":[114.9333,4.8833]}},{"type":"Feature","properties":{"name":"Beirut","tier":"capital","rank":38,"min_zoom":5.0,"min_label":8.0,"iso_a2":"LB","adm0":"Lebanon","adm1":"Beirut","capital":1},"geometry":{"type":"Point","coordinates":[35.5078,33.8739]}},{"type":"Feature","properties":{"name":"Belgrade","tier":"capital","rank":38,"min_zoom":5.0,"min_label":8.0,"iso_a2":"RS","adm0":"Serbia","adm1":"Grad Beograd","capital":1},"geometry":{"type":"Point","coordinates":[20.466,44.8206]}},{"type":"Feature","properties":{"name":"Belmopan","tier":"capital","rank":38,"min_zoom":5.0,"min_label":8.0,"iso_a2":"BZ","adm0":"Belize","adm1":"Cayo","capital":1},"geometry":{"type":"Point","coordinates":[-88.7671,17.252]}},{"type":"Feature","properties":{"name":"Bishkek","tier":"capital","rank":38,"min_zoom":5.0,"min_label":8.0,"iso_a2":"KG","adm0":"Kyrgyzstan","adm1":"Bishkek","capital":1},"geometry":{"type":"Point","coordinates":[74.5833,42.875]}},{"type":"Feature","properties":{"name":"Bissau","tier":"capital","rank":38,"min_zoom":5.0,"min_label":8.0,"iso_a2":"GW","adm0":"Guinea Bissau","adm1":"Bissau","capital":1},"geometry":{"type":"Point","coordinates":[-15.5984,11.865]}},{"type":"Feature","properties":{"name":"Cayenne","tier":"regional","rank":38,"min_zoom":4.0,"min_label":8.0,"iso_a2":"GF","adm0":"France","adm1":"Guinaa","capital":0},"geometry":{"type":"Point","coordinates":[-52.33,4.933]}},{"type":"Feature","properties":{"name":"Chișinău","tier":"capital","rank":38,"min_zoom":5.0,"min_label":8.0,"iso_a2":"MD","adm0":"Moldova","adm1":"Chisinau","capital":1},"geometry":{"type":"Point","coordinates":[28.8577,47.005]}},{"type":"Feature","properties":{"name":"Christchurch","tier":"regional","rank":38,"min_zoom":4.0,"min_label":8.0,"iso_a2":"NZ","adm0":"New Zealand","adm1":"Canterbury","capital":0},"geometry":{"type":"Point","coordinates":[172.63,-43.535]}},{"type":"Feature","properties":{"name":"Conakry","tier":"capital","rank":38,"min_zoom":5.0,"min_label":8.0,"iso_a2":"GN","adm0":"Guinea","adm1":"Conakry","capital":1},"geometry":{"type":"Point","coordinates":[-13.6822,9.5335]}},{"type":"Feature","properties":{"name":"Cotonou","tier":"capital","rank":38,"min_zoom":5.0,"min_label":8.0,"iso_a2":"BJ","adm0":"Benin","adm1":"Ouémé","capital":1},"geometry":{"type":"Point","coordinates":[2.4044,6.363]}},{"type":"Feature","properties":{"name":"Dili","tier":"capital","rank":38,"min_zoom":5.0,"min_label":8.0,"iso_a2":"TL","adm0":"East Timor","adm1":"Dili","capital":1},"geometry":{"type":"Point","coordinates":[125.5795,-8.5594]}},{"type":"Feature","properties":{"name":"Dushanbe","tier":"capital","rank":38,"min_zoom":5.0,"min_label":8.0,"iso_a2":"TJ","adm0":"Tajikistan","adm1":"Tadzhikistan Territories","capital":1},"geometry":{"type":"Point","coordinates":[68.7739,38.56]}},{"type":"Feature","properties":{"name":"Freetown","tier":"capital","rank":38,"min_zoom":5.0,"min_label":8.0,"iso_a2":"SL","adm0":"Sierra Leone","adm1":"Western","capital":1},"geometry":{"type":"Point","coordinates":[-13.2362,8.472]}},{"type":"Feature","properties":{"name":"Georgetown","tier":"capital","rank":38,"min_zoom":4.0,"min_label":8.0,"iso_a2":"GY","adm0":"Guyana","adm1":"East Berbice-Corentyne","capital":1},"geometry":{"type":"Point","coordinates":[-58.167,6.802]}},{"type":"Feature","properties":{"name":"Guatemala City","tier":"capital","rank":38,"min_zoom":5.0,"min_label":8.0,"iso_a2":"GT","adm0":"Guatemala","adm1":"Guatemala","capital":1},"geometry":{"type":"Point","coordinates":[-90.5289,14.6231]}},{"type":"Feature","properties":{"name":"Honiara","tier":"capital","rank":38,"min_zoom":5.0,"min_label":8.0,"iso_a2":"SB","adm0":"Solomon Islands","adm1":"Guadalcanal","capital":1},"geometry":{"type":"Point","coordinates":[159.9498,-9.438]}},{"type":"Feature","properties":{"name":"Kaohsiung","tier":"world_city","rank":38,"min_zoom":5.0,"min_label":8.0,"iso_a2":"TW","adm0":"Taiwan","adm1":"Kaohsiung City","capital":0},"geometry":{"type":"Point","coordinates":[120.2666,22.6333]}},{"type":"Feature","properties":{"name":"Kingston","tier":"capital","rank":38,"min_zoom":5.0,"min_label":8.0,"iso_a2":"JM","adm0":"Jamaica","adm1":"Kingston","capital":1},"geometry":{"type":"Point","coordinates":[-76.7674,17.9771]}},{"type":"Feature","properties":{"name":"Lilongwe","tier":"capital","rank":38,"min_zoom":5.0,"min_label":8.0,"iso_a2":"MW","adm0":"Malawi","adm1":"Lilongwe","capital":1},"geometry":{"type":"Point","coordinates":[33.7833,-13.9833]}},{"type":"Feature","properties":{"name":"Lomé","tier":"capital","rank":38,"min_zoom":5.0,"min_label":8.0,"iso_a2":"TG","adm0":"Togo","adm1":"Maritime","capital":1},"geometry":{"type":"Point","coordinates":[1.2208,6.1339]}},{"type":"Feature","properties":{"name":"Malabo","tier":"capital","rank":38,"min_zoom":5.0,"min_label":8.0,"iso_a2":"GQ","adm0":"Equatorial Guinea","adm1":"Bioko Norte","capital":1},"geometry":{"type":"Point","coordinates":[8.7833,3.75]}},{"type":"Feature","properties":{"name":"Managua","tier":"capital","rank":38,"min_zoom":5.0,"min_label":8.0,"iso_a2":"NI","adm0":"Nicaragua","adm1":"Managua","capital":1},"geometry":{"type":"Point","coordinates":[-86.2704,12.155]}},{"type":"Feature","properties":{"name":"Maseru","tier":"capital","rank":38,"min_zoom":5.0,"min_label":8.0,"iso_a2":"LS","adm0":"Lesotho","adm1":"Maseru","capital":1},"geometry":{"type":"Point","coordinates":[27.4833,-29.3167]}},{"type":"Feature","properties":{"name":"Mogadishu","tier":"capital","rank":38,"min_zoom":4.0,"min_label":8.0,"iso_a2":"SO","adm0":"Somalia","adm1":"Banaadir","capital":1},"geometry":{"type":"Point","coordinates":[45.3647,2.0686]}},{"type":"Feature","properties":{"name":"Montevideo","tier":"capital","rank":38,"min_zoom":4.0,"min_label":8.0,"iso_a2":"UY","adm0":"Uruguay","adm1":"Montevideo","capital":1},"geometry":{"type":"Point","coordinates":[-56.1868,-34.9054]}},{"type":"Feature","properties":{"name":"Muscat","tier":"capital","rank":38,"min_zoom":5.0,"min_label":8.0,"iso_a2":"OM","adm0":"Oman","adm1":"Muscat","capital":1},"geometry":{"type":"Point","coordinates":[58.3783,23.5852]}},{"type":"Feature","properties":{"name":"Nuuk","tier":"minor","rank":38,"min_zoom":4.0,"min_label":8.0,"iso_a2":"GL","adm0":"Greenland","adm1":"Kommuneqarfik Sermersooq","capital":0},"geometry":{"type":"Point","coordinates":[-51.7327,64.1983]}},{"type":"Feature","properties":{"name":"Ouagadougou","tier":"capital","rank":38,"min_zoom":5.0,"min_label":8.0,"iso_a2":"BF","adm0":"Burkina Faso","adm1":"Kadiogo","capital":1},"geometry":{"type":"Point","coordinates":[-1.5267,12.3723]}},{"type":"Feature","properties":{"name":"Panama City","tier":"capital","rank":38,"min_zoom":5.0,"min_label":8.0,"iso_a2":"PA","adm0":"Panama","adm1":"Panama","capital":1},"geometry":{"type":"Point","coordinates":[-79.535,8.97]}},{"type":"Feature","properties":{"name":"Paramaribo","tier":"capital","rank":38,"min_zoom":5.0,"min_label":8.0,"iso_a2":"SR","adm0":"Suriname","adm1":"Paramaribo","capital":1},"geometry":{"type":"Point","coordinates":[-55.167,5.835]}},{"type":"Feature","properties":{"name":"Phnom Penh","tier":"capital","rank":38,"min_zoom":5.0,"min_label":8.0,"iso_a2":"KH","adm0":"Cambodia","adm1":"Phnom Penh","capital":1},"geometry":{"type":"Point","coordinates":[104.9147,11.552]}},{"type":"Feature","properties":{"name":"Port Moresby","tier":"capital","rank":38,"min_zoom":4.0,"min_label":8.0,"iso_a2":"PG","adm0":"Papua New Guinea","adm1":"Central","capital":1},"geometry":{"type":"Point","coordinates":[147.1925,-9.4647]}},{"type":"Feature","properties":{"name":"Port Vila","tier":"capital","rank":38,"min_zoom":4.0,"min_label":8.0,"iso_a2":"VU","adm0":"Vanuatu","adm1":"Shefa","capital":1},"geometry":{"type":"Point","coordinates":[168.3166,-17.7334]}},{"type":"Feature","properties":{"name":"Port-au-Prince","tier":"capital","rank":38,"min_zoom":5.0,"min_label":8.0,"iso_a2":"HT","adm0":"Haiti","adm1":"Ouest","capital":1},"geometry":{"type":"Point","coordinates":[-72.338,18.543]}},{"type":"Feature","properties":{"name":"Reykjavík","tier":"capital","rank":38,"min_zoom":3.7,"min_label":8.0,"iso_a2":"IS","adm0":"Iceland","adm1":"Suðurnes","capital":1},"geometry":{"type":"Point","coordinates":[-21.9365,64.1435]}},{"type":"Feature","properties":{"name":"Riga","tier":"capital","rank":38,"min_zoom":4.0,"min_label":8.0,"iso_a2":"LV","adm0":"Latvia","adm1":"Riga","capital":1},"geometry":{"type":"Point","coordinates":[24.1,56.95]}},{"type":"Feature","properties":{"name":"San José","tier":"capital","rank":38,"min_zoom":5.0,"min_label":8.0,"iso_a2":"CR","adm0":"Costa Rica","adm1":"San José","capital":1},"geometry":{"type":"Point","coordinates":[-84.0788,9.9304]}},{"type":"Feature","properties":{"name":"San Salvador","tier":"capital","rank":38,"min_zoom":5.0,"min_label":8.0,"iso_a2":"SV","adm0":"El Salvador","adm1":"San Salvador","capital":1},"geometry":{"type":"Point","coordinates":[-89.2156,13.7033]}},{"type":"Feature","properties":{"name":"Sarajevo","tier":"capital","rank":38,"min_zoom":5.0,"min_label":8.0,"iso_a2":"BA","adm0":"Bosnia and Herzegovina","adm1":"Sarajevo","capital":1},"geometry":{"type":"Point","coordinates":[18.383,43.85]}},{"type":"Feature","properties":{"name":"Suva","tier":"capital","rank":38,"min_zoom":5.0,"min_label":8.0,"iso_a2":"FJ","adm0":"Fiji","adm1":"Central","capital":1},"geometry":{"type":"Point","coordinates":[178.4417,-18.133]}},{"type":"Feature","properties":{"name":"Tallinn","tier":"capital","rank":38,"min_zoom":5.0,"min_label":8.0,"iso_a2":"EE","adm0":"Estonia","adm1":"Harju","capital":1},"geometry":{"type":"Point","coordinates":[24.728,59.4339]}},{"type":"Feature","properties":{"name":"Tbilisi","tier":"capital","rank":38,"min_zoom":5.0,"min_label":8.0,"iso_a2":"GE","adm0":"Georgia","adm1":"Tbilisi","capital":1},"geometry":{"type":"Point","coordinates":[44.7888,41.727]}},{"type":"Feature","properties":{"name":"Tegucigalpa","tier":"capital","rank":38,"min_zoom":5.0,"min_label":8.0,"iso_a2":"HN","adm0":"Honduras","adm1":"Francisco Morazán","capital":1},"geometry":{"type":"Point","coordinates":[-87.2195,14.104]}},{"type":"Feature","properties":{"name":"Thimphu","tier":"capital","rank":38,"min_zoom":5.0,"min_label":8.0,"iso_a2":"BT","adm0":"Bhutan","adm1":"Thimphu","capital":1},"geometry":{"type":"Point","coordinates":[89.639,27.473]}},{"type":"Feature","properties":{"name":"Tirana","tier":"capital","rank":38,"min_zoom":5.0,"min_label":8.0,"iso_a2":"AL","adm0":"Albania","adm1":"Durrës","capital":1},"geometry":{"type":"Point","coordinates":[19.8189,41.3275]}},{"type":"Feature","properties":{"name":"Vientiane","tier":"capital","rank":38,"min_zoom":5.0,"min_label":8.0,"iso_a2":"LA","adm0":"Laos","adm1":"Vientiane [prefecture]","capital":1},"geometry":{"type":"Point","coordinates":[102.6,17.9667]}},{"type":"Feature","properties":{"name":"Vilnius","tier":"capital","rank":38,"min_zoom":5.0,"min_label":8.0,"iso_a2":"LT","adm0":"Lithuania","adm1":"Vilniaus","capital":1},"geometry":{"type":"Point","coordinates":[25.3166,54.6834]}},{"type":"Feature","properties":{"name":"Wellington","tier":"capital","rank":38,"min_zoom":4.0,"min_label":8.0,"iso_a2":"NZ","adm0":"New Zealand","adm1":"Manawatu-Wanganui","capital":1},"geometry":{"type":"Point","coordinates":[174.7772,-41.2921]}},{"type":"Feature","properties":{"name":"Yamoussoukro","tier":"capital","rank":38,"min_zoom":5.0,"min_label":8.0,"iso_a2":"CI","adm0":"Ivory Coast","adm1":"Lacs","capital":1},"geometry":{"type":"Point","coordinates":[-5.2755,6.8184]}},{"type":"Feature","properties":{"name":"Yerevan","tier":"capital","rank":38,"min_zoom":5.0,"min_label":8.0,"iso_a2":"AM","adm0":"Armenia","adm1":"Erevan","capital":1},"geometry":{"type":"Point","coordinates":[44.5116,40.1831]}},{"type":"Feature","properties":{"name":"Zagreb","tier":"capital","rank":38,"min_zoom":5.0,"min_label":8.0,"iso_a2":"HR","adm0":"Croatia","adm1":"Grad Zagreb","capital":1},"geometry":{"type":"Point","coordinates":[16.0,45.8]}},{"type":"Feature","properties":{"name":"Basseterre","tier":"capital","rank":40,"min_zoom":5.6,"min_label":5.6,"iso_a2":"KN","adm0":"Saint Kitts and Nevis","adm1":null,"capital":1},"geometry":{"type":"Point","coordinates":[-62.717,17.302]}},{"type":"Feature","properties":{"name":"Berbera","tier":"regional","rank":40,"min_zoom":5.6,"min_label":5.6,"iso_a2":"-99","adm0":"Somaliland","adm1":null,"capital":0},"geometry":{"type":"Point","coordinates":[45.0164,10.4355]}},{"type":"Feature","properties":{"name":"Castries","tier":"capital","rank":40,"min_zoom":5.6,"min_label":5.6,"iso_a2":"LC","adm0":"Saint Lucia","adm1":null,"capital":1},"geometry":{"type":"Point","coordinates":[-60.9929,14.0079]}},{"type":"Feature","properties":{"name":"Freeport","tier":"minor","rank":40,"min_zoom":5.6,"min_label":5.6,"iso_a2":"BS","adm0":"The Bahamas","adm1":null,"capital":0},"geometry":{"type":"Point","coordinates":[-78.7,26.5333]}},{"type":"Feature","properties":{"name":"Gaza City","tier":"regional","rank":40,"min_zoom":5.6,"min_label":5.6,"iso_a2":"PS","adm0":"Palestine","adm1":null,"capital":0},"geometry":{"type":"Point","coordinates":[34.445,31.53]}},{"type":"Feature","properties":{"name":"Kigali","tier":"capital","rank":40,"min_zoom":5.1,"min_label":5.1,"iso_a2":"RW","adm0":"Rwanda","adm1":"Kigali City","capital":1},"geometry":{"type":"Point","coordinates":[30.0586,-1.9516]}},{"type":"Feature","properties":{"name":"Kingstown","tier":"capital","rank":40,"min_zoom":5.1,"min_label":5.1,"iso_a2":"VC","adm0":"Saint Vincent and the Grenadines","adm1":null,"capital":1},"geometry":{"type":"Point","coordinates":[-61.2202,13.1558]}},{"type":"Feature","properties":{"name":"Las Palmas","tier":"regional","rank":40,"min_zoom":5.1,"min_label":5.1,"iso_a2":"ES","adm0":"Spain","adm1":null,"capital":0},"geometry":{"type":"Point","coordinates":[-15.43,28.1]}},{"type":"Feature","properties":{"name":"Manama","tier":"capital","rank":40,"min_zoom":5.6,"min_label":5.6,"iso_a2":"BH","adm0":"Bahrain","adm1":null,"capital":1},"geometry":{"type":"Point","coordinates":[50.5831,26.2361]}},{"type":"Feature","properties":{"name":"Pago Pago","tier":"minor","rank":40,"min_zoom":5.6,"min_label":5.6,"iso_a2":"AS","adm0":"American Samoa","adm1":null,"capital":0},"geometry":{"type":"Point","coordinates":[-170.7066,-14.2766]}},{"type":"Feature","properties":{"name":"Papeete","tier":"regional","rank":40,"min_zoom":5.6,"min_label":5.6,"iso_a2":"PF","adm0":"French Polynesia","adm1":null,"capital":0},"geometry":{"type":"Point","coordinates":[-149.5667,-17.5334]}},{"type":"Feature","properties":{"name":"Port Louis","tier":"capital","rank":40,"min_zoom":5.6,"min_label":5.6,"iso_a2":"MU","adm0":"Mauritius","adm1":null,"capital":1},"geometry":{"type":"Point","coordinates":[57.5,-20.1666]}},{"type":"Feature","properties":{"name":"Saint George's","tier":"capital","rank":40,"min_zoom":5.1,"min_label":5.1,"iso_a2":"GD","adm0":"Grenada","adm1":null,"capital":1},"geometry":{"type":"Point","coordinates":[-61.7416,12.0526]}},{"type":"Feature","properties":{"name":"Saint John's","tier":"capital","rank":40,"min_zoom":5.1,"min_label":5.1,"iso_a2":"AG","adm0":"Antigua and Barbuda","adm1":null,"capital":1},"geometry":{"type":"Point","coordinates":[-61.85,17.118]}},{"type":"Feature","properties":{"name":"Agra","tier":"world_city","rank":41,"min_zoom":5.6,"min_label":5.6,"iso_a2":"IN","adm0":"India","adm1":"Uttar Pradesh","capital":0},"geometry":{"type":"Point","coordinates":[78.0131,27.1724]}},{"type":"Feature","properties":{"name":"Akola","tier":"regional","rank":41,"min_zoom":5.6,"min_label":5.6,"iso_a2":"IN","adm0":"India","adm1":"Maharashtra","capital":0},"geometry":{"type":"Point","coordinates":[77.01,20.71]}},{"type":"Feature","properties":{"name":"Albuquerque","tier":"regional","rank":41,"min_zoom":5.1,"min_label":5.1,"iso_a2":"US","adm0":"United States of America","adm1":"New Mexico","capital":0},"geometry":{"type":"Point","coordinates":[-106.6413,35.105]}},{"type":"Feature","properties":{"name":"Aligarh","tier":"world_city","rank":41,"min_zoom":5.6,"min_label":5.6,"iso_a2":"IN","adm0":"India","adm1":"Uttar Pradesh","capital":0},"geometry":{"type":"Point","coordinates":[78.0598,27.8942]}},{"type":"Feature","properties":{"name":"Allahabad","tier":"world_city","rank":41,"min_zoom":5.6,"min_label":5.6,"iso_a2":"IN","adm0":"India","adm1":"Uttar Pradesh","capital":0},"geometry":{"type":"Point","coordinates":[81.8381,25.4569]}},{"type":"Feature","properties":{"name":"Alta Floresta","tier":"minor","rank":41,"min_zoom":5.6,"min_label":5.6,"iso_a2":"BR","adm0":"Brazil","adm1":"Mato Grosso","capital":0},"geometry":{"type":"Point","coordinates":[-55.91,-9.9]}},{"type":"Feature","properties":{"name":"Altay","tier":"regional","rank":41,"min_zoom":5.6,"min_label":5.6,"iso_a2":"CN","adm0":"China","adm1":"Xinjiang Uygur","capital":0},"geometry":{"type":"Point","coordinates":[88.1166,47.8666]}},{"type":"Feature","properties":{"name":"Alvorada","tier":"minor","rank":41,"min_zoom":5.6,"min_label":5.6,"iso_a2":"BR","adm0":"Brazil","adm1":"Tocantins","capital":0},"geometry":{"type":"Point","coordinates":[-49.082,-12.47]}},{"type":"Feature","properties":{"name":"Amarillo","tier":"regional","rank":41,"min_zoom":5.6,"min_label":5.6,"iso_a2":"US","adm0":"United States of America","adm1":"Texas","capital":0},"geometry":{"type":"Point","coordinates":[-101.83,35.23]}},{"type":"Feature","properties":{"name":"Ambon","tier":"regional","rank":41,"min_zoom":5.6,"min_label":5.6,"iso_a2":"ID","adm0":"Indonesia","adm1":"Maluku","capital":0},"geometry":{"type":"Point","coordinates":[128.2,-3.7167]}},{"type":"Feature","properties":{"name":"Ankang","tier":"major","rank":41,"min_zoom":5.6,"min_label":5.6,"iso_a2":"CN","adm0":"China","adm1":"Shaanxi","capital":0},"geometry":{"type":"Point","coordinates":[109.02,32.68]}},{"type":"Feature","properties":{"name":"Anshan","tier":"world_city","rank":41,"min_zoom":5.6,"min_label":5.6,"iso_a2":"CN","adm0":"China","adm1":"Liaoning","capital":0},"geometry":{"type":"Point","coordinates":[122.9381,41.117]}},{"type":"Feature","properties":{"name":"Augusta","tier":"minor","rank":41,"min_zoom":5.6,"min_label":5.6,"iso_a2":"US","adm0":"United States of America","adm1":"Maine","capital":0},"geometry":{"type":"Point","coordinates":[-69.78,44.3106]}},{"type":"Feature","properties":{"name":"Aurangabad","tier":"world_city","rank":41,"min_zoom":5.6,"min_label":5.6,"iso_a2":"IN","adm0":"India","adm1":"Maharashtra","capital":0},"geometry":{"type":"Point","coordinates":[75.3289,19.8617]}},{"type":"Feature","properties":{"name":"Austin","tier":"world_city","rank":41,"min_zoom":5.1,"min_label":5.1,"iso_a2":"US","adm0":"United States of America","adm1":"Texas","capital":0},"geometry":{"type":"Point","coordinates":[-97.7447,30.2689]}},{"type":"Feature","properties":{"name":"Balikpapan","tier":"regional","rank":41,"min_zoom":5.6,"min_label":5.6,"iso_a2":"ID","adm0":"Indonesia","adm1":"Kalimantan Timur","capital":0},"geometry":{"type":"Point","coordinates":[116.83,-1.25]}},{"type":"Feature","properties":{"name":"Baltimore","tier":"world_city","rank":41,"min_zoom":5.6,"min_label":5.6,"iso_a2":"US","adm0":"United States of America","adm1":"Maryland","capital":0},"geometry":{"type":"Point","coordinates":[-76.6146,39.2815]}},{"type":"Feature","properties":{"name":"Banda Aceh","tier":"regional","rank":41,"min_zoom":5.6,"min_label":5.6,"iso_a2":"ID","adm0":"Indonesia","adm1":"Aceh","capital":0},"geometry":{"type":"Point","coordinates":[95.32,5.55]}},{"type":"Feature","properties":{"name":"Bandar Lampung","tier":"world_city","rank":41,"min_zoom":5.6,"min_label":5.6,"iso_a2":"ID","adm0":"Indonesia","adm1":"Lampung","capital":0},"geometry":{"type":"Point","coordinates":[105.2681,-5.4281]}},{"type":"Feature","properties":{"name":"Baoshan","tier":"regional","rank":41,"min_zoom":5.6,"min_label":5.6,"iso_a2":"CN","adm0":"China","adm1":"Yunnan","capital":0},"geometry":{"type":"Point","coordinates":[99.15,25.12]}},{"type":"Feature","properties":{"name":"Barreiras","tier":"regional","rank":41,"min_zoom":5.6,"min_label":5.6,"iso_a2":"BR","adm0":"Brazil","adm1":"Bahia","capital":0},"geometry":{"type":"Point","coordinates":[-45.0,-12.14]}},{"type":"Feature","properties":{"name":"Baton Rouge","tier":"regional","rank":41,"min_zoom":5.6,"min_label":5.6,"iso_a2":"US","adm0":"United States of America","adm1":"Louisiana","capital":0},"geometry":{"type":"Point","coordinates":[-91.1402,30.4579]}},{"type":"Feature","properties":{"name":"Bei'an","tier":"regional","rank":41,"min_zoom":5.6,"min_label":5.6,"iso_a2":"CN","adm0":"China","adm1":"Heilongjiang","capital":0},"geometry":{"type":"Point","coordinates":[126.5286,48.2463]}},{"type":"Feature","properties":{"name":"Belo Horizonte","tier":"world_city","rank":41,"min_zoom":5.1,"min_label":5.1,"iso_a2":"BR","adm0":"Brazil","adm1":"Minas Gerais","capital":0},"geometry":{"type":"Point","coordinates":[-43.9169,-19.9131]}},{"type":"Feature","properties":{"name":"Bhagalpur","tier":"regional","rank":41,"min_zoom":5.6,"min_label":5.6,"iso_a2":"IN","adm0":"India","adm1":"Bihar","capital":0},"geometry":{"type":"Point","coordinates":[86.98,25.23]}},{"type":"Feature","properties":{"name":"Billings","tier":"regional","rank":41,"min_zoom":5.6,"min_label":5.6,"iso_a2":"US","adm0":"United States of America","adm1":"Montana","capital":0},"geometry":{"type":"Point","coordinates":[-108.54,45.7883]}},{"type":"Feature","properties":{"name":"Bose","tier":"regional","rank":41,"min_zoom":5.6,"min_label":5.6,"iso_a2":"CN","adm0":"China","adm1":"Guangxi","capital":0},"geometry":{"type":"Point","coordinates":[106.6133,23.8997]}},{"type":"Feature","properties":{"name":"Bridgeport","tier":"world_city","rank":41,"min_zoom":5.6,"min_label":5.6,"iso_a2":"US","adm0":"United States of America","adm1":"Connecticut","capital":0},"geometry":{"type":"Point","coordinates":[-73.2019,41.1819]}},{"type":"Feature","properties":{"name":"Burlington","tier":"regional","rank":41,"min_zoom":5.6,"min_label":5.6,"iso_a2":"US","adm0":"United States of America","adm1":"Vermont","capital":0},"geometry":{"type":"Point","coordinates":[-73.2125,44.4758]}},{"type":"Feature","properties":{"name":"Campinas","tier":"world_city","rank":41,"min_zoom":5.6,"min_label":5.6,"iso_a2":"BR","adm0":"Brazil","adm1":"São Paulo","capital":0},"geometry":{"type":"Point","coordinates":[-47.0559,-22.9079]}},{"type":"Feature","properties":{"name":"Casper","tier":"regional","rank":41,"min_zoom":5.6,"min_label":5.6,"iso_a2":"US","adm0":"United States of America","adm1":"Wyoming","capital":0},"geometry":{"type":"Point","coordinates":[-106.3232,42.8469]}},{"type":"Feature","properties":{"name":"Caxias do Sul","tier":"regional","rank":41,"min_zoom":5.6,"min_label":5.6,"iso_a2":"BR","adm0":"Brazil","adm1":"Rio Grande do Sul","capital":0},"geometry":{"type":"Point","coordinates":[-51.17,-29.18]}},{"type":"Feature","properties":{"name":"Chandigarh","tier":"world_city","rank":41,"min_zoom":5.6,"min_label":5.6,"iso_a2":"IN","adm0":"India","adm1":"Chandigarh","capital":0},"geometry":{"type":"Point","coordinates":[76.7781,30.7219]}},{"type":"Feature","properties":{"name":"Charleston","tier":"regional","rank":41,"min_zoom":5.1,"min_label":5.1,"iso_a2":"US","adm0":"United States of America","adm1":"West Virginia","capital":0},"geometry":{"type":"Point","coordinates":[-81.6327,38.3497]}},{"type":"Feature","properties":{"name":"Chifeng","tier":"world_city","rank":41,"min_zoom":5.6,"min_label":5.6,"iso_a2":"CN","adm0":"China","adm1":"Nei Mongol","capital":0},"geometry":{"type":"Point","coordinates":[118.948,42.272]}},{"type":"Feature","properties":{"name":"Colorado Springs","tier":"regional","rank":41,"min_zoom":5.6,"min_label":5.6,"iso_a2":"US","adm0":"United States of America","adm1":"Colorado","capital":0},"geometry":{"type":"Point","coordinates":[-104.792,38.863]}},{"type":"Feature","properties":{"name":"Columbia","tier":"regional","rank":41,"min_zoom":5.6,"min_label":5.6,"iso_a2":"US","adm0":"United States of America","adm1":"South Carolina","capital":0},"geometry":{"type":"Point","coordinates":[-81.0313,33.9969]}},{"type":"Feature","properties":{"name":"Colíder","tier":"minor","rank":41,"min_zoom":5.6,"min_label":5.6,"iso_a2":"BR","adm0":"Brazil","adm1":"Mato Grosso","capital":0},"geometry":{"type":"Point","coordinates":[-55.4506,-10.8173]}},{"type":"Feature","properties":{"name":"Corpus Christi","tier":"regional","rank":41,"min_zoom":5.6,"min_label":5.6,"iso_a2":"US","adm0":"United States of America","adm1":"Texas","capital":0},"geometry":{"type":"Point","coordinates":[-97.4019,27.7428]}},{"type":"Feature","properties":{"name":"Corumbá","tier":"regional","rank":41,"min_zoom":5.6,"min_label":5.6,"iso_a2":"BR","adm0":"Brazil","adm1":"Mato Grosso do Sul","capital":0},"geometry":{"type":"Point","coordinates":[-57.65,-19.016]}},{"type":"Feature","properties":{"name":"Cuiabá","tier":"world_city","rank":41,"min_zoom":5.1,"min_label":5.1,"iso_a2":"BR","adm0":"Brazil","adm1":"Mato Grosso","capital":0},"geometry":{"type":"Point","coordinates":[-56.0869,-15.5677]}},{"type":"Feature","properties":{"name":"Cuttack","tier":"regional","rank":41,"min_zoom":5.6,"min_label":5.6,"iso_a2":"IN","adm0":"India","adm1":"Orissa","capital":0},"geometry":{"type":"Point","coordinates":[85.8899,20.47]}},{"type":"Feature","properties":{"name":"Dalian","tier":"world_city","rank":41,"min_zoom":5.1,"min_label":5.1,"iso_a2":"CN","adm0":"China","adm1":"Liaoning","capital":0},"geometry":{"type":"Point","coordinates":[121.6279,38.9248]}},{"type":"Feature","properties":{"name":"Daqing","tier":"world_city","rank":41,"min_zoom":5.1,"min_label":5.1,"iso_a2":"CN","adm0":"China","adm1":"Heilongjiang","capital":0},"geometry":{"type":"Point","coordinates":[124.9981,46.5819]}},{"type":"Feature","properties":{"name":"Dhanbad","tier":"world_city","rank":41,"min_zoom":5.6,"min_label":5.6,"iso_a2":"IN","adm0":"India","adm1":"Jharkhand","capital":0},"geometry":{"type":"Point","coordinates":[86.418,23.8023]}},{"type":"Feature","properties":{"name":"Dispur","tier":"minor","rank":41,"min_zoom":5.6,"min_label":5.6,"iso_a2":"IN","adm0":"India","adm1":"Assam","capital":0},"geometry":{"type":"Point","coordinates":[91.7666,26.144]}},{"type":"Feature","properties":{"name":"Dulan","tier":"minor","rank":41,"min_zoom":5.6,"min_label":5.6,"iso_a2":"CN","adm0":"China","adm1":"Gansu","capital":0},"geometry":{"type":"Point","coordinates":[98.2666,36.1666]}},{"type":"Feature","properties":{"name":"Dunhuang","tier":"regional","rank":41,"min_zoom":5.0,"min_label":5.0,"iso_a2":"CN","adm0":"China","adm1":"Gansu","capital":0},"geometry":{"type":"Point","coordinates":[94.662,40.1427]}},{"type":"Feature","properties":{"name":"El Paso","tier":"world_city","rank":41,"min_zoom":5.1,"min_label":5.1,"iso_a2":"US","adm0":"United States of America","adm1":"Texas","capital":0},"geometry":{"type":"Point","coordinates":[-106.5119,31.7819]}},{"type":"Feature","properties":{"name":"Elko","tier":"minor","rank":41,"min_zoom":5.6,"min_label":5.6,"iso_a2":"US","adm0":"United States of America","adm1":"Nevada","capital":0},"geometry":{"type":"Point","coordinates":[-115.762,40.8325]}},{"type":"Feature","properties":{"name":"Eureka","tier":"minor","rank":41,"min_zoom":5.0,"min_label":5.0,"iso_a2":"US","adm0":"United States of America","adm1":"California","capital":0},"geometry":{"type":"Point","coordinates":[-124.1504,40.793]}},{"type":"Feature","properties":{"name":"Fargo","tier":"regional","rank":41,"min_zoom":5.1,"min_label":5.1,"iso_a2":"US","adm0":"United States of America","adm1":"North Dakota","capital":0},"geometry":{"type":"Point","coordinates":[-96.7894,46.8772]}},{"type":"Feature","properties":{"name":"Faridabad","tier":"world_city","rank":41,"min_zoom":5.6,"min_label":5.6,"iso_a2":"IN","adm0":"India","adm1":"Haryana","capital":0},"geometry":{"type":"Point","coordinates":[77.3147,28.4353]}},{"type":"Feature","properties":{"name":"Flagstaff","tier":"regional","rank":41,"min_zoom":5.1,"min_label":5.1,"iso_a2":"US","adm0":"United States of America","adm1":"Arizona","capital":0},"geometry":{"type":"Point","coordinates":[-111.6505,35.1981]}},{"type":"Feature","properties":{"name":"Fresno","tier":"regional","rank":41,"min_zoom":5.1,"min_label":5.1,"iso_a2":"US","adm0":"United States of America","adm1":"California","capital":0},"geometry":{"type":"Point","coordinates":[-119.773,36.7477]}},{"type":"Feature","properties":{"name":"Ft.  Worth","tier":"major","rank":41,"min_zoom":5.1,"min_label":5.1,"iso_a2":"US","adm0":"United States of America","adm1":"Texas","capital":0},"geometry":{"type":"Point","coordinates":[-97.34,32.74]}},{"type":"Feature","properties":{"name":"Gejiu","tier":"regional","rank":41,"min_zoom":5.1,"min_label":5.1,"iso_a2":"CN","adm0":"China","adm1":"Yunnan","capital":0},"geometry":{"type":"Point","coordinates":[103.1501,23.38]}},{"type":"Feature","properties":{"name":"Ghaziabad","tier":"world_city","rank":41,"min_zoom":5.6,"min_label":5.6,"iso_a2":"IN","adm0":"India","adm1":"Uttar Pradesh","capital":0},"geometry":{"type":"Point","coordinates":[77.4064,28.6623]}},{"type":"Feature","properties":{"name":"Golmud","tier":"regional","rank":41,"min_zoom":5.0,"min_label":5.0,"iso_a2":"CN","adm0":"China","adm1":"Gansu","capital":0},"geometry":{"type":"Point","coordinates":[94.8833,36.4166]}},{"type":"Feature","properties":{"name":"Gorontalo","tier":"regional","rank":41,"min_zoom":5.6,"min_label":5.6,"iso_a2":"ID","adm0":"Indonesia","adm1":"Gorontalo","capital":0},"geometry":{"type":"Point","coordinates":[123.07,0.55]}},{"type":"Feature","properties":{"name":"Great Falls","tier":"regional","rank":41,"min_zoom":5.6,"min_label":5.6,"iso_a2":"US","adm0":"United States of America","adm1":"Montana","capital":0},"geometry":{"type":"Point","coordinates":[-111.3,47.5003]}},{"type":"Feature","properties":{"name":"Guwahati","tier":"world_city","rank":41,"min_zoom":5.6,"min_label":5.6,"iso_a2":"IN","adm0":"India","adm1":"Assam","capital":0},"geometry":{"type":"Point","coordinates":[91.768,26.162]}},{"type":"Feature","properties":{"name":"Gwalior","tier":"world_city","rank":41,"min_zoom":5.6,"min_label":5.6,"iso_a2":"IN","adm0":"India","adm1":"Madhya Pradesh","capital":0},"geometry":{"type":"Point","coordinates":[78.1692,26.2]}},{"type":"Feature","properties":{"name":"Hailar","tier":"regional","rank":41,"min_zoom":5.6,"min_label":5.6,"iso_a2":"CN","adm0":"China","adm1":"Nei Mongol","capital":0},"geometry":{"type":"Point","coordinates":[119.7,49.2]}},{"type":"Feature","properties":{"name":"Handan","tier":"world_city","rank":41,"min_zoom":5.1,"min_label":5.1,"iso_a2":"CN","adm0":"China","adm1":"Hebei","capital":0},"geometry":{"type":"Point","coordinates":[114.478,36.5819]}},{"type":"Feature","properties":{"name":"Hefei","tier":"world_city","rank":41,"min_zoom":5.6,"min_label":5.6,"iso_a2":"CN","adm0":"China","adm1":"Anhui","capital":0},"geometry":{"type":"Point","coordinates":[117.2781,31.852]}},{"type":"Feature","properties":{"name":"Hengyang","tier":"world_city","rank":41,"min_zoom":5.6,"min_label":5.6,"iso_a2":"CN","adm0":"China","adm1":"Hunan","capital":0},"geometry":{"type":"Point","coordinates":[112.5881,26.882]}},{"type":"Feature","properties":{"name":"Hilo","tier":"regional","rank":41,"min_zoom":5.1,"min_label":5.1,"iso_a2":"US","adm0":"United States of America","adm1":"Hawaii","capital":0},"geometry":{"type":"Point","coordinates":[-155.0815,19.7056]}},{"type":"Feature","properties":{"name":"Hohhot","tier":"world_city","rank":41,"min_zoom":5.1,"min_label":5.1,"iso_a2":"CN","adm0":"China","adm1":"Nei Mongol","capital":0},"geometry":{"type":"Point","coordinates":[111.6581,40.8219]}},{"type":"Feature","properties":{"name":"Houma","tier":"regional","rank":41,"min_zoom":5.1,"min_label":5.1,"iso_a2":"CN","adm0":"China","adm1":"Shanxi","capital":0},"geometry":{"type":"Point","coordinates":[111.21,35.62]}},{"type":"Feature","properties":{"name":"Huaiyin","tier":"world_city","rank":41,"min_zoom":5.6,"min_label":5.6,"iso_a2":"CN","adm0":"China","adm1":"Jiangsu","capital":0},"geometry":{"type":"Point","coordinates":[119.066,33.5852]}},{"type":"Feature","properties":{"name":"Hubballi","tier":"world_city","rank":41,"min_zoom":5.6,"min_label":5.6,"iso_a2":"IN","adm0":"India","adm1":"Karnataka","capital":0},"geometry":{"type":"Point","coordinates":[75.1231,15.3619]}},{"type":"Feature","properties":{"name":"Indianapolis","tier":"world_city","rank":41,"min_zoom":5.1,"min_label":5.1,"iso_a2":"US","adm0":"United States of America","adm1":"Indiana","capital":0},"geometry":{"type":"Point","coordinates":[-86.172,39.7519]}},{"type":"Feature","properties":{"name":"Indore","tier":"world_city","rank":41,"min_zoom":5.6,"min_label":5.6,"iso_a2":"IN","adm0":"India","adm1":"Madhya Pradesh","capital":0},"geometry":{"type":"Point","coordinates":[75.8631,22.717]}},{"type":"Feature","properties":{"name":"International Falls","tier":"minor","rank":41,"min_zoom":5.6,"min_label":5.6,"iso_a2":"US","adm0":"United States of America","adm1":"Minnesota","capital":0},"geometry":{"type":"Point","coordinates":[-93.4108,48.6011]}},{"type":"Feature","properties":{"name":"Jabalpur","tier":"world_city","rank":41,"min_zoom":5.6,"min_label":5.6,"iso_a2":"IN","adm0":"India","adm1":"Madhya Pradesh","capital":0},"geometry":{"type":"Point","coordinates":[79.9531,23.177]}},{"type":"Feature","properties":{"name":"Jacksonville","tier":"world_city","rank":41,"min_zoom":5.1,"min_label":5.1,"iso_a2":"US","adm0":"United States of America","adm1":"Florida","capital":0},"geometry":{"type":"Point","coordinates":[-81.6719,30.332]}},{"type":"Feature","properties":{"name":"Jammu","tier":"world_city","rank":41,"min_zoom":5.6,"min_label":5.6,"iso_a2":"IN","adm0":"India","adm1":"Jammu and Kashmir","capital":0},"geometry":{"type":"Point","coordinates":[74.8448,32.7137]}},{"type":"Feature","properties":{"name":"Jayapura","tier":"regional","rank":41,"min_zoom":5.6,"min_label":5.6,"iso_a2":"ID","adm0":"Indonesia","adm1":"Papua","capital":0},"geometry":{"type":"Point","coordinates":[140.7,-2.533]}},{"type":"Feature","properties":{"name":"Jiamusi","tier":"world_city","rank":41,"min_zoom":5.1,"min_label":5.1,"iso_a2":"CN","adm0":"China","adm1":"Heilongjiang","capital":0},"geometry":{"type":"Point","coordinates":[130.3481,46.832]}},{"type":"Feature","properties":{"name":"Jilin","tier":"world_city","rank":41,"min_zoom":5.6,"min_label":5.6,"iso_a2":"CN","adm0":"China","adm1":"Jilin","capital":0},"geometry":{"type":"Point","coordinates":[126.5481,43.8519]}},{"type":"Feature","properties":{"name":"Jinxi","tier":"world_city","rank":41,"min_zoom":5.6,"min_label":5.6,"iso_a2":"CN","adm0":"China","adm1":"Liaoning","capital":0},"geometry":{"type":"Point","coordinates":[120.828,40.7523]}},{"type":"Feature","properties":{"name":"Jixi","tier":"world_city","rank":41,"min_zoom":5.6,"min_label":5.6,"iso_a2":"CN","adm0":"China","adm1":"Heilongjiang","capital":0},"geometry":{"type":"Point","coordinates":[130.9681,45.3019]}},{"type":"Feature","properties":{"name":"Jodhpur","tier":"world_city","rank":41,"min_zoom":5.6,"min_label":5.6,"iso_a2":"IN","adm0":"India","adm1":"Rajasthan","capital":0},"geometry":{"type":"Point","coordinates":[73.0148,26.2937]}},{"type":"Feature","properties":{"name":"Jullundur","tier":"world_city","rank":41,"min_zoom":5.6,"min_label":5.6,"iso_a2":"IN","adm0":"India","adm1":"Punjab","capital":0},"geometry":{"type":"Point","coordinates":[75.5671,31.3369]}},{"type":"Feature","properties":{"name":"Kalaburagi","tier":"regional","rank":41,"min_zoom":5.6,"min_label":5.6,"iso_a2":"IN","adm0":"India","adm1":"Karnataka","capital":0},"geometry":{"type":"Point","coordinates":[76.82,17.35]}},{"type":"Feature","properties":{"name":"Kansas City","tier":"world_city","rank":41,"min_zoom":5.1,"min_label":5.1,"iso_a2":"US","adm0":"United States of America","adm1":"Missouri","capital":0},"geometry":{"type":"Point","coordinates":[-94.606,39.109]}},{"type":"Feature","properties":{"name":"Knoxville","tier":"regional","rank":41,"min_zoom":5.6,"min_label":5.6,"iso_a2":"US","adm0":"United States of America","adm1":"Tennessee","capital":0},"geometry":{"type":"Point","coordinates":[-83.92,35.97]}},{"type":"Feature","properties":{"name":"Kochi","tier":"world_city","rank":41,"min_zoom":5.6,"min_label":5.6,"iso_a2":"IN","adm0":"India","adm1":"Kerala","capital":0},"geometry":{"type":"Point","coordinates":[76.222,10.017]}},{"type":"Feature","properties":{"name":"Kolhapur","tier":"regional","rank":41,"min_zoom":5.1,"min_label":5.1,"iso_a2":"IN","adm0":"India","adm1":"Maharashtra","capital":0},"geometry":{"type":"Point","coordinates":[74.22,16.7]}},{"type":"Feature","properties":{"name":"Kota","tier":"world_city","rank":41,"min_zoom":5.6,"min_label":5.6,"iso_a2":"IN","adm0":"India","adm1":"Rajasthan","capital":0},"geometry":{"type":"Point","coordinates":[75.8331,25.1819]}},{"type":"Feature","properties":{"name":"Kupang","tier":"regional","rank":41,"min_zoom":5.6,"min_label":5.6,"iso_a2":"ID","adm0":"Indonesia","adm1":"Nusa Tenggara Timur","capital":0},"geometry":{"type":"Point","coordinates":[123.583,-10.1787]}},{"type":"Feature","properties":{"name":"Laredo","tier":"regional","rank":41,"min_zoom":5.6,"min_label":5.6,"iso_a2":"US","adm0":"United States of America","adm1":"Texas","capital":0},"geometry":{"type":"Point","coordinates":[-99.5072,27.5061]}},{"type":"Feature","properties":{"name":"Linyi","tier":"world_city","rank":41,"min_zoom":5.6,"min_label":5.6,"iso_a2":"CN","adm0":"China","adm1":"Shandong","capital":0},"geometry":{"type":"Point","coordinates":[118.328,35.0819]}},{"type":"Feature","properties":{"name":"Liupanshui","tier":"major","rank":41,"min_zoom":5.6,"min_label":5.6,"iso_a2":"CN","adm0":"China","adm1":"Guizhou","capital":0},"geometry":{"type":"Point","coordinates":[104.8314,26.5964]}},{"type":"Feature","properties":{"name":"Lucknow","tier":"world_city","rank":41,"min_zoom":5.6,"min_label":5.6,"iso_a2":"IN","adm0":"India","adm1":"Uttar Pradesh","capital":0},"geometry":{"type":"Point","coordinates":[80.9131,26.857]}},{"type":"Feature","properties":{"name":"Ludhiana","tier":"world_city","rank":41,"min_zoom":5.6,"min_label":5.6,"iso_a2":"IN","adm0":"India","adm1":"Punjab","capital":0},"geometry":{"type":"Point","coordinates":[75.8703,30.9297]}},{"type":"Feature","properties":{"name":"Maceió","tier":"world_city","rank":41,"min_zoom":5.6,"min_label":5.6,"iso_a2":"BR","adm0":"Brazil","adm1":"Alagoas","capital":0},"geometry":{"type":"Point","coordinates":[-35.7319,-9.6181]}},{"type":"Feature","properties":{"name":"Malang","tier":"world_city","rank":41,"min_zoom":5.6,"min_label":5.6,"iso_a2":"ID","adm0":"Indonesia","adm1":"Jawa Timur","capital":0},"geometry":{"type":"Point","coordinates":[112.6081,-7.978]}},{"type":"Feature","properties":{"name":"Mangaluru","tier":"regional","rank":41,"min_zoom":5.6,"min_label":5.6,"iso_a2":"IN","adm0":"India","adm1":"Karnataka","capital":0},"geometry":{"type":"Point","coordinates":[74.85,12.9]}},{"type":"Feature","properties":{"name":"Meerut","tier":"world_city","rank":41,"min_zoom":5.6,"min_label":5.6,"iso_a2":"IN","adm0":"India","adm1":"Uttar Pradesh","capital":0},"geometry":{"type":"Point","coordinates":[77.6981,29.0024]}},{"type":"Feature","properties":{"name":"Mianyang","tier":"world_city","rank":41,"min_zoom":5.6,"min_label":5.6,"iso_a2":"CN","adm0":"China","adm1":"Sichuan","capital":0},"geometry":{"type":"Point","coordinates":[104.69,31.4648]}},{"type":"Feature","properties":{"name":"Minot","tier":"minor","rank":41,"min_zoom":5.6,"min_label":5.6,"iso_a2":"US","adm0":"United States of America","adm1":"North Dakota","capital":0},"geometry":{"type":"Point","coordinates":[-101.2958,48.2325]}},{"type":"Feature","properties":{"name":"Missoula","tier":"regional","rank":41,"min_zoom":5.6,"min_label":5.6,"iso_a2":"US","adm0":"United States of America","adm1":"Montana","capital":0},"geometry":{"type":"Point","coordinates":[-113.9931,46.8722]}},{"type":"Feature","properties":{"name":"Montes Claros","tier":"regional","rank":41,"min_zoom":5.6,"min_label":5.6,"iso_a2":"BR","adm0":"Brazil","adm1":"Minas Gerais","capital":0},"geometry":{"type":"Point","coordinates":[-43.86,-16.72]}},{"type":"Feature","properties":{"name":"Montgomery","tier":"regional","rank":41,"min_zoom":5.6,"min_label":5.6,"iso_a2":"US","adm0":"United States of America","adm1":"Alabama","capital":0},"geometry":{"type":"Point","coordinates":[-86.2792,32.3616]}},{"type":"Feature","properties":{"name":"Moradabad","tier":"world_city","rank":41,"min_zoom":5.6,"min_label":5.6,"iso_a2":"IN","adm0":"India","adm1":"Uttar Pradesh","capital":0},"geometry":{"type":"Point","coordinates":[78.7548,28.8437]}},{"type":"Feature","properties":{"name":"Mysuru","tier":"world_city","rank":41,"min_zoom":5.6,"min_label":5.6,"iso_a2":"IN","adm0":"India","adm1":"Karnataka","capital":0},"geometry":{"type":"Point","coordinates":[76.6581,12.3119]}},{"type":"Feature","properties":{"name":"Nanchong","tier":"world_city","rank":41,"min_zoom":5.6,"min_label":5.6,"iso_a2":"CN","adm0":"China","adm1":"Sichuan","capital":0},"geometry":{"type":"Point","coordinates":[106.1281,30.7824]}},{"type":"Feature","properties":{"name":"Nanded","tier":"regional","rank":41,"min_zoom":5.6,"min_label":5.6,"iso_a2":"IN","adm0":"India","adm1":"Maharashtra","capital":0},"geometry":{"type":"Point","coordinates":[77.3083,19.1973]}},{"type":"Feature","properties":{"name":"Nanyang","tier":"world_city","rank":41,"min_zoom":5.6,"min_label":5.6,"iso_a2":"CN","adm0":"China","adm1":"Henan","capital":0},"geometry":{"type":"Point","coordinates":[112.5281,33.0023]}},{"type":"Feature","properties":{"name":"Nasik","tier":"world_city","rank":41,"min_zoom":5.6,"min_label":5.6,"iso_a2":"IN","adm0":"India","adm1":"Maharashtra","capital":0},"geometry":{"type":"Point","coordinates":[73.778,20.0024]}},{"type":"Feature","properties":{"name":"Natal","tier":"world_city","rank":41,"min_zoom":5.6,"min_label":5.6,"iso_a2":"BR","adm0":"Brazil","adm1":"Rio Grande do Norte","capital":0},"geometry":{"type":"Point","coordinates":[-35.242,-5.7781]}},{"type":"Feature","properties":{"name":"Neijiang","tier":"world_city","rank":41,"min_zoom":5.6,"min_label":5.6,"iso_a2":"CN","adm0":"China","adm1":"Sichuan","capital":0},"geometry":{"type":"Point","coordinates":[105.0481,29.5823]}},{"type":"Feature","properties":{"name":"Ningbo","tier":"world_city","rank":41,"min_zoom":5.1,"min_label":5.1,"iso_a2":"CN","adm0":"China","adm1":"Zhejiang","capital":0},"geometry":{"type":"Point","coordinates":[121.5481,29.8819]}},{"type":"Feature","properties":{"name":"Olympia","tier":"regional","rank":41,"min_zoom":5.6,"min_label":5.6,"iso_a2":"US","adm0":"United States of America","adm1":"Washington","capital":0},"geometry":{"type":"Point","coordinates":[-122.8994,47.038]}},{"type":"Feature","properties":{"name":"Orlando","tier":"world_city","rank":41,"min_zoom":5.1,"min_label":5.1,"iso_a2":"US","adm0":"United States of America","adm1":"Florida","capital":0},"geometry":{"type":"Point","coordinates":[-81.382,28.5119]}},{"type":"Feature","properties":{"name":"Parepare","tier":"regional","rank":41,"min_zoom":5.6,"min_label":5.6,"iso_a2":"ID","adm0":"Indonesia","adm1":"Sulawesi Selatan","capital":0},"geometry":{"type":"Point","coordinates":[119.6333,-4.0167]}},{"type":"Feature","properties":{"name":"Pelotas","tier":"regional","rank":41,"min_zoom":5.6,"min_label":5.6,"iso_a2":"BR","adm0":"Brazil","adm1":"Rio Grande do Sul","capital":0},"geometry":{"type":"Point","coordinates":[-52.33,-31.75]}},{"type":"Feature","properties":{"name":"Petrolina","tier":"regional","rank":41,"min_zoom":5.6,"min_label":5.6,"iso_a2":"BR","adm0":"Brazil","adm1":"Pernambuco","capital":0},"geometry":{"type":"Point","coordinates":[-40.51,-9.38]}},{"type":"Feature","properties":{"name":"Ponta Grossa","tier":"regional","rank":41,"min_zoom":5.6,"min_label":5.6,"iso_a2":"BR","adm0":"Brazil","adm1":"Paraná","capital":0},"geometry":{"type":"Point","coordinates":[-50.16,-25.09]}},{"type":"Feature","properties":{"name":"Porto Velho","tier":"regional","rank":41,"min_zoom":5.1,"min_label":5.1,"iso_a2":"BR","adm0":"Brazil","adm1":"Rondônia","capital":0},"geometry":{"type":"Point","coordinates":[-63.9,-8.75]}},{"type":"Feature","properties":{"name":"Puducherry","tier":"regional","rank":41,"min_zoom":5.1,"min_label":5.1,"iso_a2":"IN","adm0":"India","adm1":"Puducherry","capital":0},"geometry":{"type":"Point","coordinates":[79.83,11.935]}},{"type":"Feature","properties":{"name":"Qingdao","tier":"world_city","rank":41,"min_zoom":5.0,"min_label":5.0,"iso_a2":"CN","adm0":"China","adm1":"Shandong","capital":0},"geometry":{"type":"Point","coordinates":[120.3281,36.0919]}},{"type":"Feature","properties":{"name":"Quanzhou","tier":"world_city","rank":41,"min_zoom":5.6,"min_label":5.6,"iso_a2":"CN","adm0":"China","adm1":"Fujian","capital":0},"geometry":{"type":"Point","coordinates":[118.578,24.902]}},{"type":"Feature","properties":{"name":"Raba","tier":"regional","rank":41,"min_zoom":5.6,"min_label":5.6,"iso_a2":"ID","adm0":"Indonesia","adm1":"Nusa Tenggara Barat","capital":0},"geometry":{"type":"Point","coordinates":[118.7666,-8.45]}},{"type":"Feature","properties":{"name":"Raipur","tier":"world_city","rank":41,"min_zoom":5.6,"min_label":5.6,"iso_a2":"IN","adm0":"India","adm1":"Chhattisgarh","capital":0},"geometry":{"type":"Point","coordinates":[81.6331,21.2369]}},{"type":"Feature","properties":{"name":"Rajkot","tier":"world_city","rank":41,"min_zoom":5.6,"min_label":5.6,"iso_a2":"IN","adm0":"India","adm1":"Dadra and Nagar Haveli","capital":0},"geometry":{"type":"Point","coordinates":[70.7981,22.312]}},{"type":"Feature","properties":{"name":"Ranchi","tier":"world_city","rank":41,"min_zoom":5.6,"min_label":5.6,"iso_a2":"IN","adm0":"India","adm1":"Jharkhand","capital":0},"geometry":{"type":"Point","coordinates":[85.3281,23.372]}},{"type":"Feature","properties":{"name":"Reno","tier":"regional","rank":41,"min_zoom":5.1,"min_label":5.1,"iso_a2":"US","adm0":"United States of America","adm1":"Nevada","capital":0},"geometry":{"type":"Point","coordinates":[-119.82,39.53]}},{"type":"Feature","properties":{"name":"Ribeirão Preto","tier":"regional","rank":41,"min_zoom":5.6,"min_label":5.6,"iso_a2":"BR","adm0":"Brazil","adm1":"São Paulo","capital":0},"geometry":{"type":"Point","coordinates":[-47.83,-21.17]}},{"type":"Feature","properties":{"name":"Richmond","tier":"world_city","rank":41,"min_zoom":5.0,"min_label":5.0,"iso_a2":"US","adm0":"United States of America","adm1":"Virginia","capital":0},"geometry":{"type":"Point","coordinates":[-77.4519,37.552]}},{"type":"Feature","properties":{"name":"Rio Branco","tier":"regional","rank":41,"min_zoom":5.6,"min_label":5.6,"iso_a2":"BR","adm0":"Brazil","adm1":"Acre","capital":0},"geometry":{"type":"Point","coordinates":[-67.8,-9.9666]}},{"type":"Feature","properties":{"name":"Rochester","tier":"world_city","rank":41,"min_zoom":5.1,"min_label":5.1,"iso_a2":"US","adm0":"United States of America","adm1":"New York","capital":0},"geometry":{"type":"Point","coordinates":[-77.6219,43.1724]}},{"type":"Feature","properties":{"name":"Saharanpur","tier":"regional","rank":41,"min_zoom":5.6,"min_label":5.6,"iso_a2":"IN","adm0":"India","adm1":"Uttar Pradesh","capital":0},"geometry":{"type":"Point","coordinates":[77.55,29.97]}},{"type":"Feature","properties":{"name":"Salem","tier":"regional","rank":41,"min_zoom":5.6,"min_label":5.6,"iso_a2":"US","adm0":"United States of America","adm1":"Oregon","capital":0},"geometry":{"type":"Point","coordinates":[-123.0239,44.9281]}},{"type":"Feature","properties":{"name":"Salem","tier":"world_city","rank":41,"min_zoom":5.6,"min_label":5.6,"iso_a2":"IN","adm0":"India","adm1":"Tamil Nadu","capital":0},"geometry":{"type":"Point","coordinates":[78.1781,11.6719]}},{"type":"Feature","properties":{"name":"San Bernardino","tier":"world_city","rank":41,"min_zoom":5.6,"min_label":5.6,"iso_a2":"US","adm0":"United States of America","adm1":"California","capital":0},"geometry":{"type":"Point","coordinates":[-117.302,34.1223]}},{"type":"Feature","properties":{"name":"Santa Barbara","tier":"regional","rank":41,"min_zoom":5.6,"min_label":5.6,"iso_a2":"US","adm0":"United States of America","adm1":"California","capital":0},"geometry":{"type":"Point","coordinates":[-119.7166,34.4108]}},{"type":"Feature","properties":{"name":"Sault Ste. Marie","tier":"regional","rank":41,"min_zoom":5.1,"min_label":5.1,"iso_a2":"US","adm0":"United States of America","adm1":"Michigan","capital":0},"geometry":{"type":"Point","coordinates":[-84.3453,46.4953]}},{"type":"Feature","properties":{"name":"Savannah","tier":"regional","rank":41,"min_zoom":5.1,"min_label":5.1,"iso_a2":"US","adm0":"United States of America","adm1":"Georgia","capital":0},"geometry":{"type":"Point","coordinates":[-81.11,32.0211]}},{"type":"Feature","properties":{"name":"Shache","tier":"regional","rank":41,"min_zoom":5.6,"min_label":5.6,"iso_a2":"CN","adm0":"China","adm1":"Xinjiang Uygur","capital":0},"geometry":{"type":"Point","coordinates":[77.25,38.4261]}},{"type":"Feature","properties":{"name":"Shaoguan","tier":"regional","rank":41,"min_zoom":5.1,"min_label":5.1,"iso_a2":"CN","adm0":"China","adm1":"Guangdong","capital":0},"geometry":{"type":"Point","coordinates":[113.58,24.8]}},{"type":"Feature","properties":{"name":"Shijiazhuang","tier":"world_city","rank":41,"min_zoom":5.6,"min_label":5.6,"iso_a2":"CN","adm0":"China","adm1":"Hebei","capital":0},"geometry":{"type":"Point","coordinates":[114.478,38.052]}},{"type":"Feature","properties":{"name":"Shizuishan","tier":"regional","rank":41,"min_zoom":5.6,"min_label":5.6,"iso_a2":"CN","adm0":"China","adm1":"Ningxia Hui","capital":0},"geometry":{"type":"Point","coordinates":[106.769,39.2333]}},{"type":"Feature","properties":{"name":"Sholapur","tier":"world_city","rank":41,"min_zoom":5.6,"min_label":5.6,"iso_a2":"IN","adm0":"India","adm1":"Maharashtra","capital":0},"geometry":{"type":"Point","coordinates":[75.8981,17.6724]}},{"type":"Feature","properties":{"name":"Shreveport","tier":"regional","rank":41,"min_zoom":5.6,"min_label":5.6,"iso_a2":"US","adm0":"United States of America","adm1":"Louisiana","capital":0},"geometry":{"type":"Point","coordinates":[-93.77,32.5]}},{"type":"Feature","properties":{"name":"Sioux Falls","tier":"regional","rank":41,"min_zoom":5.6,"min_label":5.6,"iso_a2":"US","adm0":"United States of America","adm1":"South Dakota","capital":0},"geometry":{"type":"Point","coordinates":[-96.73,43.55]}},{"type":"Feature","properties":{"name":"Sitka","tier":"minor","rank":41,"min_zoom":5.1,"min_label":5.1,"iso_a2":"US","adm0":"United States of America","adm1":"Alaska","capital":0},"geometry":{"type":"Point","coordinates":[-135.3275,57.0604]}},{"type":"Feature","properties":{"name":"Sorocaba","tier":"regional","rank":41,"min_zoom":5.6,"min_label":5.6,"iso_a2":"BR","adm0":"Brazil","adm1":"São Paulo","capital":0},"geometry":{"type":"Point","coordinates":[-47.47,-23.49]}},{"type":"Feature","properties":{"name":"Spokane","tier":"regional","rank":41,"min_zoom":5.1,"min_label":5.1,"iso_a2":"US","adm0":"United States of America","adm1":"Washington","capital":0},"geometry":{"type":"Point","coordinates":[-117.4199,47.67]}},{"type":"Feature","properties":{"name":"Srinagar","tier":"world_city","rank":41,"min_zoom":5.6,"min_label":5.6,"iso_a2":"IN","adm0":"India","adm1":"Jammu and Kashmir","capital":0},"geometry":{"type":"Point","coordinates":[74.8283,34.0695]}},{"type":"Feature","properties":{"name":"St.  Paul","tier":"regional","rank":41,"min_zoom":5.6,"min_label":5.6,"iso_a2":"US","adm0":"United States of America","adm1":"Minnesota","capital":0},"geometry":{"type":"Point","coordinates":[-93.085,44.944]}},{"type":"Feature","properties":{"name":"Surakarta","tier":"regional","rank":41,"min_zoom":5.6,"min_label":5.6,"iso_a2":"ID","adm0":"Indonesia","adm1":"Jawa Tengah","capital":0},"geometry":{"type":"Point","coordinates":[110.825,-7.565]}},{"type":"Feature","properties":{"name":"Suzhou","tier":"world_city","rank":41,"min_zoom":5.6,"min_label":5.6,"iso_a2":"CN","adm0":"China","adm1":"Jiangsu","capital":0},"geometry":{"type":"Point","coordinates":[120.6181,31.3024]}},{"type":"Feature","properties":{"name":"Suzhou","tier":"world_city","rank":41,"min_zoom":5.6,"min_label":5.6,"iso_a2":"CN","adm0":"China","adm1":"Anhui","capital":0},"geometry":{"type":"Point","coordinates":[116.9769,33.6381]}},{"type":"Feature","properties":{"name":"Syracuse","tier":"regional","rank":41,"min_zoom":5.6,"min_label":5.6,"iso_a2":"US","adm0":"United States of America","adm1":"New York","capital":0},"geometry":{"type":"Point","coordinates":[-76.15,43.05]}},{"type":"Feature","properties":{"name":"São Luís","tier":"world_city","rank":41,"min_zoom":5.6,"min_label":5.6,"iso_a2":"BR","adm0":"Brazil","adm1":"Maranhão","capital":0},"geometry":{"type":"Point","coordinates":[-44.2679,-2.514]}},{"type":"Feature","properties":{"name":"Tallahassee","tier":"regional","rank":41,"min_zoom":5.6,"min_label":5.6,"iso_a2":"US","adm0":"United States of America","adm1":"Florida","capital":0},"geometry":{"type":"Point","coordinates":[-84.28,30.45]}},{"type":"Feature","properties":{"name":"Tanjung Pandan","tier":"regional","rank":41,"min_zoom":5.6,"min_label":5.6,"iso_a2":"ID","adm0":"Indonesia","adm1":"Bangka-Belitung","capital":0},"geometry":{"type":"Point","coordinates":[107.65,-2.75]}},{"type":"Feature","properties":{"name":"Teresina","tier":"world_city","rank":41,"min_zoom":5.6,"min_label":5.6,"iso_a2":"BR","adm0":"Brazil","adm1":"Piauí","capital":0},"geometry":{"type":"Point","coordinates":[-42.782,-5.0931]}},{"type":"Feature","properties":{"name":"Ternate","tier":"regional","rank":41,"min_zoom":5.6,"min_label":5.6,"iso_a2":"ID","adm0":"Indonesia","adm1":"Maluku Utara","capital":0},"geometry":{"type":"Point","coordinates":[127.363,0.793]}},{"type":"Feature","properties":{"name":"Thiruvananthapuram","tier":"world_city","rank":41,"min_zoom":5.6,"min_label":5.6,"iso_a2":"IN","adm0":"India","adm1":"Kerala","capital":0},"geometry":{"type":"Point","coordinates":[76.9252,8.5155]}},{"type":"Feature","properties":{"name":"Tianshui","tier":"world_city","rank":41,"min_zoom":5.6,"min_label":5.6,"iso_a2":"CN","adm0":"China","adm1":"Gansu","capital":0},"geometry":{"type":"Point","coordinates":[105.918,34.602]}},{"type":"Feature","properties":{"name":"Tiruchirappalli","tier":"world_city","rank":41,"min_zoom":5.6,"min_label":5.6,"iso_a2":"IN","adm0":"India","adm1":"Tamil Nadu","capital":0},"geometry":{"type":"Point","coordinates":[78.6875,10.8005]}},{"type":"Feature","properties":{"name":"Tongliao","tier":"world_city","rank":41,"min_zoom":5.6,"min_label":5.6,"iso_a2":"CN","adm0":"China","adm1":"Nei Mongol","capital":0},"geometry":{"type":"Point","coordinates":[122.268,43.6219]}},{"type":"Feature","properties":{"name":"Topeka","tier":"regional","rank":41,"min_zoom":5.1,"min_label":5.1,"iso_a2":"US","adm0":"United States of America","adm1":"Kansas","capital":0},"geometry":{"type":"Point","coordinates":[-95.67,39.05]}},{"type":"Feature","properties":{"name":"Tucson","tier":"world_city","rank":41,"min_zoom":5.1,"min_label":5.1,"iso_a2":"US","adm0":"United States of America","adm1":"Arizona","capital":0},"geometry":{"type":"Point","coordinates":[-110.8919,32.2069]}},{"type":"Feature","properties":{"name":"Tulsa","tier":"regional","rank":41,"min_zoom":5.6,"min_label":5.6,"iso_a2":"US","adm0":"United States of America","adm1":"Oklahoma","capital":0},"geometry":{"type":"Point","coordinates":[-95.93,36.12]}},{"type":"Feature","properties":{"name":"Uberlândia","tier":"regional","rank":41,"min_zoom":5.6,"min_label":5.6,"iso_a2":"BR","adm0":"Brazil","adm1":"Minas Gerais","capital":0},"geometry":{"type":"Point","coordinates":[-48.28,-18.9]}},{"type":"Feature","properties":{"name":"Ulan Hot","tier":"regional","rank":41,"min_zoom":5.6,"min_label":5.6,"iso_a2":"CN","adm0":"China","adm1":"Nei Mongol","capital":0},"geometry":{"type":"Point","coordinates":[122.08,46.08]}},{"type":"Feature","properties":{"name":"Vadodara","tier":"world_city","rank":41,"min_zoom":5.6,"min_label":5.6,"iso_a2":"IN","adm0":"India","adm1":"Dadra and Nagar Haveli","capital":0},"geometry":{"type":"Point","coordinates":[73.1781,22.312]}},{"type":"Feature","properties":{"name":"Vancouver","tier":"regional","rank":41,"min_zoom":5.6,"min_label":5.6,"iso_a2":"US","adm0":"United States of America","adm1":"Washington","capital":0},"geometry":{"type":"Point","coordinates":[-122.64,45.6303]}},{"type":"Feature","properties":{"name":"Vijayawada","tier":"world_city","rank":41,"min_zoom":5.6,"min_label":5.6,"iso_a2":"IN","adm0":"India","adm1":"Andhra Pradesh","capital":0},"geometry":{"type":"Point","coordinates":[80.6281,16.5219]}},{"type":"Feature","properties":{"name":"Vila Velha","tier":"major","rank":41,"min_zoom":5.6,"min_label":5.6,"iso_a2":"BR","adm0":"Brazil","adm1":"Espírito Santo","capital":0},"geometry":{"type":"Point","coordinates":[-40.2902,-20.338]}},{"type":"Feature","properties":{"name":"Vitória da Conquista","tier":"regional","rank":41,"min_zoom":5.6,"min_label":5.6,"iso_a2":"BR","adm0":"Brazil","adm1":"Bahia","capital":0},"geometry":{"type":"Point","coordinates":[-40.84,-14.85]}},{"type":"Feature","properties":{"name":"Wenzhou","tier":"world_city","rank":41,"min_zoom":5.1,"min_label":5.1,"iso_a2":"CN","adm0":"China","adm1":"Zhejiang","capital":0},"geometry":{"type":"Point","coordinates":[120.6481,28.0219]}},{"type":"Feature","properties":{"name":"Wilmington","tier":"regional","rank":41,"min_zoom":5.1,"min_label":5.1,"iso_a2":"US","adm0":"United States of America","adm1":"North Carolina","capital":0},"geometry":{"type":"Point","coordinates":[-77.945,34.2255]}},{"type":"Feature","properties":{"name":"Wuwei","tier":"regional","rank":41,"min_zoom":5.6,"min_label":5.6,"iso_a2":"CN","adm0":"China","adm1":"Gansu","capital":0},"geometry":{"type":"Point","coordinates":[102.641,37.928]}},{"type":"Feature","properties":{"name":"Wuxi","tier":"world_city","rank":41,"min_zoom":5.6,"min_label":5.6,"iso_a2":"CN","adm0":"China","adm1":"Jiangsu","capital":0},"geometry":{"type":"Point","coordinates":[120.298,31.5819]}},{"type":"Feature","properties":{"name":"Wuzhou","tier":"regional","rank":41,"min_zoom":5.6,"min_label":5.6,"iso_a2":"CN","adm0":"China","adm1":"Guangxi","capital":0},"geometry":{"type":"Point","coordinates":[111.32,23.48]}},{"type":"Feature","properties":{"name":"Xiamen","tier":"world_city","rank":41,"min_zoom":5.6,"min_label":5.6,"iso_a2":"CN","adm0":"China","adm1":"Fujian","capital":0},"geometry":{"type":"Point","coordinates":[118.0781,24.4519]}},{"type":"Feature","properties":{"name":"Xichang","tier":"regional","rank":41,"min_zoom":5.0,"min_label":5.0,"iso_a2":"CN","adm0":"China","adm1":"Sichuan","capital":0},"geometry":{"type":"Point","coordinates":[102.3,27.88]}},{"type":"Feature","properties":{"name":"Xigaze","tier":"regional","rank":41,"min_zoom":5.0,"min_label":5.0,"iso_a2":"CN","adm0":"China","adm1":"Xizang","capital":0},"geometry":{"type":"Point","coordinates":[88.8833,29.25]}},{"type":"Feature","properties":{"name":"Xuzhou","tier":"world_city","rank":41,"min_zoom":5.6,"min_label":5.6,"iso_a2":"CN","adm0":"China","adm1":"Jiangsu","capital":0},"geometry":{"type":"Point","coordinates":[117.1781,34.282]}},{"type":"Feature","properties":{"name":"Yantai","tier":"world_city","rank":41,"min_zoom":5.6,"min_label":5.6,"iso_a2":"CN","adm0":"China","adm1":"Shandong","capital":0},"geometry":{"type":"Point","coordinates":[121.3981,37.5324]}},{"type":"Feature","properties":{"name":"Yining","tier":"regional","rank":41,"min_zoom":5.1,"min_label":5.1,"iso_a2":"CN","adm0":"China","adm1":"Xinjiang Uygur","capital":0},"geometry":{"type":"Point","coordinates":[81.35,43.9]}},{"type":"Feature","properties":{"name":"Yueyang","tier":"world_city","rank":41,"min_zoom":5.6,"min_label":5.6,"iso_a2":"CN","adm0":"China","adm1":"Hunan","capital":0},"geometry":{"type":"Point","coordinates":[113.0981,29.382]}},{"type":"Feature","properties":{"name":"Yulin","tier":"world_city","rank":41,"min_zoom":5.6,"min_label":5.6,"iso_a2":"CN","adm0":"China","adm1":"Guangxi","capital":0},"geometry":{"type":"Point","coordinates":[110.1481,22.6319]}},{"type":"Feature","properties":{"name":"Yulin","tier":"regional","rank":41,"min_zoom":5.6,"min_label":5.6,"iso_a2":"CN","adm0":"China","adm1":"Shaanxi","capital":0},"geometry":{"type":"Point","coordinates":[109.7333,38.2833]}},{"type":"Feature","properties":{"name":"Zaozhuang","tier":"world_city","rank":41,"min_zoom":5.1,"min_label":5.1,"iso_a2":"CN","adm0":"China","adm1":"Shandong","capital":0},"geometry":{"type":"Point","coordinates":[117.5681,34.8819]}},{"type":"Feature","properties":{"name":"Zhangye","tier":"regional","rank":41,"min_zoom":5.6,"min_label":5.6,"iso_a2":"CN","adm0":"China","adm1":"Gansu","capital":0},"geometry":{"type":"Point","coordinates":[100.45,38.93]}},{"type":"Feature","properties":{"name":"Zhanjiang","tier":"world_city","rank":41,"min_zoom":5.6,"min_label":5.6,"iso_a2":"CN","adm0":"China","adm1":"Guangdong","capital":0},"geometry":{"type":"Point","coordinates":[110.3781,21.2019]}},{"type":"Feature","properties":{"name":"Abakan","tier":"regional","rank":42,"min_zoom":5.6,"min_label":5.6,"iso_a2":"RU","adm0":"Russia","adm1":"Krasnoyarsk","capital":0},"geometry":{"type":"Point","coordinates":[91.445,53.7037]}},{"type":"Feature","properties":{"name":"Aldan","tier":"minor","rank":42,"min_zoom":5.6,"min_label":5.6,"iso_a2":"RU","adm0":"Russia","adm1":"Sakha (Yakutia)","capital":0},"geometry":{"type":"Point","coordinates":[125.3894,58.603]}},{"type":"Feature","properties":{"name":"Ambarchik","tier":"minor","rank":42,"min_zoom":5.6,"min_label":5.6,"iso_a2":"RU","adm0":"Russia","adm1":"Sakha (Yakutia)","capital":0},"geometry":{"type":"Point","coordinates":[162.3336,69.651]}},{"type":"Feature","properties":{"name":"Angarsk","tier":"regional","rank":42,"min_zoom":5.6,"min_label":5.6,"iso_a2":"RU","adm0":"Russia","adm1":"Irkutsk","capital":0},"geometry":{"type":"Point","coordinates":[103.92,52.56]}},{"type":"Feature","properties":{"name":"Arviat","tier":"minor","rank":42,"min_zoom":5.6,"min_label":5.6,"iso_a2":"CA","adm0":"Canada","adm1":"Nunavut","capital":0},"geometry":{"type":"Point","coordinates":[-94.0586,61.1086]}},{"type":"Feature","properties":{"name":"Astrakhan","tier":"regional","rank":42,"min_zoom":5.1,"min_label":5.1,"iso_a2":"RU","adm0":"Russia","adm1":"Astrakhan'","capital":0},"geometry":{"type":"Point","coordinates":[48.055,46.3487]}},{"type":"Feature","properties":{"name":"Batagay","tier":"minor","rank":42,"min_zoom":5.6,"min_label":5.6,"iso_a2":"RU","adm0":"Russia","adm1":"Sakha (Yakutia)","capital":0},"geometry":{"type":"Point","coordinates":[134.635,67.656]}},{"type":"Feature","properties":{"name":"Benin City","tier":"world_city","rank":42,"min_zoom":5.6,"min_label":5.6,"iso_a2":"NG","adm0":"Nigeria","adm1":"Edo","capital":0},"geometry":{"type":"Point","coordinates":[5.6181,6.3424]}},{"type":"Feature","properties":{"name":"Blagoveshchensk","tier":"regional","rank":42,"min_zoom":5.6,"min_label":5.6,"iso_a2":"RU","adm0":"Russia","adm1":"Amur","capital":0},"geometry":{"type":"Point","coordinates":[127.5333,50.2666]}},{"type":"Feature","properties":{"name":"Brandon","tier":"minor","rank":42,"min_zoom":5.6,"min_label":5.6,"iso_a2":"CA","adm0":"Canada","adm1":"Manitoba","capital":0},"geometry":{"type":"Point","coordinates":[-99.95,49.8333]}},{"type":"Feature","properties":{"name":"Bryansk","tier":"regional","rank":42,"min_zoom":5.1,"min_label":5.1,"iso_a2":"RU","adm0":"Russia","adm1":"Bryansk","capital":0},"geometry":{"type":"Point","coordinates":[34.43,53.26]}},{"type":"Feature","properties":{"name":"Bukachacha","tier":"minor","rank":42,"min_zoom":5.6,"min_label":5.6,"iso_a2":"RU","adm0":"Russia","adm1":"Chita","capital":0},"geometry":{"type":"Point","coordinates":[116.9166,52.9833]}},{"type":"Feature","properties":{"name":"Cambridge Bay","tier":"minor","rank":42,"min_zoom":5.6,"min_label":5.6,"iso_a2":"CA","adm0":"Canada","adm1":"Nunavut","capital":0},"geometry":{"type":"Point","coordinates":[-105.0333,69.117]}},{"type":"Feature","properties":{"name":"Campeche","tier":"regional","rank":42,"min_zoom":5.6,"min_label":5.6,"iso_a2":"MX","adm0":"Mexico","adm1":"Campeche","capital":0},"geometry":{"type":"Point","coordinates":[-90.5,19.83]}},{"type":"Feature","properties":{"name":"Chelyabinsk","tier":"world_city","rank":42,"min_zoom":5.1,"min_label":5.1,"iso_a2":"RU","adm0":"Russia","adm1":"Chelyabinsk","capital":0},"geometry":{"type":"Point","coordinates":[61.4367,55.1569]}},{"type":"Feature","properties":{"name":"Chesterfield Inlet","tier":"minor","rank":42,"min_zoom":5.6,"min_label":5.6,"iso_a2":"CA","adm0":"Canada","adm1":"Nunavut","capital":0},"geometry":{"type":"Point","coordinates":[-90.7001,63.3383]}},{"type":"Feature","properties":{"name":"Chokurdakh","tier":"minor","rank":42,"min_zoom":5.6,"min_label":5.6,"iso_a2":"RU","adm0":"Russia","adm1":"Sakha (Yakutia)","capital":0},"geometry":{"type":"Point","coordinates":[147.8946,70.6183]}},{"type":"Feature","properties":{"name":"Colima","tier":"regional","rank":42,"min_zoom":5.6,"min_label":5.6,"iso_a2":"MX","adm0":"Mexico","adm1":"Colima","capital":0},"geometry":{"type":"Point","coordinates":[-103.72,19.23]}},{"type":"Feature","properties":{"name":"Culiacán","tier":"world_city","rank":42,"min_zoom":5.6,"min_label":5.6,"iso_a2":"MX","adm0":"Mexico","adm1":"Sinaloa","capital":0},"geometry":{"type":"Point","coordinates":[-107.3819,24.8319]}},{"type":"Feature","properties":{"name":"Dalnegorsk","tier":"minor","rank":42,"min_zoom":5.6,"min_label":5.6,"iso_a2":"RU","adm0":"Russia","adm1":"Primor'ye","capital":0},"geometry":{"type":"Point","coordinates":[135.5172,44.5372]}},{"type":"Feature","properties":{"name":"Dawson City","tier":"minor","rank":42,"min_zoom":5.1,"min_label":5.1,"iso_a2":"CA","adm0":"Canada","adm1":"Yukon","capital":0},"geometry":{"type":"Point","coordinates":[-139.4167,64.0666]}},{"type":"Feature","properties":{"name":"Fort McMurray","tier":"minor","rank":42,"min_zoom":5.6,"min_label":5.6,"iso_a2":"CA","adm0":"Canada","adm1":"Alberta","capital":0},"geometry":{"type":"Point","coordinates":[-111.3833,56.7333]}},{"type":"Feature","properties":{"name":"Fort Smith","tier":"minor","rank":42,"min_zoom":5.1,"min_label":5.1,"iso_a2":"CA","adm0":"Canada","adm1":"Alberta","capital":0},"geometry":{"type":"Point","coordinates":[-111.8833,60.0]}},{"type":"Feature","properties":{"name":"Fort St. John","tier":"minor","rank":42,"min_zoom":5.1,"min_label":5.1,"iso_a2":"CA","adm0":"Canada","adm1":"British Columbia","capital":0},"geometry":{"type":"Point","coordinates":[-120.8333,56.25]}},{"type":"Feature","properties":{"name":"Fukuoka","tier":"world_city","rank":42,"min_zoom":5.6,"min_label":5.6,"iso_a2":"JP","adm0":"Japan","adm1":"Fukuoka","capital":0},"geometry":{"type":"Point","coordinates":[130.4081,33.597]}},{"type":"Feature","properties":{"name":"Grozny","tier":"regional","rank":42,"min_zoom":5.0,"min_label":5.0,"iso_a2":"RU","adm0":"Russia","adm1":"Chechnya","capital":0},"geometry":{"type":"Point","coordinates":[45.6987,43.3187]}},{"type":"Feature","properties":{"name":"Guaymas","tier":"regional","rank":42,"min_zoom":5.6,"min_label":5.6,"iso_a2":"MX","adm0":"Mexico","adm1":"Sonora","capital":0},"geometry":{"type":"Point","coordinates":[-110.89,27.93]}},{"type":"Feature","properties":{"name":"Gujranwala","tier":"world_city","rank":42,"min_zoom":5.6,"min_label":5.6,"iso_a2":"PK","adm0":"Pakistan","adm1":"Punjab","capital":0},"geometry":{"type":"Point","coordinates":[74.1831,32.1624]}},{"type":"Feature","properties":{"name":"Hakodate","tier":"regional","rank":42,"min_zoom":5.6,"min_label":5.6,"iso_a2":"JP","adm0":"Japan","adm1":"Hokkaido","capital":0},"geometry":{"type":"Point","coordinates":[140.74,41.795]}},{"type":"Feature","properties":{"name":"Hermosillo","tier":"regional","rank":42,"min_zoom":5.6,"min_label":5.6,"iso_a2":"MX","adm0":"Mexico","adm1":"Sonora","capital":0},"geometry":{"type":"Point","coordinates":[-110.9541,29.0989]}},{"type":"Feature","properties":{"name":"Ibadan","tier":"world_city","rank":42,"min_zoom":5.1,"min_label":5.1,"iso_a2":"NG","adm0":"Nigeria","adm1":"Oyo","capital":0},"geometry":{"type":"Point","coordinates":[3.928,7.382]}},{"type":"Feature","properties":{"name":"Igloolik","tier":"minor","rank":42,"min_zoom":5.6,"min_label":5.6,"iso_a2":"CA","adm0":"Canada","adm1":"Nunavut","capital":0},"geometry":{"type":"Point","coordinates":[-81.7936,69.2565]}},{"type":"Feature","properties":{"name":"Iqaluit","tier":"minor","rank":42,"min_zoom":5.1,"min_label":5.1,"iso_a2":"CA","adm0":"Canada","adm1":"Nunavut","capital":0},"geometry":{"type":"Point","coordinates":[-68.5002,63.7505]}},{"type":"Feature","properties":{"name":"Kaduna","tier":"world_city","rank":42,"min_zoom":5.6,"min_label":5.6,"iso_a2":"NG","adm0":"Nigeria","adm1":"Kaduna","capital":0},"geometry":{"type":"Point","coordinates":[7.4381,10.522]}},{"type":"Feature","properties":{"name":"Kaliningrad","tier":"regional","rank":42,"min_zoom":5.0,"min_label":5.0,"iso_a2":"RU","adm0":"Russia","adm1":"Kaliningrad","capital":0},"geometry":{"type":"Point","coordinates":[20.4973,54.7]}},{"type":"Feature","properties":{"name":"Kemerovo","tier":"regional","rank":42,"min_zoom":5.1,"min_label":5.1,"iso_a2":"RU","adm0":"Russia","adm1":"Kemerovo","capital":0},"geometry":{"type":"Point","coordinates":[86.09,55.34]}},{"type":"Feature","properties":{"name":"Khabarovsk","tier":"regional","rank":42,"min_zoom":5.6,"min_label":5.6,"iso_a2":"RU","adm0":"Russia","adm1":"Khabarovsk","capital":0},"geometry":{"type":"Point","coordinates":[135.12,48.455]}},{"type":"Feature","properties":{"name":"Khatanga","tier":"minor","rank":42,"min_zoom":5.6,"min_label":5.6,"iso_a2":"RU","adm0":"Russia","adm1":"Taymyr","capital":0},"geometry":{"type":"Point","coordinates":[102.465,72.0411]}},{"type":"Feature","properties":{"name":"Khulna","tier":"world_city","rank":42,"min_zoom":5.6,"min_label":5.6,"iso_a2":"BD","adm0":"Bangladesh","adm1":"Khulna","capital":0},"geometry":{"type":"Point","coordinates":[89.5581,22.8419]}},{"type":"Feature","properties":{"name":"Kirov","tier":"regional","rank":42,"min_zoom":5.1,"min_label":5.1,"iso_a2":"RU","adm0":"Russia","adm1":"Kirov","capital":0},"geometry":{"type":"Point","coordinates":[49.67,58.5901]}},{"type":"Feature","properties":{"name":"Krasnodar","tier":"regional","rank":42,"min_zoom":5.1,"min_label":5.1,"iso_a2":"RU","adm0":"Russia","adm1":"Krasnodar","capital":0},"geometry":{"type":"Point","coordinates":[39.0,45.02]}},{"type":"Feature","properties":{"name":"Kugluktuk","tier":"minor","rank":42,"min_zoom":5.6,"min_label":5.6,"iso_a2":"CA","adm0":"Canada","adm1":"Nunavut","capital":0},"geometry":{"type":"Point","coordinates":[-115.1253,67.7987]}},{"type":"Feature","properties":{"name":"Kushiro","tier":"regional","rank":42,"min_zoom":5.1,"min_label":5.1,"iso_a2":"JP","adm0":"Japan","adm1":"Hokkaido","capital":0},"geometry":{"type":"Point","coordinates":[144.3747,42.975]}},{"type":"Feature","properties":{"name":"Kuujjuaq","tier":"minor","rank":42,"min_zoom":5.6,"min_label":5.6,"iso_a2":"CA","adm0":"Canada","adm1":"Québec","capital":0},"geometry":{"type":"Point","coordinates":[-68.4,58.1]}},{"type":"Feature","properties":{"name":"Kuujjuarapik","tier":"minor","rank":42,"min_zoom":5.6,"min_label":5.6,"iso_a2":"CA","adm0":"Canada","adm1":"Québec","capital":0},"geometry":{"type":"Point","coordinates":[-77.7658,55.2815]}},{"type":"Feature","properties":{"name":"Kyoto","tier":"world_city","rank":42,"min_zoom":5.1,"min_label":5.1,"iso_a2":"JP","adm0":"Japan","adm1":"Kyoto","capital":0},"geometry":{"type":"Point","coordinates":[135.7481,35.0319]}},{"type":"Feature","properties":{"name":"Kyzyl","tier":"regional","rank":42,"min_zoom":5.6,"min_label":5.6,"iso_a2":"RU","adm0":"Russia","adm1":"Tuva","capital":0},"geometry":{"type":"Point","coordinates":[94.3831,51.7067]}},{"type":"Feature","properties":{"name":"Kōchi","tier":"regional","rank":42,"min_zoom":5.6,"min_label":5.6,"iso_a2":"JP","adm0":"Japan","adm1":"Kochi","capital":0},"geometry":{"type":"Point","coordinates":[133.5375,33.5624]}},{"type":"Feature","properties":{"name":"La Paz","tier":"regional","rank":42,"min_zoom":5.6,"min_label":5.6,"iso_a2":"MX","adm0":"Mexico","adm1":"Baja California Sur","capital":0},"geometry":{"type":"Point","coordinates":[-110.32,24.14]}},{"type":"Feature","properties":{"name":"Labrador City","tier":"minor","rank":42,"min_zoom":5.6,"min_label":5.6,"iso_a2":"CA","adm0":"Canada","adm1":"Newfoundland and Labrador","capital":0},"geometry":{"type":"Point","coordinates":[-66.9159,52.9414]}},{"type":"Feature","properties":{"name":"Larkana","tier":"regional","rank":42,"min_zoom":5.6,"min_label":5.6,"iso_a2":"PK","adm0":"Pakistan","adm1":"Sind","capital":0},"geometry":{"type":"Point","coordinates":[68.2068,27.5618]}},{"type":"Feature","properties":{"name":"Leh","tier":"minor","rank":42,"min_zoom":5.6,"min_label":5.6,"iso_a2":"IN","adm0":"India","adm1":"Ladakh","capital":0},"geometry":{"type":"Point","coordinates":[77.5723,34.1616]}},{"type":"Feature","properties":{"name":"Lensk","tier":"minor","rank":42,"min_zoom":5.6,"min_label":5.6,"iso_a2":"RU","adm0":"Russia","adm1":"Sakha (Yakutia)","capital":0},"geometry":{"type":"Point","coordinates":[114.947,60.7253]}},{"type":"Feature","properties":{"name":"León","tier":"world_city","rank":42,"min_zoom":5.6,"min_label":5.6,"iso_a2":"MX","adm0":"Mexico","adm1":"Guanajuato","capital":0},"geometry":{"type":"Point","coordinates":[-101.702,21.1519]}},{"type":"Feature","properties":{"name":"Magnitogorsk","tier":"regional","rank":42,"min_zoom":5.1,"min_label":5.1,"iso_a2":"RU","adm0":"Russia","adm1":"Chelyabinsk","capital":0},"geometry":{"type":"Point","coordinates":[58.98,53.4227]}},{"type":"Feature","properties":{"name":"Maiduguri","tier":"world_city","rank":42,"min_zoom":5.6,"min_label":5.6,"iso_a2":"NG","adm0":"Nigeria","adm1":"Borno","capital":0},"geometry":{"type":"Point","coordinates":[13.1581,11.8519]}},{"type":"Feature","properties":{"name":"Makurdi","tier":"regional","rank":42,"min_zoom":5.6,"min_label":5.6,"iso_a2":"NG","adm0":"Nigeria","adm1":"Benue","capital":0},"geometry":{"type":"Point","coordinates":[8.53,7.73]}},{"type":"Feature","properties":{"name":"Matamoros","tier":"regional","rank":42,"min_zoom":5.6,"min_label":5.6,"iso_a2":"MX","adm0":"Mexico","adm1":"Tamaulipas","capital":0},"geometry":{"type":"Point","coordinates":[-97.5,25.88]}},{"type":"Feature","properties":{"name":"Mexicali","tier":"world_city","rank":42,"min_zoom":5.6,"min_label":5.6,"iso_a2":"MX","adm0":"Mexico","adm1":"Baja California","capital":0},"geometry":{"type":"Point","coordinates":[-115.482,32.6519]}},{"type":"Feature","properties":{"name":"Mirny","tier":"minor","rank":42,"min_zoom":5.1,"min_label":5.1,"iso_a2":"RU","adm0":"Russia","adm1":"Sakha (Yakutia)","capital":0},"geometry":{"type":"Point","coordinates":[113.9614,62.54]}},{"type":"Feature","properties":{"name":"Miyazaki","tier":"regional","rank":42,"min_zoom":5.6,"min_label":5.6,"iso_a2":"JP","adm0":"Japan","adm1":"Miyazaki","capital":0},"geometry":{"type":"Point","coordinates":[131.4184,31.9182]}},{"type":"Feature","properties":{"name":"Nagano","tier":"regional","rank":42,"min_zoom":5.6,"min_label":5.6,"iso_a2":"JP","adm0":"Japan","adm1":"Nagano","capital":0},"geometry":{"type":"Point","coordinates":[138.17,36.65]}},{"type":"Feature","properties":{"name":"Nagoya","tier":"world_city","rank":42,"min_zoom":5.1,"min_label":5.1,"iso_a2":"JP","adm0":"Japan","adm1":"Aichi","capital":0},"geometry":{"type":"Point","coordinates":[136.913,35.1569]}},{"type":"Feature","properties":{"name":"Naha","tier":"regional","rank":42,"min_zoom":5.1,"min_label":5.1,"iso_a2":"JP","adm0":"Japan","adm1":"Okinawa","capital":0},"geometry":{"type":"Point","coordinates":[127.673,26.2072]}},{"type":"Feature","properties":{"name":"Nalchik","tier":"regional","rank":42,"min_zoom":5.6,"min_label":5.6,"iso_a2":"RU","adm0":"Russia","adm1":"Kabardin-Balkar","capital":0},"geometry":{"type":"Point","coordinates":[43.6179,43.4981]}},{"type":"Feature","properties":{"name":"Nizhny Tagil","tier":"regional","rank":42,"min_zoom":5.1,"min_label":5.1,"iso_a2":"RU","adm0":"Russia","adm1":"Sverdlovsk","capital":0},"geometry":{"type":"Point","coordinates":[59.975,57.92]}},{"type":"Feature","properties":{"name":"Nogales","tier":"regional","rank":42,"min_zoom":5.6,"min_label":5.6,"iso_a2":"MX","adm0":"Mexico","adm1":"Sonora","capital":0},"geometry":{"type":"Point","coordinates":[-110.945,31.305]}},{"type":"Feature","properties":{"name":"Norilsk","tier":"regional","rank":42,"min_zoom":5.6,"min_label":5.6,"iso_a2":"RU","adm0":"Russia","adm1":"Taymyr","capital":0},"geometry":{"type":"Point","coordinates":[88.225,69.34]}},{"type":"Feature","properties":{"name":"North Bay","tier":"regional","rank":42,"min_zoom":5.6,"min_label":5.6,"iso_a2":"CA","adm0":"Canada","adm1":"Ontario","capital":0},"geometry":{"type":"Point","coordinates":[-79.45,46.3]}},{"type":"Feature","properties":{"name":"Novokuznetsk","tier":"regional","rank":42,"min_zoom":5.1,"min_label":5.1,"iso_a2":"RU","adm0":"Russia","adm1":"Kemerovo","capital":0},"geometry":{"type":"Point","coordinates":[87.115,53.75]}},{"type":"Feature","properties":{"name":"Nuevo Laredo","tier":"regional","rank":42,"min_zoom":5.6,"min_label":5.6,"iso_a2":"MX","adm0":"Mexico","adm1":"Tamaulipas","capital":0},"geometry":{"type":"Point","coordinates":[-99.55,27.5]}},{"type":"Feature","properties":{"name":"Oaxaca","tier":"regional","rank":42,"min_zoom":5.1,"min_label":5.1,"iso_a2":"MX","adm0":"Mexico","adm1":"Oaxaca","capital":0},"geometry":{"type":"Point","coordinates":[-96.67,17.0827]}},{"type":"Feature","properties":{"name":"Ogbomosho","tier":"world_city","rank":42,"min_zoom":5.6,"min_label":5.6,"iso_a2":"NG","adm0":"Nigeria","adm1":"Oyo","capital":0},"geometry":{"type":"Point","coordinates":[4.238,8.132]}},{"type":"Feature","properties":{"name":"Okha","tier":"minor","rank":42,"min_zoom":5.6,"min_label":5.6,"iso_a2":"RU","adm0":"Russia","adm1":"Sakhalin","capital":0},"geometry":{"type":"Point","coordinates":[142.9479,53.5739]}},{"type":"Feature","properties":{"name":"Okhotsk","tier":"minor","rank":42,"min_zoom":5.1,"min_label":5.1,"iso_a2":"RU","adm0":"Russia","adm1":"Khabarovsk","capital":0},"geometry":{"type":"Point","coordinates":[143.217,59.383]}},{"type":"Feature","properties":{"name":"Omsk","tier":"world_city","rank":42,"min_zoom":3.7,"min_label":3.7,"iso_a2":"RU","adm0":"Russia","adm1":"Omsk","capital":0},"geometry":{"type":"Point","coordinates":[73.398,54.9919]}},{"type":"Feature","properties":{"name":"Orenburg","tier":"regional","rank":42,"min_zoom":5.1,"min_label":5.1,"iso_a2":"RU","adm0":"Russia","adm1":"Orenburg","capital":0},"geometry":{"type":"Point","coordinates":[55.11,51.78]}},{"type":"Feature","properties":{"name":"Peace River","tier":"minor","rank":42,"min_zoom":5.6,"min_label":5.6,"iso_a2":"CA","adm0":"Canada","adm1":"Alberta","capital":0},"geometry":{"type":"Point","coordinates":[-117.2833,56.2333]}},{"type":"Feature","properties":{"name":"Penza","tier":"regional","rank":42,"min_zoom":5.1,"min_label":5.1,"iso_a2":"RU","adm0":"Russia","adm1":"Penza","capital":0},"geometry":{"type":"Point","coordinates":[45.0,53.18]}},{"type":"Feature","properties":{"name":"Petrozavodsk","tier":"regional","rank":42,"min_zoom":5.1,"min_label":5.1,"iso_a2":"RU","adm0":"Russia","adm1":"Karelia","capital":0},"geometry":{"type":"Point","coordinates":[34.3612,61.7813]}},{"type":"Feature","properties":{"name":"Port Harcourt","tier":"world_city","rank":42,"min_zoom":5.6,"min_label":5.6,"iso_a2":"NG","adm0":"Nigeria","adm1":"Rivers","capital":0},"geometry":{"type":"Point","coordinates":[7.0081,4.8119]}},{"type":"Feature","properties":{"name":"Pskov","tier":"regional","rank":42,"min_zoom":5.1,"min_label":5.1,"iso_a2":"RU","adm0":"Russia","adm1":"Pskov","capital":0},"geometry":{"type":"Point","coordinates":[28.3299,57.83]}},{"type":"Feature","properties":{"name":"Quetta","tier":"world_city","rank":42,"min_zoom":5.6,"min_label":5.6,"iso_a2":"PK","adm0":"Pakistan","adm1":"Baluchistan","capital":0},"geometry":{"type":"Point","coordinates":[67.023,30.2219]}},{"type":"Feature","properties":{"name":"Rajshahi","tier":"world_city","rank":42,"min_zoom":5.6,"min_label":5.6,"iso_a2":"BD","adm0":"Bangladesh","adm1":"Rajshahi","capital":0},"geometry":{"type":"Point","coordinates":[88.6031,24.3769]}},{"type":"Feature","properties":{"name":"Rostov","tier":"world_city","rank":42,"min_zoom":5.1,"min_label":5.1,"iso_a2":"RU","adm0":"Russia","adm1":"Rostov","capital":0},"geometry":{"type":"Point","coordinates":[39.7107,47.2366]}},{"type":"Feature","properties":{"name":"Ryazan","tier":"regional","rank":42,"min_zoom":5.6,"min_label":5.6,"iso_a2":"RU","adm0":"Russia","adm1":"Ryazan'","capital":0},"geometry":{"type":"Point","coordinates":[39.72,54.62]}},{"type":"Feature","properties":{"name":"Sakata","tier":"regional","rank":42,"min_zoom":5.6,"min_label":5.6,"iso_a2":"JP","adm0":"Japan","adm1":"Yamagata","capital":0},"geometry":{"type":"Point","coordinates":[139.8501,38.92]}},{"type":"Feature","properties":{"name":"San Luis Potosí","tier":"world_city","rank":42,"min_zoom":5.6,"min_label":5.6,"iso_a2":"MX","adm0":"Mexico","adm1":"San Luis Potosí","capital":0},"geometry":{"type":"Point","coordinates":[-101.0019,22.1719]}},{"type":"Feature","properties":{"name":"Saratov","tier":"world_city","rank":42,"min_zoom":5.1,"min_label":5.1,"iso_a2":"RU","adm0":"Russia","adm1":"Saratov","capital":0},"geometry":{"type":"Point","coordinates":[46.0281,51.5819]}},{"type":"Feature","properties":{"name":"Sendai","tier":"world_city","rank":42,"min_zoom":5.1,"min_label":5.1,"iso_a2":"JP","adm0":"Japan","adm1":"Miyagi","capital":0},"geometry":{"type":"Point","coordinates":[140.8697,38.2684]}},{"type":"Feature","properties":{"name":"Smolensk","tier":"regional","rank":42,"min_zoom":5.1,"min_label":5.1,"iso_a2":"RU","adm0":"Russia","adm1":"Smolensk","capital":0},"geometry":{"type":"Point","coordinates":[32.0473,54.7827]}},{"type":"Feature","properties":{"name":"Sochi","tier":"regional","rank":42,"min_zoom":5.1,"min_label":5.1,"iso_a2":"RU","adm0":"Russia","adm1":"Krasnodar","capital":0},"geometry":{"type":"Point","coordinates":[39.73,43.59]}},{"type":"Feature","properties":{"name":"Stavropol","tier":"regional","rank":42,"min_zoom":5.6,"min_label":5.6,"iso_a2":"RU","adm0":"Russia","adm1":"Stavropol'","capital":0},"geometry":{"type":"Point","coordinates":[41.98,45.05]}},{"type":"Feature","properties":{"name":"Sydney","tier":"minor","rank":42,"min_zoom":5.6,"min_label":5.6,"iso_a2":"CA","adm0":"Canada","adm1":"Nova Scotia","capital":0},"geometry":{"type":"Point","coordinates":[-60.18,46.0661]}},{"type":"Feature","properties":{"name":"Taloyoak","tier":"minor","rank":42,"min_zoom":5.6,"min_label":5.6,"iso_a2":"CA","adm0":"Canada","adm1":"Nunavut","capital":0},"geometry":{"type":"Point","coordinates":[-93.5333,69.5333]}},{"type":"Feature","properties":{"name":"Thompson","tier":"minor","rank":42,"min_zoom":5.6,"min_label":5.6,"iso_a2":"CA","adm0":"Canada","adm1":"Manitoba","capital":0},"geometry":{"type":"Point","coordinates":[-97.8666,55.7499]}},{"type":"Feature","properties":{"name":"Timmins","tier":"minor","rank":42,"min_zoom":5.6,"min_label":5.6,"iso_a2":"CA","adm0":"Canada","adm1":"Ontario","capital":0},"geometry":{"type":"Point","coordinates":[-81.3333,48.4666]}},{"type":"Feature","properties":{"name":"Torreón","tier":"world_city","rank":42,"min_zoom":5.6,"min_label":5.6,"iso_a2":"MX","adm0":"Mexico","adm1":"Coahuila","capital":0},"geometry":{"type":"Point","coordinates":[-103.4219,25.572]}},{"type":"Feature","properties":{"name":"Tver","tier":"regional","rank":42,"min_zoom":5.6,"min_label":5.6,"iso_a2":"RU","adm0":"Russia","adm1":"Tver'","capital":0},"geometry":{"type":"Point","coordinates":[35.89,56.86]}},{"type":"Feature","properties":{"name":"Tyumen","tier":"regional","rank":42,"min_zoom":5.6,"min_label":5.6,"iso_a2":"RU","adm0":"Russia","adm1":"Tyumen'","capital":0},"geometry":{"type":"Point","coordinates":[65.53,57.14]}},{"type":"Feature","properties":{"name":"Ugolnye Kopi","tier":"minor","rank":42,"min_zoom":5.6,"min_label":5.6,"iso_a2":"RU","adm0":"Russia","adm1":"Chukchi Autonomous Okrug","capital":0},"geometry":{"type":"Point","coordinates":[177.7,64.7333]}},{"type":"Feature","properties":{"name":"Ulan-Ude","tier":"regional","rank":42,"min_zoom":5.6,"min_label":5.6,"iso_a2":"RU","adm0":"Russia","adm1":"Buryat","capital":0},"geometry":{"type":"Point","coordinates":[107.625,51.825]}},{"type":"Feature","properties":{"name":"Ulyanovsk","tier":"regional","rank":42,"min_zoom":5.6,"min_label":5.6,"iso_a2":"RU","adm0":"Russia","adm1":"Ul'yanovsk","capital":0},"geometry":{"type":"Point","coordinates":[48.41,54.33]}},{"type":"Feature","properties":{"name":"Ust-Ilimsk","tier":"regional","rank":42,"min_zoom":5.6,"min_label":5.6,"iso_a2":"RU","adm0":"Russia","adm1":"Irkutsk","capital":0},"geometry":{"type":"Point","coordinates":[102.6333,57.99]}},{"type":"Feature","properties":{"name":"Ust-Nera","tier":"minor","rank":42,"min_zoom":5.6,"min_label":5.6,"iso_a2":"RU","adm0":"Russia","adm1":"Sakha (Yakutia)","capital":0},"geometry":{"type":"Point","coordinates":[143.2,64.5666]}},{"type":"Feature","properties":{"name":"Vologda","tier":"regional","rank":42,"min_zoom":5.1,"min_label":5.1,"iso_a2":"RU","adm0":"Russia","adm1":"Vologda","capital":0},"geometry":{"type":"Point","coordinates":[39.92,59.21]}},{"type":"Feature","properties":{"name":"Vorkuta","tier":"regional","rank":42,"min_zoom":5.6,"min_label":5.6,"iso_a2":"RU","adm0":"Russia","adm1":"Komi","capital":0},"geometry":{"type":"Point","coordinates":[64.01,67.5]}},{"type":"Feature","properties":{"name":"Voronezh","tier":"world_city","rank":42,"min_zoom":5.1,"min_label":5.1,"iso_a2":"RU","adm0":"Russia","adm1":"Voronezh","capital":0},"geometry":{"type":"Point","coordinates":[39.1868,51.6654]}},{"type":"Feature","properties":{"name":"Warri","tier":"regional","rank":42,"min_zoom":5.6,"min_label":5.6,"iso_a2":"NG","adm0":"Nigeria","adm1":"Delta","capital":0},"geometry":{"type":"Point","coordinates":[5.76,5.52]}},{"type":"Feature","properties":{"name":"Yaroslavl","tier":"regional","rank":42,"min_zoom":5.1,"min_label":5.1,"iso_a2":"RU","adm0":"Russia","adm1":"Yaroslavl'","capital":0},"geometry":{"type":"Point","coordinates":[39.87,57.62]}},{"type":"Feature","properties":{"name":"Yuzhno Sakhalinsk","tier":"regional","rank":42,"min_zoom":5.1,"min_label":5.1,"iso_a2":"RU","adm0":"Russia","adm1":"Sakhalin","capital":0},"geometry":{"type":"Point","coordinates":[142.74,46.965]}},{"type":"Feature","properties":{"name":"Zhigansk","tier":"minor","rank":42,"min_zoom":5.1,"min_label":5.1,"iso_a2":"RU","adm0":"Russia","adm1":"Sakha (Yakutia)","capital":0},"geometry":{"type":"Point","coordinates":[123.3711,66.7697]}},{"type":"Feature","properties":{"name":"Albany","tier":"minor","rank":43,"min_zoom":5.0,"min_label":5.0,"iso_a2":"AU","adm0":"Australia","adm1":"Western Australia","capital":0},"geometry":{"type":"Point","coordinates":[117.8916,-35.0169]}},{"type":"Feature","properties":{"name":"Arica","tier":"regional","rank":43,"min_zoom":5.6,"min_label":5.6,"iso_a2":"CL","adm0":"Chile","adm1":"Arica y Parinacota","capital":0},"geometry":{"type":"Point","coordinates":[-70.29,-18.5]}},{"type":"Feature","properties":{"name":"Armidale","tier":"minor","rank":43,"min_zoom":5.6,"min_label":5.6,"iso_a2":"AU","adm0":"Australia","adm1":"New South Wales","capital":0},"geometry":{"type":"Point","coordinates":[151.6675,-30.5123]}},{"type":"Feature","properties":{"name":"Aswan","tier":"regional","rank":43,"min_zoom":5.6,"min_label":5.6,"iso_a2":"EG","adm0":"Egypt","adm1":"Aswan","capital":0},"geometry":{"type":"Point","coordinates":[32.8989,24.0875]}},{"type":"Feature","properties":{"name":"Asyut","tier":"regional","rank":43,"min_zoom":5.6,"min_label":5.6,"iso_a2":"EG","adm0":"Egypt","adm1":"Asyut","capital":0},"geometry":{"type":"Point","coordinates":[31.1799,27.19]}},{"type":"Feature","properties":{"name":"Bahir Dar","tier":"regional","rank":43,"min_zoom":5.6,"min_label":5.6,"iso_a2":"ET","adm0":"Ethiopia","adm1":"Amhara","capital":0},"geometry":{"type":"Point","coordinates":[37.3833,11.6001]}},{"type":"Feature","properties":{"name":"Bandundu","tier":"regional","rank":43,"min_zoom":5.6,"min_label":5.6,"iso_a2":"CD","adm0":"Congo (Kinshasa)","adm1":"Bandundu","capital":0},"geometry":{"type":"Point","coordinates":[17.38,-3.31]}},{"type":"Feature","properties":{"name":"Bariloche","tier":"regional","rank":43,"min_zoom":5.6,"min_label":5.6,"iso_a2":"AR","adm0":"Argentina","adm1":"Río Negro","capital":0},"geometry":{"type":"Point","coordinates":[-71.3,-41.15]}},{"type":"Feature","properties":{"name":"Bendigo","tier":"regional","rank":43,"min_zoom":5.6,"min_label":5.6,"iso_a2":"AU","adm0":"Australia","adm1":"Victoria","capital":0},"geometry":{"type":"Point","coordinates":[144.28,-36.76]}},{"type":"Feature","properties":{"name":"Bilbao","tier":"regional","rank":43,"min_zoom":5.0,"min_label":5.0,"iso_a2":"ES","adm0":"Spain","adm1":"País Vasco","capital":0},"geometry":{"type":"Point","coordinates":[-2.93,43.25]}},{"type":"Feature","properties":{"name":"Bordeaux","tier":"world_city","rank":43,"min_zoom":5.0,"min_label":5.0,"iso_a2":"FR","adm0":"France","adm1":"Aquitaine","capital":0},"geometry":{"type":"Point","coordinates":[-0.597,44.852]}},{"type":"Feature","properties":{"name":"Broken Hill","tier":"minor","rank":43,"min_zoom":5.1,"min_label":5.1,"iso_a2":"AU","adm0":"Australia","adm1":"New South Wales","capital":0},"geometry":{"type":"Point","coordinates":[141.4331,-31.95]}},{"type":"Feature","properties":{"name":"Broome","tier":"minor","rank":43,"min_zoom":5.0,"min_label":5.0,"iso_a2":"AU","adm0":"Australia","adm1":"Western Australia","capital":0},"geometry":{"type":"Point","coordinates":[122.2308,-17.9618]}},{"type":"Feature","properties":{"name":"Bur Said","tier":"regional","rank":43,"min_zoom":5.6,"min_label":5.6,"iso_a2":"EG","adm0":"Egypt","adm1":"Bur Sa`id","capital":0},"geometry":{"type":"Point","coordinates":[32.29,31.26]}},{"type":"Feature","properties":{"name":"Busan","tier":"world_city","rank":43,"min_zoom":5.6,"min_label":5.6,"iso_a2":"KR","adm0":"South Korea","adm1":"Busan","capital":0},"geometry":{"type":"Point","coordinates":[129.0081,35.097]}},{"type":"Feature","properties":{"name":"Busselton","tier":"minor","rank":43,"min_zoom":5.6,"min_label":5.6,"iso_a2":"AU","adm0":"Australia","adm1":"Western Australia","capital":0},"geometry":{"type":"Point","coordinates":[115.3487,-33.6564]}},{"type":"Feature","properties":{"name":"Butembo","tier":"regional","rank":43,"min_zoom":5.6,"min_label":5.6,"iso_a2":"CD","adm0":"Congo (Kinshasa)","adm1":"Nord-Kivu","capital":0},"geometry":{"type":"Point","coordinates":[29.28,0.13]}},{"type":"Feature","properties":{"name":"Cairns","tier":"regional","rank":43,"min_zoom":5.0,"min_label":5.0,"iso_a2":"AU","adm0":"Australia","adm1":"Queensland","capital":0},"geometry":{"type":"Point","coordinates":[145.7633,-16.8878]}},{"type":"Feature","properties":{"name":"Catania","tier":"regional","rank":43,"min_zoom":5.6,"min_label":5.6,"iso_a2":"IT","adm0":"Italy","adm1":"Sicily","capital":0},"geometry":{"type":"Point","coordinates":[15.08,37.5]}},{"type":"Feature","properties":{"name":"Coihaique","tier":"minor","rank":43,"min_zoom":5.6,"min_label":5.6,"iso_a2":"CL","adm0":"Chile","adm1":"Aisén del General Carlos Ibáñez del Campo","capital":0},"geometry":{"type":"Point","coordinates":[-72.07,-45.57]}},{"type":"Feature","properties":{"name":"Copiapó","tier":"regional","rank":43,"min_zoom":5.6,"min_label":5.6,"iso_a2":"CL","adm0":"Chile","adm1":"Atacama","capital":0},"geometry":{"type":"Point","coordinates":[-70.33,-27.3718]}},{"type":"Feature","properties":{"name":"Córdoba","tier":"regional","rank":43,"min_zoom":5.6,"min_label":5.6,"iso_a2":"ES","adm0":"Spain","adm1":"Andalucía","capital":0},"geometry":{"type":"Point","coordinates":[-4.77,37.88]}},{"type":"Feature","properties":{"name":"Daejeon","tier":"world_city","rank":43,"min_zoom":5.1,"min_label":5.1,"iso_a2":"KR","adm0":"South Korea","adm1":"Daejeon","capital":0},"geometry":{"type":"Point","coordinates":[127.4231,36.3375]}},{"type":"Feature","properties":{"name":"Devonport","tier":"minor","rank":43,"min_zoom":5.6,"min_label":5.6,"iso_a2":"AU","adm0":"Australia","adm1":"Tasmania","capital":0},"geometry":{"type":"Point","coordinates":[146.3311,-41.1927]}},{"type":"Feature","properties":{"name":"Dire Dawa","tier":"regional","rank":43,"min_zoom":5.6,"min_label":5.6,"iso_a2":"ET","adm0":"Ethiopia","adm1":"Dire Dawa","capital":0},"geometry":{"type":"Point","coordinates":[41.86,9.59]}},{"type":"Feature","properties":{"name":"Dresden","tier":"regional","rank":43,"min_zoom":5.0,"min_label":5.0,"iso_a2":"DE","adm0":"Germany","adm1":"Sachsen","capital":0},"geometry":{"type":"Point","coordinates":[13.75,51.05]}},{"type":"Feature","properties":{"name":"Dubbo","tier":"minor","rank":43,"min_zoom":5.0,"min_label":5.0,"iso_a2":"AU","adm0":"Australia","adm1":"New South Wales","capital":0},"geometry":{"type":"Point","coordinates":[148.5973,-32.26]}},{"type":"Feature","properties":{"name":"East London","tier":"regional","rank":43,"min_zoom":5.6,"min_label":5.6,"iso_a2":"ZA","adm0":"South Africa","adm1":"Eastern Cape","capital":0},"geometry":{"type":"Point","coordinates":[27.87,-32.97]}},{"type":"Feature","properties":{"name":"El Calafate","tier":"minor","rank":43,"min_zoom":5.6,"min_label":5.6,"iso_a2":"AR","adm0":"Argentina","adm1":"Santa Cruz","capital":0},"geometry":{"type":"Point","coordinates":[-72.3,-50.3333]}},{"type":"Feature","properties":{"name":"El Faiyum","tier":"regional","rank":43,"min_zoom":5.6,"min_label":5.6,"iso_a2":"EG","adm0":"Egypt","adm1":"Al Fayyum","capital":0},"geometry":{"type":"Point","coordinates":[30.84,29.31]}},{"type":"Feature","properties":{"name":"Florence","tier":"major","rank":43,"min_zoom":5.6,"min_label":5.6,"iso_a2":"IT","adm0":"Italy","adm1":"Toscana","capital":0},"geometry":{"type":"Point","coordinates":[11.25,43.78]}},{"type":"Feature","properties":{"name":"Formosa","tier":"regional","rank":43,"min_zoom":5.6,"min_label":5.6,"iso_a2":"AR","adm0":"Argentina","adm1":"Formosa","capital":0},"geometry":{"type":"Point","coordinates":[-58.1828,-26.1728]}},{"type":"Feature","properties":{"name":"George","tier":"regional","rank":43,"min_zoom":5.6,"min_label":5.6,"iso_a2":"ZA","adm0":"South Africa","adm1":"Western Cape","capital":0},"geometry":{"type":"Point","coordinates":[22.45,-33.95]}},{"type":"Feature","properties":{"name":"Geraldton","tier":"minor","rank":43,"min_zoom":5.0,"min_label":5.0,"iso_a2":"AU","adm0":"Australia","adm1":"Western Australia","capital":0},"geometry":{"type":"Point","coordinates":[114.6,-28.7666]}},{"type":"Feature","properties":{"name":"Gold Coast","tier":"regional","rank":43,"min_zoom":5.0,"min_label":5.0,"iso_a2":"AU","adm0":"Australia","adm1":"Queensland","capital":0},"geometry":{"type":"Point","coordinates":[153.4482,-28.0815]}},{"type":"Feature","properties":{"name":"Goma","tier":"regional","rank":43,"min_zoom":5.1,"min_label":5.1,"iso_a2":"CD","adm0":"Congo (Kinshasa)","adm1":"Nord-Kivu","capital":0},"geometry":{"type":"Point","coordinates":[29.2218,-1.6788]}},{"type":"Feature","properties":{"name":"Griffith","tier":"minor","rank":43,"min_zoom":5.0,"min_label":5.0,"iso_a2":"AU","adm0":"Australia","adm1":"New South Wales","capital":0},"geometry":{"type":"Point","coordinates":[146.04,-34.29]}},{"type":"Feature","properties":{"name":"Gwangju","tier":"world_city","rank":43,"min_zoom":5.6,"min_label":5.6,"iso_a2":"KR","adm0":"South Korea","adm1":"Kwangju-gwangyoksi","capital":0},"geometry":{"type":"Point","coordinates":[126.9085,35.1729]}},{"type":"Feature","properties":{"name":"Incheon","tier":"world_city","rank":43,"min_zoom":5.6,"min_label":5.6,"iso_a2":"KR","adm0":"South Korea","adm1":"Inch'on-gwangyoksi","capital":0},"geometry":{"type":"Point","coordinates":[126.6403,37.4781]}},{"type":"Feature","properties":{"name":"Kalemie","tier":"regional","rank":43,"min_zoom":5.6,"min_label":5.6,"iso_a2":"CD","adm0":"Congo (Kinshasa)","adm1":"Katanga","capital":0},"geometry":{"type":"Point","coordinates":[29.2,-5.9333]}},{"type":"Feature","properties":{"name":"Kalgoorlie","tier":"minor","rank":43,"min_zoom":5.1,"min_label":5.1,"iso_a2":"AU","adm0":"Australia","adm1":"Western Australia","capital":0},"geometry":{"type":"Point","coordinates":[121.46,-30.7354]}},{"type":"Feature","properties":{"name":"Kananga","tier":"world_city","rank":43,"min_zoom":5.6,"min_label":5.6,"iso_a2":"CD","adm0":"Congo (Kinshasa)","adm1":"Kasaï-Occidental","capital":0},"geometry":{"type":"Point","coordinates":[22.3981,-5.8881]}},{"type":"Feature","properties":{"name":"Karratha","tier":"minor","rank":43,"min_zoom":5.6,"min_label":5.6,"iso_a2":"AU","adm0":"Australia","adm1":"Western Australia","capital":0},"geometry":{"type":"Point","coordinates":[116.87,-20.7304]}},{"type":"Feature","properties":{"name":"Kasongo","tier":"regional","rank":43,"min_zoom":5.6,"min_label":5.6,"iso_a2":"CD","adm0":"Congo (Kinshasa)","adm1":"Maniema","capital":0},"geometry":{"type":"Point","coordinates":[26.66,-4.45]}},{"type":"Feature","properties":{"name":"Katherine","tier":"minor","rank":43,"min_zoom":5.6,"min_label":5.6,"iso_a2":"AU","adm0":"Australia","adm1":"Northern Territory","capital":0},"geometry":{"type":"Point","coordinates":[132.2666,-14.4666]}},{"type":"Feature","properties":{"name":"Kisangani","tier":"regional","rank":43,"min_zoom":5.6,"min_label":5.6,"iso_a2":"CD","adm0":"Congo (Kinshasa)","adm1":"Orientale","capital":0},"geometry":{"type":"Point","coordinates":[25.22,0.52]}},{"type":"Feature","properties":{"name":"La Serena","tier":"regional","rank":43,"min_zoom":5.6,"min_label":5.6,"iso_a2":"CL","adm0":"Chile","adm1":"Coquimbo","capital":0},"geometry":{"type":"Point","coordinates":[-71.25,-29.9]}},{"type":"Feature","properties":{"name":"Le Havre","tier":"regional","rank":43,"min_zoom":5.0,"min_label":5.0,"iso_a2":"FR","adm0":"France","adm1":"Haute-Normandie","capital":0},"geometry":{"type":"Point","coordinates":[0.105,49.505]}},{"type":"Feature","properties":{"name":"Los Angeles","tier":"regional","rank":43,"min_zoom":5.6,"min_label":5.6,"iso_a2":"CL","adm0":"Chile","adm1":"Bío-Bío","capital":0},"geometry":{"type":"Point","coordinates":[-72.3469,-37.4797]}},{"type":"Feature","properties":{"name":"Mandurah","tier":"regional","rank":43,"min_zoom":5.6,"min_label":5.6,"iso_a2":"AU","adm0":"Australia","adm1":"Western Australia","capital":0},"geometry":{"type":"Point","coordinates":[115.7471,-32.5235]}},{"type":"Feature","properties":{"name":"Marseille","tier":"world_city","rank":43,"min_zoom":5.0,"min_label":5.0,"iso_a2":"FR","adm0":"France","adm1":"Provence-Alpes-Côte-d'Azur","capital":0},"geometry":{"type":"Point","coordinates":[5.3731,43.2919]}},{"type":"Feature","properties":{"name":"Mbandaka","tier":"regional","rank":43,"min_zoom":5.6,"min_label":5.6,"iso_a2":"CD","adm0":"Congo (Kinshasa)","adm1":"Équateur","capital":0},"geometry":{"type":"Point","coordinates":[18.26,0.04]}},{"type":"Feature","properties":{"name":"Mbuji-Mayi","tier":"world_city","rank":43,"min_zoom":5.6,"min_label":5.6,"iso_a2":"CD","adm0":"Congo (Kinshasa)","adm1":"Kasaï-Oriental","capital":0},"geometry":{"type":"Point","coordinates":[23.5981,-6.1481]}},{"type":"Feature","properties":{"name":"Mekele","tier":"regional","rank":43,"min_zoom":5.6,"min_label":5.6,"iso_a2":"ET","adm0":"Ethiopia","adm1":"Tigray","capital":0},"geometry":{"type":"Point","coordinates":[39.47,13.5]}},{"type":"Feature","properties":{"name":"Middelburg","tier":"minor","rank":43,"min_zoom":5.1,"min_label":5.1,"iso_a2":"ZA","adm0":"South Africa","adm1":"Eastern Cape","capital":0},"geometry":{"type":"Point","coordinates":[25.01,-31.5]}},{"type":"Feature","properties":{"name":"Mount Isa","tier":"minor","rank":43,"min_zoom":5.1,"min_label":5.1,"iso_a2":"AU","adm0":"Australia","adm1":"Queensland","capital":0},"geometry":{"type":"Point","coordinates":[139.49,-20.7239]}},{"type":"Feature","properties":{"name":"Neuquén","tier":"regional","rank":43,"min_zoom":5.1,"min_label":5.1,"iso_a2":"AR","adm0":"Argentina","adm1":"Neuquén","capital":0},"geometry":{"type":"Point","coordinates":[-68.06,-38.95]}},{"type":"Feature","properties":{"name":"Orange","tier":"minor","rank":43,"min_zoom":5.6,"min_label":5.6,"iso_a2":"AU","adm0":"Australia","adm1":"New South Wales","capital":0},"geometry":{"type":"Point","coordinates":[149.1,-33.28]}},{"type":"Feature","properties":{"name":"Port Hedland","tier":"minor","rank":43,"min_zoom":5.1,"min_label":5.1,"iso_a2":"AU","adm0":"Australia","adm1":"Western Australia","capital":0},"geometry":{"type":"Point","coordinates":[118.606,-20.3104]}},{"type":"Feature","properties":{"name":"Port Lincoln","tier":"minor","rank":43,"min_zoom":5.6,"min_label":5.6,"iso_a2":"AU","adm0":"Australia","adm1":"South Australia","capital":0},"geometry":{"type":"Point","coordinates":[135.8666,-34.7332]}},{"type":"Feature","properties":{"name":"Portland","tier":"minor","rank":43,"min_zoom":5.0,"min_label":5.0,"iso_a2":"AU","adm0":"Australia","adm1":"Victoria","capital":0},"geometry":{"type":"Point","coordinates":[141.59,-38.34]}},{"type":"Feature","properties":{"name":"Rawson","tier":"minor","rank":43,"min_zoom":5.1,"min_label":5.1,"iso_a2":"AR","adm0":"Argentina","adm1":"Chubut","capital":0},"geometry":{"type":"Point","coordinates":[-65.1,-43.3]}},{"type":"Feature","properties":{"name":"Rockhampton","tier":"regional","rank":43,"min_zoom":5.6,"min_label":5.6,"iso_a2":"AU","adm0":"Australia","adm1":"Queensland","capital":0},"geometry":{"type":"Point","coordinates":[150.52,-23.3639]}},{"type":"Feature","properties":{"name":"Rosario","tier":"world_city","rank":43,"min_zoom":5.1,"min_label":5.1,"iso_a2":"AR","adm0":"Argentina","adm1":"Santa Fe","capital":0},"geometry":{"type":"Point","coordinates":[-60.6683,-32.9492]}},{"type":"Feature","properties":{"name":"Salta","tier":"regional","rank":43,"min_zoom":5.6,"min_label":5.6,"iso_a2":"AR","adm0":"Argentina","adm1":"Salta","capital":0},"geometry":{"type":"Point","coordinates":[-65.4166,-24.7834]}},{"type":"Feature","properties":{"name":"San Juan","tier":"regional","rank":43,"min_zoom":5.6,"min_label":5.6,"iso_a2":"AR","adm0":"Argentina","adm1":"San Juan","capital":0},"geometry":{"type":"Point","coordinates":[-68.52,-31.55]}},{"type":"Feature","properties":{"name":"Santa Fe","tier":"regional","rank":43,"min_zoom":5.6,"min_label":5.6,"iso_a2":"AR","adm0":"Argentina","adm1":"Santa Fe","capital":0},"geometry":{"type":"Point","coordinates":[-60.69,-31.6239]}},{"type":"Feature","properties":{"name":"Santa Rosa","tier":"regional","rank":43,"min_zoom":5.1,"min_label":5.1,"iso_a2":"AR","adm0":"Argentina","adm1":"La Pampa","capital":0},"geometry":{"type":"Point","coordinates":[-64.3,-36.62]}},{"type":"Feature","properties":{"name":"Springbok","tier":"minor","rank":43,"min_zoom":5.6,"min_label":5.6,"iso_a2":"ZA","adm0":"South Africa","adm1":"Northern Cape","capital":0},"geometry":{"type":"Point","coordinates":[17.8833,-29.6667]}},{"type":"Feature","properties":{"name":"St.-Denis","tier":"regional","rank":43,"min_zoom":5.6,"min_label":5.6,"iso_a2":"RE","adm0":"France","adm1":"La Réunion","capital":0},"geometry":{"type":"Point","coordinates":[55.4481,-20.8789]}},{"type":"Feature","properties":{"name":"Suez","tier":"regional","rank":43,"min_zoom":5.6,"min_label":5.6,"iso_a2":"EG","adm0":"Egypt","adm1":"As Suways","capital":0},"geometry":{"type":"Point","coordinates":[32.5499,30.005]}},{"type":"Feature","properties":{"name":"Tucumán","tier":"world_city","rank":43,"min_zoom":5.6,"min_label":5.6,"iso_a2":"AR","adm0":"Argentina","adm1":"Tucumán","capital":0},"geometry":{"type":"Point","coordinates":[-65.2186,-26.8141]}},{"type":"Feature","properties":{"name":"Upington","tier":"regional","rank":43,"min_zoom":5.6,"min_label":5.6,"iso_a2":"ZA","adm0":"South Africa","adm1":"Northern Cape","capital":0},"geometry":{"type":"Point","coordinates":[21.23,-28.46]}},{"type":"Feature","properties":{"name":"Venice","tier":"regional","rank":43,"min_zoom":5.1,"min_label":5.1,"iso_a2":"IT","adm0":"Italy","adm1":"Veneto","capital":0},"geometry":{"type":"Point","coordinates":[12.335,45.4387]}},{"type":"Feature","properties":{"name":"Vigo","tier":"regional","rank":43,"min_zoom":5.6,"min_label":5.6,"iso_a2":"ES","adm0":"Spain","adm1":"Galicia","capital":0},"geometry":{"type":"Point","coordinates":[-8.73,42.22]}},{"type":"Feature","properties":{"name":"Wangaratta","tier":"minor","rank":43,"min_zoom":5.6,"min_label":5.6,"iso_a2":"AU","adm0":"Australia","adm1":"Victoria","capital":0},"geometry":{"type":"Point","coordinates":[146.3,-36.36]}},{"type":"Feature","properties":{"name":"Welkom","tier":"regional","rank":43,"min_zoom":5.1,"min_label":5.1,"iso_a2":"ZA","adm0":"South Africa","adm1":"Orange Free State","capital":0},"geometry":{"type":"Point","coordinates":[26.73,-27.97]}},{"type":"Feature","properties":{"name":"Whyalla","tier":"minor","rank":43,"min_zoom":5.0,"min_label":5.0,"iso_a2":"AU","adm0":"Australia","adm1":"South Australia","capital":0},"geometry":{"type":"Point","coordinates":[137.5614,-33.025]}},{"type":"Feature","properties":{"name":"Windorah","tier":"minor","rank":43,"min_zoom":5.0,"min_label":5.0,"iso_a2":"AU","adm0":"Australia","adm1":"Queensland","capital":0},"geometry":{"type":"Point","coordinates":[142.6502,-25.4332]}},{"type":"Feature","properties":{"name":"Worcester","tier":"regional","rank":43,"min_zoom":5.6,"min_label":5.6,"iso_a2":"ZA","adm0":"South Africa","adm1":"Western Cape","capital":0},"geometry":{"type":"Point","coordinates":[19.4399,-33.64]}},{"type":"Feature","properties":{"name":"Adana","tier":"world_city","rank":45,"min_zoom":5.1,"min_label":5.1,"iso_a2":"TR","adm0":"Turkey","adm1":"Adana","capital":0},"geometry":{"type":"Point","coordinates":[35.3181,36.9969]}},{"type":"Feature","properties":{"name":"Ahvaz","tier":"world_city","rank":45,"min_zoom":5.1,"min_label":5.1,"iso_a2":"IR","adm0":"Iran","adm1":"Khuzestan","capital":0},"geometry":{"type":"Point","coordinates":[48.7181,31.2819]}},{"type":"Feature","properties":{"name":"Al-Ubayyid","tier":"regional","rank":45,"min_zoom":5.6,"min_label":5.6,"iso_a2":"SD","adm0":"Sudan","adm1":"North Kurdufan","capital":0},"geometry":{"type":"Point","coordinates":[30.2167,13.1833]}},{"type":"Feature","properties":{"name":"Annaba","tier":"regional","rank":45,"min_zoom":5.6,"min_label":5.6,"iso_a2":"DZ","adm0":"Algeria","adm1":"Annaba","capital":0},"geometry":{"type":"Point","coordinates":[7.76,36.92]}},{"type":"Feature","properties":{"name":"Arequipa","tier":"world_city","rank":45,"min_zoom":5.6,"min_label":5.6,"iso_a2":"PE","adm0":"Peru","adm1":"Arequipa","capital":0},"geometry":{"type":"Point","coordinates":[-71.532,-16.418]}},{"type":"Feature","properties":{"name":"Arusha","tier":"regional","rank":45,"min_zoom":5.6,"min_label":5.6,"iso_a2":"TZ","adm0":"Tanzania","adm1":"Arusha","capital":0},"geometry":{"type":"Point","coordinates":[36.67,-3.36]}},{"type":"Feature","properties":{"name":"Baguio","tier":"regional","rank":45,"min_zoom":5.6,"min_label":5.6,"iso_a2":"PH","adm0":"Philippines","adm1":"Benguet","capital":0},"geometry":{"type":"Point","coordinates":[120.5699,16.43]}},{"type":"Feature","properties":{"name":"Bandar-e-Abbas","tier":"regional","rank":45,"min_zoom":5.6,"min_label":5.6,"iso_a2":"IR","adm0":"Iran","adm1":"Hormozgan","capital":0},"geometry":{"type":"Point","coordinates":[56.2721,27.2041]}},{"type":"Feature","properties":{"name":"Barranquilla","tier":"world_city","rank":45,"min_zoom":5.6,"min_label":5.6,"iso_a2":"CO","adm0":"Colombia","adm1":"Atlántico","capital":0},"geometry":{"type":"Point","coordinates":[-74.8019,10.9619]}},{"type":"Feature","properties":{"name":"Basra","tier":"world_city","rank":45,"min_zoom":5.1,"min_label":5.1,"iso_a2":"IQ","adm0":"Iraq","adm1":"Al-Basrah","capital":0},"geometry":{"type":"Point","coordinates":[47.8116,30.5155]}},{"type":"Feature","properties":{"name":"Belfast","tier":"regional","rank":45,"min_zoom":5.0,"min_label":5.0,"iso_a2":"GB","adm0":"United Kingdom","adm1":"Belfast","capital":0},"geometry":{"type":"Point","coordinates":[-5.9282,54.5942]}},{"type":"Feature","properties":{"name":"Birmingham","tier":"world_city","rank":45,"min_zoom":5.0,"min_label":5.0,"iso_a2":"GB","adm0":"United Kingdom","adm1":"West Midlands","capital":0},"geometry":{"type":"Point","coordinates":[-1.9219,52.4769]}},{"type":"Feature","properties":{"name":"Bursa","tier":"world_city","rank":45,"min_zoom":5.1,"min_label":5.1,"iso_a2":"TR","adm0":"Turkey","adm1":"Bursa","capital":0},"geometry":{"type":"Point","coordinates":[29.0681,40.2019]}},{"type":"Feature","properties":{"name":"Chiang Mai","tier":"regional","rank":45,"min_zoom":5.6,"min_label":5.6,"iso_a2":"TH","adm0":"Thailand","adm1":"Chiang Mai","capital":0},"geometry":{"type":"Point","coordinates":[98.98,18.8]}},{"type":"Feature","properties":{"name":"Chimbote","tier":"regional","rank":45,"min_zoom":5.6,"min_label":5.6,"iso_a2":"PE","adm0":"Peru","adm1":"Ancash","capital":0},"geometry":{"type":"Point","coordinates":[-78.57,-9.07]}},{"type":"Feature","properties":{"name":"Constantine","tier":"regional","rank":45,"min_zoom":5.6,"min_label":5.6,"iso_a2":"DZ","adm0":"Algeria","adm1":"Constantine","capital":0},"geometry":{"type":"Point","coordinates":[6.5999,36.36]}},{"type":"Feature","properties":{"name":"Da Nang","tier":"regional","rank":45,"min_zoom":5.6,"min_label":5.6,"iso_a2":"VN","adm0":"Vietnam","adm1":"Ðà N?ng","capital":0},"geometry":{"type":"Point","coordinates":[108.25,16.06]}},{"type":"Feature","properties":{"name":"Dnipro","tier":"world_city","rank":45,"min_zoom":5.1,"min_label":5.1,"iso_a2":"UA","adm0":"Ukraine","adm1":"Dnipropetrovs'k","capital":0},"geometry":{"type":"Point","coordinates":[34.9981,48.4819]}},{"type":"Feature","properties":{"name":"Dodoma","tier":"regional","rank":45,"min_zoom":5.6,"min_label":5.6,"iso_a2":"TZ","adm0":"Tanzania","adm1":"Dodoma","capital":0},"geometry":{"type":"Point","coordinates":[35.75,-6.1833]}},{"type":"Feature","properties":{"name":"Donetsk","tier":"world_city","rank":45,"min_zoom":5.0,"min_label":5.0,"iso_a2":"UA","adm0":"Ukraine","adm1":"Donets'k","capital":0},"geometry":{"type":"Point","coordinates":[37.828,48.0019]}},{"type":"Feature","properties":{"name":"Eldoret","tier":"regional","rank":45,"min_zoom":5.6,"min_label":5.6,"iso_a2":"KE","adm0":"Kenya","adm1":"Rift Valley","capital":0},"geometry":{"type":"Point","coordinates":[35.27,0.52]}},{"type":"Feature","properties":{"name":"Gdańsk","tier":"regional","rank":45,"min_zoom":5.0,"min_label":5.0,"iso_a2":"PL","adm0":"Poland","adm1":"Pomeranian","capital":0},"geometry":{"type":"Point","coordinates":[18.64,54.36]}},{"type":"Feature","properties":{"name":"Geneina","tier":"regional","rank":45,"min_zoom":5.6,"min_label":5.6,"iso_a2":"SD","adm0":"Sudan","adm1":"West Darfur","capital":0},"geometry":{"type":"Point","coordinates":[22.44,13.45]}},{"type":"Feature","properties":{"name":"General Santos","tier":"regional","rank":45,"min_zoom":5.6,"min_label":5.6,"iso_a2":"PH","adm0":"Philippines","adm1":"South Cotabato","capital":0},"geometry":{"type":"Point","coordinates":[125.1747,6.1108]}},{"type":"Feature","properties":{"name":"Gulu","tier":"regional","rank":45,"min_zoom":5.6,"min_label":5.6,"iso_a2":"UG","adm0":"Uganda","adm1":"Aswa","capital":0},"geometry":{"type":"Point","coordinates":[32.28,2.78]}},{"type":"Feature","properties":{"name":"Haiphong","tier":"world_city","rank":45,"min_zoom":5.6,"min_label":5.6,"iso_a2":"VN","adm0":"Vietnam","adm1":"Qu?ng Ninh","capital":0},"geometry":{"type":"Point","coordinates":[106.6781,20.832]}},{"type":"Feature","properties":{"name":"Hamadan","tier":"regional","rank":45,"min_zoom":5.6,"min_label":5.6,"iso_a2":"IR","adm0":"Iran","adm1":"Hamadan","capital":0},"geometry":{"type":"Point","coordinates":[48.515,34.796]}},{"type":"Feature","properties":{"name":"Herat","tier":"regional","rank":45,"min_zoom":5.1,"min_label":5.1,"iso_a2":"AF","adm0":"Afghanistan","adm1":"Hirat","capital":0},"geometry":{"type":"Point","coordinates":[62.17,34.33]}},{"type":"Feature","properties":{"name":"Huancayo","tier":"regional","rank":45,"min_zoom":5.6,"min_label":5.6,"iso_a2":"PE","adm0":"Peru","adm1":"Junín","capital":0},"geometry":{"type":"Point","coordinates":[-75.2,-12.08]}},{"type":"Feature","properties":{"name":"Iquitos","tier":"regional","rank":45,"min_zoom":5.1,"min_label":5.1,"iso_a2":"PE","adm0":"Peru","adm1":"Loreto","capital":0},"geometry":{"type":"Point","coordinates":[-73.25,-3.75]}},{"type":"Feature","properties":{"name":"Juba","tier":"regional","rank":45,"min_zoom":5.1,"min_label":5.1,"iso_a2":"SS","adm0":"South Sudan","adm1":"Central Equatoria","capital":0},"geometry":{"type":"Point","coordinates":[31.58,4.83]}},{"type":"Feature","properties":{"name":"Kharkiv","tier":"world_city","rank":45,"min_zoom":5.1,"min_label":5.1,"iso_a2":"UA","adm0":"Ukraine","adm1":"Kharkiv","capital":0},"geometry":{"type":"Point","coordinates":[36.2481,50.0019]}},{"type":"Feature","properties":{"name":"Kirkuk","tier":"regional","rank":45,"min_zoom":5.1,"min_label":5.1,"iso_a2":"IQ","adm0":"Iraq","adm1":"At-Ta'mim","capital":0},"geometry":{"type":"Point","coordinates":[44.3923,35.4722]}},{"type":"Feature","properties":{"name":"Konya","tier":"world_city","rank":45,"min_zoom":5.6,"min_label":5.6,"iso_a2":"TR","adm0":"Turkey","adm1":"Konya","capital":0},"geometry":{"type":"Point","coordinates":[32.4731,37.877]}},{"type":"Feature","properties":{"name":"Kraków","tier":"world_city","rank":45,"min_zoom":5.1,"min_label":5.1,"iso_a2":"PL","adm0":"Poland","adm1":"Lesser Poland","capital":0},"geometry":{"type":"Point","coordinates":[19.9581,50.0619]}},{"type":"Feature","properties":{"name":"Laayoune","tier":"regional","rank":45,"min_zoom":5.6,"min_label":5.6,"iso_a2":"MA","adm0":"Morocco","adm1":"Laâyoune - Boujdour - Sakia El Hamra","capital":0},"geometry":{"type":"Point","coordinates":[-13.2,27.15]}},{"type":"Feature","properties":{"name":"Laoag","tier":"regional","rank":45,"min_zoom":5.6,"min_label":5.6,"iso_a2":"PH","adm0":"Philippines","adm1":"Ilocos Norte","capital":0},"geometry":{"type":"Point","coordinates":[120.5936,18.1988]}},{"type":"Feature","properties":{"name":"Lviv","tier":"regional","rank":45,"min_zoom":5.1,"min_label":5.1,"iso_a2":"UA","adm0":"Ukraine","adm1":"L'viv","capital":0},"geometry":{"type":"Point","coordinates":[24.03,49.835]}},{"type":"Feature","properties":{"name":"Malakal","tier":"regional","rank":45,"min_zoom":5.6,"min_label":5.6,"iso_a2":"SS","adm0":"South Sudan","adm1":"Upper Nile","capital":0},"geometry":{"type":"Point","coordinates":[31.656,9.5369]}},{"type":"Feature","properties":{"name":"Manchester","tier":"world_city","rank":45,"min_zoom":5.0,"min_label":5.0,"iso_a2":"GB","adm0":"United Kingdom","adm1":"Manchester","capital":0},"geometry":{"type":"Point","coordinates":[-2.2487,53.4753]}},{"type":"Feature","properties":{"name":"Mandalay","tier":"world_city","rank":45,"min_zoom":5.6,"min_label":5.6,"iso_a2":"MM","adm0":"Myanmar","adm1":"Mandalay","capital":0},"geometry":{"type":"Point","coordinates":[96.0831,21.9719]}},{"type":"Feature","properties":{"name":"Manizales","tier":"regional","rank":45,"min_zoom":5.6,"min_label":5.6,"iso_a2":"CO","adm0":"Colombia","adm1":"Caldas","capital":0},"geometry":{"type":"Point","coordinates":[-75.52,5.06]}},{"type":"Feature","properties":{"name":"Mazar-i-Sharif","tier":"regional","rank":45,"min_zoom":5.1,"min_label":5.1,"iso_a2":"AF","adm0":"Afghanistan","adm1":"Balkh","capital":0},"geometry":{"type":"Point","coordinates":[67.1,36.7]}},{"type":"Feature","properties":{"name":"Medina","tier":"world_city","rank":45,"min_zoom":5.1,"min_label":5.1,"iso_a2":"SA","adm0":"Saudi Arabia","adm1":"Al Madinah","capital":0},"geometry":{"type":"Point","coordinates":[39.5781,24.5019]}},{"type":"Feature","properties":{"name":"Meru","tier":"minor","rank":45,"min_zoom":5.6,"min_label":5.6,"iso_a2":"KE","adm0":"Kenya","adm1":"Eastern","capital":0},"geometry":{"type":"Point","coordinates":[37.64,0.06]}},{"type":"Feature","properties":{"name":"Morogoro","tier":"regional","rank":45,"min_zoom":5.6,"min_label":5.6,"iso_a2":"TZ","adm0":"Tanzania","adm1":"Morogoro","capital":0},"geometry":{"type":"Point","coordinates":[37.66,-6.82]}},{"type":"Feature","properties":{"name":"Mosul","tier":"world_city","rank":45,"min_zoom":5.6,"min_label":5.6,"iso_a2":"IQ","adm0":"Iraq","adm1":"Ninawa","capital":0},"geometry":{"type":"Point","coordinates":[43.1431,36.3469]}},{"type":"Feature","properties":{"name":"Mwanza","tier":"regional","rank":45,"min_zoom":5.6,"min_label":5.6,"iso_a2":"TZ","adm0":"Tanzania","adm1":"Mwanza","capital":0},"geometry":{"type":"Point","coordinates":[32.93,-2.52]}},{"type":"Feature","properties":{"name":"Najaf","tier":"regional","rank":45,"min_zoom":5.6,"min_label":5.6,"iso_a2":"IQ","adm0":"Iraq","adm1":"An-Najaf","capital":0},"geometry":{"type":"Point","coordinates":[44.3354,32.0003]}},{"type":"Feature","properties":{"name":"Nakhon Ratchasima","tier":"regional","rank":45,"min_zoom":5.6,"min_label":5.6,"iso_a2":"TH","adm0":"Thailand","adm1":"Nakhon Ratchasima","capital":0},"geometry":{"type":"Point","coordinates":[102.1,15.0]}},{"type":"Feature","properties":{"name":"Odessa","tier":"world_city","rank":45,"min_zoom":5.1,"min_label":5.1,"iso_a2":"UA","adm0":"Ukraine","adm1":"Odessa","capital":0},"geometry":{"type":"Point","coordinates":[30.7081,46.492]}},{"type":"Feature","properties":{"name":"Omdurman","tier":"major","rank":45,"min_zoom":5.6,"min_label":5.6,"iso_a2":"SD","adm0":"Sudan","adm1":"Khartoum","capital":0},"geometry":{"type":"Point","coordinates":[32.48,15.6167]}},{"type":"Feature","properties":{"name":"Oujda","tier":"regional","rank":45,"min_zoom":5.6,"min_label":5.6,"iso_a2":"MA","adm0":"Morocco","adm1":"Oriental","capital":0},"geometry":{"type":"Point","coordinates":[-1.91,34.69]}},{"type":"Feature","properties":{"name":"Pasto","tier":"regional","rank":45,"min_zoom":5.6,"min_label":5.6,"iso_a2":"CO","adm0":"Colombia","adm1":"Nariño","capital":0},"geometry":{"type":"Point","coordinates":[-77.2811,1.2136]}},{"type":"Feature","properties":{"name":"Piura","tier":"regional","rank":45,"min_zoom":5.6,"min_label":5.6,"iso_a2":"PE","adm0":"Peru","adm1":"Piura","capital":0},"geometry":{"type":"Point","coordinates":[-80.63,-5.21]}},{"type":"Feature","properties":{"name":"Pucallpa","tier":"regional","rank":45,"min_zoom":5.1,"min_label":5.1,"iso_a2":"PE","adm0":"Peru","adm1":"Ucayali","capital":0},"geometry":{"type":"Point","coordinates":[-74.535,-8.3689]}},{"type":"Feature","properties":{"name":"Safi","tier":"regional","rank":45,"min_zoom":5.6,"min_label":5.6,"iso_a2":"MA","adm0":"Morocco","adm1":"Doukkala - Abda","capital":0},"geometry":{"type":"Point","coordinates":[-9.24,32.32]}},{"type":"Feature","properties":{"name":"Samsun","tier":"regional","rank":45,"min_zoom":5.6,"min_label":5.6,"iso_a2":"TR","adm0":"Turkey","adm1":"Samsun","capital":0},"geometry":{"type":"Point","coordinates":[36.3437,41.28]}},{"type":"Feature","properties":{"name":"Sittwe","tier":"regional","rank":45,"min_zoom":5.6,"min_label":5.6,"iso_a2":"MM","adm0":"Myanmar","adm1":"Rakhine","capital":0},"geometry":{"type":"Point","coordinates":[92.88,20.14]}},{"type":"Feature","properties":{"name":"Surat Thani","tier":"regional","rank":45,"min_zoom":5.6,"min_label":5.6,"iso_a2":"TH","adm0":"Thailand","adm1":"Surat Thani","capital":0},"geometry":{"type":"Point","coordinates":[99.3401,9.1501]}},{"type":"Feature","properties":{"name":"Tabriz","tier":"world_city","rank":45,"min_zoom":5.1,"min_label":5.1,"iso_a2":"IR","adm0":"Iran","adm1":"East Azarbaijan","capital":0},"geometry":{"type":"Point","coordinates":[46.2993,38.0882]}},{"type":"Feature","properties":{"name":"Tabuk","tier":"regional","rank":45,"min_zoom":5.6,"min_label":5.6,"iso_a2":"SA","adm0":"Saudi Arabia","adm1":"Tabuk","capital":0},"geometry":{"type":"Point","coordinates":[36.555,28.3838]}},{"type":"Feature","properties":{"name":"Yazd","tier":"regional","rank":45,"min_zoom":5.6,"min_label":5.6,"iso_a2":"IR","adm0":"Iran","adm1":"Yazd","capital":0},"geometry":{"type":"Point","coordinates":[54.37,31.9201]}},{"type":"Feature","properties":{"name":"Zamboanga","tier":"world_city","rank":45,"min_zoom":5.6,"min_label":5.6,"iso_a2":"PH","adm0":"Philippines","adm1":"Zamboanga del Sur","capital":0},"geometry":{"type":"Point","coordinates":[122.0781,6.9219]}},{"type":"Feature","properties":{"name":"Zhytomyr","tier":"regional","rank":45,"min_zoom":5.6,"min_label":5.6,"iso_a2":"UA","adm0":"Ukraine","adm1":"Zhytomyr","capital":0},"geometry":{"type":"Point","coordinates":[28.6622,50.2456]}},{"type":"Feature","properties":{"name":"İzmir","tier":"world_city","rank":45,"min_zoom":5.1,"min_label":5.1,"iso_a2":"TR","adm0":"Turkey","adm1":"Izmir","capital":0},"geometry":{"type":"Point","coordinates":[27.1498,38.4381]}},{"type":"Feature","properties":{"name":"Andijan","tier":"regional","rank":46,"min_zoom":5.1,"min_label":6.0,"iso_a2":"UZ","adm0":"Uzbekistan","adm1":"Andijon","capital":0},"geometry":{"type":"Point","coordinates":[72.34,40.79]}},{"type":"Feature","properties":{"name":"Antsiranana","tier":"regional","rank":46,"min_zoom":5.6,"min_label":6.0,"iso_a2":"MG","adm0":"Madagascar","adm1":"Antsiranana","capital":0},"geometry":{"type":"Point","coordinates":[49.3115,-12.2765]}},{"type":"Feature","properties":{"name":"Aqtobe","tier":"regional","rank":46,"min_zoom":5.6,"min_label":6.0,"iso_a2":"KZ","adm0":"Kazakhstan","adm1":"Aqtöbe","capital":0},"geometry":{"type":"Point","coordinates":[57.17,50.28]}},{"type":"Feature","properties":{"name":"Atyrau","tier":"regional","rank":46,"min_zoom":5.0,"min_label":6.0,"iso_a2":"KZ","adm0":"Kazakhstan","adm1":"Atyrau","capital":0},"geometry":{"type":"Point","coordinates":[51.92,47.1127]}},{"type":"Feature","properties":{"name":"Bamenda","tier":"regional","rank":46,"min_zoom":5.6,"min_label":6.0,"iso_a2":"CM","adm0":"Cameroon","adm1":"Nord-Ouest","capital":0},"geometry":{"type":"Point","coordinates":[10.15,5.96]}},{"type":"Feature","properties":{"name":"Benguela","tier":"regional","rank":46,"min_zoom":5.6,"min_label":6.0,"iso_a2":"AO","adm0":"Angola","adm1":"Benguela","capital":0},"geometry":{"type":"Point","coordinates":[13.4072,-12.5783]}},{"type":"Feature","properties":{"name":"Brest","tier":"regional","rank":46,"min_zoom":5.1,"min_label":6.0,"iso_a2":"BY","adm0":"Belarus","adm1":"Brest","capital":0},"geometry":{"type":"Point","coordinates":[23.7,52.1]}},{"type":"Feature","properties":{"name":"Bukhara","tier":"regional","rank":46,"min_zoom":5.1,"min_label":6.0,"iso_a2":"UZ","adm0":"Uzbekistan","adm1":"Bukhoro","capital":0},"geometry":{"type":"Point","coordinates":[64.43,39.78]}},{"type":"Feature","properties":{"name":"Chitungwiza","tier":"regional","rank":46,"min_zoom":5.6,"min_label":6.0,"iso_a2":"ZW","adm0":"Zimbabwe","adm1":"Harare","capital":0},"geometry":{"type":"Point","coordinates":[31.1,-18.0]}},{"type":"Feature","properties":{"name":"Constanța","tier":"regional","rank":46,"min_zoom":5.6,"min_label":6.0,"iso_a2":"RO","adm0":"Romania","adm1":"Constanta","capital":0},"geometry":{"type":"Point","coordinates":[28.61,44.2027]}},{"type":"Feature","properties":{"name":"Douala","tier":"world_city","rank":46,"min_zoom":5.6,"min_label":6.0,"iso_a2":"CM","adm0":"Cameroon","adm1":"Littoral","capital":0},"geometry":{"type":"Point","coordinates":[9.708,4.0624]}},{"type":"Feature","properties":{"name":"Ebolowa","tier":"regional","rank":46,"min_zoom":5.6,"min_label":6.0,"iso_a2":"CM","adm0":"Cameroon","adm1":"Sud","capital":0},"geometry":{"type":"Point","coordinates":[11.15,2.9]}},{"type":"Feature","properties":{"name":"Ekibastuz","tier":"regional","rank":46,"min_zoom":5.6,"min_label":6.0,"iso_a2":"KZ","adm0":"Kazakhstan","adm1":"Pavlodar","capital":0},"geometry":{"type":"Point","coordinates":[75.3199,51.73]}},{"type":"Feature","properties":{"name":"Fianarantsoa","tier":"regional","rank":46,"min_zoom":5.6,"min_label":6.0,"iso_a2":"MG","adm0":"Madagascar","adm1":"Fianarantsoa","capital":0},"geometry":{"type":"Point","coordinates":[47.0833,-21.4333]}},{"type":"Feature","properties":{"name":"Gao","tier":"regional","rank":46,"min_zoom":5.1,"min_label":6.0,"iso_a2":"ML","adm0":"Mali","adm1":"Gao","capital":0},"geometry":{"type":"Point","coordinates":[-0.05,16.2666]}},{"type":"Feature","properties":{"name":"Garoua","tier":"regional","rank":46,"min_zoom":5.6,"min_label":6.0,"iso_a2":"CM","adm0":"Cameroon","adm1":"Nord","capital":0},"geometry":{"type":"Point","coordinates":[13.39,9.3]}},{"type":"Feature","properties":{"name":"George Town","tier":"major","rank":46,"min_zoom":5.1,"min_label":6.0,"iso_a2":"MY","adm0":"Malaysia","adm1":"Pulau Pinang","capital":0},"geometry":{"type":"Point","coordinates":[100.3294,5.4136]}},{"type":"Feature","properties":{"name":"Iași","tier":"regional","rank":46,"min_zoom":5.6,"min_label":6.0,"iso_a2":"RO","adm0":"Romania","adm1":"Iasi","capital":0},"geometry":{"type":"Point","coordinates":[27.5749,47.1683]}},{"type":"Feature","properties":{"name":"Kabwe","tier":"regional","rank":46,"min_zoom":5.6,"min_label":6.0,"iso_a2":"ZM","adm0":"Zambia","adm1":"Central","capital":0},"geometry":{"type":"Point","coordinates":[28.45,-14.44]}},{"type":"Feature","properties":{"name":"Kandy","tier":"regional","rank":46,"min_zoom":5.6,"min_label":6.0,"iso_a2":"LK","adm0":"Sri Lanka","adm1":"Kandy","capital":0},"geometry":{"type":"Point","coordinates":[80.67,7.28]}},{"type":"Feature","properties":{"name":"Kayes","tier":"regional","rank":46,"min_zoom":5.6,"min_label":6.0,"iso_a2":"ML","adm0":"Mali","adm1":"Kayes","capital":0},"geometry":{"type":"Point","coordinates":[-11.44,14.45]}},{"type":"Feature","properties":{"name":"Kitwe","tier":"regional","rank":46,"min_zoom":5.6,"min_label":6.0,"iso_a2":"ZM","adm0":"Zambia","adm1":"Copperbelt","capital":0},"geometry":{"type":"Point","coordinates":[28.22,-12.81]}},{"type":"Feature","properties":{"name":"Kuching","tier":"regional","rank":46,"min_zoom":5.6,"min_label":6.0,"iso_a2":"MY","adm0":"Malaysia","adm1":"Sarawak","capital":0},"geometry":{"type":"Point","coordinates":[110.33,1.53]}},{"type":"Feature","properties":{"name":"Livingstone","tier":"regional","rank":46,"min_zoom":5.6,"min_label":6.0,"iso_a2":"ZM","adm0":"Zambia","adm1":"Southern","capital":0},"geometry":{"type":"Point","coordinates":[25.86,-17.86]}},{"type":"Feature","properties":{"name":"Lubango","tier":"regional","rank":46,"min_zoom":5.6,"min_label":6.0,"iso_a2":"AO","adm0":"Angola","adm1":"Huíla","capital":0},"geometry":{"type":"Point","coordinates":[13.49,-14.91]}},{"type":"Feature","properties":{"name":"Lüderitz","tier":"minor","rank":46,"min_zoom":5.6,"min_label":6.0,"iso_a2":"NA","adm0":"Namibia","adm1":"Karas","capital":0},"geometry":{"type":"Point","coordinates":[15.1594,-26.648]}},{"type":"Feature","properties":{"name":"Mahajanga","tier":"regional","rank":46,"min_zoom":5.6,"min_label":6.0,"iso_a2":"MG","adm0":"Madagascar","adm1":"Mahajanga","capital":0},"geometry":{"type":"Point","coordinates":[46.345,-15.67]}},{"type":"Feature","properties":{"name":"Malanje","tier":"regional","rank":46,"min_zoom":5.6,"min_label":6.0,"iso_a2":"AO","adm0":"Angola","adm1":"Malanje","capital":0},"geometry":{"type":"Point","coordinates":[16.34,-9.54]}},{"type":"Feature","properties":{"name":"Moçâmedes","tier":"regional","rank":46,"min_zoom":5.6,"min_label":6.0,"iso_a2":"AO","adm0":"Angola","adm1":"Namibe","capital":0},"geometry":{"type":"Point","coordinates":[12.16,-15.19]}},{"type":"Feature","properties":{"name":"Mufulira","tier":"regional","rank":46,"min_zoom":5.6,"min_label":6.0,"iso_a2":"ZM","adm0":"Zambia","adm1":"Copperbelt","capital":0},"geometry":{"type":"Point","coordinates":[28.26,-12.55]}},{"type":"Feature","properties":{"name":"Mérida","tier":"regional","rank":46,"min_zoom":5.6,"min_label":6.0,"iso_a2":"VE","adm0":"Venezuela","adm1":"Mérida","capital":0},"geometry":{"type":"Point","coordinates":[-71.1825,8.5695]}},{"type":"Feature","properties":{"name":"Nampula","tier":"regional","rank":46,"min_zoom":5.6,"min_label":6.0,"iso_a2":"MZ","adm0":"Mozambique","adm1":"Nampula","capital":0},"geometry":{"type":"Point","coordinates":[39.293,-15.136]}},{"type":"Feature","properties":{"name":"Niamey","tier":"regional","rank":46,"min_zoom":5.6,"min_label":6.0,"iso_a2":"NE","adm0":"Niger","adm1":"Maradi","capital":0},"geometry":{"type":"Point","coordinates":[7.0964,13.4916]}},{"type":"Feature","properties":{"name":"Nukus","tier":"regional","rank":46,"min_zoom":5.6,"min_label":6.0,"iso_a2":"UZ","adm0":"Uzbekistan","adm1":"Karakalpakstan","capital":0},"geometry":{"type":"Point","coordinates":[59.615,42.47]}},{"type":"Feature","properties":{"name":"Oskemen","tier":"regional","rank":46,"min_zoom":5.6,"min_label":6.0,"iso_a2":"KZ","adm0":"Kazakhstan","adm1":"East Kazakhstan","capital":0},"geometry":{"type":"Point","coordinates":[82.6149,49.99]}},{"type":"Feature","properties":{"name":"Pavlodar","tier":"regional","rank":46,"min_zoom":5.6,"min_label":6.0,"iso_a2":"KZ","adm0":"Kazakhstan","adm1":"Pavlodar","capital":0},"geometry":{"type":"Point","coordinates":[76.95,52.3]}},{"type":"Feature","properties":{"name":"Pemba","tier":"regional","rank":46,"min_zoom":5.6,"min_label":6.0,"iso_a2":"MZ","adm0":"Mozambique","adm1":"Cabo Delgado","capital":0},"geometry":{"type":"Point","coordinates":[40.5323,-12.983]}},{"type":"Feature","properties":{"name":"Ponta Delgada","tier":"regional","rank":46,"min_zoom":5.6,"min_label":6.0,"iso_a2":"PT","adm0":"Portugal","adm1":"Azores","capital":0},"geometry":{"type":"Point","coordinates":[-25.6666,37.7483]}},{"type":"Feature","properties":{"name":"Puerto Ayacucho","tier":"regional","rank":46,"min_zoom":5.6,"min_label":6.0,"iso_a2":"VE","adm0":"Venezuela","adm1":"Amazonas","capital":0},"geometry":{"type":"Point","coordinates":[-67.6236,5.6639]}},{"type":"Feature","properties":{"name":"Putrajaya","tier":"regional","rank":46,"min_zoom":5.6,"min_label":6.0,"iso_a2":"MY","adm0":"Malaysia","adm1":"Selangor","capital":0},"geometry":{"type":"Point","coordinates":[101.695,2.9325]}},{"type":"Feature","properties":{"name":"Quelimane","tier":"regional","rank":46,"min_zoom":5.6,"min_label":6.0,"iso_a2":"MZ","adm0":"Mozambique","adm1":"Zambezia","capital":0},"geometry":{"type":"Point","coordinates":[36.89,-17.88]}},{"type":"Feature","properties":{"name":"Qyzylorda","tier":"regional","rank":46,"min_zoom":5.6,"min_label":6.0,"iso_a2":"KZ","adm0":"Kazakhstan","adm1":"Qyzylorda","capital":0},"geometry":{"type":"Point","coordinates":[65.465,44.8]}},{"type":"Feature","properties":{"name":"Rudniy","tier":"regional","rank":46,"min_zoom":5.6,"min_label":6.0,"iso_a2":"KZ","adm0":"Kazakhstan","adm1":"Qostanay","capital":0},"geometry":{"type":"Point","coordinates":[63.13,52.9527]}},{"type":"Feature","properties":{"name":"Santiago de Cuba","tier":"regional","rank":46,"min_zoom":5.1,"min_label":6.0,"iso_a2":"CU","adm0":"Cuba","adm1":"Santiago de Cuba","capital":0},"geometry":{"type":"Point","coordinates":[-75.8213,20.025]}},{"type":"Feature","properties":{"name":"Semey","tier":"regional","rank":46,"min_zoom":5.6,"min_label":6.0,"iso_a2":"KZ","adm0":"Kazakhstan","adm1":"East Kazakhstan","capital":0},"geometry":{"type":"Point","coordinates":[80.275,50.435]}},{"type":"Feature","properties":{"name":"Shymkent","tier":"regional","rank":46,"min_zoom":5.6,"min_label":6.0,"iso_a2":"KZ","adm0":"Kazakhstan","adm1":"South Kazakhstan","capital":0},"geometry":{"type":"Point","coordinates":[69.595,42.32]}},{"type":"Feature","properties":{"name":"Sinuiju","tier":"regional","rank":46,"min_zoom":5.6,"min_label":6.0,"iso_a2":"KP","adm0":"North Korea","adm1":"P'yongan-bukto","capital":0},"geometry":{"type":"Point","coordinates":[124.4213,40.0859]}},{"type":"Feature","properties":{"name":"Sri Jayawardenepura Kotte","tier":"regional","rank":46,"min_zoom":5.6,"min_label":6.0,"iso_a2":"LK","adm0":"Sri Lanka","adm1":"Colombo","capital":0},"geometry":{"type":"Point","coordinates":[79.95,6.9]}},{"type":"Feature","properties":{"name":"Ségou","tier":"regional","rank":46,"min_zoom":5.6,"min_label":6.0,"iso_a2":"ML","adm0":"Mali","adm1":"Ségou","capital":0},"geometry":{"type":"Point","coordinates":[-6.26,13.44]}},{"type":"Feature","properties":{"name":"Tahoua","tier":"regional","rank":46,"min_zoom":5.6,"min_label":6.0,"iso_a2":"NE","adm0":"Niger","adm1":"Tahoua","capital":0},"geometry":{"type":"Point","coordinates":[5.2599,14.9]}},{"type":"Feature","properties":{"name":"Taizz","tier":"world_city","rank":46,"min_zoom":5.1,"min_label":6.0,"iso_a2":"YE","adm0":"Yemen","adm1":"Ta`izz","capital":0},"geometry":{"type":"Point","coordinates":[44.0375,13.6064]}},{"type":"Feature","properties":{"name":"Taraz","tier":"regional","rank":46,"min_zoom":5.6,"min_label":6.0,"iso_a2":"KZ","adm0":"Kazakhstan","adm1":"Zhambyl","capital":0},"geometry":{"type":"Point","coordinates":[71.365,42.9]}},{"type":"Feature","properties":{"name":"Tarija","tier":"regional","rank":46,"min_zoom":5.6,"min_label":6.0,"iso_a2":"BO","adm0":"Bolivia","adm1":"Tarija","capital":0},"geometry":{"type":"Point","coordinates":[-64.75,-21.5167]}},{"type":"Feature","properties":{"name":"Tete","tier":"regional","rank":46,"min_zoom":5.6,"min_label":6.0,"iso_a2":"MZ","adm0":"Mozambique","adm1":"Tete","capital":0},"geometry":{"type":"Point","coordinates":[33.58,-16.17]}},{"type":"Feature","properties":{"name":"Toliara","tier":"regional","rank":46,"min_zoom":5.1,"min_label":6.0,"iso_a2":"MG","adm0":"Madagascar","adm1":"Toliary","capital":0},"geometry":{"type":"Point","coordinates":[43.69,-23.3568]}},{"type":"Feature","properties":{"name":"Trinidad","tier":"regional","rank":46,"min_zoom":5.6,"min_label":6.0,"iso_a2":"BO","adm0":"Bolivia","adm1":"El Beni","capital":0},"geometry":{"type":"Point","coordinates":[-64.9,-14.8334]}},{"type":"Feature","properties":{"name":"Walvis Bay","tier":"regional","rank":46,"min_zoom":5.6,"min_label":6.0,"iso_a2":"NA","adm0":"Namibia","adm1":"Erongo","capital":0},"geometry":{"type":"Point","coordinates":[14.5053,-22.9575]}},{"type":"Feature","properties":{"name":"Wonsan","tier":"regional","rank":46,"min_zoom":5.6,"min_label":6.0,"iso_a2":"KP","adm0":"North Korea","adm1":"Kangwon-do","capital":0},"geometry":{"type":"Point","coordinates":[127.4308,39.1605]}},{"type":"Feature","properties":{"name":"Xai-Xai","tier":"regional","rank":46,"min_zoom":5.6,"min_label":6.0,"iso_a2":"MZ","adm0":"Mozambique","adm1":"Gaza","capital":0},"geometry":{"type":"Point","coordinates":[33.64,-25.04]}},{"type":"Feature","properties":{"name":"Al Jawf","tier":"minor","rank":47,"min_zoom":5.6,"min_label":7.0,"iso_a2":"LY","adm0":"Libya","adm1":"Al Kufrah","capital":0},"geometry":{"type":"Point","coordinates":[23.29,24.2]}},{"type":"Feature","properties":{"name":"Ayoun el Atrous","tier":"minor","rank":47,"min_zoom":5.6,"min_label":7.0,"iso_a2":"MR","adm0":"Mauritania","adm1":"Hodh el Gharbi","capital":0},"geometry":{"type":"Point","coordinates":[-9.6167,16.6666]}},{"type":"Feature","properties":{"name":"Bambari","tier":"regional","rank":47,"min_zoom":5.6,"min_label":7.0,"iso_a2":"CF","adm0":"Central African Republic","adm1":"Ouaka","capital":0},"geometry":{"type":"Point","coordinates":[20.6672,5.762]}},{"type":"Feature","properties":{"name":"Bern","tier":"capital","rank":47,"min_zoom":5.6,"min_label":7.0,"iso_a2":"CH","adm0":"Switzerland","adm1":"Bern","capital":1},"geometry":{"type":"Point","coordinates":[7.467,46.9167]}},{"type":"Feature","properties":{"name":"Bratislava","tier":"capital","rank":47,"min_zoom":5.1,"min_label":7.0,"iso_a2":"SK","adm0":"Slovakia","adm1":"Bratislavský","capital":1},"geometry":{"type":"Point","coordinates":[17.117,48.15]}},{"type":"Feature","properties":{"name":"Choibalsan","tier":"minor","rank":47,"min_zoom":5.6,"min_label":7.0,"iso_a2":"MN","adm0":"Mongolia","adm1":"Dornod","capital":0},"geometry":{"type":"Point","coordinates":[114.506,48.0666]}},{"type":"Feature","properties":{"name":"Ciudad del Este","tier":"regional","rank":47,"min_zoom":5.6,"min_label":7.0,"iso_a2":"PY","adm0":"Paraguay","adm1":"Alto Paran","capital":0},"geometry":{"type":"Point","coordinates":[-54.6161,-25.5167]}},{"type":"Feature","properties":{"name":"Cuenca","tier":"regional","rank":47,"min_zoom":5.6,"min_label":7.0,"iso_a2":"EC","adm0":"Ecuador","adm1":"Azuay","capital":0},"geometry":{"type":"Point","coordinates":[-79.0,-2.9]}},{"type":"Feature","properties":{"name":"Dalandzadgad","tier":"minor","rank":47,"min_zoom":5.6,"min_label":7.0,"iso_a2":"MN","adm0":"Mongolia","adm1":"Ömnögovi","capital":0},"geometry":{"type":"Point","coordinates":[104.4403,43.5836]}},{"type":"Feature","properties":{"name":"Dund-Us","tier":"minor","rank":47,"min_zoom":5.6,"min_label":7.0,"iso_a2":"MN","adm0":"Mongolia","adm1":"Hovd","capital":0},"geometry":{"type":"Point","coordinates":[91.6333,48.0166]}},{"type":"Feature","properties":{"name":"Franceville","tier":"minor","rank":47,"min_zoom":5.6,"min_label":7.0,"iso_a2":"GA","adm0":"Gabon","adm1":"Haut-Ogooué","capital":0},"geometry":{"type":"Point","coordinates":[13.5833,-1.6333]}},{"type":"Feature","properties":{"name":"Francistown","tier":"regional","rank":47,"min_zoom":5.6,"min_label":7.0,"iso_a2":"BW","adm0":"Botswana","adm1":"Central","capital":0},"geometry":{"type":"Point","coordinates":[27.5,-21.17]}},{"type":"Feature","properties":{"name":"Hammerfest","tier":"minor","rank":47,"min_zoom":5.1,"min_label":7.0,"iso_a2":"NO","adm0":"Norway","adm1":"Finnmark","capital":0},"geometry":{"type":"Point","coordinates":[23.688,70.6613]}},{"type":"Feature","properties":{"name":"Kayes","tier":"regional","rank":47,"min_zoom":5.6,"min_label":7.0,"iso_a2":"CG","adm0":"Congo (Brazzaville)","adm1":"Bouenza","capital":0},"geometry":{"type":"Point","coordinates":[13.28,-4.18]}},{"type":"Feature","properties":{"name":"Kristiansand","tier":"regional","rank":47,"min_zoom":5.6,"min_label":7.0,"iso_a2":"NO","adm0":"Norway","adm1":"Vest-Agder","capital":0},"geometry":{"type":"Point","coordinates":[7.975,58.1456]}},{"type":"Feature","properties":{"name":"Luleå","tier":"minor","rank":47,"min_zoom":5.1,"min_label":7.0,"iso_a2":"SE","adm0":"Sweden","adm1":"Norrbotten","capital":0},"geometry":{"type":"Point","coordinates":[22.1584,65.5966]}},{"type":"Feature","properties":{"name":"Mahalapye","tier":"regional","rank":47,"min_zoom":5.6,"min_label":7.0,"iso_a2":"BW","adm0":"Botswana","adm1":"Central","capital":0},"geometry":{"type":"Point","coordinates":[26.82,-23.1]}},{"type":"Feature","properties":{"name":"Malmö","tier":"regional","rank":47,"min_zoom":5.1,"min_label":7.0,"iso_a2":"SE","adm0":"Sweden","adm1":"Skåne","capital":0},"geometry":{"type":"Point","coordinates":[13.0231,55.5994]}},{"type":"Feature","properties":{"name":"Misrata","tier":"regional","rank":47,"min_zoom":5.6,"min_label":7.0,"iso_a2":"LY","adm0":"Libya","adm1":"Misratah","capital":0},"geometry":{"type":"Point","coordinates":[15.1,32.38]}},{"type":"Feature","properties":{"name":"Moundou","tier":"regional","rank":47,"min_zoom":5.6,"min_label":7.0,"iso_a2":"TD","adm0":"Chad","adm1":"Logone Oriental","capital":0},"geometry":{"type":"Point","coordinates":[16.09,8.55]}},{"type":"Feature","properties":{"name":"Nouadhibou","tier":"regional","rank":47,"min_zoom":5.6,"min_label":7.0,"iso_a2":"MR","adm0":"Mauritania","adm1":"Dakhlet Nouadhibou","capital":0},"geometry":{"type":"Point","coordinates":[-17.056,20.9]}},{"type":"Feature","properties":{"name":"Pointe-Noire","tier":"regional","rank":47,"min_zoom":5.6,"min_label":7.0,"iso_a2":"CG","adm0":"Congo (Brazzaville)","adm1":"Kouilou","capital":0},"geometry":{"type":"Point","coordinates":[11.88,-4.77]}},{"type":"Feature","properties":{"name":"Rovaniemi","tier":"minor","rank":47,"min_zoom":5.1,"min_label":7.0,"iso_a2":"FI","adm0":"Finland","adm1":"Lapland","capital":0},"geometry":{"type":"Point","coordinates":[25.7159,66.5]}},{"type":"Feature","properties":{"name":"Santa Cruz","tier":"minor","rank":47,"min_zoom":5.6,"min_label":7.0,"iso_a2":"EC","adm0":"Ecuador","adm1":"Gal","capital":0},"geometry":{"type":"Point","coordinates":[-90.35,-0.5333]}},{"type":"Feature","properties":{"name":"Serowe","tier":"minor","rank":47,"min_zoom":5.6,"min_label":7.0,"iso_a2":"BW","adm0":"Botswana","adm1":"Central","capital":0},"geometry":{"type":"Point","coordinates":[26.71,-22.39]}},{"type":"Feature","properties":{"name":"Sousse","tier":"regional","rank":47,"min_zoom":5.6,"min_label":7.0,"iso_a2":"TN","adm0":"Tunisia","adm1":"Sousse","capital":0},"geometry":{"type":"Point","coordinates":[10.625,35.83]}},{"type":"Feature","properties":{"name":"Sundsvall","tier":"regional","rank":47,"min_zoom":5.1,"min_label":7.0,"iso_a2":"SE","adm0":"Sweden","adm1":"Västernorrland","capital":0},"geometry":{"type":"Point","coordinates":[17.3167,62.4001]}},{"type":"Feature","properties":{"name":"Tampere","tier":"regional","rank":47,"min_zoom":5.1,"min_label":7.0,"iso_a2":"FI","adm0":"Finland","adm1":"Pirkanmaa","capital":0},"geometry":{"type":"Point","coordinates":[23.75,61.5]}},{"type":"Feature","properties":{"name":"Tmassa","tier":"minor","rank":47,"min_zoom":5.6,"min_label":7.0,"iso_a2":"LY","adm0":"Libya","adm1":"Murzuq","capital":0},"geometry":{"type":"Point","coordinates":[15.8,26.3666]}},{"type":"Feature","properties":{"name":"Vaasa","tier":"regional","rank":47,"min_zoom":5.1,"min_label":7.0,"iso_a2":"FI","adm0":"Finland","adm1":"Western Finland","capital":0},"geometry":{"type":"Point","coordinates":[21.6,63.1]}},{"type":"Feature","properties":{"name":"Zuwara","tier":"regional","rank":47,"min_zoom":5.6,"min_label":7.0,"iso_a2":"LY","adm0":"Libya","adm1":"An Nuqat al Khams","capital":0},"geometry":{"type":"Point","coordinates":[12.0791,32.9344]}},{"type":"Feature","properties":{"name":"Assab","tier":"regional","rank":48,"min_zoom":5.6,"min_label":8.0,"iso_a2":"ER","adm0":"Eritrea","adm1":"Debubawi Keyih Bahri","capital":0},"geometry":{"type":"Point","coordinates":[42.73,13.01]}},{"type":"Feature","properties":{"name":"Atakpamé","tier":"regional","rank":48,"min_zoom":5.6,"min_label":8.0,"iso_a2":"TG","adm0":"Togo","adm1":"Plateaux","capital":0},"geometry":{"type":"Point","coordinates":[1.12,7.53]}},{"type":"Feature","properties":{"name":"Banjul","tier":"capital","rank":48,"min_zoom":5.6,"min_label":8.0,"iso_a2":"GM","adm0":"The Gambia","adm1":"Banjul","capital":1},"geometry":{"type":"Point","coordinates":[-16.5917,13.4539]}},{"type":"Feature","properties":{"name":"Battambang","tier":"regional","rank":48,"min_zoom":5.6,"min_label":8.0,"iso_a2":"KH","adm0":"Cambodia","adm1":"Batdâmbâng","capital":0},"geometry":{"type":"Point","coordinates":[103.2,13.1]}},{"type":"Feature","properties":{"name":"Blantyre","tier":"regional","rank":48,"min_zoom":5.6,"min_label":8.0,"iso_a2":"MW","adm0":"Malawi","adm1":"Blantyre","capital":0},"geometry":{"type":"Point","coordinates":[34.9899,-15.79]}},{"type":"Feature","properties":{"name":"Blenheim","tier":"minor","rank":48,"min_zoom":5.0,"min_label":8.0,"iso_a2":"NZ","adm0":"New Zealand","adm1":"Marlborough","capital":0},"geometry":{"type":"Point","coordinates":[173.955,-41.5135]}},{"type":"Feature","properties":{"name":"Bobo Dioulasso","tier":"regional","rank":48,"min_zoom":5.6,"min_label":8.0,"iso_a2":"BF","adm0":"Burkina Faso","adm1":"Houet","capital":0},"geometry":{"type":"Point","coordinates":[-4.29,11.18]}},{"type":"Feature","properties":{"name":"Bouaké","tier":"regional","rank":48,"min_zoom":5.6,"min_label":8.0,"iso_a2":"CI","adm0":"Ivory Coast","adm1":"Vallée du Bandama","capital":0},"geometry":{"type":"Point","coordinates":[-5.03,7.69]}},{"type":"Feature","properties":{"name":"Bridgetown","tier":"capital","rank":48,"min_zoom":5.6,"min_label":8.0,"iso_a2":"BB","adm0":"Barbados","adm1":"Saint Michael","capital":1},"geometry":{"type":"Point","coordinates":[-59.6165,13.102]}},{"type":"Feature","properties":{"name":"Bujumbura","tier":"capital","rank":48,"min_zoom":5.6,"min_label":8.0,"iso_a2":"BI","adm0":"Burundi","adm1":"Bujumbura Mairie","capital":1},"geometry":{"type":"Point","coordinates":[29.36,-3.3761]}},{"type":"Feature","properties":{"name":"Cottica","tier":"minor","rank":48,"min_zoom":5.6,"min_label":8.0,"iso_a2":"SR","adm0":"Suriname","adm1":"Sipaliwini","capital":0},"geometry":{"type":"Point","coordinates":[-54.2333,3.85]}},{"type":"Feature","properties":{"name":"David","tier":"regional","rank":48,"min_zoom":5.6,"min_label":8.0,"iso_a2":"PA","adm0":"Panama","adm1":"Chiriquí","capital":0},"geometry":{"type":"Point","coordinates":[-82.4333,8.4333]}},{"type":"Feature","properties":{"name":"Djibouti","tier":"capital","rank":48,"min_zoom":5.6,"min_label":8.0,"iso_a2":"DJ","adm0":"Djibouti","adm1":"Djibouti","capital":1},"geometry":{"type":"Point","coordinates":[43.148,11.595]}},{"type":"Feature","properties":{"name":"Doha","tier":"capital","rank":48,"min_zoom":5.6,"min_label":8.0,"iso_a2":"QA","adm0":"Qatar","adm1":"Ad Dawhah","capital":1},"geometry":{"type":"Point","coordinates":[51.533,25.2866]}},{"type":"Feature","properties":{"name":"Dunedin","tier":"regional","rank":48,"min_zoom":5.0,"min_label":8.0,"iso_a2":"NZ","adm0":"New Zealand","adm1":"Otago","capital":0},"geometry":{"type":"Point","coordinates":[170.491,-45.8854]}},{"type":"Feature","properties":{"name":"Durazno","tier":"minor","rank":48,"min_zoom":5.6,"min_label":8.0,"iso_a2":"UY","adm0":"Uruguay","adm1":"Durazno","capital":0},"geometry":{"type":"Point","coordinates":[-56.51,-33.41]}},{"type":"Feature","properties":{"name":"Goroka","tier":"minor","rank":48,"min_zoom":5.6,"min_label":8.0,"iso_a2":"PG","adm0":"Papua New Guinea","adm1":"Eastern Highlands","capital":0},"geometry":{"type":"Point","coordinates":[145.3855,-6.0833]}},{"type":"Feature","properties":{"name":"Hamilton","tier":"regional","rank":48,"min_zoom":5.0,"min_label":8.0,"iso_a2":"NZ","adm0":"New Zealand","adm1":"Waikato","capital":0},"geometry":{"type":"Point","coordinates":[175.2896,-37.7783]}},{"type":"Feature","properties":{"name":"Kankan","tier":"regional","rank":48,"min_zoom":5.1,"min_label":8.0,"iso_a2":"GN","adm0":"Guinea","adm1":"Kankan","capital":0},"geometry":{"type":"Point","coordinates":[-9.31,10.39]}},{"type":"Feature","properties":{"name":"Kaolack","tier":"regional","rank":48,"min_zoom":5.6,"min_label":8.0,"iso_a2":"SN","adm0":"Senegal","adm1":"Kaolack","capital":0},"geometry":{"type":"Point","coordinates":[-16.1,14.15]}},{"type":"Feature","properties":{"name":"Kaédi","tier":"minor","rank":48,"min_zoom":5.6,"min_label":8.0,"iso_a2":"SN","adm0":"Senegal","adm1":"Matam","capital":0},"geometry":{"type":"Point","coordinates":[-13.5,16.15]}},{"type":"Feature","properties":{"name":"Lae","tier":"regional","rank":48,"min_zoom":5.6,"min_label":8.0,"iso_a2":"PG","adm0":"Papua New Guinea","adm1":"Morobe","capital":0},"geometry":{"type":"Point","coordinates":[146.99,-6.733]}},{"type":"Feature","properties":{"name":"Limón","tier":"regional","rank":48,"min_zoom":5.6,"min_label":8.0,"iso_a2":"CR","adm0":"Costa Rica","adm1":"Limón","capital":0},"geometry":{"type":"Point","coordinates":[-83.0333,10.0]}},{"type":"Feature","properties":{"name":"Ljubljana","tier":"capital","rank":48,"min_zoom":5.6,"min_label":8.0,"iso_a2":"SI","adm0":"Slovenia","adm1":"Osrednjeslovenska","capital":1},"geometry":{"type":"Point","coordinates":[14.515,46.0553]}},{"type":"Feature","properties":{"name":"Manukau","tier":"regional","rank":48,"min_zoom":5.6,"min_label":8.0,"iso_a2":"NZ","adm0":"New Zealand","adm1":"Auckland","capital":0},"geometry":{"type":"Point","coordinates":[174.885,-37.0]}},{"type":"Feature","properties":{"name":"Mary","tier":"regional","rank":48,"min_zoom":5.1,"min_label":8.0,"iso_a2":"TM","adm0":"Turkmenistan","adm1":"Mary","capital":0},"geometry":{"type":"Point","coordinates":[61.8333,37.6]}},{"type":"Feature","properties":{"name":"Mbabane","tier":"capital","rank":48,"min_zoom":5.6,"min_label":8.0,"iso_a2":"SZ","adm0":"eSwatini","adm1":"Hhohho","capital":1},"geometry":{"type":"Point","coordinates":[31.1333,-26.3167]}},{"type":"Feature","properties":{"name":"Mt.  Hagen","tier":"regional","rank":48,"min_zoom":5.6,"min_label":8.0,"iso_a2":"PG","adm0":"Papua New Guinea","adm1":"Western Highlands","capital":0},"geometry":{"type":"Point","coordinates":[144.2168,-5.8632]}},{"type":"Feature","properties":{"name":"Mzuzu","tier":"regional","rank":48,"min_zoom":5.6,"min_label":8.0,"iso_a2":"MW","adm0":"Malawi","adm1":"Mzimba","capital":0},"geometry":{"type":"Point","coordinates":[34.02,-11.46]}},{"type":"Feature","properties":{"name":"Napier","tier":"regional","rank":48,"min_zoom":5.0,"min_label":8.0,"iso_a2":"NZ","adm0":"New Zealand","adm1":"Gisborne","capital":0},"geometry":{"type":"Point","coordinates":[176.9265,-39.49]}},{"type":"Feature","properties":{"name":"Narsarsuaq","tier":"minor","rank":48,"min_zoom":5.1,"min_label":8.0,"iso_a2":"GL","adm0":"Greenland","adm1":"Kommune Kujalleq","capital":0},"geometry":{"type":"Point","coordinates":[-45.4166,61.1666]}},{"type":"Feature","properties":{"name":"Nzérékoré","tier":"regional","rank":48,"min_zoom":5.1,"min_label":8.0,"iso_a2":"GN","adm0":"Guinea","adm1":"Nzerekore","capital":0},"geometry":{"type":"Point","coordinates":[-8.83,7.76]}},{"type":"Feature","properties":{"name":"Parakou","tier":"regional","rank":48,"min_zoom":5.6,"min_label":8.0,"iso_a2":"BJ","adm0":"Benin","adm1":"Borgou","capital":0},"geometry":{"type":"Point","coordinates":[2.62,9.34]}},{"type":"Feature","properties":{"name":"Podgorica","tier":"capital","rank":48,"min_zoom":5.6,"min_label":8.0,"iso_a2":"ME","adm0":"Montenegro","adm1":"Podgorica","capital":1},"geometry":{"type":"Point","coordinates":[19.2663,42.466]}},{"type":"Feature","properties":{"name":"Port-of-Spain","tier":"capital","rank":48,"min_zoom":5.1,"min_label":8.0,"iso_a2":"TT","adm0":"Trinidad and Tobago","adm1":"Port of Spain","capital":1},"geometry":{"type":"Point","coordinates":[-61.517,10.652]}},{"type":"Feature","properties":{"name":"Porto-Novo","tier":"regional","rank":48,"min_zoom":5.6,"min_label":8.0,"iso_a2":"BJ","adm0":"Benin","adm1":"Ouémé","capital":0},"geometry":{"type":"Point","coordinates":[2.6166,6.4833]}},{"type":"Feature","properties":{"name":"Pristina","tier":"capital","rank":48,"min_zoom":5.6,"min_label":8.0,"iso_a2":"-99","adm0":"Kosovo","adm1":"Pristina","capital":1},"geometry":{"type":"Point","coordinates":[21.166,42.6667]}},{"type":"Feature","properties":{"name":"Qaanaaq","tier":"minor","rank":48,"min_zoom":5.6,"min_label":8.0,"iso_a2":"GL","adm0":"Greenland","adm1":"Qaasuitsup Kommunia","capital":0},"geometry":{"type":"Point","coordinates":[-69.2296,77.4665]}},{"type":"Feature","properties":{"name":"Quetzaltenango","tier":"regional","rank":48,"min_zoom":5.6,"min_label":8.0,"iso_a2":"GT","adm0":"Guatemala","adm1":"Quezaltenango","capital":0},"geometry":{"type":"Point","coordinates":[-91.52,14.83]}},{"type":"Feature","properties":{"name":"Rabaul","tier":"minor","rank":48,"min_zoom":5.6,"min_label":8.0,"iso_a2":"PG","adm0":"Papua New Guinea","adm1":"East New Britain","capital":0},"geometry":{"type":"Point","coordinates":[152.1434,-4.2055]}},{"type":"Feature","properties":{"name":"Roseau","tier":"capital","rank":48,"min_zoom":5.1,"min_label":8.0,"iso_a2":"DM","adm0":"Dominica","adm1":"Saint George","capital":1},"geometry":{"type":"Point","coordinates":[-61.387,15.301]}},{"type":"Feature","properties":{"name":"Santiago","tier":"major","rank":48,"min_zoom":5.6,"min_label":8.0,"iso_a2":"DO","adm0":"Dominican Republic","adm1":"Santiago","capital":0},"geometry":{"type":"Point","coordinates":[-70.67,19.5]}},{"type":"Feature","properties":{"name":"Siem Reap","tier":"regional","rank":48,"min_zoom":5.6,"min_label":8.0,"iso_a2":"KH","adm0":"Cambodia","adm1":"Siemréab","capital":0},"geometry":{"type":"Point","coordinates":[103.85,13.3666]}},{"type":"Feature","properties":{"name":"Sisimiut","tier":"minor","rank":48,"min_zoom":5.1,"min_label":8.0,"iso_a2":"GL","adm0":"Greenland","adm1":"Qeqqata Kommunia","capital":0},"geometry":{"type":"Point","coordinates":[-53.6666,66.95]}},{"type":"Feature","properties":{"name":"Skopje","tier":"capital","rank":48,"min_zoom":5.6,"min_label":8.0,"iso_a2":"MK","adm0":"North Macedonia","adm1":"Centar","capital":1},"geometry":{"type":"Point","coordinates":[21.4335,42.0]}},{"type":"Feature","properties":{"name":"Taichung","tier":"world_city","rank":48,"min_zoom":5.6,"min_label":8.0,"iso_a2":"TW","adm0":"Taiwan","adm1":"Taichung City","capital":0},"geometry":{"type":"Point","coordinates":[120.6817,24.1521]}},{"type":"Feature","properties":{"name":"The Hague","tier":"major","rank":48,"min_zoom":5.6,"min_label":8.0,"iso_a2":"NL","adm0":"Netherlands","adm1":"Zuid-Holland","capital":0},"geometry":{"type":"Point","coordinates":[4.27,52.08]}},{"type":"Feature","properties":{"name":"Türkmenabat","tier":"regional","rank":48,"min_zoom":5.6,"min_label":8.0,"iso_a2":"TM","adm0":"Turkmenistan","adm1":"Chardzhou","capital":0},"geometry":{"type":"Point","coordinates":[63.58,39.11]}},{"type":"Feature","properties":{"name":"Türkmenbaşy","tier":"regional","rank":48,"min_zoom":5.6,"min_label":8.0,"iso_a2":"TM","adm0":"Turkmenistan","adm1":"Balkan","capital":0},"geometry":{"type":"Point","coordinates":[52.9697,40.023]}},{"type":"Feature","properties":{"name":"Upernavik","tier":"minor","rank":48,"min_zoom":5.1,"min_label":8.0,"iso_a2":"GL","adm0":"Greenland","adm1":"Qaasuitsup Kommunia","capital":0},"geometry":{"type":"Point","coordinates":[-56.1417,72.7094]}},{"type":"Feature","properties":{"name":"Agana","tier":"regional","rank":60,"min_zoom":6.0,"min_label":6.0,"iso_a2":"GU","adm0":"Guam","adm1":null,"capital":0},"geometry":{"type":"Point","coordinates":[144.75,13.47]}},{"type":"Feature","properties":{"name":"Andorra","tier":"capital","rank":60,"min_zoom":6.0,"min_label":6.0,"iso_a2":"AD","adm0":"Andorra","adm1":null,"capital":1},"geometry":{"type":"Point","coordinates":[1.5266,42.5108]}},{"type":"Feature","properties":{"name":"Bir Lehlou","tier":"minor","rank":60,"min_zoom":6.0,"min_label":6.0,"iso_a2":"EH","adm0":"Western Sahara","adm1":null,"capital":0},"geometry":{"type":"Point","coordinates":[-9.6525,26.1192]}},{"type":"Feature","properties":{"name":"Funafuti","tier":"capital","rank":60,"min_zoom":6.0,"min_label":6.0,"iso_a2":"TV","adm0":"Tuvalu","adm1":null,"capital":1},"geometry":{"type":"Point","coordinates":[179.2166,-8.5167]}},{"type":"Feature","properties":{"name":"Macau","tier":"regional","rank":60,"min_zoom":6.0,"min_label":6.0,"iso_a2":"MO","adm0":"Macau S.A.R","adm1":null,"capital":0},"geometry":{"type":"Point","coordinates":[113.5444,22.1891]}},{"type":"Feature","properties":{"name":"Majuro","tier":"capital","rank":60,"min_zoom":6.0,"min_label":6.0,"iso_a2":"MH","adm0":"Marshall Islands","adm1":null,"capital":1},"geometry":{"type":"Point","coordinates":[171.38,7.103]}},{"type":"Feature","properties":{"name":"Melekeok","tier":"capital","rank":60,"min_zoom":6.0,"min_label":6.0,"iso_a2":"PW","adm0":"Palau","adm1":null,"capital":1},"geometry":{"type":"Point","coordinates":[134.6265,7.4874]}},{"type":"Feature","properties":{"name":"Monaco","tier":"capital","rank":60,"min_zoom":5.1,"min_label":5.1,"iso_a2":"MC","adm0":"Monaco","adm1":null,"capital":1},"geometry":{"type":"Point","coordinates":[7.4069,43.7396]}},{"type":"Feature","properties":{"name":"Moroni","tier":"capital","rank":60,"min_zoom":6.0,"min_label":6.0,"iso_a2":"KM","adm0":"Comoros","adm1":null,"capital":1},"geometry":{"type":"Point","coordinates":[43.2402,-11.7042]}},{"type":"Feature","properties":{"name":"Palikir","tier":"capital","rank":60,"min_zoom":6.0,"min_label":6.0,"iso_a2":"FM","adm0":"Federated States of Micronesia","adm1":null,"capital":1},"geometry":{"type":"Point","coordinates":[158.15,6.9166]}},{"type":"Feature","properties":{"name":"Tarawa","tier":"capital","rank":60,"min_zoom":6.0,"min_label":6.0,"iso_a2":"KI","adm0":"Kiribati","adm1":null,"capital":1},"geometry":{"type":"Point","coordinates":[173.0176,1.3382]}},{"type":"Feature","properties":{"name":"Matsuyama","tier":"regional","rank":62,"min_zoom":6.0,"min_label":6.0,"iso_a2":"JP","adm0":"Japan","adm1":"Ehime","capital":0},"geometry":{"type":"Point","coordinates":[132.7658,33.8455]}},{"type":"Feature","properties":{"name":"Genoa","tier":"regional","rank":63,"min_zoom":5.1,"min_label":5.1,"iso_a2":"IT","adm0":"Italy","adm1":"Liguria","capital":0},"geometry":{"type":"Point","coordinates":[8.93,44.41]}},{"type":"Feature","properties":{"name":"Lille","tier":"world_city","rank":63,"min_zoom":6.0,"min_label":6.0,"iso_a2":"FR","adm0":"France","adm1":"Nord-Pas-de-Calais","capital":0},"geometry":{"type":"Point","coordinates":[3.0781,50.6519]}},{"type":"Feature","properties":{"name":"Limoges","tier":"regional","rank":63,"min_zoom":6.7,"min_label":6.7,"iso_a2":"FR","adm0":"France","adm1":"Limousin","capital":0},"geometry":{"type":"Point","coordinates":[1.25,45.83]}},{"type":"Feature","properties":{"name":"Rennes","tier":"regional","rank":63,"min_zoom":6.0,"min_label":6.0,"iso_a2":"FR","adm0":"France","adm1":"Bretagne","capital":0},"geometry":{"type":"Point","coordinates":[-1.67,48.1]}},{"type":"Feature","properties":{"name":"Strasbourg","tier":"regional","rank":63,"min_zoom":6.0,"min_label":6.0,"iso_a2":"FR","adm0":"France","adm1":"Alsace","capital":0},"geometry":{"type":"Point","coordinates":[7.75,48.58]}},{"type":"Feature","properties":{"name":"Toulouse","tier":"world_city","rank":63,"min_zoom":6.0,"min_label":6.0,"iso_a2":"FR","adm0":"France","adm1":"Midi-Pyrénées","capital":0},"geometry":{"type":"Point","coordinates":[1.448,43.6219]}},{"type":"Feature","properties":{"name":"Turin","tier":"world_city","rank":63,"min_zoom":6.0,"min_label":6.0,"iso_a2":"IT","adm0":"Italy","adm1":"Piemonte","capital":0},"geometry":{"type":"Point","coordinates":[7.668,45.0723]}},{"type":"Feature","properties":{"name":"Cardiff","tier":"regional","rank":65,"min_zoom":5.1,"min_label":5.1,"iso_a2":"GB","adm0":"United Kingdom","adm1":"Cardiff","capital":0},"geometry":{"type":"Point","coordinates":[-3.1676,51.4826]}},{"type":"Feature","properties":{"name":"Edinburgh","tier":"regional","rank":65,"min_zoom":5.1,"min_label":5.1,"iso_a2":"GB","adm0":"United Kingdom","adm1":"Edinburgh","capital":0},"geometry":{"type":"Point","coordinates":[-3.2191,55.9483]}},{"type":"Feature","properties":{"name":"El Fasher","tier":"regional","rank":65,"min_zoom":6.0,"min_label":6.0,"iso_a2":"SD","adm0":"Sudan","adm1":"Northern Darfur","capital":0},"geometry":{"type":"Point","coordinates":[25.35,13.63]}},{"type":"Feature","properties":{"name":"Funchal","tier":"regional","rank":66,"min_zoom":6.0,"min_label":6.0,"iso_a2":"PT","adm0":"Portugal","adm1":"Madeira","capital":0},"geometry":{"type":"Point","coordinates":[-16.88,32.65]}},{"type":"Feature","properties":{"name":"Keetmanshoop","tier":"minor","rank":66,"min_zoom":6.0,"min_label":6.0,"iso_a2":"NA","adm0":"Namibia","adm1":"Karas","capital":0},"geometry":{"type":"Point","coordinates":[18.13,-26.5739]}},{"type":"Feature","properties":{"name":"Swakopmund","tier":"minor","rank":66,"min_zoom":6.0,"min_label":6.0,"iso_a2":"NA","adm0":"Namibia","adm1":"Erongo","capital":0},"geometry":{"type":"Point","coordinates":[14.535,-22.6689]}},{"type":"Feature","properties":{"name":"Batumi","tier":"regional","rank":68,"min_zoom":6.0,"min_label":8.0,"iso_a2":"GE","adm0":"Georgia","adm1":"Ajaria","capital":0},"geometry":{"type":"Point","coordinates":[41.63,41.6]}},{"type":"Feature","properties":{"name":"Gibraltar","tier":"regional","rank":68,"min_zoom":5.1,"min_label":8.0,"iso_a2":"GI","adm0":"Gibraltar","adm1":"Gibraltar","capital":0},"geometry":{"type":"Point","coordinates":[-5.346,36.1283]}},{"type":"Feature","properties":{"name":"Lobamba","tier":"minor","rank":68,"min_zoom":6.0,"min_label":8.0,"iso_a2":"SZ","adm0":"eSwatini","adm1":"Manzini","capital":0},"geometry":{"type":"Point","coordinates":[31.2,-26.4667]}},{"type":"Feature","properties":{"name":"Longyearbyen","tier":"minor","rank":68,"min_zoom":6.0,"min_label":8.0,"iso_a2":"SJ","adm0":"Svalbard and Jan Mayen Islands","adm1":"Svalbard","capital":0},"geometry":{"type":"Point","coordinates":[15.6209,78.221]}},{"type":"Feature","properties":{"name":"Luxembourg","tier":"capital","rank":68,"min_zoom":6.0,"min_label":8.0,"iso_a2":"LU","adm0":"Luxembourg","adm1":"Luxembourg","capital":1},"geometry":{"type":"Point","coordinates":[6.13,49.6117]}},{"type":"Feature","properties":{"name":"Nouméa","tier":"regional","rank":68,"min_zoom":6.0,"min_label":8.0,"iso_a2":"NC","adm0":"New Caledonia","adm1":"Sud","capital":0},"geometry":{"type":"Point","coordinates":[166.4443,-22.2625]}},{"type":"Feature","properties":{"name":"Sukhumi","tier":"regional","rank":68,"min_zoom":6.0,"min_label":8.0,"iso_a2":"GE","adm0":"Georgia","adm1":"Abkhazia","capital":0},"geometry":{"type":"Point","coordinates":[41.02,43.02]}},{"type":"Feature","properties":{"name":"Amaravati","tier":"major","rank":90,"min_zoom":5.6,"min_label":50.0,"iso_a2":"IN","adm0":"India","adm1":"Andhra Pradesh","capital":0},"geometry":{"type":"Point","coordinates":[80.5243,16.5337]}}]}