{"type":"FeatureCollection","note":"geoBoundaries (CC BY 4.0). Game-state provinces.","features":[{"type":"Feature","properties":{"id":"pol-subcarpathianvoivodeship","name":"Subcarpathian Voivodeship","iso3":"POL","tier":2,"contested":false},"geometry":{"type":"Polygon","coordinates":[[[21.2096324,50.354865],[21.3112446,50.4217383],[21.4435135,50.4564195],[21.4471552,50.4917827],[21.6040201,50.5212364],[21.7225873,50.6453572],[21.7801173,50.6450651],[21.8636062,50.8018675],[21.9493443,50.7713966],[22.0519558,50.8205481],[22.1629731,50.7972987],[22.1523122,50.7717882],[22.2055815,50.7540106],[22.1417937,50.6696898],[22.2230395,50.6600446],[22.2490811,50.620605],[22.5362471,50.5721691],[22.5117153,50.5390621],[22.5769879,50.5042993],[22.5056396,50.4837157],[22.5861223,50.4773314],[22.5303378,50.4470635],[22.4444625,50.4621252],[22.4594909,50.4341868],[22.4029451,50.3952465],[22.4371927,50.3997179],[22.4803781,50.3531212],[22.6879673,50.3569178],[22.6069084,50.311073],[22.7073046,50.2911585],[23.0171889,50.2869167],[23.1787117,50.3954049],[23.250233,50.3588831],[23.3581464,50.4105416],[23.435795,50.346991],[23.4032639,50.3012991],[23.5199464,50.2954639],[23.5087972,50.2613043],[23.5479126,50.2518154],[23.2800844,50.1005448],[22.6408308,49.5299919],[22.6966855,49.495128],[22.7468112,49.3598907],[22.7148875,49.2264901],[22.7476795,49.2156221],[22.7077575,49.174113],[22.7561721,49.1826257],[22.7391328,49.1579778],[22.8927565,49.094556],[22.8645314,49.0667861],[22.8915533,49.0078494],[22.847092,49.0023872],[22.7730502,49.0518137],[22.6817961,49.0389835],[22.5998128,49.0934979],[22.422654,49.09949],[22.3672582,49.1465973],[22.225713,49.152541],[22.222462,49.1844599],[22.0619644,49.2115859],[21.96278,49.347908],[21.8402411,49.3915102],[21.78752,49.355137],[21.6309446,49.4473085],[21.4065119,49.4266383],[21.3888416,49.4854531],[21.4217125,49.4924317],[21.3586406,49.5447462],[21.3802884,49.5697632],[21.3268166,49.59219],[21.3627898,49.6341403],[21.3486775,49.6926739],[21.3203964,49.6984492],[21.31254,49.7477686],[21.2417725,49.7761044],[21.3489532,49.8149635],[21.2249575,49.8525994],[21.2263978,49.8858592],[21.2796546,49.8920526],[21.2847187,49.9240646],[21.1797066,49.9283287],[21.1504352,49.9764832],[21.1929048,50.0292592],[21.1450327,50.0530123],[21.1990053,50.0949579],[21.1400033,50.1276085],[21.1757591,50.1426466],[21.1523921,50.147641],[21.1709836,50.2082563],[21.1421116,50.2376794],[21.1826796,50.2400044],[21.1457267,50.2571205],[21.2226395,50.3108625],[21.2096324,50.354865]]]}},{"type":"Feature","properties":{"id":"pol-podlaskievoivodeship","name":"Podlaskie Voivodeship","iso3":"POL","tier":2,"contested":false},"geometry":{"type":"Polygon","coordinates":[[[21.6179547,53.4807724],[21.8608857,53.4589662],[21.933948,53.5111501],[22.03012,53.4968563],[22.4230416,53.6815356],[22.4755256,53.663159],[22.4675853,53.6989595],[22.6968016,53.7615888],[22.7267123,53.8331741],[22.7790181,53.8656001],[22.78163,53.9197402],[22.6965309,53.9735146],[22.6703362,54.0293068],[22.5998581,54.0527916],[22.6367753,54.1065871],[22.5914095,54.1506508],[22.5471289,54.1377288],[22.4765552,54.2013057],[22.5760261,54.2671515],[22.7791376,54.2935671],[22.7919888,54.3633414],[22.8363023,54.406481],[23.0102148,54.3827959],[22.9939133,54.3618985],[23.0631646,54.3409585],[23.0421216,54.3159743],[23.1487963,54.314355],[23.2338841,54.2609102],[23.3375189,54.2517237],[23.4858579,54.1532339],[23.5286013,54.0657804],[23.4806969,53.9980146],[23.5163655,53.957878],[23.5240641,53.862588],[23.552007,53.851017],[23.54905,53.76778],[23.798979,53.2741881],[23.9182591,53.1576221],[23.871878,53.0840911],[23.9462701,52.9587331],[23.9164669,52.938843],[23.9386401,52.7129159],[23.734218,52.6065221],[23.6414109,52.6074559],[23.4666281,52.549448],[23.1783344,52.283141],[23.0514177,52.2854324],[23.045218,52.3248553],[22.9292045,52.3735936],[22.5804132,52.3931581],[22.5421395,52.4230445],[22.5530336,52.4647858],[22.5120301,52.4812627],[22.5266767,52.5211759],[22.4065342,52.6101173],[22.4735666,52.6462459],[22.4351095,52.6962185],[22.4537714,52.7882384],[22.3786261,52.794403],[22.334414,52.7404643],[22.3036564,52.7479797],[22.242454,52.8327568],[22.30512,52.8394272],[22.2793622,52.8861445],[22.2071707,52.8830368],[22.2096889,52.8545008],[22.0379791,52.8508201],[22.0349644,52.8851383],[22.0039312,52.8778663],[21.9917398,52.9196483],[22.0287936,52.9384821],[22.0017652,52.9723279],[21.8757006,53.0163089],[21.897741,53.0457976],[21.940658,53.0379641],[21.9387744,53.0744865],[21.8717801,53.0589586],[21.8087594,53.1152193],[21.7361501,53.1091964],[21.6944275,53.1380943],[21.7071245,53.165875],[21.6687335,53.2073063],[21.6891081,53.2149946],[21.6227213,53.266442],[21.6582628,53.2618217],[21.6581086,53.3161247],[21.7354271,53.3127282],[21.6522879,53.3312572],[21.6839624,53.3681338],[21.62411,53.4069638],[21.5928371,53.4609517],[21.6179547,53.4807724]]]}},{"type":"Feature","properties":{"id":"pol-lodzvoivodeship","name":"\u0141\u00f3d\u017a Voivodeship","iso3":"POL","tier":2,"contested":false},"geometry":{"type":"Polygon","coordinates":[[[19.0471255,52.3328425],[19.1992777,52.3603054],[19.218357,52.3411909],[19.2100101,52.3656092],[19.2798639,52.3940053],[19.3222702,52.3483896],[19.4549481,52.3501291],[19.6376387,52.2553713],[19.8485619,52.2723599],[19.8910412,52.3113],[20.0420987,52.2576858],[20.0804942,52.2330386],[20.0620742,52.188123],[20.0910136,52.1526476],[20.2688147,52.1007236],[20.1985008,52.0257503],[20.2941908,51.9671242],[20.2436309,51.9334021],[20.3183823,51.9123316],[20.4202156,51.9478677],[20.4982937,51.8895355],[20.5708462,51.8879323],[20.6198285,51.8215529],[20.5577382,51.8189523],[20.5819726,51.8110709],[20.5826389,51.7479839],[20.6583856,51.7240129],[20.6532008,51.6771442],[20.5966247,51.6571637],[20.4670141,51.697092],[20.3974819,51.6704946],[20.3849987,51.6416143],[20.4680335,51.5595237],[20.4520038,51.5043752],[20.5199473,51.5097848],[20.5340195,51.4626711],[20.446794,51.4103198],[20.4166537,51.3621101],[20.4326942,51.3343173],[20.3639276,51.3112884],[20.3797423,51.245929],[20.2425873,51.2572966],[20.2643763,51.2184318],[20.2320041,51.2010461],[20.011007,51.1954438],[19.9940884,51.1840591],[20.0257556,51.1645428],[19.9854871,51.1346443],[19.9817257,51.0731363],[20.0562384,51.0577507],[20.0360641,50.9725285],[19.876323,51.0483109],[19.8279366,50.9667532],[19.8376978,50.9174265],[19.7279013,50.8432775],[19.5744475,50.908121],[19.4711159,50.8858845],[19.4322906,50.9648991],[19.3265607,51.012266],[19.3226874,51.0461906],[19.2431423,51.0368447],[19.2570099,51.0029619],[19.2042543,50.9824184],[18.9230197,51.0994297],[18.8933129,51.0602118],[18.6608134,51.054626],[18.5776048,51.0819215],[18.5480749,51.1410681],[18.4894042,51.0907002],[18.4645144,51.1202061],[18.1657721,51.165012],[18.1725803,51.2689152],[18.1068387,51.2628599],[18.1129326,51.3107784],[18.0748957,51.3504181],[18.1929131,51.3877943],[18.2127546,51.4543399],[18.34049,51.4300941],[18.3829844,51.4771815],[18.3583442,51.536286],[18.3784438,51.5923537],[18.3500917,51.6268573],[18.3816287,51.6509677],[18.3628364,51.6805195],[18.4138786,51.7046955],[18.4030271,51.7506233],[18.4325619,51.7651782],[18.4093043,51.7916689],[18.4719181,51.8198968],[18.4719653,51.8510057],[18.6885506,51.8223804],[18.767792,51.9278535],[18.7149601,51.9682738],[18.7182431,52.0657049],[18.9251187,52.0792619],[18.9497671,52.1193422],[18.91114,52.1327592],[18.924113,52.1962671],[19.0897647,52.2067066],[19.0709086,52.228366],[19.1003177,52.2659071],[19.0302655,52.2710648],[19.0471255,52.3328425]]]}},{"type":"Feature","properties":{"id":"pol-lowersilesianvoivodeship","name":"Lower Silesian Voivodeship","iso3":"POL","tier":2,"contested":false},"geometry":{"type":"Polygon","coordinates":[[[14.9747578,51.3639897],[15.18717,51.4640335],[15.3336595,51.4098955],[15.3394114,51.47409],[15.3820688,51.4721395],[15.3965393,51.5310458],[15.4876635,51.5275635],[15.5997604,51.4456744],[15.7140322,51.5173973],[15.7037765,51.5570557],[15.8236206,51.5727437],[15.8571889,51.6504205],[15.8342589,51.6721893],[15.8695265,51.7196623],[15.9800854,51.7453158],[15.9687397,51.7683834],[16.0085706,51.7757124],[15.9792446,51.802309],[16.1778296,51.7639684],[16.1600306,51.7117118],[16.2175391,51.7146443],[16.2696529,51.6634149],[16.3592813,51.7187434],[16.3771497,51.7671797],[16.4488782,51.7880111],[16.647939,51.7441621],[16.6824488,51.7026829],[16.643248,51.6607232],[16.7834784,51.6409872],[16.7927564,51.5905186],[16.9630267,51.5445429],[17.2065489,51.5670384],[17.2154744,51.6295586],[17.259147,51.6431496],[17.4986518,51.6159327],[17.5723598,51.5667663],[17.5727336,51.5298804],[17.51216,51.5055043],[17.5405657,51.4212831],[17.754755,51.4073082],[17.7041819,51.3667784],[17.7649958,51.3163879],[17.7439584,51.2430202],[17.7951427,51.1897665],[17.6692699,51.1608153],[17.6115019,51.1905195],[17.544747,51.1544882],[17.5821334,51.0818425],[17.518703,51.0588149],[17.5425343,50.9912005],[17.4313972,50.9670856],[17.4272398,50.9105733],[17.3693514,50.9257368],[17.3524252,50.9006508],[17.3951123,50.8755278],[17.3183443,50.8211464],[17.3519715,50.7904198],[17.2737642,50.7881097],[17.2539126,50.7720407],[17.3011615,50.7430308],[17.2207875,50.713703],[17.2590771,50.6904682],[17.2347454,50.681113],[17.2442273,50.6188273],[17.1218684,50.6075013],[17.0635873,50.5420948],[17.0516004,50.4654121],[16.958966,50.4879162],[16.8605344,50.4112296],[16.9108468,50.3890534],[16.946147,50.3153881],[17.0090446,50.2952303],[17.028313,50.2299891],[16.9980231,50.2160825],[16.9760666,50.2449064],[16.8365525,50.2030792],[16.7035591,50.0963364],[16.5801922,50.1424477],[16.5572832,50.2203899],[16.4310794,50.3246795],[16.3832501,50.3288679],[16.3606588,50.3795595],[16.2784691,50.3673979],[16.1957164,50.4321284],[16.3115277,50.5061321],[16.3604506,50.50134],[16.4449075,50.5795696],[16.343081,50.6615083],[16.2349131,50.6716274],[16.1872057,50.6271755],[16.1037052,50.6633421],[16.0246926,50.5986976],[15.9863749,50.6137112],[16.0217671,50.6301739],[15.9909085,50.683414],[15.8609633,50.6744493],[15.8161954,50.7553202],[15.7057089,50.7372547],[15.4395304,50.8090587],[15.3747883,50.777626],[15.3673387,50.8380283],[15.2771258,50.8909886],[15.2740739,50.9795277],[15.1800081,50.9829921],[15.1718505,51.0200296],[15.1290136,50.9901217],[15.0609993,51.0228958],[14.9853343,51.0109533],[14.9682136,50.9900264],[15.0216682,50.9671594],[14.9894312,50.9216326],[15.001929,50.8687793],[14.8229063,50.8707974],[14.9647142,51.0501318],[15.0380485,51.2439639],[14.9747578,51.3639897]]]}},{"type":"Feature","properties":{"id":"pol-opolevoivodeship","name":"Opole Voivodeship","iso3":"POL","tier":2,"contested":false},"geometry":{"type":"Polygon","coordinates":[[[18.1638359,51.1721437],[18.4645144,51.1202061],[18.4894042,51.0907002],[18.5485963,51.1409209],[18.5776048,51.0819215],[18.6729514,51.0569019],[18.6954867,51.0157757],[18.6123848,50.955138],[18.6549504,50.9165789],[18.6179564,50.8548692],[18.5046194,50.8009891],[18.5817186,50.7524524],[18.4782635,50.7030993],[18.522834,50.6594085],[18.5174677,50.6254593],[18.6017269,50.6044531],[18.6074733,50.5500111],[18.4370475,50.5459248],[18.4812912,50.4582755],[18.3796091,50.4817426],[18.3648765,50.4191214],[18.3963101,50.3889604],[18.3577446,50.3565689],[18.4067194,50.3227971],[18.3936904,50.2759182],[18.4258663,50.2489656],[18.3533246,50.2582353],[18.2374014,50.2146684],[18.2490326,50.1925715],[18.0585761,50.173972],[18.0726242,50.1094264],[18.0050038,50.0529499],[18.0454633,50.0051279],[18.004681,50.0184115],[17.8684779,49.9725266],[17.7719152,50.025036],[17.7183383,50.1060682],[17.6090602,50.1417044],[17.6011748,50.169632],[17.7585032,50.20664],[17.7651026,50.236354],[17.7250148,50.2567161],[17.7520317,50.2990762],[17.7190092,50.3202921],[17.6869509,50.3279621],[17.6858389,50.2989335],[17.6117551,50.2659096],[17.3502888,50.2638074],[17.3486685,50.3283573],[17.2820625,50.3189946],[17.2032678,50.3863585],[16.9079013,50.4494492],[16.958966,50.4879162],[17.0516004,50.4654121],[17.0635873,50.5420948],[17.1218684,50.6075013],[17.2442273,50.6188273],[17.2347454,50.681113],[17.2590771,50.6904682],[17.2207875,50.713703],[17.3011615,50.7430308],[17.2539126,50.7720407],[17.2737642,50.7881097],[17.3519715,50.7904198],[17.3183443,50.8211464],[17.3951123,50.8755278],[17.3524252,50.9006508],[17.3693514,50.9257368],[17.4272398,50.9105733],[17.4313972,50.9670856],[17.5425343,50.9912005],[17.518703,51.0588149],[17.5821334,51.0818425],[17.544747,51.1544882],[17.6115019,51.1905195],[17.6692699,51.1608153],[17.82584,51.1945685],[17.8513287,51.1720368],[17.8121984,51.1324307],[17.8864724,51.1037825],[18.1638359,51.1721437]]]}},{"type":"Feature","properties":{"id":"pol-swietokrzyskievoivodeship","name":"\u015awi\u0119tokrzyskie Voivodeship","iso3":"POL","tier":2,"contested":false},"geometry":{"type":"Polygon","coordinates":[[[21.8636062,50.8018675],[21.7801173,50.6450651],[21.7225873,50.6453572],[21.6023144,50.5202131],[21.4471552,50.4917827],[21.4435135,50.4564195],[21.2810517,50.4083819],[21.1789027,50.3302012],[21.132043,50.3542857],[20.8358386,50.2733157],[20.7899384,50.2895836],[20.6753494,50.201443],[20.5717582,50.1862808],[20.3769957,50.2126039],[20.3975454,50.2414789],[20.3307835,50.2675272],[20.3621815,50.2845965],[20.2926232,50.3221986],[20.2954919,50.3506165],[20.3390725,50.3596285],[20.2638006,50.4300274],[20.2728693,50.4699458],[19.9875145,50.5197706],[19.9350919,50.5022983],[19.901231,50.53973],[19.7886432,50.5544802],[19.9221834,50.6394197],[19.8310998,50.6514329],[19.8716583,50.6930447],[19.7043035,50.7523931],[19.7937336,50.7822246],[19.7841678,50.8178164],[19.8321599,50.8197014],[19.74706,50.86597],[19.8376978,50.9174265],[19.8279366,50.9667532],[19.876323,51.0483109],[20.0360641,50.9725285],[20.0562384,51.0577507],[19.9817257,51.0731363],[19.9854871,51.1346443],[20.0257556,51.1645428],[19.9967405,51.186475],[20.2320041,51.2010461],[20.2643763,51.2184318],[20.2425873,51.2572966],[20.3712094,51.2366331],[20.3904219,51.2722042],[20.3639276,51.3112884],[20.4329118,51.3424524],[20.5080245,51.3306214],[20.4945167,51.2986173],[20.5436863,51.2311562],[20.6068495,51.2468225],[20.6907877,51.205445],[20.6854802,51.1512373],[20.718407,51.1727158],[20.8130229,51.1458351],[20.8215997,51.1784478],[20.8797809,51.1544239],[20.9207195,51.1953375],[20.9985364,51.1444915],[21.0566547,51.1571261],[21.0700028,51.2114642],[21.1198739,51.188782],[21.0912253,51.1550925],[21.1641359,51.128526],[21.1527423,51.0802722],[21.3555283,51.0852632],[21.3817617,51.0406254],[21.4635909,51.013137],[21.5122311,51.0594883],[21.6762455,51.0780158],[21.7590728,51.0373297],[21.8029992,51.0720797],[21.826376,51.0470327],[21.8026514,51.0252706],[21.8128795,50.9345382],[21.8636062,50.8018675]]]}},{"type":"Feature","properties":{"id":"pol-masovianvoivodeship","name":"Masovian Voivodeship","iso3":"POL","tier":2,"contested":false},"geometry":{"type":"Polygon","coordinates":[[[21.6129521,53.4808202],[21.5928371,53.4609517],[21.62411,53.4069638],[21.6839624,53.3681338],[21.6522879,53.3312572],[21.7354271,53.3127282],[21.6581086,53.3161247],[21.6582628,53.2618217],[21.6227213,53.266442],[21.6891081,53.2149946],[21.6687335,53.2073063],[21.7071245,53.165875],[21.6944275,53.1380943],[21.7361501,53.1091964],[21.8087594,53.1152193],[21.8717801,53.0589586],[21.9387744,53.0744865],[21.940658,53.0379641],[21.897741,53.0457976],[21.8757006,53.0163089],[22.0017652,52.9723279],[22.0287936,52.9384821],[21.9917398,52.9196483],[22.0039312,52.8778663],[22.1241931,52.8427007],[22.2793622,52.8861445],[22.30512,52.8394272],[22.242454,52.8327568],[22.3284207,52.7412396],[22.3786261,52.794403],[22.4537714,52.7882384],[22.4351095,52.6962185],[22.4735666,52.6462459],[22.4065342,52.6101173],[22.5266767,52.5211759],[22.5120301,52.4812627],[22.5542341,52.4631652],[22.5662705,52.4034306],[22.7060346,52.3923499],[22.7279253,52.3663376],[22.9571574,52.3682357],[23.045218,52.3248553],[23.0514177,52.2854324],[23.1123206,52.3000962],[23.1284089,52.2878414],[23.0312899,52.2164509],[23.0714776,52.1704205],[22.9770921,52.1722758],[22.9331178,52.1365037],[22.9682644,52.1154256],[22.89302,52.1020871],[22.9023325,52.0635937],[22.7836329,52.0686942],[22.6994214,52.1177648],[22.6482994,52.0908638],[22.6613606,52.036594],[22.6229011,52.0187448],[22.5054722,52.0699306],[22.3443506,51.9960043],[22.2974552,52.0374571],[22.2536399,52.0045066],[22.0298538,52.0217134],[21.880304,51.9710253],[21.8663538,51.9434467],[21.9128904,51.8865383],[21.8453244,51.8412433],[21.9273776,51.837862],[21.9563839,51.7938737],[21.8352879,51.7444511],[21.9033121,51.7041026],[21.7492224,51.6120464],[21.647225,51.6603151],[21.6155463,51.6175626],[21.6947627,51.5704731],[21.8250067,51.5615382],[21.8731761,51.4749136],[21.8397039,51.4175296],[21.7613462,51.4057769],[21.8537801,51.3517485],[21.7867631,51.2850266],[21.8601111,51.2747024],[21.8082427,51.2543328],[21.7873847,51.1990188],[21.8029992,51.0720797],[21.7793763,51.0421638],[21.612037,51.0760848],[21.6303334,51.0634176],[21.5122311,51.0594883],[21.4635909,51.013137],[21.3817617,51.0406254],[21.3555283,51.0852632],[21.1527423,51.0802722],[21.1641359,51.128526],[21.0912253,51.1550925],[21.1198739,51.188782],[21.0700028,51.2114642],[21.0566547,51.1571261],[20.9985364,51.1444915],[20.9207195,51.1953375],[20.8797809,51.1544239],[20.8215997,51.1784478],[20.8130229,51.1458351],[20.718407,51.1727158],[20.6852759,51.1512829],[20.6907877,51.205445],[20.6068495,51.2468225],[20.5436863,51.2311562],[20.4945167,51.2986173],[20.508495,51.3301466],[20.4166537,51.3621101],[20.5340195,51.4626711],[20.5199473,51.5097848],[20.4520038,51.5043752],[20.4680335,51.5595237],[20.3849987,51.6416143],[20.3971113,51.6700017],[20.4670141,51.697092],[20.6205519,51.6575988],[20.6560563,51.6865956],[20.6583856,51.7240129],[20.5826389,51.7479839],[20.5819726,51.8110709],[20.5577382,51.8189523],[20.6198285,51.8215529],[20.5708462,51.8879323],[20.4982937,51.8895355],[20.4202156,51.9478677],[20.3183823,51.9123316],[20.2436309,51.9334021],[20.2941908,51.9671242],[20.1985008,52.0257503],[20.2688147,52.1007236],[20.0910136,52.1526476],[20.0620742,52.188123],[20.0804942,52.2330386],[19.9360929,52.2997327],[19.6481816,52.2537096],[19.4549481,52.3501291],[19.3584806,52.3414856],[19.2906197,52.3726062],[19.2965663,52.4237284],[19.2592144,52.4425912],[19.3191036,52.4487058],[19.3956741,52.5128547],[19.3331195,52.5248711],[19.3195677,52.5348941],[19.3488362,52.5281433],[19.3411146,52.5670549],[19.4261045,52.6114465],[19.3727408,52.6373442],[19.4508974,52.6722212],[19.4418944,52.7233974],[19.5271102,52.7048533],[19.4984163,52.7324804],[19.522743,52.7492005],[19.4237309,52.8155332],[19.4739471,52.8648727],[19.5160915,52.8601164],[19.4448782,52.947468],[19.5825494,52.9568595],[19.5547068,52.9900872],[19.6848059,52.9630391],[19.6648755,52.9868483],[19.690281,53.0215204],[19.6521787,53.0377623],[19.6342403,53.1116819],[19.7776474,53.1549828],[19.8410694,53.1409934],[19.8254222,53.1732772],[19.8931105,53.2131575],[19.9781653,53.1439146],[20.1041424,53.1680567],[20.1405184,53.1413011],[20.3537982,53.1470743],[20.3253827,53.1602967],[20.4584506,53.2467071],[20.5547128,53.2245181],[20.6573417,53.2515138],[20.7165796,53.312097],[20.8514131,53.2925506],[20.9271094,53.3201773],[20.9095311,53.3427339],[20.9363204,53.359772],[21.0558096,53.3345945],[21.2502696,53.4197309],[21.3516253,53.4142947],[21.4450065,53.4373822],[21.4325987,53.4628345],[21.6129521,53.4808202]]]}},{"type":"Feature","properties":{"id":"pol-greaterpolandvoivodeship","name":"Greater Poland Voivodeship","iso3":"POL","tier":2,"contested":false},"geometry":{"type":"Polygon","coordinates":[[[19.0468736,52.3293564],[19.0302655,52.2710648],[19.1003177,52.2659071],[19.0709086,52.228366],[19.0897647,52.2067066],[18.924113,52.1962671],[18.91114,52.1327592],[18.9497671,52.1193422],[18.9251187,52.0792619],[18.7182431,52.0657049],[18.7149601,51.9682738],[18.767792,51.9278535],[18.6885506,51.8223804],[18.4719653,51.8510057],[18.4719181,51.8198968],[18.4093043,51.7916689],[18.4325619,51.7651782],[18.4030271,51.7506233],[18.4138786,51.7046955],[18.3628364,51.6805195],[18.3816287,51.6509677],[18.3500917,51.6268573],[18.3784438,51.5923537],[18.3583442,51.536286],[18.3829844,51.4771815],[18.3262874,51.4198821],[18.2127546,51.4543399],[18.1929131,51.3877943],[18.0745958,51.3499171],[18.1129326,51.3107784],[18.1099882,51.2602513],[18.1725803,51.2689152],[18.163694,51.1725154],[17.8852901,51.1037896],[17.8224593,51.1183355],[17.8479614,51.1837891],[17.7749087,51.1989319],[17.7439584,51.2430202],[17.7649958,51.3163879],[17.7041819,51.3667784],[17.7484834,51.4146438],[17.5405657,51.4212831],[17.51216,51.5055043],[17.5727336,51.5298804],[17.5723598,51.5667663],[17.4986518,51.6159327],[17.259147,51.6431496],[17.2154744,51.6295586],[17.2065489,51.5670384],[16.9630267,51.5445429],[16.7927564,51.5905186],[16.7834784,51.6409872],[16.643248,51.6607232],[16.6824785,51.705027],[16.6441185,51.7458991],[16.3937115,51.7864464],[16.4007002,51.8378931],[16.3516394,51.8806114],[16.0989702,51.8934855],[16.1381734,51.9254696],[16.1227466,51.9930872],[16.0100257,51.9814895],[15.9648909,52.0186244],[16.0028138,52.0579727],[15.8341412,52.108479],[15.88355,52.1548784],[15.8512792,52.2556372],[15.9007383,52.3861166],[15.804366,52.444721],[15.8532342,52.4316264],[15.8987056,52.4492901],[15.8769778,52.5110068],[15.8349942,52.5292669],[15.8586938,52.5443233],[15.836131,52.587187],[15.776287,52.6378939],[15.8141467,52.6678502],[15.7947572,52.7085669],[15.9454839,52.7302068],[15.9340384,52.8038569],[15.8936731,52.8122978],[15.9793048,52.8776314],[15.9554414,53.0402562],[16.1250683,53.0118425],[16.3168874,53.0367049],[16.3991796,53.1636597],[16.4995193,53.1632982],[16.5593652,53.2331568],[16.6383243,53.2149773],[16.6300393,53.2600092],[16.713306,53.3017082],[16.4753208,53.3877638],[16.4438447,53.4530589],[16.4599328,53.4526502],[16.4639047,53.4598116],[16.4362487,53.4605548],[16.4544722,53.4884739],[16.652079,53.4870526],[16.7298168,53.529281],[16.7583681,53.624088],[16.8922455,53.655871],[16.9527964,53.5419891],[17.0007007,53.552022],[16.9996048,53.5180306],[17.2712076,53.5372847],[17.394055,53.4903003],[17.2472903,53.3749929],[17.3381565,53.3476822],[17.4387932,53.2675148],[17.4092078,53.2272528],[17.321557,53.2162727],[17.347128,53.1962625],[17.3352514,53.1554321],[17.3928022,53.1419569],[17.3526047,53.1311187],[17.3334059,53.0191223],[17.3015565,52.9948032],[17.5186518,52.928045],[17.5098324,52.7958131],[17.4107468,52.7852505],[17.4043654,52.7567183],[17.4892723,52.7281021],[17.4672015,52.680384],[17.6276354,52.70818],[17.634517,52.6471256],[17.6815962,52.6507039],[17.6780621,52.6023977],[17.7609241,52.6569327],[17.7609972,52.6341859],[17.8768346,52.6338769],[17.9163766,52.5756212],[17.9864627,52.5776031],[17.9945001,52.5414763],[18.0953974,52.5531214],[18.0902488,52.5205171],[18.2045789,52.4831702],[18.2601806,52.4811603],[18.3524739,52.5433603],[18.3859491,52.5319721],[18.3900572,52.4705644],[18.4905171,52.5047734],[18.6501786,52.4502654],[18.7557901,52.3317835],[18.912511,52.3662306],[18.9244199,52.3998951],[19.0468736,52.3293564]]]}},{"type":"Feature","properties":{"id":"pol-lesserpolandvoivodeship","name":"Lesser Poland Voivodeship","iso3":"POL","tier":2,"contested":false},"geometry":{"type":"Polygon","coordinates":[[[21.2102016,50.3521581],[21.2226395,50.3108625],[21.1457267,50.2571205],[21.1826796,50.2400044],[21.1421116,50.2376794],[21.1709836,50.2082563],[21.1523921,50.147641],[21.1757591,50.1426466],[21.1400033,50.1276085],[21.1990053,50.0949579],[21.1450327,50.0530123],[21.1929048,50.0292592],[21.1504352,49.9764832],[21.1797066,49.9283287],[21.2847187,49.9240646],[21.2796546,49.8920526],[21.2263978,49.8858592],[21.2249575,49.8525994],[21.3489532,49.8149635],[21.2417725,49.7761044],[21.3190203,49.7394867],[21.3628033,49.6344157],[21.3268166,49.59219],[21.3802884,49.5697632],[21.3586406,49.5447462],[21.4217327,49.4922037],[21.3888416,49.4854531],[21.3984552,49.4337313],[21.2775246,49.4609398],[21.2081942,49.402482],[21.1240235,49.4365799],[21.048728,49.419392],[21.1041047,49.3764011],[21.011312,49.347564],[20.986545,49.306621],[20.924084,49.295969],[20.865549,49.347484],[20.798128,49.342767],[20.739721,49.416391],[20.614934,49.417845],[20.575525,49.376106],[20.434095,49.417977],[20.431404,49.395877],[20.322156,49.401755],[20.3141766,49.3435077],[20.220823,49.35179],[20.14605,49.317978],[20.087901,49.17951],[19.9322171,49.2364897],[19.869438,49.195797],[19.783631,49.199421],[19.7667676,49.2365983],[19.822802,49.276794],[19.792474,49.29974],[19.7905922,49.4106881],[19.717643,49.386422],[19.631728,49.408797],[19.6411189,49.4575599],[19.5814677,49.4554092],[19.5293313,49.5730189],[19.4691381,49.595596],[19.4777776,49.6608127],[19.3702167,49.6933022],[19.4449353,49.7340338],[19.4319999,49.7616472],[19.3167844,49.7778868],[19.2708556,49.8606639],[19.1664297,49.8561793],[19.1961755,49.8874192],[19.1885257,49.9521761],[19.0832014,49.9500354],[19.124342,49.9634682],[19.1130674,50.0027226],[19.1499897,50.0520336],[19.2335705,50.0657427],[19.2119508,50.0764633],[19.2504424,50.1317037],[19.3499543,50.1506172],[19.3676867,50.179104],[19.3352271,50.188509],[19.4419756,50.2265744],[19.3234428,50.2595543],[19.414298,50.2979996],[19.4153566,50.3317859],[19.483944,50.3235974],[19.4564266,50.3662145],[19.4916872,50.3659786],[19.4875566,50.3969791],[19.5357377,50.4202389],[19.658161,50.4081758],[19.7007814,50.4497214],[19.8535121,50.4351436],[19.9005597,50.4735248],[19.9730067,50.4755367],[19.9499664,50.5047826],[19.9708712,50.5204879],[20.2728693,50.4699458],[20.2638006,50.4300274],[20.3390725,50.3596285],[20.2954919,50.3506165],[20.2926232,50.3221986],[20.3444098,50.3049588],[20.3622126,50.2822783],[20.3307835,50.2675272],[20.3975454,50.2414789],[20.3745653,50.2160275],[20.4155177,50.1912371],[20.6752641,50.2014054],[20.7899384,50.2895836],[20.8358386,50.2733157],[20.895269,50.306632],[21.2102016,50.3521581]]]}},{"type":"Feature","properties":{"id":"pol-lubuszvoivodeship","name":"Lubusz Voivodeship","iso3":"POL","tier":2,"contested":false},"geometry":{"type":"Polygon","coordinates":[[[16.4164029,51.7836883],[16.2696529,51.6634149],[16.2175391,51.7146443],[16.1600306,51.7117118],[16.1778296,51.7639684],[15.9792446,51.802309],[16.0085706,51.7757124],[15.9687397,51.7683834],[15.9800854,51.7453158],[15.8695265,51.7196623],[15.8342589,51.6721893],[15.8571889,51.6504205],[15.8236206,51.5727437],[15.7037765,51.5570557],[15.7140322,51.5173973],[15.5997604,51.4456744],[15.4876635,51.5275635],[15.3965393,51.5310458],[15.3820688,51.4721395],[15.3394114,51.47409],[15.3336595,51.4098955],[15.18717,51.4640335],[14.974183,51.36395],[14.9490402,51.4712855],[14.728937,51.5315902],[14.7113723,51.5630445],[14.7649338,51.6073984],[14.7575189,51.6611674],[14.5903897,51.8204437],[14.6941836,51.9018952],[14.7591818,52.06569],[14.6818121,52.1156403],[14.7155504,52.2361278],[14.576952,52.2875915],[14.5346465,52.3940605],[14.6352684,52.4947612],[14.6038381,52.5310308],[14.6390136,52.5733174],[14.5646817,52.6268703],[14.6290257,52.6604905],[14.7492236,52.6443518],[14.7915993,52.6971131],[14.7913307,52.7570273],[14.8654188,52.7919734],[14.8655948,52.84733],[14.9191542,52.8438716],[14.8903984,52.8607263],[14.9094657,52.8872447],[15.071757,52.8305847],[15.3288242,52.8959737],[15.2878423,52.95802],[15.3629986,52.9440407],[15.5468526,53.0143623],[15.633436,52.9763762],[15.7606754,52.9950792],[15.811489,53.0843605],[15.8601451,53.0937945],[15.8482271,53.1152592],[15.9827065,53.1154121],[15.9947512,53.0738934],[15.9516702,53.0346498],[15.9460193,52.9732754],[15.9797582,52.9337057],[15.9740905,52.8590336],[15.8936731,52.8122978],[15.9340384,52.8038569],[15.946747,52.7330498],[15.7947572,52.7085669],[15.8141467,52.6678502],[15.776287,52.6378939],[15.836131,52.587187],[15.8586938,52.5443233],[15.8349942,52.5292669],[15.8769778,52.5110068],[15.8987056,52.4492901],[15.804366,52.444721],[15.9007383,52.3861166],[15.8512792,52.2556372],[15.88355,52.1548784],[15.8341412,52.108479],[16.0028138,52.0579727],[15.9648909,52.0186244],[16.0100257,51.9814895],[16.1227466,51.9930872],[16.1381734,51.9254696],[16.0989702,51.8934855],[16.3516394,51.8806114],[16.4164029,51.7836883]]]}},{"type":"Feature","properties":{"id":"pol-kuyavianpomeranianvoivodeship","name":"Kuyavian-Pomeranian Voivodeship","iso3":"POL","tier":2,"contested":false},"geometry":{"type":"Polygon","coordinates":[[[19.2890132,52.3927338],[19.2100101,52.3656092],[19.218357,52.3411909],[19.1992777,52.3603054],[19.0640166,52.3306357],[18.9244199,52.3998951],[18.912511,52.3662306],[18.7557901,52.3317835],[18.7150114,52.3988217],[18.6794968,52.4006776],[18.6848207,52.4280484],[18.5255723,52.499454],[18.3900572,52.4705644],[18.3859491,52.5319721],[18.3524739,52.5433603],[18.2601806,52.4811603],[18.2045789,52.4831702],[18.0902488,52.5205171],[18.0953974,52.5531214],[17.9945001,52.5414763],[17.9864627,52.5776031],[17.9163766,52.5756212],[17.8768346,52.6338769],[17.7609972,52.6341859],[17.7609241,52.6569327],[17.6780621,52.6023977],[17.6815962,52.6507039],[17.634517,52.6471256],[17.6276354,52.70818],[17.4672015,52.680384],[17.4892723,52.7281021],[17.4043654,52.7567183],[17.4107468,52.7852505],[17.5098324,52.7958131],[17.5186518,52.928045],[17.3015565,52.9948032],[17.3334059,53.0191223],[17.3526047,53.1311187],[17.3928022,53.1419569],[17.3352514,53.1554321],[17.347128,53.1962625],[17.321557,53.2162727],[17.4092078,53.2272528],[17.4387932,53.2675148],[17.2477403,53.379894],[17.3824878,53.4685956],[17.4462829,53.601243],[17.5145946,53.6177513],[17.544077,53.5802699],[17.604345,53.5968827],[17.671974,53.5702019],[17.6686389,53.6018456],[17.7304476,53.5929049],[17.7119263,53.6362211],[17.7631514,53.6948642],[17.8072377,53.6790267],[17.8985443,53.7105714],[17.8635637,53.7581853],[18.0319345,53.7249467],[18.0720363,53.781075],[18.2676351,53.7423304],[18.2637615,53.7009832],[18.5158298,53.7040334],[18.5534285,53.65511],[18.782368,53.7039851],[18.7405063,53.6464686],[18.7615772,53.6048822],[19.1997008,53.5700594],[19.2199851,53.5283625],[19.1891991,53.5115588],[19.2591984,53.3964829],[19.3692067,53.4128363],[19.4473617,53.375643],[19.4287345,53.3592292],[19.5198831,53.3702599],[19.5197281,53.3304532],[19.6901103,53.3362915],[19.6850528,53.304134],[19.7305661,53.2709455],[19.6827996,53.2584516],[19.6895399,53.2338967],[19.7436577,53.2282023],[19.7615952,53.1517965],[19.6342403,53.1116819],[19.6521787,53.0377623],[19.690281,53.0215204],[19.6648755,52.9868483],[19.6848059,52.9630391],[19.5547068,52.9900872],[19.5825494,52.9568595],[19.4448782,52.947468],[19.5160915,52.8601164],[19.4739471,52.8648727],[19.4237309,52.8155332],[19.522743,52.7492005],[19.4984163,52.7324804],[19.5271102,52.7048533],[19.4418944,52.7233974],[19.4508974,52.6722212],[19.3727408,52.6373442],[19.4261045,52.6114465],[19.3411146,52.5670549],[19.3488362,52.5281433],[19.3195677,52.5348941],[19.3956741,52.5128547],[19.3191036,52.4487058],[19.2592144,52.4425912],[19.2963235,52.4242607],[19.2890132,52.3927338]]]}},{"type":"Feature","properties":{"id":"pol-pomeranianvoivodeship","name":"Pomeranian Voivodeship","iso3":"POL","tier":2,"contested":false},"geometry":{"type":"Polygon","coordinates":[[[17.3905634,53.4910124],[17.2712076,53.5372847],[16.9996048,53.5180306],[17.0007007,53.552022],[16.9527964,53.5419891],[16.8966601,53.6211399],[16.8576525,53.7470889],[16.948292,53.8051698],[16.9095053,53.8018683],[16.8607795,53.8522181],[16.9763221,53.8796484],[16.9820776,53.9048969],[16.8585561,53.9470698],[16.8799987,53.963588],[16.8421909,53.9978311],[16.7878059,53.9801359],[16.8045745,54.1159964],[16.7119035,54.2140471],[16.865104,54.2609923],[16.8080547,54.3681505],[16.858522,54.3825773],[16.8120878,54.4839889],[16.7611766,54.4857719],[16.6997356,54.5700335],[16.90554,54.59561],[17.050434,54.6694187],[17.3489632,54.7486284],[17.9572786,54.8300811],[18.326485474080208,54.834775523559784],[18.6977917,54.6956757],[18.8234851,54.6251149],[18.8113805,54.5928094],[18.7021096,54.6876333],[18.4266634,54.7879845],[18.3966751,54.7470693],[18.4723253,54.6947684],[18.4689567,54.6338592],[18.5159572,54.6415536],[18.560341717983,54.541838209477525],[18.5025265,54.5451032],[18.559664,54.5294931],[18.5680425,54.4504912],[18.7272157,54.3763022],[18.9072467,54.3465031],[19.2344004,54.3553071],[19.648615891827397,54.4532277146658],[19.4109298,54.3662712],[19.2249462,54.3359729],[19.3265181,54.2051971],[19.2470023,54.1671583],[19.2171534,54.1155713],[19.2553548,54.0857355],[19.2207306,54.069509],[19.2748818,54.0529898],[19.2789019,54.0129506],[19.4107388,53.9993944],[19.3778351,53.9847614],[19.3743251,53.9353602],[19.5824152,53.9340344],[19.479621,53.8168421],[19.5003746,53.8066453],[19.4815231,53.7755891],[19.3229781,53.8139446],[19.3041682,53.7540472],[19.2129456,53.6914251],[19.2122802,53.6433662],[19.1292765,53.5882606],[18.905223,53.5775713],[18.7615772,53.6048822],[18.7405063,53.6464686],[18.782368,53.7039851],[18.5534285,53.65511],[18.5158298,53.7040334],[18.2637615,53.7009832],[18.2676351,53.7423304],[18.0720363,53.781075],[18.0319345,53.7249467],[17.8635637,53.7581853],[17.8985443,53.7105714],[17.8072377,53.6790267],[17.7631514,53.6948642],[17.7119263,53.6362211],[17.7304476,53.5929049],[17.6686389,53.6018456],[17.671974,53.5702019],[17.604345,53.5968827],[17.544077,53.5802699],[17.5145946,53.6177513],[17.4462829,53.601243],[17.3905634,53.4910124]]]}},{"type":"Feature","properties":{"id":"pol-westpomeranianvoivodeship","name":"West Pomeranian Voivodeship","iso3":"POL","tier":2,"contested":false},"geometry":{"type":"Polygon","coordinates":[[[16.8824504,53.6539602],[16.7583681,53.624088],[16.7298168,53.529281],[16.6489541,53.4857616],[16.4544722,53.4884739],[16.4362487,53.4605548],[16.4639047,53.4598116],[16.4438447,53.4530589],[16.4753208,53.3877638],[16.714467,53.2991325],[16.6300393,53.2600092],[16.6207379,53.2062722],[16.5593652,53.2331568],[16.4995193,53.1632982],[16.3991796,53.1636597],[16.3168874,53.0367049],[16.0771305,53.0154898],[15.962477,53.0413409],[15.9947512,53.0738934],[15.9827065,53.1154121],[15.8753091,53.1210912],[15.811489,53.0843605],[15.7606754,52.9950792],[15.633436,52.9763762],[15.5468526,53.0143623],[15.3629986,52.9440407],[15.2878423,52.95802],[15.3327147,52.9000548],[15.2875307,52.8796246],[15.071757,52.8305847],[14.9125005,52.8882151],[14.8903984,52.8607263],[14.918783,52.8433622],[14.8655948,52.84733],[14.8654188,52.7919734],[14.7913307,52.7570273],[14.7915993,52.6971131],[14.7218491,52.6309619],[14.6294334,52.6604938],[14.5621469,52.6243323],[14.512737,52.6406471],[14.3504311,52.751291],[14.1230052,52.8377648],[14.1608139,52.8867713],[14.1439364,52.961109],[14.3499848,53.0573918],[14.3864198,53.1406746],[14.3762473,53.1991306],[14.449841,53.2607222],[14.3057479,53.543567],[14.3169455,53.6180635],[14.2673271,53.6981978],[14.3086299,53.704068],[14.2850776,53.7420491],[14.5231758,53.6593107],[14.5699139,53.5990627],[14.5971654,53.5929398],[14.6232278,53.6446522],[14.53855,53.70308],[14.55549,53.75541],[14.61481,53.76714],[14.6243434,53.8466634],[14.5866,53.80047],[14.56877,53.85139],[14.4169327,53.8660251],[14.3105069,53.8096734],[14.2124028,53.8672482],[14.1853191,53.9140999],[14.2266821,53.9289857],[14.3879761,53.9151703],[15.2845348,54.148459],[16.0982093,54.2733326],[16.2915764,54.3681222],[16.4778252,54.5154876],[16.6997356,54.5700335],[16.7611766,54.4857719],[16.8120878,54.4839889],[16.858522,54.3825773],[16.8080547,54.3681505],[16.865104,54.2609923],[16.7119035,54.2140471],[16.8045745,54.1159964],[16.7878059,53.9801359],[16.8421909,53.9978311],[16.8799987,53.963588],[16.8585561,53.9470698],[16.9820776,53.9048969],[16.9763221,53.8796484],[16.8607795,53.8522181],[16.9095053,53.8018683],[16.948292,53.8051698],[16.8576525,53.7470889],[16.8824504,53.6539602]]]}},{"type":"Feature","properties":{"id":"pol-lublinvoivodeship","name":"Lublin Voivodeship","iso3":"POL","tier":2,"contested":false},"geometry":{"type":"Polygon","coordinates":[[[23.5477561,50.2518904],[23.5087972,50.2613043],[23.5199464,50.2954639],[23.4032639,50.3012991],[23.435795,50.346991],[23.3581464,50.4105416],[23.250233,50.3588831],[23.1787117,50.3954049],[23.0189596,50.2871462],[22.6164088,50.3074218],[22.6103457,50.3299958],[22.6879673,50.3569178],[22.5070059,50.3436204],[22.4029451,50.3952465],[22.4594909,50.4341868],[22.4444625,50.4621252],[22.5303378,50.4470635],[22.5861223,50.4773314],[22.5254541,50.4751412],[22.5056396,50.4837157],[22.5769879,50.5042993],[22.5288244,50.512672],[22.5197346,50.5832345],[22.4201187,50.5806295],[22.1417937,50.6696898],[22.2055815,50.7540106],[22.1523122,50.7717882],[22.1629731,50.7972987],[22.0519558,50.8205481],[21.9493443,50.7713966],[21.8757098,50.779896],[21.8128795,50.9345382],[21.8026514,51.0252706],[21.826376,51.0470327],[21.7833074,51.1790485],[21.8082427,51.2543328],[21.8601111,51.2747024],[21.7830449,51.2937436],[21.8537801,51.3517485],[21.7609553,51.4012535],[21.8397039,51.4175296],[21.8731761,51.4749136],[21.8250067,51.5615382],[21.6947627,51.5704731],[21.6155463,51.6175626],[21.647225,51.6603151],[21.7492224,51.6120464],[21.9033121,51.7041026],[21.8352879,51.7444511],[21.9563839,51.7938737],[21.9273776,51.837862],[21.8453244,51.8412433],[21.9128904,51.8865383],[21.8663538,51.9434467],[21.880304,51.9710253],[22.0298538,52.0217134],[22.2536399,52.0045066],[22.2974552,52.0374571],[22.3443506,51.9960043],[22.5054722,52.0699306],[22.6229011,52.0187448],[22.6613606,52.036594],[22.6482994,52.0908638],[22.6994214,52.1177648],[22.7836329,52.0686942],[22.9023325,52.0635937],[22.89302,52.1020871],[22.9682644,52.1154256],[22.9331178,52.1365037],[22.9770921,52.1722758],[23.0714776,52.1704205],[23.0312899,52.2164509],[23.1277201,52.2878301],[23.2036207,52.2769523],[23.2036658,52.2265544],[23.5024956,52.1784387],[23.4893412,52.1507423],[23.6529424,52.0737576],[23.689023,51.9919101],[23.6275711,51.9511462],[23.64564,51.9337591],[23.612044,51.9173811],[23.63797,51.892995],[23.600148,51.84048],[23.6413837,51.8003523],[23.5270169,51.7297553],[23.5612448,51.699587],[23.5374408,51.6446449],[23.5651332,51.5344089],[23.6698193,51.4830266],[23.6494419,51.4462588],[23.7029331,51.4195452],[23.6357728,51.3285152],[23.6459585,51.2918187],[23.6950112,51.2916376],[23.7391885,51.2119678],[23.8692694,51.1503124],[23.8568592,51.0999511],[23.9110918,51.0745997],[23.9356556,51.0147039],[23.9150801,51.0070511],[23.9703809,50.9502985],[24.145783,50.8686116],[24.1001561,50.8359482],[23.989623,50.8374434],[23.9574523,50.7945291],[24.0237094,50.7664726],[24.0166896,50.7229644],[24.0721998,50.7203423],[24.0622882,50.6778592],[24.0981892,50.6374365],[24.0345288,50.444832],[23.997543,50.4121407],[23.7270286,50.3880008],[23.6863263,50.3316353],[23.5477561,50.2518904]]]}},{"type":"Feature","properties":{"id":"pol-warmianmasurianvoivodeship","name":"Warmian-Masurian Voivodeship","iso3":"POL","tier":2,"contested":false},"geometry":{"type":"Polygon","coordinates":[[[22.792012,54.3632268],[22.7791376,54.2935671],[22.5760261,54.2671515],[22.4765552,54.2013057],[22.5471289,54.1377288],[22.5914095,54.1506508],[22.6367753,54.1065871],[22.5998581,54.0527916],[22.6703362,54.0293068],[22.6965309,53.9735146],[22.78163,53.9197402],[22.7790181,53.8656001],[22.7267123,53.8331741],[22.7035022,53.7673548],[22.6290425,53.7574142],[22.6068375,53.7170196],[22.584674,53.7343158],[22.4675853,53.6989595],[22.4755256,53.663159],[22.4230416,53.6815356],[22.03012,53.4968563],[21.9899321,53.5221066],[21.923533,53.5085258],[21.8808412,53.4612794],[21.6867348,53.4927567],[21.4325987,53.4628345],[21.4374778,53.4330342],[21.2710673,53.4251378],[21.0558096,53.3345945],[20.9363204,53.359772],[20.9095311,53.3427339],[20.9271094,53.3201773],[20.8514131,53.2925506],[20.7425322,53.3179575],[20.5942833,53.2340095],[20.4584506,53.2467071],[20.3253827,53.1602967],[20.3537982,53.1470743],[20.1405184,53.1413011],[20.1041424,53.1680567],[19.9781653,53.1439146],[19.8931105,53.2131575],[19.8254222,53.1732772],[19.8408434,53.1409621],[19.7616055,53.1517825],[19.7436577,53.2282023],[19.6895399,53.2338967],[19.6827996,53.2584516],[19.7305661,53.2709455],[19.6850528,53.304134],[19.6901103,53.3362915],[19.5197281,53.3304532],[19.5198831,53.3702599],[19.4287345,53.3592292],[19.4473617,53.375643],[19.3692067,53.4128363],[19.2591984,53.3964829],[19.1891991,53.5115588],[19.2199851,53.5283625],[19.1997008,53.5700594],[19.1292765,53.5882606],[19.2122802,53.6433662],[19.2129456,53.6914251],[19.3041682,53.7540472],[19.3217737,53.8130739],[19.4808718,53.7751068],[19.5003746,53.8066453],[19.479621,53.8168421],[19.581343,53.927063],[19.5759814,53.9483463],[19.3743251,53.9353602],[19.3778351,53.9847614],[19.4107388,53.9993944],[19.2789019,54.0129506],[19.2748818,54.0529898],[19.2207306,54.069509],[19.2553548,54.0857355],[19.2171534,54.1155713],[19.2470023,54.1671583],[19.3262703,54.2020801],[19.2534326,54.2702766],[19.2582212,54.2814379],[19.4053112,54.2830629],[19.3610989,54.22139],[19.3743254,54.2198268],[19.42862,54.28392],[19.6775461,54.3589938],[19.752899,54.4327413],[21.4461125,54.3182154],[22.792012,54.3632268]]]}},{"type":"Feature","properties":{"id":"pol-silesianvoivodeship","name":"Silesian Voivodeship","iso3":"POL","tier":2,"contested":false},"geometry":{"type":"Polygon","coordinates":[[[18.6740278,51.0569758],[18.8933129,51.0602118],[18.9230197,51.0994297],[19.2042543,50.9824184],[19.2570099,51.0029619],[19.2431423,51.0368447],[19.3226874,51.0461906],[19.3265607,51.012266],[19.4322906,50.9648991],[19.4711159,50.8858845],[19.5744475,50.908121],[19.682928,50.8452178],[19.8052461,50.8470715],[19.8233724,50.8056131],[19.7841678,50.8178164],[19.7955185,50.7838396],[19.7057957,50.7618188],[19.7129538,50.7291559],[19.8107676,50.7254125],[19.8716583,50.6930447],[19.8310998,50.6514329],[19.9221834,50.6394197],[19.7886432,50.5544802],[19.9021798,50.5393392],[19.9740656,50.4769743],[19.9005597,50.4735248],[19.8473052,50.4343296],[19.7007814,50.4497214],[19.658161,50.4081758],[19.5186147,50.4167501],[19.4916872,50.3659786],[19.4564266,50.3662145],[19.483944,50.3235974],[19.4153566,50.3317859],[19.414298,50.2979996],[19.3234428,50.2595543],[19.4419756,50.2265744],[19.3352271,50.188509],[19.3676867,50.179104],[19.3499543,50.1506172],[19.2504424,50.1317037],[19.2119508,50.0764633],[19.2291478,50.0714158],[19.2335705,50.0657427],[19.1365863,50.0358663],[19.124342,49.9634682],[19.0832014,49.9500354],[19.1885257,49.9521761],[19.1961755,49.8874192],[19.1664297,49.8561793],[19.2708556,49.8606639],[19.3167844,49.7778868],[19.4201846,49.7721691],[19.4449353,49.7340338],[19.3702167,49.6933022],[19.4594353,49.6764334],[19.4807649,49.6243829],[19.3622997,49.5360882],[19.2606883,49.5312291],[19.187584,49.409706],[18.972275,49.401027],[18.971646,49.504336],[18.8372284,49.5236291],[18.8591815,49.5505841],[18.8083261,49.6754255],[18.6252246,49.7223799],[18.5688359,49.8293942],[18.6057282,49.8615992],[18.5695552,49.8734519],[18.5728113,49.9216386],[18.5237418,49.8994681],[18.3329582,49.949387],[18.3500065,49.9295874],[18.3179638,49.9156826],[18.206576,49.9979264],[18.1158785,49.9947127],[18.0350358,50.065767],[18.0726242,50.1094264],[18.0597806,50.1746524],[18.2490326,50.1925715],[18.2374014,50.2146684],[18.3533246,50.2582353],[18.4258663,50.2489656],[18.3936904,50.2759182],[18.4067194,50.3227971],[18.3577446,50.3565689],[18.3963101,50.3889604],[18.3648765,50.4191214],[18.3796091,50.4817426],[18.4812912,50.4582755],[18.4370475,50.5459248],[18.6074733,50.5500111],[18.6017269,50.6044531],[18.5174677,50.6254593],[18.522834,50.6594085],[18.4782635,50.7030993],[18.5817186,50.7524524],[18.5043979,50.8004633],[18.6179564,50.8548692],[18.6549504,50.9165789],[18.6123848,50.955138],[18.6954867,51.0157757],[18.6740278,51.0569758]]]}},{"type":"Feature","properties":{"id":"rou-centru","name":"Centru","iso3":"ROU","tier":3,"contested":false},"geometry":{"type":"Polygon","coordinates":[[[25.319811765080495,45.3822062164189],[25.30092535508037,45.4231462118322],[25.255368278045893,45.42249363247008],[25.275897861940216,45.44271403073283],[25.236783343209385,45.517756937771075],[25.103213934394336,45.58519401619328],[24.81062639112713,45.610732185917776],[24.33431053163082,45.581898652885684],[24.11882997315179,45.50875558694748],[23.80422330191236,45.53195680384945],[23.612981841422577,45.45614481330186],[23.499516500548115,45.579748027887824],[23.37021903325548,45.62730269941982],[23.419403013168886,45.675840700956456],[23.36597531751936,45.70718895541669],[23.38096507450915,45.75932848830819],[23.303198434423855,45.89387533870674],[23.337692880501066,45.91805523728853],[23.26508956166988,45.93361758933158],[23.242460559277816,46.038332520330876],[23.101751731495387,46.04612353194418],[23.054996497883415,46.14015545503331],[23.098641969013443,46.13957539936377],[23.095745895833872,46.18216182028428],[22.981818656620568,46.217838631062406],[22.933200255171858,46.326617470951014],[22.811771620569036,46.32556938794046],[22.699619858289594,46.365592662114764],[22.674678918665787,46.408655203353575],[22.71950786116378,46.43104258549365],[22.688168766142105,46.44177239676147],[22.676910498354868,46.52324725128961],[22.807957255547727,46.568915735825634],[22.879510890334046,46.53636258109968],[22.99155758200307,46.55388242333231],[23.011168548534787,46.503736327587184],[23.055551244235758,46.49245624549554],[23.04732960073237,46.46808566221471],[23.086246019340393,46.46657730592915],[23.15083370421397,46.505983298879826],[23.236873496238015,46.49090872795054],[23.388219616815825,46.5406171838606],[23.52307099280826,46.48594862357444],[23.611895957335257,46.48452546707669],[23.591919143862064,46.436151828015575],[23.644307454385753,46.399053947708836],[23.681122261485022,46.40850847465059],[23.650910577247366,46.4275018085983],[23.69209465472765,46.45582534340587],[23.829813288581704,46.46899431134775],[23.980537343676716,46.42909958951857],[24.00474276208371,46.44218060254572],[23.959093287993344,46.515460625777884],[24.04531019031546,46.54496942418492],[24.069092336515958,46.60603411654597],[24.020197164937702,46.627851618883625],[24.124361161345885,46.7000906307471],[24.074460671346067,46.74537438355008],[24.122681749395806,46.74439371395702],[24.117528028039466,46.77375567926196],[24.179497661941696,46.804756947414106],[24.301011531386663,46.75323876032283],[24.452108034885814,46.765656530187954],[24.458248444857723,46.820099272545356],[24.526996111393608,46.85430642751734],[24.521266506657405,46.898638106095596],[24.584568927383486,46.91507138018904],[24.59467126061449,46.945547216783986],[24.624687892257587,46.95436893132386],[24.658514811456396,46.90953418819334],[24.754540664615703,46.90986993203542],[24.721807315785412,46.932390082133786],[24.742548575859896,46.98531977944447],[24.869941720324718,47.1049955877888],[25.063380400815586,47.1365466941776],[25.25130297906023,47.097760512894254],[25.295929454070656,47.11524038311412],[25.305407746628777,47.16507353922217],[25.42553475017711,47.18402366542075],[25.538538771526067,47.08282675132906],[25.73431482258096,47.07386028656839],[25.862062665458346,46.92352702541269],[25.80331255513808,46.927758431692716],[25.764186248841956,46.884711733523126],[25.76257893803709,46.84189658114682],[25.805189686844997,46.84056560356759],[25.779754058708658,46.82514585167202],[25.807214251558243,46.80499366226799],[25.795070312522494,46.718533966884785],[25.86726250356862,46.649616724820106],[25.908320401005376,46.65410510446904],[25.890793061877105,46.69885693677016],[25.974899840744772,46.697878266597144],[26.02007041765745,46.634486090845286],[25.99842039961178,46.60171693306195],[26.082927258391614,46.512531020868465],[26.074469349067154,46.484651508067905],[26.006965212112874,46.48245615824335],[25.99522359428222,46.40675785425894],[26.164900260775898,46.3848799713879],[26.1566823441645,46.31477582100389],[26.291640108139525,46.33567349281451],[26.259083602736336,46.249958479709015],[26.326686761496635,46.22998923600058],[26.34323610499702,46.13713162877245],[26.386565375256865,46.1449789724273],[26.37087375976637,46.10955190194946],[26.430610936228216,46.078059837384515],[26.437805034983075,45.989623913398546],[26.37564495137946,45.90731367202019],[26.384571162455188,45.7364589261083],[26.33250698022866,45.68601054221742],[26.31077224372593,45.602790046486675],[26.27958734756369,45.5860012244095],[26.213603867997858,45.62186473851101],[26.04679088735444,45.47820020536785],[25.922189929856998,45.52220109567614],[25.860189457158484,45.421234526654956],[25.786280212604034,45.48426812917815],[25.726444953853356,45.46536579909356],[25.62986960581653,45.49608531346239],[25.59964652261156,45.462499748942655],[25.460727717922577,45.454001522150655],[25.412739360848708,45.42951041444717],[25.403184732972086,45.386527990287206],[25.319811765080495,45.3822062164189]]]}},{"type":"Feature","properties":{"id":"rou-vest","name":"Vest","iso3":"ROU","tier":3,"contested":false},"geometry":{"type":"Polygon","coordinates":[[[22.686155783533522,45.25799043925549],[22.560369266459755,45.16221396482986],[22.656559056740114,45.10621233048512],[22.491773571481648,44.974014055321305],[22.516095717508904,44.955250543861304],[22.41881718369068,44.756412644685014],[22.363161760475244,44.74511265633289],[22.20677720707211,44.817530884524146],[22.20415847340014,44.76140532821213],[22.155633658054985,44.73577317903395],[22.138518305536678,44.659977101690714],[22.17725780874779,44.62514501137625],[22.147460811134223,44.58532976843085],[22.079482983353987,44.62169523017972],[22.016148597551485,44.59920520277182],[21.91652431805712,44.64765393734223],[21.63302130461513,44.66111181145835],[21.586341312403412,44.75917780722409],[21.3991436271864,44.77793026665333],[21.35307194992693,44.84024006316344],[21.371541848991196,44.86669895517464],[21.560101085020907,44.889059796930766],[21.54668943973307,44.93057610627058],[21.438250256870628,44.960460216022774],[21.360245053169027,45.02037719060653],[21.45612378440645,45.040431320070496],[21.47842014659417,45.12124750167356],[21.527480476512547,45.13788023473824],[21.51643255597356,45.16885817033463],[21.403568715965942,45.22925941781438],[21.21898141586887,45.25061789789258],[21.17623219570535,45.32523647232349],[21.096499374123578,45.295961303858356],[21.063505140886413,45.331970673063175],[21.016641347531174,45.324639722396604],[20.9202288583228,45.417233679686966],[20.864704241865386,45.43170573517633],[20.866183649572616,45.465199732646944],[20.77111507089877,45.479954047859515],[20.832490606375753,45.535841995332824],[20.76565296216533,45.612604528084965],[20.80503834580797,45.65723449875593],[20.823082741112223,45.77505469979249],[20.700667164375957,45.7504956604605],[20.56934617425645,45.91015310783311],[20.515796299814877,45.892070345358796],[20.48293671215514,45.95340406787971],[20.34829677864143,45.99964991499016],[20.345857496032508,46.04742450926813],[20.262185578368477,46.12230497237428],[20.35563627748169,46.16959663627134],[20.459091315994883,46.142834614886056],[20.501515162708795,46.189927975948336],[20.639950846466945,46.126903676424504],[20.713953219849675,46.16592477569212],[20.727365376213776,46.20740504390061],[20.76185368552707,46.20443603982778],[20.74883960845071,46.25061459728173],[20.775589329022228,46.275901404323164],[20.946675196268387,46.27915521033977],[21.066008067410863,46.24274818774308],[21.115535258240257,46.30162325003506],[21.1805468514407,46.30410131586651],[21.20629337187914,46.40322214151276],[21.29628003896839,46.40668428634918],[21.31738453007547,46.450930065703396],[21.260637938960052,46.50198319545585],[21.32091127842196,46.58277898925267],[21.314322069882415,46.61766032077341],[21.410067634229936,46.62180128265483],[21.45612637135226,46.667335356146815],[21.548363942019975,46.60066543907641],[21.57232144077382,46.649773345589786],[21.86932478149205,46.6808169838745],[21.910936837964112,46.66301185741784],[21.880959210230483,46.631052816967895],[21.957952607526863,46.617251962124556],[22.02095135582469,46.65431306213833],[22.086280278675893,46.634969738993604],[22.171845689272736,46.60153115186811],[22.19800074054749,46.51391066293646],[22.32517059130863,46.51450693137677],[22.344453527801438,46.44771057497709],[22.424261507550018,46.39322220785099],[22.67657553656041,46.40582561118518],[22.699790084629658,46.36547052011316],[22.811771620569036,46.32556938794046],[22.933200255171858,46.326617470951014],[22.981818656620568,46.217838631062406],[23.095745895833872,46.18216182028428],[23.098641969013443,46.13957539936377],[23.054996497883415,46.14015545503331],[23.101751731495387,46.04612353194418],[23.23915847994745,46.04085022661375],[23.26508956166988,45.93361758933158],[23.337692880501066,45.91805523728853],[23.303198434423855,45.89387533870674],[23.38096507450915,45.75932848830819],[23.36189308338909,45.716091443477026],[23.419438459323292,45.67558135559119],[23.37021903325548,45.62730269941982],[23.41264331267181,45.63285882098096],[23.43012192239929,45.587298537175926],[23.499516500548115,45.579748027887824],[23.595689862521905,45.49163093352417],[23.59064016208427,45.353072612221176],[23.4884345015155,45.31465992102654],[23.35010842279608,45.3375374698536],[23.20708511320207,45.27699849373304],[23.093318845409534,45.29124263774593],[22.97502272395555,45.253820259213505],[22.829344804217413,45.28487922534678],[22.686155783533522,45.25799043925549]]]}},{"type":"Feature","properties":{"id":"rou-sudmuntenia","name":"Sud-Muntenia","iso3":"ROU","tier":3,"contested":false},"geometry":{"type":"Polygon","coordinates":[[[28.108656340517964,44.44187483213516],[27.935985550684606,44.250556606443595],[27.56378389454581,44.189591678588215],[27.45193019006367,44.124484913746095],[26.906678677336917,44.133331849072064],[26.762786069045582,44.07784636594108],[26.375665180364646,44.042872952087315],[26.134570799041185,43.98122119403159],[25.78019462384966,43.71040828402164],[25.560598338535186,43.64426634694003],[25.383285328059635,43.61950347162317],[25.248494558491753,43.68378510963931],[25.05831221883806,43.691066744840576],[24.959345635775247,43.72981304467498],[24.712876665228865,43.69060943162549],[24.650590255586362,43.746706159042176],[24.758076938149657,43.81748438636837],[24.689091141923182,43.82109417058895],[24.723599998795393,43.83586018129743],[24.623772505286787,43.92468234680363],[24.63221921900461,43.961480365757254],[24.591210789659183,43.96161104476715],[24.613168320942005,44.014115823224934],[24.859498762082765,44.093783531938584],[24.79326924007691,44.19119308296129],[24.837162435708176,44.22627916781315],[24.82131747565974,44.29032407517868],[24.847418370005695,44.31899293450918],[24.817030691705895,44.36105301898988],[24.88653483086414,44.38003638078453],[24.744520810570638,44.39548295357307],[24.759144559196148,44.464507446783806],[24.733997701119645,44.465206425581776],[24.742475412264852,44.53823387181578],[24.68559973579932,44.70004612171265],[24.724997207970816,44.721273098069204],[24.589936196742652,44.74984102619375],[24.54072225866586,44.89103977365088],[24.480183206778346,44.82174108448712],[24.421500405832614,44.827069725120154],[24.472319454149233,44.87434819218109],[24.463633779944054,44.913368772275895],[24.49974307914842,44.94542703587059],[24.468677051906024,44.948264786255066],[24.509030499080676,44.99778153087291],[24.48270784165162,45.01394853659301],[24.5203022991553,45.04902372991669],[24.48134648520672,45.06093958061051],[24.521939805468417,45.179904886855354],[24.46678370881657,45.23168473811814],[24.505559378106458,45.38273616075895],[24.480953379287556,45.45552869769762],[24.524603548597803,45.47466528869713],[24.511891210479856,45.517518450242605],[24.54051839394457,45.535696760299714],[24.511430737919316,45.58589743327373],[24.772123449601835,45.61119323972603],[25.103213934394336,45.58519401619328],[25.236783343209385,45.517756937771075],[25.275897861940216,45.44271403073283],[25.255368278045893,45.42249363247008],[25.30092535508037,45.4231462118322],[25.32147893702347,45.381299322115154],[25.403184732972086,45.386527990287206],[25.412739360848708,45.42951041444717],[25.460727717922577,45.454001522150655],[25.59964652261156,45.462499748942655],[25.62986960581653,45.49608531346239],[25.726444953853356,45.46536579909356],[25.786280212604034,45.48426812917815],[25.860189457158484,45.421234526654956],[25.921918848542237,45.52211248070705],[26.043096430605004,45.47722337267876],[26.072181676062563,45.506355915270575],[26.149257075465524,45.45698395574768],[26.160161856802496,45.3629903083686],[26.233637260644056,45.314675496041865],[26.185242699445148,45.27867100243254],[26.223426201956116,45.27376613895884],[26.249590835943177,45.19924150900672],[26.356798282154834,45.214239116631504],[26.375650496927033,45.158293642379675],[26.460374314503916,45.19810039799487],[26.443085024718304,45.07594927449173],[26.49203292575742,45.005342845036395],[26.529535203426793,45.014909758825574],[26.599931156262887,44.95573450588417],[26.532684615552945,44.9396191790745],[26.536115493993027,44.91020245786398],[26.608385928492105,44.87211552966288],[26.630935586713736,44.81362361786444],[26.81035977646205,44.79515619528637],[26.878389889202985,44.82033974592039],[26.97326797360707,44.78834210919133],[27.007893277787637,44.82441644569904],[27.11095901458211,44.78201434579312],[27.09787629715014,44.744786573226826],[27.183819528160658,44.73426554529574],[27.193671516445793,44.752279880668304],[27.145825210217183,44.76133883580277],[27.155835582376042,44.788805528581946],[27.257427733071662,44.74966164601229],[27.341719367344602,44.80233469521413],[27.3821494819591,44.774443587118135],[27.436627340382284,44.79888158580746],[27.72182164186014,44.76503100297279],[27.74166581715796,44.81622138383483],[27.826456468897817,44.82001312894814],[27.82671307598347,44.78237862688639],[27.880772578023098,44.766258003087174],[27.880463935246116,44.708925854446036],[28.03018404979318,44.6269238365059],[28.016513638430077,44.564878696662426],[28.108656340517964,44.44187483213516]],[[25.88699145928594,44.58058253292925],[25.915326818802573,44.47682168622684],[25.899894966670995,44.45258060563991],[25.86117893936972,44.47969811231332],[25.847040578088308,44.43137002159363],[25.869050361341003,44.4190064505173],[25.825669347637113,44.392017295671174],[25.908746535788357,44.33302621987451],[25.99373548696381,44.31707776614656],[25.97469803497731,44.26937714625856],[26.010012016364175,44.30114220420571],[26.162591529473698,44.21560050050813],[26.17312243090223,44.25057516596149],[26.25980541418686,44.294853174903835],[26.275904255132463,44.31722534473228],[26.252475388611,44.33004324533505],[26.331095631382635,44.37180249603807],[26.260083907927527,44.40923869419319],[26.326426791707597,44.384727534710045],[26.4634559020858,44.45372085784214],[26.36058297750351,44.48608962546642],[26.415627216891508,44.52135674219842],[26.337155555686493,44.54740188176141],[26.401089580728925,44.61219504300374],[26.329739999092805,44.678650220533676],[26.374079390581105,44.72041091285776],[26.301875681336437,44.76890765311872],[26.24801662774151,44.737868379943116],[26.101941878014674,44.76695298706592],[26.10076751956217,44.737439196099956],[25.961736053257123,44.748877298023736],[25.98868937329052,44.69373837508595],[25.958103036056553,44.683898004139444],[25.985227605853623,44.67334075883043],[25.93918028454572,44.64594516481517],[25.991940775878966,44.61219041341151],[25.90502723043986,44.56332583562237],[25.88699145928594,44.58058253292925]]]}},{"type":"Feature","properties":{"id":"rou-nordest","name":"Nord-Est","iso3":"ROU","tier":3,"contested":false},"geometry":{"type":"Polygon","coordinates":[[[27.49314646253355,46.16124734043673],[27.39373883282371,46.19426785362206],[27.349965857121,46.152840250389566],[27.30650795621484,46.20598768104738],[27.173335242094087,46.18132028930101],[27.123583988253266,46.14755017555259],[27.12076476137815,46.1002878304736],[27.086303731207742,46.111411065476744],[27.10575204277458,46.08886119665296],[26.98363762372718,46.11326684630597],[26.93398173369601,46.06512520322607],[26.807043951094833,46.065723746756426],[26.704387720552955,46.09466016062167],[26.572677981033678,46.0168319206815],[26.440014664130242,46.038897438448814],[26.40788208124922,46.103562413563466],[26.369264848214097,46.1123523658474],[26.386565375256865,46.1449789724273],[26.34323610499702,46.13713162877245],[26.326686761496635,46.22998923600058],[26.259083602736336,46.249958479709015],[26.29198886012266,46.33540062097303],[26.1566823441645,46.31477582100389],[26.164900260775898,46.3848799713879],[25.99522359428222,46.40675785425894],[26.006965212112874,46.48245615824335],[26.074469349067154,46.484651508067905],[26.082927258391614,46.512531020868465],[25.99842039961178,46.60171693306195],[26.02007041765745,46.634486090845286],[25.974899840744772,46.697878266597144],[25.890793061877105,46.69885693677016],[25.908320401005376,46.65410510446904],[25.86726250356862,46.649616724820106],[25.795070312522494,46.718533966884785],[25.807214251558243,46.80499366226799],[25.779754058708658,46.82514585167202],[25.805189686844997,46.84056560356759],[25.76257893803709,46.84189658114682],[25.764186248841956,46.884711733523126],[25.80331255513808,46.927758431692716],[25.862062665458346,46.92352702541269],[25.73796876443113,47.0712450085625],[25.538538771526067,47.08282675132906],[25.42553475017711,47.18402366542075],[25.305407746628777,47.16507353922217],[25.295929454070656,47.11524038311412],[25.25130297906023,47.097760512894254],[25.063380400815586,47.1365466941776],[25.044522896438025,47.215462995883655],[25.079693271915325,47.258310039330595],[25.02802875691866,47.286686759828235],[25.079434161813772,47.31471085127684],[25.06935913343162,47.370200255314025],[24.982876208878764,47.42386787175419],[25.058315895372534,47.41648272784231],[25.090785973331524,47.44909808913625],[25.039962366629286,47.482854260969475],[25.093522089786557,47.512296559391665],[24.960837263263365,47.5968508413438],[25.056424671373826,47.64754326711021],[24.947100648681037,47.72912376996284],[25.115599121222456,47.7548232839107],[25.229990673876333,47.892878475482604],[25.310876540460203,47.91433105316773],[26.188041039921195,47.995464412519766],[26.332770137978,48.18573646440949],[26.571849717575727,48.219248201035434],[26.632372964301783,48.26165559189812],[26.808102305170134,48.254472564269676],[26.90341617533387,48.180788968430676],[26.942077306497723,48.19664332145456],[26.93550941906125,48.16371120401082],[26.991754905608484,48.149608832524855],[26.95576819723084,48.13547957746561],[27.039223400646943,48.129704583004276],[27.025012370746637,48.08988149910964],[27.107537667568977,48.032705626605505],[27.090956313003147,48.00753500706871],[27.166059357860526,47.99486833097609],[27.14138116012604,47.96692846045507],[27.178130188600946,47.94684044630731],[27.150824960839714,47.921315267307975],[27.1999540591737,47.901838509327014],[27.2089808571292,47.84939343395219],[27.248249016741266,47.833961637527025],[27.215665750825583,47.81857138039129],[27.29726577473703,47.752070102004645],[27.29206941809794,47.72316812658322],[27.250096055331337,47.71971050743999],[27.295000062388237,47.662401071490955],[27.427768629061095,47.583096253489764],[27.474352677814426,47.485492145500395],[27.572481765740545,47.46398543929728],[27.568258857800334,47.37547112173885],[27.61531758774917,47.33968531920615],[27.581225904192085,47.32794942382055],[27.73151699772345,47.293582576785205],[27.803616830304733,47.18904773228286],[27.78211010324705,47.141880644771454],[27.842511123972205,47.13553110423612],[27.828320552309386,47.11903196123065],[27.897851680403523,47.07346000237198],[28.048053553483996,47.024884484885796],[28.032320556756,47.011438145845545],[28.09604523960366,46.978931161605026],[28.081424668181413,46.93726428136262],[28.112699406800242,46.92158406689998],[28.08284051710117,46.90304927895849],[28.114287938683194,46.89157637474771],[28.114157087074805,46.82197777685398],[28.176010170194655,46.77873622000316],[28.24598966825327,46.645607892640754],[28.20922946104016,46.505740095759194],[28.258260912675915,46.42582787307674],[28.182972141378922,46.35264900655436],[28.203740075034833,46.311909855069985],[28.109847123926148,46.24279498293624],[28.14414553447597,46.17927546674314],[28.12422161425016,46.11150130458076],[28.00901465729136,46.10495577297776],[27.85702893623302,46.16316548844964],[27.786398848080953,46.09068275168109],[27.762482155514846,46.12806295918149],[27.591059995816835,46.15018448799166],[27.610978873658134,46.07678349448088],[27.58708507676212,46.071964757196255],[27.62746944565996,46.06134400934576],[27.562672065808226,46.00328148436532],[27.51595394590845,46.053525806693465],[27.535256962076517,46.09568884125155],[27.49314646253355,46.16124734043673]]]}},{"type":"Feature","properties":{"id":"rou-nordvest","name":"Nord-Vest","iso3":"ROU","tier":3,"contested":false},"geometry":{"type":"Polygon","coordinates":[[[24.00474276208371,46.44218060254572],[23.909627519541825,46.46352841779688],[23.70152321816753,46.45751408738796],[23.644307454385753,46.399053947708836],[23.591919143862064,46.436151828015575],[23.611895957335257,46.48452546707669],[23.379302421934582,46.540954173345284],[23.05187340358441,46.466044109125995],[22.999922774639174,46.55257486040192],[22.879510890334046,46.53636258109968],[22.807957255547727,46.568915735825634],[22.676910498354868,46.52324725128961],[22.688168766142105,46.44177239676147],[22.71950786116378,46.43104258549365],[22.648998215746253,46.39149933218479],[22.452794701554538,46.384997766890095],[22.344453527801438,46.44771057497709],[22.32517059130863,46.51450693137677],[22.19800074054749,46.51391066293646],[22.170986689939216,46.602297044583395],[22.025824670072865,46.6543689329193],[21.952266193563837,46.61708847522404],[21.880959210230483,46.631052816967895],[21.91095736019855,46.662867774809555],[21.874411612608142,46.680034118593454],[21.80553428084168,46.65531342175868],[21.647219353159937,46.664787036607486],[21.571713987666726,46.64953179588593],[21.548363942019975,46.60066543907641],[21.427663158420017,46.68911918929424],[21.492155195190836,46.685983794185915],[21.52933830362016,46.7207575041725],[21.483218577132288,46.7646909235182],[21.5202264311274,46.8372619484066],[21.60199289719819,46.86662617208878],[21.598695965052404,46.92744907689883],[21.680337435219553,46.96277484884198],[21.688966210871982,47.00182298790456],[21.64873528922101,47.04032787166792],[21.726137335472778,47.09845935149947],[21.792606868305814,47.10657418935701],[21.93851040667835,47.373001593392765],[22.023446577741616,47.391486583460875],[22.024063678451082,47.519856049620444],[22.12814466333061,47.598075747323136],[22.17638484549367,47.594370569151735],[22.26462314195016,47.73115556022721],[22.324278734870436,47.76676113734253],[22.430257008092507,47.74096447939414],[22.44790415925474,47.803118682804936],[22.481437356716796,47.81091934496613],[22.54948189229854,47.77246797394943],[22.680157003331885,47.787599451726976],[22.711709487215057,47.83490675946576],[22.776871219454623,47.84340448283871],[22.758238828950482,47.893451323465385],[22.94799814605545,47.96731788026566],[22.926928368501027,48.01909633660509],[23.013603000224713,47.99046536909642],[23.0911952237805,48.00555053888599],[23.113982700620735,48.08622918500484],[23.16661308407077,48.12009831178834],[23.267908902773225,48.100171068636186],[23.33198738121299,48.02039433867647],[23.493752922384154,47.967717875317604],[23.529061097739415,48.01981999250913],[23.66466402209651,47.983714427909675],[23.771808493375865,47.994927146231774],[23.864122041064643,47.93173920666915],[24.009049285609915,47.967242477752194],[24.228242680791446,47.89644005283339],[24.38131569551193,47.92644560709981],[24.435869499432123,47.970374252293034],[24.623371180067007,47.951761921156326],[24.705785901289453,47.840106191961794],[24.827740169590804,47.820458200077965],[24.883139766289666,47.724353441595824],[24.947100648681037,47.72912376996284],[25.05477228867386,47.65577022133359],[24.95649820896293,47.61230462645717],[25.093522089786557,47.512296559391665],[25.039962366629286,47.482854260969475],[25.090785973331524,47.44909808913625],[25.058315895372534,47.41648272784231],[24.982876208878764,47.42386787175419],[25.06935913343162,47.370200255314025],[25.079434161813772,47.31471085127684],[25.02802875691866,47.286686759828235],[25.079693271915325,47.258310039330595],[25.044522896438025,47.215462995883655],[25.066155155508874,47.14236529459154],[24.85416222514275,47.095923787279695],[24.74038351625006,46.98154897661069],[24.721807315785412,46.932390082133786],[24.754295218041193,46.90971367197345],[24.658514811456396,46.90953418819334],[24.624687892257587,46.95436893132386],[24.59467126061449,46.945547216783986],[24.584568927383486,46.91507138018904],[24.521266506657405,46.898638106095596],[24.526996111393608,46.85430642751734],[24.458248444857723,46.820099272545356],[24.452108034885814,46.765656530187954],[24.301011531386663,46.75323876032283],[24.179497661941696,46.804756947414106],[24.117773479120544,46.77400228850218],[24.126118258017414,46.74646819729645],[24.066509262187047,46.73344139806777],[24.124361161345885,46.7000906307471],[24.102451709313623,46.66165120942573],[24.020197164937702,46.627851618883625],[24.069092336515958,46.60603411654597],[24.04531019031546,46.54496942418492],[23.959093287993344,46.515460625777884],[24.00474276208371,46.44218060254572]]]}},{"type":"Feature","properties":{"id":"rou-sudest","name":"Sud-Est","iso3":"ROU","tier":3,"contested":false},"geometry":{"type":"MultiPolygon","coordinates":[[[[28.185573156911122,45.47481996786683],[28.279608101033652,45.44464288784931],[28.349923716736438,45.31990493018552],[28.710435409313792,45.22398293239467],[28.792118705467544,45.24279870281924],[28.75187830010413,45.28455446847304],[28.801413296928466,45.30085700740649],[28.79394474320726,45.333642314770785],[28.94255544430007,45.28060339967584],[28.96493607914004,45.33204620659192],[29.242533219713867,45.43434870388645],[29.428519049908605,45.442937380611994],[29.56407422556404,45.402394556949474],[29.65109118544614,45.33975772728808],[29.681991035294804,45.20582676198757],[29.637726276497276,45.22435340957386],[29.63819714768699,45.17645868695806],[29.715253899173437,45.16529215858137],[29.660281085612077,45.10753540542004],[29.60574249695663,44.84663248478292],[29.123492898404805,44.77012008735458],[28.950939703837143,44.63768770340592],[28.689031723679324,44.34511391166721],[28.64560844927474,44.33342927788091],[28.62184222441513,44.2495761331229],[28.66573101847732,44.171915910748744],[28.632877447715963,44.156910094710234],[28.66754518363089,43.98677239977353],[28.5918046026053,43.839661855521534],[28.578614927862226,43.73868363398268],[28.236396146642598,43.75849024623632],[27.994183909078465,43.8428846698689],[27.916761507035044,44.008276264699795],[27.732179927014847,43.95388958012257],[27.643519409509597,44.047949410232256],[27.611646782436207,44.01223415194786],[27.3993923835041,44.01229915363148],[27.291154780207915,44.07517453237838],[27.2713430474884,44.1263356580327],[27.298290632751733,44.13794376961412],[27.45193019006367,44.124484913746095],[27.56378389454581,44.189591678588215],[27.72093404765012,44.19752552557535],[27.813146465322475,44.24529076639957],[27.95194864885964,44.25973194268609],[28.108908060065694,44.44032627454807],[28.016513638430077,44.564878696662426],[28.03018404979318,44.6269238365059],[27.880463935246116,44.708925854446036],[27.880772578023098,44.766258003087174],[27.82671307598347,44.78237862688639],[27.826456468897817,44.82001312894814],[27.74166581715796,44.81622138383483],[27.72182164186014,44.76503100297279],[27.436627340382284,44.79888158580746],[27.3821494819591,44.774443587118135],[27.341719367344602,44.80233469521413],[27.257427733071662,44.74966164601229],[27.155835582376042,44.788805528581946],[27.145825210217183,44.76133883580277],[27.193671516445793,44.752279880668304],[27.183819528160658,44.73426554529574],[27.09787629715014,44.744786573226826],[27.11095901458211,44.78201434579312],[27.007893277787637,44.82441644569904],[26.97326797360707,44.78834210919133],[26.878389889202985,44.82033974592039],[26.81035977646205,44.79515619528637],[26.630935586713736,44.81362361786444],[26.608385928492105,44.87211552966288],[26.536115493993027,44.91020245786398],[26.532684615552945,44.9396191790745],[26.599931156262887,44.95573450588417],[26.529535203426793,45.014909758825574],[26.49203292575742,45.005342845036395],[26.443085024718304,45.07594927449173],[26.460374314503916,45.19810039799487],[26.375650496927033,45.158293642379675],[26.356798282154834,45.214239116631504],[26.249590835943177,45.19924150900672],[26.223426201956116,45.27376613895884],[26.185242699445148,45.27867100243254],[26.233637260644056,45.314675496041865],[26.160161856802496,45.3629903083686],[26.149257075465524,45.45698395574768],[26.072181676062563,45.506355915270575],[26.213603867997858,45.62186473851101],[26.281501786715513,45.585696691069806],[26.32649407046497,45.62505511756076],[26.33250698022866,45.68601054221742],[26.384571162455188,45.7364589261083],[26.37564495137946,45.90731367202019],[26.440014664130242,46.038897438448814],[26.572677981033678,46.0168319206815],[26.704387720552955,46.09466016062167],[26.807043951094833,46.065723746756426],[26.93398173369601,46.06512520322607],[26.98363762372718,46.11326684630597],[27.10575204277458,46.08886119665296],[27.086303731207742,46.111411065476744],[27.12076476137815,46.1002878304736],[27.123583988253266,46.14755017555259],[27.173335242094087,46.18132028930101],[27.30656291115202,46.205993507913966],[27.349965857121,46.152840250389566],[27.39373883282371,46.19426785362206],[27.49298784416968,46.16239748088179],[27.535256962076517,46.09568884125155],[27.51595394590845,46.053525806693465],[27.562639171154963,46.003285189104936],[27.62746944565996,46.06134400934576],[27.58708507676212,46.071964757196255],[27.610978873658134,46.07678349448088],[27.591059995816835,46.15018448799166],[27.762482155514846,46.12806295918149],[27.786398848080953,46.09068275168109],[27.85702893623302,46.16316548844964],[28.00901465729136,46.10495577297776],[28.114027575888247,46.11371444935797],[28.085373416338705,46.00834064140663],[28.13257554228648,45.87691835903136],[28.107666309950524,45.81632800749727],[28.153793802214885,45.78249865150161],[28.17414823153645,45.64465502847623],[28.088418943225,45.60525013918567],[28.156510715573535,45.575197115305265],[28.15425707480989,45.50997279653828],[28.185573156911122,45.47481996786683]]],[[[29.61055831318312,44.840577924439955],[29.532378564906463,44.780594968923154],[29.50744431700558,44.77659292164529],[29.513135511231955,44.77826288549612],[29.49849548655604,44.789126780058844],[29.496208089868663,44.79635927907388],[29.547402629490836,44.793564529081586],[29.61055831318312,44.840577924439955]]],[[[29.60976907799922,44.84075697523356],[29.6203829601535,44.86132500857097],[29.613178398015545,44.84247614382773],[29.60976907799922,44.84075697523356]]]]}},{"type":"Feature","properties":{"id":"rou-sudvestoltenia","name":"Sud-Vest Oltenia","iso3":"ROU","tier":3,"contested":false},"geometry":{"type":"Polygon","coordinates":[[[24.499466938607366,44.944127031525404],[24.421500405832614,44.827069725120154],[24.445326450756333,44.810761323774415],[24.480183206778346,44.82174108448712],[24.54072225866586,44.89103977365088],[24.589936196742652,44.74984102619375],[24.724997207970816,44.721273098069204],[24.68559973579932,44.70004612171265],[24.742475412264852,44.53823387181578],[24.733997701119645,44.465206425581776],[24.759144559196148,44.464507446783806],[24.744520810570638,44.39548295357307],[24.88653483086414,44.38003638078453],[24.817030691705895,44.36105301898988],[24.847418370005695,44.31899293450918],[24.82131747565974,44.29032407517868],[24.837162435708176,44.22627916781315],[24.79326924007691,44.19119308296129],[24.859498762082765,44.093783531938584],[24.613168320942005,44.014115823224934],[24.591210789659183,43.96161104476715],[24.63221921900461,43.961480365757254],[24.623772505286787,43.92468234680363],[24.723599998795393,43.83586018129743],[24.69584098652531,43.83131011409489],[24.689091141923182,43.82109417058895],[24.758076938149657,43.81748438636837],[24.65643628150629,43.75470200070276],[24.657064088504576,43.7236398562631],[24.51290511862279,43.76485239409842],[24.348596047894738,43.69735912383148],[24.173344730859853,43.6826172641594],[23.7554350665385,43.80010277788011],[23.6122804462539,43.791521946684746],[23.42962582593663,43.851118336396574],[23.053777125460847,43.795597922620836],[22.87347864847121,43.83504423163372],[22.838279456255165,43.886691601140875],[22.87872475167667,43.98156738077317],[23.01004944090404,44.013429926135544],[23.040509195442805,44.07547084691385],[22.67566564324907,44.21473989123587],[22.678813606269394,44.27812360813304],[22.557880973336406,44.309087146241765],[22.456257668967712,44.46459022924337],[22.548213440594843,44.48167725012122],[22.58233963736125,44.54935003300862],[22.699140695235272,44.51674394599789],[22.76251216311232,44.539332538219846],[22.748458930903492,44.56981685069898],[22.675851106147046,44.61799092464828],[22.572582583216366,44.63463307818791],[22.461420250356134,44.71523022431463],[22.308457632217785,44.658712695493335],[22.161116397274455,44.47223017715318],[22.08256886732275,44.50059958668974],[22.016148597551485,44.59920520277182],[22.079482983353987,44.62169523017972],[22.155999868062864,44.59227339228967],[22.17733481742752,44.63978325054175],[22.138518305536678,44.659977101690714],[22.146892448654626,44.700757029560556],[22.20415847340014,44.76140532821213],[22.20677720707211,44.817530884524146],[22.363161760475244,44.74511265633289],[22.418708353803616,44.75629583331343],[22.516095717508904,44.955250543861304],[22.491773571481648,44.974014055321305],[22.656559056740114,45.10621233048512],[22.560369266459755,45.16221396482986],[22.686220596722404,45.258818118022326],[22.829344804217413,45.28487922534678],[22.97502272395555,45.253820259213505],[23.093318845409534,45.29124263774593],[23.20708511320207,45.27699849373304],[23.35010842279608,45.3375374698536],[23.4884345015155,45.31465992102654],[23.59064016208427,45.353072612221176],[23.597194751625768,45.47343487077586],[23.65353698087576,45.458420495824896],[23.80422330191236,45.53195680384945],[24.11882997315179,45.50875558694748],[24.33431053163082,45.581898652885684],[24.512834375045816,45.58682482466549],[24.54051839394457,45.535696760299714],[24.511891210479856,45.517518450242605],[24.524603548597803,45.47466528869713],[24.480953379287556,45.45552869769762],[24.505559378106458,45.38273616075895],[24.46678370881657,45.23168473811814],[24.521939805468417,45.179904886855354],[24.48134648520672,45.06093958061051],[24.5203022991553,45.04902372991669],[24.48270784165162,45.01394853659301],[24.509030499080676,44.99778153087291],[24.46867964600085,44.94820368606107],[24.499466938607366,44.944127031525404]]]}},{"type":"Feature","properties":{"id":"rou-bucurestiilfov","name":"Bucuresti-Ilfov","iso3":"ROU","tier":3,"contested":false},"geometry":{"type":"Polygon","coordinates":[[[26.414686178874152,44.519915057942484],[26.36058297750351,44.48608962546642],[26.4634559020858,44.45372085784214],[26.326426791707597,44.384727534710045],[26.301919190559737,44.41334094581959],[26.260083907927527,44.40923869419319],[26.331095631382635,44.37180249603807],[26.252475388611,44.33004324533505],[26.275904255132463,44.31722534473228],[26.25980541418686,44.294853174903835],[26.17312243090223,44.25057516596149],[26.165845131776052,44.21561508106828],[26.010012016364175,44.30114220420571],[25.97469803497731,44.26937714625856],[25.99373548696381,44.31707776614656],[25.908746535788357,44.33302621987451],[25.823690438037847,44.39821008599103],[25.869050361341003,44.4190064505173],[25.847040578088308,44.43137002159363],[25.86117893936972,44.47969811231332],[25.899894966670995,44.45258060563991],[25.915326818802573,44.47682168622684],[25.876691715222425,44.57284892587355],[25.991940775878966,44.61219041341151],[25.93918028454572,44.64594516481517],[25.985227605853623,44.67334075883043],[25.958103036056553,44.683898004139444],[25.98868937329052,44.69373837508595],[25.96220762013608,44.749030105630254],[26.10076751956217,44.737439196099956],[26.101941878014674,44.76695298706592],[26.24801662774151,44.737868379943116],[26.301875681336437,44.76890765311872],[26.374079390581105,44.72041091285776],[26.329739999092805,44.678650220533676],[26.401089580728925,44.61219504300374],[26.337155555686493,44.54740188176141],[26.414686178874152,44.519915057942484]]]}},{"type":"Feature","properties":{"id":"ukr-khersonoblast","name":"Kherson Oblast","iso3":"UKR","tier":2,"contested":false},"geometry":{"type":"Polygon","coordinates":[[[34.9750832,45.76201720000001],[34.7990874,45.8104643],[34.8021689,45.9006479],[34.628541,45.9864034],[34.5611691,45.9943843],[34.4762212,45.9441393],[34.3396228,46.0578798],[34.1843736,46.0668628],[33.8486859,46.1996667],[33.7399776,46.1852474],[33.6459447,46.2301515],[33.6152408,46.2262179],[33.6412746,46.1424429],[33.572132900000014,46.1025643],[33.5911874,46.0612472],[33.5407189,46.0120312],[32.7727018,45.8266419],[32.4467873,45.8707248],[31.4417447,46.0829824],[31.2654363,46.217633],[31.2372722,46.4031776],[31.1590964,46.4096818],[31.3814661,46.4076023],[31.8306389,46.3532824],[31.8072011,46.4789798],[31.9401854,46.6509997],[32.0869547,46.6835172],[32.05715,46.7446436],[32.2186855,46.7713054],[32.2096967,46.8057258],[32.2522118,46.81960439999999],[32.2275364,46.8452028],[32.3416307,46.7954457],[32.3728903,46.7990798],[32.3653801,46.8292647],[32.5319975,46.8237711],[32.5442811,46.8831729],[32.5854524,46.8558401],[32.68788449999999,46.8620814],[32.7013967,46.8207644],[32.9491152,46.8579487],[32.8392106,46.8962844],[32.9794684,46.9335239],[32.9496623,46.9465451],[32.9496959,47.0031886],[33.0227575,46.9729052],[33.06857030000001,47.0221965],[32.9166978,47.0871808],[32.9178741,47.1434371],[32.961355,47.1896302],[33.0366964,47.1777301],[33.0721214,47.22337070000001],[33.1296424,47.2028056],[33.1282443,47.23131820000001],[33.1828442,47.2386218],[33.1052117,47.280462],[33.1029147,47.3223493],[33.1372968,47.3336504],[33.122145,47.3900959],[33.0359379,47.3911547],[33.0667949,47.4749215],[33.0715543,47.4124492],[33.1378337,47.4195283],[33.1417425,47.5434739],[33.0949698,47.5276253],[33.0926838,47.5788322],[33.2339646,47.577076],[33.2154252,47.5330381],[33.2855917,47.5441343],[33.3142543,47.4825445],[33.3488161,47.4936669],[33.3226885,47.5235625],[33.4861004,47.5439264],[33.473719,47.5873296],[33.5803214,47.600194],[33.6090873,47.5609181],[33.5714555,47.5242037],[33.6359662,47.5140686],[33.6436096,47.4845268],[33.9381432,47.5161609],[33.9547773,47.4575536],[34.1394646,47.4772499],[34.2184503,47.452729],[34.3053474,47.269141],[34.5147619,47.3376123],[34.4794346,47.3151248],[34.5295853,47.2557982],[34.4908861,47.2468443],[34.5195021,47.1047491],[34.5534973,47.1059694],[34.5672697,47.0244915],[34.6238427,46.9733971],[34.7363764,46.9612497],[34.7525692,46.8795369],[34.8046826,46.8825274],[34.817047399999986,46.82893510000001],[34.7581324,46.8227066],[34.7675765,46.7809131],[34.73500520000001,46.7473443],[34.6252257,46.723972],[34.6322356,46.6876186],[34.7461772,46.6832188],[34.7563087,46.6269756],[34.7127641,46.6200738],[34.7576007,46.5493238],[34.8912198,46.5625704],[34.8903855,46.5067797],[35.0534528,46.4815667],[35.0735362,46.2998986],[35.2780627,46.264581],[35.4680391,46.1464862],[35.3273733,45.9852651],[35.1509695,45.9315235],[35.2334204,45.7917299],[34.9750832,45.76201720000001]]]}},{"type":"Feature","properties":{"id":"ukr-volynoblast","name":"Volyn Oblast","iso3":"UKR","tier":2,"contested":false},"geometry":{"type":"Polygon","coordinates":[[[25.1092149,50.2876558],[25.0540672,50.3010405],[25.0587799,50.3423377],[24.9406026,50.3892649],[24.9368321,50.3457144],[24.7148915,50.3428563],[24.7072769,50.3837259],[24.5967046,50.4138503],[24.5974305,50.4784911],[24.5545922,50.4940955],[24.5306178,50.5515668],[24.4502741,50.5391609],[24.3807168,50.6091548],[24.3122418,50.5718515],[24.2111125,50.5922008],[24.1548753,50.6466569],[24.0881859,50.6352687],[24.0721998,50.72034230000001],[24.0166896,50.7229644],[24.0237094,50.7664726],[23.9574523,50.7945291],[23.989623,50.8374434],[24.1001561,50.8359482],[24.1455976,50.8693076],[23.9703809,50.9502985],[23.9150801,51.0070511],[23.9356556,51.0147039],[23.9110918,51.0745997],[23.8568592,51.0999511],[23.8692694,51.1503124],[23.7391885,51.2119678],[23.6950112,51.2916376],[23.6484099,51.2874239],[23.6357728,51.32851520000001],[23.7029331,51.4195452],[23.6494419,51.4462588],[23.6698193,51.4830266],[23.6164718,51.5030887],[23.6768778,51.5065869],[23.6363009,51.5488697],[23.6610179,51.584141],[23.605894,51.6208437],[23.7827144,51.6675263],[23.7884172,51.6405024],[23.91277,51.63145],[23.8824379,51.5922427],[23.99534,51.58047],[24.3196933,51.7511232],[24.2959117,51.8069937],[24.387475,51.88182349999999],[24.6252338,51.902734],[24.7496877,51.8810581],[24.9145333,51.9168728],[24.9341994,51.8912116],[25.1914149,51.9692361],[25.7087472,51.8947123],[25.6391647,51.8482497],[25.6316116,51.8042209],[25.6829869,51.7559111],[25.6411613,51.6817926],[25.5776408,51.6246859],[25.5300167,51.6310955],[25.5987572,51.5808643],[25.5714642,51.5497012],[25.5953341,51.52473230000001],[25.5556054,51.5009012],[25.6240356,51.49537620000001],[25.6465923,51.416922],[25.6951212,51.3757534],[25.7250311,51.4001269],[25.8311278,51.3871455],[25.8328541,51.3303487],[26.0655804,51.1793287],[26.0587578,51.1426367],[25.9419187,51.1191056],[25.9410069,51.0845492],[26.0911954,51.0507659],[26.1072887,51.005294],[26.084812,50.9733671],[25.9668739,50.9569757],[26.0007367,50.9352695],[25.9916553,50.8658496],[26.0396467,50.8418317],[25.9025443,50.831821],[25.8295888,50.6200545],[25.7728622,50.6763065],[25.7088346,50.6714007],[25.6942632,50.7248322],[25.6067247,50.7175583],[25.4598758,50.6622454],[25.3796623,50.6910445],[25.3874801,50.6581885],[25.3516932,50.6413506],[25.4060202,50.6114273],[25.2920016,50.6305738],[25.3214482,50.5687063],[25.2961955,50.5394835],[25.1220219,50.553731],[25.1595658,50.5057052],[25.1508924,50.4686048],[25.083805,50.47539290000001],[25.1384081,50.4610055],[25.1386371,50.4286635],[25.2099243,50.38108779999999],[25.1411722,50.3692768],[25.1661826,50.3310102],[25.1092149,50.2876558]]]}},{"type":"Feature","properties":{"id":"ukr-rivneoblast","name":"Rivne Oblast","iso3":"UKR","tier":2,"contested":false},"geometry":{"type":"Polygon","coordinates":[[[25.1114723,50.2942757],[25.1661826,50.3310102],[25.1411722,50.3692768],[25.194887,50.3624313],[25.2099243,50.38108779999999],[25.1386371,50.4286635],[25.1384081,50.4610055],[25.083805,50.47539290000001],[25.1508924,50.4686048],[25.1595658,50.5057052],[25.1220219,50.553731],[25.2961955,50.5394835],[25.3214482,50.5687063],[25.2920016,50.6305738],[25.4060202,50.6114273],[25.3516932,50.6413506],[25.3874801,50.6581885],[25.3796623,50.6910445],[25.4598758,50.6622454],[25.6067247,50.7175583],[25.6942632,50.7248322],[25.7088346,50.6714007],[25.7728622,50.6763065],[25.8295888,50.6200545],[25.9025443,50.831821],[26.0396467,50.8418317],[25.9916553,50.8658496],[26.0007367,50.9352695],[25.9668739,50.9569757],[26.084812,50.9733671],[26.1072887,51.005294],[26.0911954,51.0507659],[25.9410069,51.0845492],[25.9419187,51.1191056],[26.0587578,51.1426367],[26.0655804,51.1793287],[25.8328541,51.3303487],[25.8311278,51.3871455],[25.7250311,51.4001269],[25.6951212,51.3757534],[25.6465923,51.416922],[25.6240356,51.49537620000001],[25.5556054,51.5009012],[25.5953341,51.52473230000001],[25.5714642,51.5497012],[25.5987572,51.5808643],[25.5300167,51.6310955],[25.5776408,51.6246859],[25.6411613,51.6817926],[25.6829869,51.7559111],[25.6316116,51.8042209],[25.6391647,51.8482497],[25.7087472,51.8947123],[25.5929353,51.9242616],[25.7822482,51.9222741],[25.7837982,51.9520541],[25.9161233,51.9147449],[26.0127082,51.9313741],[26.1633382,51.8657941],[26.3994582,51.8758341],[26.4014282,51.8352441],[26.4757582,51.7994541],[26.6917831,51.8233679],[26.7960782,51.7587641],[26.9504882,51.7361941],[26.9937482,51.76855410000001],[27.2073782,51.7738741],[27.2132182,51.6665041],[27.2730063,51.6544212],[27.2403601,51.6018071],[27.4579182,51.6202341],[27.5106182,51.5878741],[27.5170582,51.6333641],[27.5555982,51.6361941],[27.7346382,51.5937141],[27.6696479,51.4967899],[27.5787351,51.4782247],[27.6141679,51.4026568],[27.5041759,51.45148169999999],[27.4947883,51.3764986],[27.5221982,51.3418579],[27.4414714,51.3103945],[27.473185,51.2375449],[27.399891,51.2008663],[27.326188,51.0425236],[27.2194792,51.0301972],[27.2006465,51.0010492],[27.2380534,50.9452311],[27.2158829,50.918318],[27.2568459,50.8959659],[27.2337043,50.7954566],[27.2758266,50.7218321],[27.1896973,50.6252692],[27.2318481,50.5666527],[27.1308387,50.560477],[27.118275,50.5945324],[26.9830879,50.5228735],[26.8989508,50.5462886],[26.8555762,50.5094057],[26.8277286,50.5232286],[26.7646952,50.4890815],[26.7866043,50.4672651],[26.7349885,50.4773224],[26.7367502,50.4447119],[26.6486062,50.3654166],[26.6018781,50.3680489],[26.5200307,50.3056774],[26.504442,50.2619515],[26.3972045,50.2650078],[26.2736634,50.1787185],[26.1790979,50.1972811],[26.2209898,50.2668948],[26.1657614,50.2308693],[25.9278518,50.2555599],[25.8575725,50.1914463],[25.6254407,50.1521476],[25.4760714,50.16615020000001],[25.4484554,50.1244137],[25.4890549,50.1018193],[25.4316336,50.053043],[25.3635451,50.0459199],[25.3467366,50.0040519],[25.1972619,50.1309987],[25.2151109,50.1795649],[25.1654352,50.20919],[25.2049528,50.279314],[25.1114723,50.2942757]]]}},{"type":"Feature","properties":{"id":"ukr-zhytomyroblast","name":"Zhytomyr Oblast","iso3":"UKR","tier":2,"contested":false},"geometry":{"type":"Polygon","coordinates":[[[27.1965395,50.5622876],[27.2318481,50.5666527],[27.1906087,50.6205899],[27.2020094,50.6626795],[27.2758209,50.7208688],[27.2337043,50.7954566],[27.2568459,50.8959659],[27.2158829,50.918318],[27.2380534,50.9452311],[27.2006465,51.0010492],[27.2194792,51.0301972],[27.326188,51.0425236],[27.399891,51.2008663],[27.473185,51.2375449],[27.4414714,51.3103945],[27.5221982,51.3418579],[27.4947883,51.3764986],[27.5041759,51.45148169999999],[27.6141679,51.4026568],[27.5787351,51.4782247],[27.6688082,51.5178441],[27.7636482,51.474494],[27.8542882,51.5454741],[27.8224866,51.6180664],[27.8438688,51.6305524],[27.9180582,51.6172341],[27.9263882,51.5786041],[27.9802882,51.5956041],[27.9457882,51.5581841],[28.0510082,51.5664241],[28.2643882,51.6814341],[28.2602682,51.6228941],[28.3455782,51.5780941],[28.3594882,51.5393841],[28.4715441,51.5934594],[28.6627282,51.5681341],[28.6357782,51.5625641],[28.6877882,51.4447141],[28.7399782,51.4669441],[28.7573982,51.4158741],[28.7851182,51.453294],[28.7666682,51.490544],[28.8237482,51.5587841],[28.9053682,51.5888241],[29.0016682,51.5732841],[29.1198582,51.6568841],[29.1699882,51.6537941],[29.2088779,51.5735803],[29.2574482,51.5679641],[29.2510082,51.4956141],[29.3091182,51.454234],[29.3261982,51.3776741],[29.3946362,51.3797794],[29.3988005,51.3211803],[29.3558319,51.275102300000015],[29.2682606,51.2652262],[29.3156248,51.133555],[29.3491713,51.1597486],[29.5116476,51.0605202],[29.4649883,51.019236],[29.4750769,50.9789403],[29.4118283,50.9852498],[29.4110024,50.9491751],[29.4674984,50.9245219],[29.521281,50.8691518],[29.4973697,50.8377398],[29.5465458,50.8180073],[29.4886586,50.8124059],[29.5209697,50.79033550000001],[29.4746489,50.7732438],[29.5697639,50.7720041],[29.5973616,50.72891050000001],[29.4444248,50.6209656],[29.5054878,50.5728289],[29.4583457,50.5167257],[29.5109915,50.4714245],[29.4566289,50.4712196],[29.4469086,50.4524349],[29.4990924,50.4403441],[29.4423741,50.4170553],[29.5601617,50.42230580000001],[29.5894037,50.3750442],[29.636665,50.3708264],[29.6110603,50.3411668],[29.6934384,50.3247531],[29.6652759,50.2658456],[29.7024218,50.23077820000001],[29.6431987,50.1800427],[29.6936301,50.1561251],[29.6477227,50.1064443],[29.6974639,50.06858],[29.6720725,50.0330095],[29.7352126,49.9443805],[29.6286375,49.8854996],[29.65159,49.86471],[29.4401862,49.8044131],[29.4630566,49.7614607],[29.4356277,49.72890360000001],[29.4966957,49.7134062],[29.5054709,49.6492665],[29.430636,49.6626086],[29.3799247,49.6190667],[29.2754802,49.6271441],[29.2754578,49.5895534],[28.9895433,49.5999052],[29.0102711,49.63255130000001],[28.94623,49.68017],[29.0017212,49.7402649],[28.9408477,49.7827712],[28.9710866,49.8034687],[28.9533624,49.8402037],[28.8809491,49.8883851],[28.7509035,49.844421],[28.734076,49.7982284],[28.6361556,49.81729749999999],[28.5695889,49.7739435],[28.5286841,49.8206344],[28.4227994,49.8242244],[28.3793487,49.7805271],[28.2446644,49.8139221],[28.225991,49.7863594],[27.9581943,49.7788202],[27.7814561,49.72838070000001],[27.7032979,49.7694034],[27.7174112,49.8057595],[27.6459042,49.8077595],[27.6251955,49.8923895],[27.5454091,49.9014508],[27.5748414,49.9490919],[27.5462472,50.0113298],[27.6812005,50.0352294],[27.6667498,50.0766032],[27.6146875,50.0861246],[27.6312299,50.1448231],[27.6805155,50.1575896],[27.6636798,50.193138800000014],[27.6213573,50.1696384],[27.5964792,50.2585336],[27.5213905,50.22527],[27.3910184,50.2895906],[27.4200145,50.2988375],[27.4033819,50.313325],[27.3158174,50.3305788],[27.3207822,50.36875230000001],[27.2491767,50.392738],[27.301903,50.4928386],[27.2669955,50.4914824],[27.1965395,50.5622876]]]}},{"type":"Feature","properties":{"id":"ukr-kyivoblast","name":"Kyiv Oblast","iso3":"UKR","tier":2,"contested":false},"geometry":{"type":"MultiPolygon","coordinates":[[[[30.3454349,50.4986686],[30.3272676,50.4847072],[30.3177316,50.4940779],[30.3454349,50.4986686]]],[[[30.7039932,51.5537781],[30.7822358,51.5120119],[30.6517455,51.5236764],[30.7053452,51.5302048],[30.7039932,51.5537781]]],[[[29.5358706,49.6367898],[29.4899546,49.6696545],[29.4966957,49.7134062],[29.4356277,49.72890360000001],[29.4630566,49.7614607],[29.4401862,49.8044131],[29.65159,49.86471],[29.6286375,49.8854996],[29.7352126,49.9443805],[29.6720725,50.0330095],[29.6974639,50.06858],[29.6477227,50.1064443],[29.6936301,50.1561251],[29.6431987,50.1800427],[29.7024218,50.23077820000001],[29.6652759,50.2658456],[29.6934384,50.3247531],[29.6110603,50.3411668],[29.636665,50.3708264],[29.5894037,50.3750442],[29.5601617,50.42230580000001],[29.4556931,50.4010165],[29.4426603,50.4162499],[29.4990924,50.4403441],[29.4469086,50.4524349],[29.4566289,50.4712196],[29.5109915,50.4714245],[29.4583457,50.5167257],[29.5054878,50.5728289],[29.4444248,50.6209656],[29.5974222,50.7296072],[29.5697639,50.7720041],[29.4746489,50.7732438],[29.5209697,50.79033550000001],[29.4886586,50.8124059],[29.5465458,50.8180073],[29.4973697,50.8377398],[29.521281,50.8691518],[29.4674984,50.9245219],[29.4110024,50.9491751],[29.4118283,50.9852498],[29.4750769,50.9789403],[29.4649883,51.019236],[29.5116476,51.0605202],[29.3491713,51.1597486],[29.319329,51.1276046],[29.2682606,51.2652262],[29.3558319,51.275102300000015],[29.3988005,51.3211803],[29.3946362,51.3797794],[29.3597894,51.3776174],[29.3828482,51.4022241],[29.4956883,51.3967677],[29.5387982,51.4824741],[29.5854082,51.4639341],[29.7167282,51.5299441],[29.7404182,51.5310541],[29.7442782,51.4574141],[29.7973282,51.4417141],[29.8813482,51.4462541],[29.9265882,51.4920941],[29.9662002,51.4714972],[30.0181188,51.5060396],[30.16395,51.4889951],[30.1801708,51.5125224],[30.3488682,51.42349],[30.3626882,51.3796541],[30.3241759,51.3605058],[30.55521,51.25036],[30.5052221,51.22681520000001],[30.5410278,51.179703],[30.4904982,51.16513960000001],[30.5171738,51.11126],[30.4841514,51.092242],[30.5103801,51.0735645],[30.5002922,51.0222261],[30.6008304,51.0274558],[30.6418688,51.0025142],[30.6842175,50.9018553],[30.7716823,50.8743762],[30.7703025,50.8174222],[30.731595,50.8171348],[30.7407451,50.7705065],[30.87117,50.7804448],[30.8288823,50.7563722],[30.8627237,50.7449945],[30.8893744,50.7736991],[31.1268068,50.7744043],[31.1215943,50.7499831],[31.2211231,50.6838616],[31.199265,50.6445431],[31.2271498,50.613244],[31.1648625,50.5904877],[31.3291211,50.5005955],[31.3700646,50.533674],[31.4450923,50.5003676],[31.5226043,50.5364646],[31.6303502,50.5208492],[31.6459831,50.5534338],[31.7817484,50.5598276],[31.7833175,50.6067554],[31.8571642,50.6319075],[31.9550648,50.5435964],[32.0633663,50.5408114],[32.0470794,50.4961864],[31.9867152,50.4966515],[31.9715455,50.4670934],[32.0222295,50.4583633],[32.0565637,50.3973381],[32.1018673,50.4126107],[32.0746793,50.3748581],[32.1610264,50.3685532],[32.1399305,50.3046563],[32.08677,50.28356],[32.1074796,50.2199764],[32.0568555,50.1879139],[31.9917552,50.20221930000001],[31.9649573,50.1514361],[31.9339253,50.1584553],[31.9750278,50.125315700000016],[31.9108715,50.1004561],[31.906017,50.0573608],[31.9826994,50.0525375],[31.9030936,50.016934],[31.9175741,49.9613561],[31.813323,49.96615230000001],[31.714693,49.8511898],[31.6147053,49.8569405],[31.6126244,49.9061663],[31.580868,49.9067395],[31.5023639,49.8433268],[31.4262742,49.8987095],[31.4367112,49.9841657],[31.3018884,49.9888665],[31.2886853,49.9523971],[31.338345,49.9532032],[31.379899,49.9067874],[31.2077718,49.8521275],[31.1897411,49.7902085],[31.2164888,49.7768166],[31.1967406,49.7015808],[31.2173637,49.6946151],[31.1358586,49.6036106],[31.152519,49.555021],[31.1100856,49.557259],[31.09457,49.49787],[30.9969166,49.4247309],[30.9210286,49.4155662],[30.9090288,49.3591379],[30.7288281,49.3321227],[30.607765,49.3702603],[30.5166511,49.3279786],[30.4741532,49.3654781],[30.4130094,49.3305143],[30.37554,49.23621570000001],[30.1892162,49.27527530000001],[30.2008923,49.3272938],[30.1362048,49.3306816],[30.1117668,49.2701985],[30.0783754,49.3224588],[30.0268406,49.3326968],[29.9485188,49.3119505],[29.9555191,49.2521457],[29.8827645,49.1857997],[29.760772,49.1793732],[29.7103971,49.2628683],[29.6892235,49.2373325],[29.6395259,49.246667],[29.6182679,49.3054955],[29.5367911,49.323146],[29.5026174,49.3712068],[29.5943177,49.4431281],[29.5448637,49.4844854],[29.5842285,49.5065963],[29.5395379,49.5212911],[29.4991845,49.5942619],[29.5358706,49.6367898]],[[30.826138,50.4045662],[30.7425803,50.4584656],[30.759833,50.48355],[30.7376702,50.4989221],[30.82335,50.537117],[30.815883,50.565083],[30.719583,50.590833],[30.714,50.55565],[30.5569711,50.540275],[30.55624,50.5129],[30.4631088,50.5843452],[30.3073207,50.5705708],[30.3415751,50.5573201],[30.2639869,50.5150501],[30.2363911,50.4306638],[30.3475,50.45231],[30.4427137,50.3815264],[30.4376097,50.3568832],[30.5335806,50.3171235],[30.5926614,50.2132422],[30.6454327,50.2373818],[30.6100345,50.2769072],[30.6466127,50.2918667],[30.6130091,50.3577438],[30.69675,50.34725],[30.716862,50.3823618],[30.7772459,50.3705904],[30.7772021,50.3957702],[30.826138,50.4045662]]]]}},{"type":"Feature","properties":{"id":"ukr-chernihivoblast","name":"Chernihiv Oblast","iso3":"UKR","tier":2,"contested":false},"geometry":{"type":"Polygon","coordinates":[[[32.14188,50.35189],[32.15475,50.37609],[32.0746793,50.3748581],[32.1018673,50.4126107],[32.0462914,50.4018783],[32.0222295,50.4583633],[31.9634825,50.4855274],[32.0470794,50.4961864],[32.0633663,50.5408114],[31.9550648,50.5435964],[31.8571642,50.6319075],[31.7833175,50.6067554],[31.7817484,50.5598276],[31.6459831,50.5534338],[31.6303502,50.5208492],[31.5226043,50.5364646],[31.4450923,50.5003676],[31.3700646,50.533674],[31.3291211,50.5005955],[31.1648625,50.5904877],[31.2271498,50.613244],[31.199265,50.6445431],[31.2211231,50.6838616],[31.1215943,50.7499831],[31.1268068,50.7744043],[30.8893744,50.7736991],[30.8344983,50.7448731],[30.8740165,50.7777422],[30.7371742,50.7729873],[30.7716823,50.8743762],[30.6842175,50.9018553],[30.6418688,51.0025142],[30.6008304,51.0274558],[30.5002922,51.0222261],[30.5103801,51.0735645],[30.4841514,51.092242],[30.5171738,51.11126],[30.4904982,51.16513960000001],[30.5410278,51.179703],[30.5059775,51.22825860000001],[30.5584102,51.232552300000016],[30.539843,51.2670808],[30.6134908,51.2835798],[30.5936021,51.3118422],[30.6565507,51.3425429],[30.6215169,51.4288772],[30.5794025,51.4465583],[30.6232262,51.4648409],[30.568306,51.5131497],[30.5866923,51.5426849],[30.5474038,51.5410311],[30.5281051,51.5701913],[30.5539662,51.5789886],[30.5062143,51.59874890000001],[30.580846,51.6481374],[30.561757,51.7045041],[30.6267245,51.7136251],[30.6512718,51.7603974],[30.6131652,51.7671719],[30.6706052,51.7906874],[30.6610875,51.817581],[30.7474338,51.9024345],[30.8025788,51.8990555],[30.8251646,51.9225543],[30.8066463,51.948002],[30.9392986,52.012968],[30.9493283,52.0894805],[31.139842,52.1031035],[31.2529956,52.0422288],[31.42983,52.14334],[31.72139,52.09674],[31.8677917,52.1101782],[31.9609904,52.0747176],[31.9183657,52.0548953],[31.9165699,52.0422053],[32.0963239,52.0336273],[32.3679031,52.1464958],[32.3238952,52.1515431],[32.3468667,52.1824707],[32.324542,52.22341330000001],[32.4015019,52.2460436],[32.3518851,52.316218],[32.3768323,52.3373083],[32.5500342,52.3268659],[32.7005895,52.2479013],[32.8330224,52.2782946],[32.8844039,52.2733708],[32.8875586,52.2450985],[32.9957408,52.2718603],[33.0599182,52.3295536],[33.0669872,52.3025944],[33.1695627,52.3408457],[33.1886599,52.3791473],[33.306382,52.3501427],[33.4069963,52.3668716],[33.4286403,52.3454797],[33.3873537,52.3161576],[33.3664003,52.2331534],[33.3148756,52.2152685],[33.3226926,52.135732300000015],[33.4997424,52.0892317],[33.5000385,52.0383243],[33.3172152,52.0318981],[33.3044998,52.0127676],[33.3942383,51.9545281],[33.1876839,51.9124824],[33.1234764,51.8635242],[33.1468163,51.8161736],[33.0793571,51.7732541],[33.1704773,51.6996691],[33.1261238,51.6448517],[33.2219456,51.5801021],[33.1585447,51.5693732],[33.1932041,51.5137088],[33.1363104,51.4942028],[33.1129916,51.42835930000001],[33.13295560000001,51.3822418],[33.0169524,51.3960496],[33.0419772,51.3432877],[33.0781537,51.3402134],[33.0410472,51.2916121],[33.0761773,51.2904055],[33.0723311,51.2563104],[33.0296745,51.2269877],[33.0419172,51.2051637],[32.9777555,51.1882241],[32.9604635,51.1628317],[32.993373,51.1438123],[32.94372,51.0908229],[33.06852390000001,51.0689145],[33.0828871,51.0373215],[33.0376241,50.9938217],[33.1171374,51.0069927],[33.1364612,50.9633533],[33.2003311,50.9624052],[33.2079707,50.8935387],[33.1697699,50.8848718],[33.1856243,50.8491758],[33.1548762,50.79249230000001],[33.23867280000001,50.7315256],[33.1363005,50.710611],[33.1467737,50.654558],[33.1031843,50.6022546],[33.122711,50.5948862],[33.0162182,50.4714711],[32.9715941,50.4751387],[32.917473,50.409131],[32.7904397,50.3711401],[32.7932802,50.3466702],[32.672089,50.370401],[32.526394,50.345716],[32.4865314,50.3686488],[32.4934586,50.3991925],[32.3389953,50.4276212],[32.2519843,50.3734653],[32.2691074,50.3517242],[32.14188,50.35189]],[[30.7853608,51.5388484],[30.7039932,51.5537781],[30.7053452,51.5302048],[30.6517455,51.5236764],[30.7822358,51.5120119],[30.7853608,51.5388484]]]}},{"type":"Feature","properties":{"id":"ukr-sumyoblast","name":"Sumy Oblast","iso3":"UKR","tier":2,"contested":false},"geometry":{"type":"Polygon","coordinates":[[[33.2212305,50.5034541],[33.0498261,50.540425],[33.122711,50.5948862],[33.1173089,50.6465284],[33.1467737,50.654558],[33.1363005,50.710611],[33.23867280000001,50.7315256],[33.1548762,50.79249230000001],[33.1856243,50.8491758],[33.1697699,50.8848718],[33.2079707,50.8935387],[33.2003311,50.9624052],[33.1364612,50.9633533],[33.1171374,51.0069927],[33.0376241,50.9938217],[33.0828871,51.0373215],[33.06852390000001,51.0689145],[32.94372,51.0908229],[32.993373,51.1438123],[32.9604635,51.1628317],[32.9777555,51.1882241],[33.0419172,51.2051637],[33.0296745,51.2269877],[33.0723311,51.2563104],[33.0761773,51.2904055],[33.0410472,51.2916121],[33.0781537,51.3402134],[33.0419772,51.3432877],[33.0169524,51.3960496],[33.13295560000001,51.3822418],[33.1129916,51.42835930000001],[33.1363104,51.4942028],[33.1932041,51.5137088],[33.1585447,51.5693732],[33.2219456,51.5801021],[33.1261238,51.6448517],[33.1704773,51.6996691],[33.07853630000001,51.775798],[33.1468163,51.8161736],[33.1234764,51.8635242],[33.1876839,51.9124824],[33.3942383,51.9545281],[33.3044998,52.0127676],[33.3172152,52.0318981],[33.5000385,52.0383243],[33.4997424,52.0892317],[33.3226926,52.135732300000015],[33.3148756,52.2152685],[33.3664003,52.2331534],[33.3873537,52.3161576],[33.4545201,52.3649696],[33.5186357,52.3546754],[33.482473,52.3136448],[33.5605062,52.3019273],[33.5439033,52.3236201],[33.8024202,52.3660366],[34.1162796,52.1410839],[34.0626539,52.0730604],[34.101178,52.0408426],[34.0969174,52.0042616],[34.1895904,51.9689424],[34.2614916,51.9092818],[34.245607,51.8816443],[34.3028565,51.88717],[34.4153715,51.8252964],[34.4403481,51.7436765],[34.4213941,51.7220544],[34.0807655,51.6656998],[34.1672597,51.6456582],[34.1823342,51.5967649],[34.3084075,51.5192],[34.22077980000001,51.4171534],[34.3385533,51.3555337],[34.281227,51.334746],[34.2307912,51.2654069],[34.3067965,51.2381776],[34.3836677,51.27401],[34.5802282,51.2334739],[34.6616541,51.2474779],[34.6882649,51.1812414],[34.817314,51.168910900000014],[34.9794435,51.23505380000001],[35.0397748,51.2044273],[35.0758303,51.2320706],[35.150481,51.2234332],[35.1234099,51.1652493],[35.1769284,51.0984454],[35.14819830000001,51.0824475],[35.2118926,51.0461954],[35.3207987,51.0872252],[35.4097806,51.0390366],[35.3230364,51.0138235],[35.3520928,50.9733022],[35.3256864,50.9467518],[35.4006085,50.9145904],[35.3823145,50.8700433],[35.4191177,50.843828],[35.4114062,50.802563],[35.4887132,50.7768038],[35.4592983,50.6890885],[35.4961809,50.6787915],[35.3929162,50.6499991],[35.42565,50.603176],[35.3903461,50.5799858],[35.4764188,50.4885325],[35.5858308,50.4487991],[35.6014411,50.367315],[35.6926624,50.3456316],[35.6502278,50.3097534],[35.5159175,50.31724159999999],[35.5244478,50.29011410000001],[35.4234871,50.3350487],[35.3790932,50.3205345],[35.3822305,50.2944786],[35.3300292,50.3186529],[35.29651610000001,50.28951630000001],[35.3298884,50.27411830000001],[35.2661274,50.26529090000001],[35.2603892,50.2344283],[35.1480809,50.2422051],[35.0411139,50.1645501],[34.9614153,50.1857536],[34.9743264,50.1591809],[34.940825,50.1525871],[34.734174,50.1608538],[34.7001849,50.1497096],[34.6995146,50.1112556],[34.6768156,50.1338993],[34.6330839,50.1119949],[34.5461646,50.1324772],[34.5233856,50.1773543],[34.5707494,50.227157],[34.2520272,50.4408763],[34.24830020000001,50.5186382],[34.2189719,50.5344099],[34.0986413,50.480947],[34.105778,50.5040233],[34.0281467,50.4997634],[33.9549168,50.5469642],[33.9125235,50.5147653],[33.8111283,50.5146356],[33.851644599999986,50.5003366],[33.7349418,50.458579],[33.5724063,50.4949082],[33.4337087,50.4760746],[33.2678718,50.5537093],[33.2212305,50.5034541]]]}},{"type":"Feature","properties":{"id":"ukr-kharkivoblast","name":"Kharkiv Oblast","iso3":"UKR","tier":2,"contested":false},"geometry":{"type":"Polygon","coordinates":[[[34.9352204,50.1106263],[34.9614153,50.1857536],[35.0411139,50.1645501],[35.1480809,50.2422051],[35.2603892,50.2344283],[35.2661274,50.26529090000001],[35.3298884,50.27411830000001],[35.29651610000001,50.28951630000001],[35.3300292,50.3186529],[35.3822305,50.2944786],[35.3790932,50.3205345],[35.4234871,50.3350487],[35.5244478,50.29011410000001],[35.5159175,50.31724159999999],[35.5939337,50.3312547],[35.6502278,50.3097534],[35.6926624,50.3456316],[35.6580016,50.3511483],[35.73818,50.35446],[35.83174,50.43377],[36.14794,50.43514],[36.28372,50.33558],[36.29574,50.29163],[36.36303,50.28751],[36.43341,50.33077],[36.58499,50.2858],[36.56044,50.25061],[36.64867,50.21765],[36.69296,50.26914],[36.8702783,50.3377282],[37.1529786,50.3564641],[37.327272,50.4354762],[37.4768896,50.4594394],[37.48466,50.35652],[37.57702,50.30657],[37.63555,50.31137],[37.61444,50.22005],[37.6407,50.17593],[37.75486,50.07843],[37.92652,50.0338],[38.0437198,49.9329439],[38.0223745,49.9094742],[38.0936148,49.8460575],[38.0183301,49.8375084],[38.0097381,49.8130186],[38.0536926,49.7835265],[37.9769663,49.767421],[37.9508046,49.731199],[38.0173033,49.7138741],[38.0003789,49.7005025],[38.0472283,49.657468],[37.9861304,49.6435318],[37.9353228,49.5944332],[37.953938,49.569411],[37.8846139,49.5489809],[37.9270058,49.5416455],[37.8420736,49.5076013],[37.8447458,49.4459468],[37.876152,49.4465133],[37.89635220000001,49.4035736],[37.8832423,49.3129006],[37.9585076,49.2846503],[37.8985342,49.2700811],[37.843423,49.2010846],[37.5690758,49.231325],[37.5012777,49.1804062],[37.5845817,49.12615850000001],[37.4870661,49.1000633],[37.5075403,49.0755861],[37.479797,49.0574961],[37.3849608,49.0482014],[37.3726615,48.9991999],[37.2946841,48.9712486],[37.3279971,48.9219686],[37.1934712,48.8814166],[37.1892328,48.8716144],[37.1946262,48.8495353],[37.1921696,48.8146336],[37.1920882,48.8144562],[37.0988406,48.85104939999999],[36.9949097,48.7873598],[37.0358573,48.745891],[36.9664574,48.79335260000001],[36.8543266,48.8002885],[36.8208588,48.7713447],[36.7198023,48.8056993],[36.6893458,48.7760627],[36.735626,48.7038291],[36.7117231,48.6922764],[36.7389084,48.6259487],[36.5906985,48.6027629],[36.482913,48.6636476],[36.4193355,48.6340535],[36.4459061,48.613845],[36.355173,48.5322871],[36.3238878,48.5555752],[36.2962497,48.531178],[36.271346,48.5437229],[36.319428,48.5872395],[36.2518463,48.62095],[36.2826748,48.6592397],[36.1430402,48.7243035],[36.1592194,48.7842264],[36.0649955,48.8083981],[36.0756049,48.8332397],[36.01928439999999,48.8546717],[36.04008,48.8735334],[36.0117342,48.8880117],[36.0436846,48.9153848],[35.9399698,48.9990133],[35.9387829,48.9713022],[35.88386039999999,48.9752096],[35.8074365,48.9271799],[35.7891069,48.9544168],[35.7241971,48.9665575],[35.695998,48.9427585],[35.695115500000014,48.9671557],[35.6259535,48.9831725],[35.4855021,48.9725939],[35.3018862,49.0693869],[35.3069714,49.0919692],[35.1902869,49.110238],[35.2282838,49.1266789],[35.1879473,49.1625484],[35.086539,49.1413468],[35.0531214,49.1769934],[35.0178946,49.1507738],[34.9803734,49.2501859],[35.0243987,49.3254551],[35.271222,49.2773205],[35.338544,49.3647192],[35.3193163,49.3747969],[35.375321,49.3982179],[35.3479958,49.4048248],[35.3638865,49.4469711],[35.3159704,49.4562505],[35.33168,49.5049098],[35.481305,49.4840718],[35.4910775,49.5082843],[35.4049415,49.5553711],[35.4856818,49.5720132],[35.433372,49.6734492],[35.2436622,49.6935165],[35.259357,49.7334326],[35.2054041,49.7564836],[35.2193739,49.829652],[35.0679745,49.8586254],[35.0637556,49.8853611],[34.9705071,49.8852545],[34.859465,49.9496284],[34.8561234,49.9865627],[34.9648948,50.0746106],[34.9352204,50.1106263]]]}},{"type":"Feature","properties":{"id":"ukr-luhanskoblast","name":"Luhansk Oblast","iso3":"UKR","tier":2,"contested":false},"geometry":{"type":"Polygon","coordinates":[[[37.8706472,49.2377413],[37.9585076,49.2846503],[37.8832423,49.3129006],[37.89635220000001,49.4035736],[37.876152,49.4465133],[37.8447458,49.4459468],[37.8420736,49.5076013],[37.9270058,49.5416455],[37.8846139,49.5489809],[37.953938,49.569411],[37.9353228,49.5944332],[37.9861304,49.6435318],[38.0472283,49.657468],[38.0003789,49.7005025],[38.0173033,49.7138741],[37.9508046,49.731199],[37.9769663,49.767421],[38.0536926,49.7835265],[38.0097381,49.8130186],[38.0183301,49.8375084],[38.0936148,49.8460575],[38.0457543,49.91533530000001],[38.13217,49.92462],[38.2218479,49.9791376],[38.1782301,50.0799958],[38.3295916,50.0854039],[38.3505346,50.0069109],[38.46931,49.99534],[38.48871,49.96324],[38.6475,49.95586],[38.68698,50.0077],[38.71805,49.9835],[38.6939731,49.9349262],[38.7909714,49.8783727],[38.9012094,49.8693465],[38.9306914,49.7968326],[39.0668401,49.8156292],[39.1799425,49.8888021],[39.28522,49.75536],[39.61052,49.73373],[39.59129,49.71828],[39.6579,49.61666],[39.80604,49.55795],[40.1353917,49.6171021],[40.16962,49.56877],[40.0392048,49.5207179],[40.0293438,49.453605],[40.194611,49.3464721],[40.1859301,49.2812231],[40.221282,49.2498992],[40.031113,49.1797592],[39.93805,49.0563998],[39.6931571,49.0504795],[39.6636996,49.000885],[39.752947,48.9859432],[39.7765041,48.9206861],[39.826994,48.8864598],[39.924972,48.8958358],[39.9932321,48.8682063],[40.03511210000001,48.9158883],[40.0801068,48.8701366],[39.9755283,48.79303380000001],[39.8001048,48.8426021],[39.6606493,48.6090856],[39.8504265,48.567896],[39.8464439,48.4737524],[39.8975876,48.4473144],[39.9474499,48.35470439999999],[39.8411602,48.3100535],[39.8876056,48.3085493],[39.9150354,48.2696282],[39.9903342,48.3170583],[40.0095906,48.225118600000016],[39.942,48.22861],[39.9370158,48.1809588],[39.8339672,48.0670142],[39.8833881,48.0416068],[39.7768988,48.0399094],[39.8247759,47.955297],[39.7949201,47.8703755],[39.7380425,47.8277796],[39.5209371,47.8256835],[39.4778062,47.8606797],[39.4132247,47.8297274],[39.3554047,47.8727119],[39.0830608,47.851627],[39.0651605,47.8960073],[39.0914413,47.9409895],[39.0385008,47.9563534],[39.0398439,48.0069404],[38.8253525,48.0297743],[38.8293027,48.0774432],[38.79952690000001,48.0747152],[38.8203959,48.1162414],[38.6024578,48.1722964],[38.5746523,48.2676195],[38.4270415,48.2782877],[38.4334453,48.3392632],[38.498434,48.3655618],[38.4500969,48.3759133],[38.4331687,48.447658],[38.3822732,48.4296101],[38.2882456,48.4767324],[38.320062,48.5089208],[38.2735457,48.5454303],[38.26370210000001,48.6367026],[38.22887520000001,48.6340261],[38.314968,48.6846696],[38.321309,48.7317492],[38.26297880000001,48.7501961],[38.3134821,48.8283026],[38.2213617,48.839623],[38.2278914,48.9367573],[38.0051816,48.9466404],[38.0988686,48.9922557],[38.0530894,49.058901],[38.08158739999999,49.1479994],[38.0403885,49.1266972],[37.926508,49.1438362],[37.8930733,49.1747449],[37.9427266,49.214114],[37.8706472,49.2377413]]]}},{"type":"Feature","properties":{"id":"ukr-donetskoblast","name":"Donetsk Oblast","iso3":"UKR","tier":2,"contested":false},"geometry":{"type":"Polygon","coordinates":[[[36.7885334,48.5668215],[36.7117231,48.6922764],[36.735626,48.7038291],[36.6893458,48.7760627],[36.7198023,48.8056993],[36.8208588,48.7713447],[36.8543266,48.8002885],[36.9664574,48.79335260000001],[37.0358573,48.745891],[36.9949097,48.7873598],[37.0988406,48.85104939999999],[37.1920882,48.8144562],[37.1934712,48.8814166],[37.3279971,48.9219686],[37.2946841,48.9712486],[37.3726615,48.9991999],[37.3849608,49.0482014],[37.479797,49.0574961],[37.5075403,49.0755861],[37.4870661,49.1000633],[37.5845817,49.12615850000001],[37.5012777,49.1804062],[37.5690758,49.231325],[37.7977916,49.202143],[37.843423,49.2010846],[37.8617066,49.2328958],[37.933298,49.220795],[37.9030909,49.1546897],[38.0403885,49.1266972],[38.08158739999999,49.1479994],[38.0530894,49.058901],[38.0988686,48.9922557],[38.0051816,48.9466404],[38.2278914,48.9367573],[38.2213617,48.839623],[38.3134821,48.8283026],[38.26297880000001,48.7501961],[38.321309,48.7317492],[38.314968,48.6846696],[38.22887520000001,48.6340261],[38.26370210000001,48.6367026],[38.2735457,48.5454303],[38.320062,48.5089208],[38.2882456,48.4767324],[38.3822732,48.4296101],[38.4331687,48.447658],[38.4500969,48.3759133],[38.498434,48.3655618],[38.4334453,48.3392632],[38.4270415,48.2782877],[38.5746523,48.2676195],[38.6024578,48.1722964],[38.8203959,48.1162414],[38.79952690000001,48.0747152],[38.8293027,48.0774432],[38.8253525,48.0297743],[39.0398439,48.0069404],[39.0385008,47.9563534],[39.0914413,47.9409895],[39.0744646,47.8695196],[38.8429626,47.8653254],[38.8288189,47.8159186],[38.7889225,47.8159167],[38.7726084,47.6855249],[38.6658283,47.69872880000001],[38.6164372,47.6445813],[38.4564852,47.6440438],[38.4567501,47.6171106],[38.3504612,47.616646],[38.3507161,47.5761965],[38.3107926,47.5761448],[38.2847269,47.5443096],[38.3023895,47.392848],[38.244983,47.3637092],[38.220892,47.3053966],[38.3360399,47.3062541],[38.33353,47.26919],[38.23290870000001,47.228951],[38.228514,47.1226068],[38.3381215,46.9807515],[38.1408636,46.8609996],[37.620074,46.8298909],[37.3979391,46.7015874],[37.1801918,46.7061939],[37.0214379,46.92794],[37.1411334,46.9819937],[37.0893372,47.0074623],[37.1249171,47.0391072],[36.9854155,47.0797715],[37.0127672,47.0893595],[37.0022217,47.1271634],[36.8546099,47.19913380000001],[36.9626139,47.2016559],[36.9260224,47.3194178],[37.0361269,47.2999843],[37.122176900000014,47.3403728],[37.106553,47.3759571],[37.146039,47.3811051],[37.1619798,47.341438],[37.2034182,47.3557652],[37.2450004,47.4691412],[37.1797983,47.4836571],[37.1577018,47.4548597],[36.9443387,47.5761317],[36.8934106,47.5449148],[36.8303171,47.6242291],[36.74810320000001,47.6065962],[36.765849,47.63411330000001],[36.725195,47.6310934],[36.7182719,47.6588466],[36.7916444,47.6849218],[36.7133797,47.6788709],[36.6713057,47.7935819],[36.5876317,47.78535580000001],[36.6047014,47.8508377],[36.5419522,47.9060131],[36.6402445,47.9203042],[36.6288135,47.9618257],[36.5851415,47.9566416],[36.5803089,48.0797505],[36.6533545,48.1002126],[36.8545286,48.0346107],[36.8964823,48.0775859],[36.8728147,48.1839439],[36.9368868,48.1941943],[36.9120949,48.3090059],[36.8170608,48.3125751],[36.8088176,48.3479824],[36.8245029,48.4144032],[36.851371,48.4172453],[36.8298418,48.4846492],[36.8571514,48.48720139999999],[36.8503227,48.517818],[36.9065916,48.5208455],[36.9016063,48.5433125],[36.7885334,48.5668215]]]}},{"type":"Feature","properties":{"id":"ukr-zaporizhiaoblast","name":"Zaporizhia Oblast","iso3":"UKR","tier":2,"contested":false},"geometry":{"type":"Polygon","coordinates":[[[35.4680391,46.1464862],[35.2780627,46.264581],[35.0735362,46.2998986],[35.0534528,46.4815667],[34.8903855,46.5067797],[34.8912198,46.5625704],[34.7576007,46.5493238],[34.7232991,46.5814666],[34.7127641,46.6200738],[34.7563087,46.6269756],[34.7461772,46.6832188],[34.6322356,46.6876186],[34.6252257,46.723972],[34.7504856,46.7578954],[34.7581324,46.8227066],[34.817047399999986,46.82893510000001],[34.8046826,46.8825274],[34.7525692,46.8795369],[34.7361514,46.9614556],[34.6238427,46.9733971],[34.5672697,47.0244915],[34.4909976,47.2406],[34.5300976,47.2507598],[34.4804555,47.3077858],[34.5158861,47.3362281],[34.3053474,47.269141],[34.2426886,47.4338649],[34.1394646,47.4772499],[34.572379,47.5616158],[34.8622727,47.5150718],[34.9580347,47.538279],[34.90571290000001,47.6738848],[34.93824,47.6774],[34.9575165,47.7696292],[34.8935727,47.7601605],[34.8972316,47.8528148],[34.860842,47.8805301],[34.8171129,47.8643294],[34.8019738,47.915638],[34.9190894,47.9334607],[34.904884399999986,47.9857185],[34.8469684,48.0139203],[34.8392142,48.0505126],[34.8756638,48.0544638],[34.8551126,48.133049],[34.9158128,48.1306035],[34.9297378,48.0903267],[35.2842948,48.1449302],[35.5236574,48.0744153],[35.7034121,48.1402147],[35.7428249,48.0957479],[35.8060527,48.1006107],[35.8168631,48.0661227],[35.968644,48.0944313],[35.9752911,48.043179],[36.0524844,48.0590719],[36.0655311,48.0251985],[36.0344335,48.0187162],[36.0707449,47.9715179],[36.0479461,47.9655214],[36.1197291,47.9278626],[36.1192273,47.8647615],[36.0540611,47.8800013],[36.0736508,47.8488326],[36.1958241,47.8594481],[36.1902423,47.8365901],[36.275516900000014,47.8154752],[36.6047014,47.8508377],[36.5876317,47.78535580000001],[36.6713057,47.7935819],[36.7133797,47.6788709],[36.7916444,47.6849218],[36.7182719,47.6588466],[36.725195,47.6310934],[36.765849,47.63411330000001],[36.74810320000001,47.6065962],[36.8303171,47.6242291],[36.8934106,47.5449148],[36.9443387,47.5761317],[37.1577018,47.4548597],[37.1797983,47.4836571],[37.2450004,47.4691412],[37.2034182,47.3557652],[37.1619798,47.341438],[37.146039,47.3811051],[37.106553,47.3759571],[37.122176900000014,47.3403728],[37.0361269,47.2999843],[36.9260224,47.3194178],[36.9626139,47.2016559],[36.8546099,47.19913380000001],[37.0022217,47.1271634],[37.0127672,47.0893595],[36.9854155,47.0797715],[37.0986952,47.0592489],[37.1249171,47.0391072],[37.0893372,47.0074623],[37.1411334,46.9819937],[37.0214379,46.92794],[37.1687215,46.710379],[37.024161,46.6389232],[36.9473173,46.5129313],[36.7435744,46.4598306],[36.4987834,46.5281547],[36.292106900000014,46.3528828],[36.1374399,46.301961],[35.968556,46.3219563],[35.8444224,46.409999],[35.5819369,46.26281080000001],[35.4680391,46.1464862]]]}},{"type":"Feature","properties":{"id":"ukr-lvivoblast","name":"Lviv Oblast","iso3":"UKR","tier":2,"contested":false},"geometry":{"type":"Polygon","coordinates":[[[24.0989685,50.63711630000001],[24.1548753,50.6466569],[24.2111125,50.5922008],[24.3122418,50.5718515],[24.3807168,50.6091548],[24.4502741,50.5391609],[24.5306178,50.5515668],[24.5545922,50.4940955],[24.5974305,50.4784911],[24.5967046,50.4138503],[24.7072769,50.3837259],[24.7148915,50.3428563],[24.9368321,50.3457144],[24.9406026,50.3892649],[25.0587799,50.3423377],[25.0543113,50.3008781],[25.2049528,50.279314],[25.1654352,50.20919],[25.2151109,50.1795649],[25.1972619,50.1309987],[25.3206075,50.0149632],[25.4023489,49.9859144],[25.4268852,49.9371106],[25.387295,49.9326765],[25.3750569,49.8679833],[25.2875415,49.8282399],[25.0838073,49.8284641],[25.0723704,49.7702238],[25.1118119,49.7414586],[25.0674447,49.7115007],[25.0221388,49.7351472],[24.9880067,49.6432338],[24.9426868,49.609212],[24.721255,49.5698165],[24.7208316,49.4967507],[24.4348914,49.5370975],[24.4013917,49.4950409],[24.410474,49.4448809],[24.3598599,49.43071590000001],[24.4293638,49.3732931],[24.3807614,49.3078873],[24.2987871,49.2958336],[24.3639992,49.2807392],[24.3579039,49.2333716],[24.4468487,49.2306963],[24.4349728,49.17381],[24.3566622,49.1858145],[24.1646304,49.127658],[23.9694822,49.1379507],[23.9044927,49.0982005],[23.7524064,49.1242744],[23.69176,49.0954796],[23.6727987,49.0365915],[23.5658425,48.9747138],[23.5859799,48.9546293],[23.5614441,48.9107309],[23.60759,48.8762288],[23.5516339,48.8225409],[23.5784101,48.7786594],[23.5476125,48.7257975],[23.3969397,48.732868],[23.3615816,48.7706896],[23.2017233,48.7603487],[23.0987793,48.8628683],[22.9813228,48.8391545],[22.8723275,48.9417657],[22.9190125,48.970395],[22.8666883,49.039859],[22.8927565,49.094556],[22.7391328,49.1579778],[22.7561721,49.1826257],[22.7072649,49.1749798],[22.7476795,49.2156221],[22.7148875,49.2264901],[22.7468112,49.3598907],[22.6966855,49.495128],[22.6408308,49.5299919],[23.2800844,50.1005448],[23.6863263,50.3316353],[23.7270286,50.3880008],[23.997543,50.4121407],[24.0701051,50.5033883],[24.0989685,50.63711630000001]]]}},{"type":"Feature","properties":{"id":"ukr-ivanofrankivskoblast","name":"Ivano-Frankivsk Oblast","iso3":"UKR","tier":2,"contested":false},"geometry":{"type":"Polygon","coordinates":[[[23.5474733,48.7296935],[23.5784101,48.7786594],[23.5516339,48.8225409],[23.60759,48.8762288],[23.5614441,48.9107309],[23.5859799,48.9546293],[23.5658425,48.9747138],[23.6639902,49.0282757],[23.6991766,49.0999184],[23.7626879,49.12451590000001],[23.9044927,49.0982005],[23.9694822,49.1379507],[24.1646304,49.127658],[24.3566622,49.1858145],[24.4349728,49.17381],[24.4468487,49.2306963],[24.3579039,49.2333716],[24.3639992,49.2807392],[24.3049558,49.2774402],[24.2992625,49.3005907],[24.3807614,49.3078873],[24.4300812,49.3770181],[24.3598599,49.43071590000001],[24.410474,49.4448809],[24.4013917,49.4950409],[24.4348914,49.5370975],[24.4855735,49.5477701],[24.505327,49.5128466],[24.5695913,49.5341219],[24.7208316,49.4967507],[24.7755831,49.3775254],[24.8291039,49.3851928],[24.8593023,49.3470232],[24.8285985,49.320794],[24.8433405,49.2626398],[24.9338983,49.23313080000001],[24.8564621,49.16351930000001],[24.9853817,49.1167563],[24.9912198,49.0712032],[24.9163223,49.0830939],[24.9029265,49.054698],[24.9655136,48.9928027],[25.1194375,48.9948205],[25.1426264,48.8678698],[25.1705651,48.8703733],[25.1908258,48.9270798],[25.2342541,48.9319971],[25.2109485,48.8462336],[25.2604539,48.866679],[25.4268331,48.8430251],[25.4517635,48.867391],[25.4534465,48.8322478],[25.6359178,48.7514421],[25.6103706,48.7214807],[25.6531196,48.7044281],[25.585391,48.6349788],[25.6209324,48.3799089],[25.452434,48.4031547],[25.3570866,48.3839416],[25.1942003,48.255523],[25.1061649,48.225311300000016],[25.1384896,48.1815621],[25.0885156,48.1814381],[25.0346205,48.110937],[24.9806835,48.1124358],[24.9945425,48.0868115],[24.911611,48.0272024],[24.91937,47.9464472],[24.9960986,47.8543278],[24.9224811,47.7262917],[24.88592,47.72461],[24.82773,47.82074],[24.7054036,47.839305],[24.6248951,47.9512728],[24.5632,47.96837],[24.5738513,48.0154555],[24.6264407,48.0491779],[24.5040573,48.1531893],[24.5458125,48.2158429],[24.4841749,48.2456802],[24.4839969,48.2830302],[24.3051898,48.3968532],[24.2588318,48.3502436],[24.177755,48.3657011],[24.1247666,48.45335],[24.1231541,48.5340115],[23.9252287,48.4643821],[23.928968,48.5523711],[23.8578953,48.5530849],[23.7922933,48.5920266],[23.7898821,48.6402134],[23.7073864,48.6380231],[23.5474733,48.7296935]]]}},{"type":"Feature","properties":{"id":"ukr-zakarpattiaoblast","name":"Zakarpattia Oblast","iso3":"UKR","tier":2,"contested":false},"geometry":{"type":"Polygon","coordinates":[[[22.7654949,49.0535296],[22.9190125,48.970395],[22.8737957,48.9573745],[22.8769255,48.9333871],[22.9867109,48.8359447],[23.0987793,48.8628683],[23.2017233,48.7603487],[23.3615816,48.7706896],[23.3969397,48.732868],[23.6309451,48.704292],[23.7045598,48.6391461],[23.7898821,48.6402134],[23.7922933,48.5920266],[23.8578953,48.5530849],[23.928968,48.5523711],[23.9252287,48.4643821],[24.1248477,48.5333697],[24.1484546,48.388618],[24.2561118,48.350036],[24.2842912,48.40217830000001],[24.3535253,48.3804185],[24.5436581,48.2191938],[24.5003335,48.1599287],[24.62615,48.0480084],[24.552554,47.9585476],[24.436135,47.9703831],[24.3491371,47.9151885],[24.2175105,47.897554],[24.007238,47.9677717],[23.8642785,47.9317947],[23.8191668,47.983255],[23.6649023,47.9834864],[23.5297268,48.0217884],[23.50113,47.96871],[23.45478,47.97626],[23.28827,48.04767],[23.2676437,48.1000756],[23.1666772,48.1199488],[23.11403,48.08647],[23.0906324,48.0058477],[23.0135472,47.990551],[22.9271159,48.0191626],[22.9476952,47.9673562],[22.8977094,47.9540405],[22.8401738,47.9815977],[22.8819168,48.0539495],[22.82417,48.1175352],[22.5902764,48.1073415],[22.5711443,48.19614280000001],[22.4898726,48.253442],[22.3847548,48.2339633],[22.3178106,48.3545437],[22.2398761,48.3870056],[22.2654858,48.4098675],[22.142326,48.405255],[22.171379,48.587537],[22.339611,48.683893],[22.383536,48.86504],[22.477309,48.991182],[22.545495,49.006765],[22.553237,49.079483],[22.586069,49.0969687],[22.6801837,49.0393819],[22.7654949,49.0535296]]]}},{"type":"Feature","properties":{"id":"ukr-ternopiloblast","name":"Ternopil Oblast","iso3":"UKR","tier":2,"contested":false},"geometry":{"type":"Polygon","coordinates":[[[25.3483322,50.0102479],[25.3635451,50.0459199],[25.4316336,50.053043],[25.4890549,50.1018193],[25.4484554,50.1244137],[25.4760714,50.16615020000001],[25.6254407,50.1521476],[25.8575725,50.1914463],[25.9278518,50.2555599],[26.1657614,50.2308693],[26.2211794,50.2668373],[26.1790979,50.1972811],[26.2735469,50.1028952],[26.19871,50.0977586],[26.2269176,50.0473326],[26.1759418,50.02514820000001],[26.2106336,50.0158902],[26.202412,49.9921345],[26.1419051,49.9721057],[26.1660552,49.9222487],[26.1327674,49.8984055],[26.2010651,49.8662666],[26.1782156,49.8472784],[26.2435739,49.7453084],[26.1908125,49.7142118],[26.2724686,49.6568778],[26.1992682,49.6086606],[26.2190868,49.5511556],[26.1423008,49.5094531],[26.2353706,49.4004858],[26.2260855,49.3279309],[26.2595569,49.2895585],[26.1831752,49.19593080000001],[26.191981,49.0774723],[26.2155701,49.0722642],[26.183425,49.057046],[26.2157057,49.0056132],[26.1760922,48.9954615],[26.2119434,48.9829282],[26.1773845,48.9736839],[26.2081606,48.9550574],[26.1838873,48.9155414],[26.2238477,48.9101462],[26.1998168,48.8589785],[26.2585614,48.815376],[26.2072959,48.7971811],[26.2458053,48.7557963],[26.2210478,48.6863299],[26.2795395,48.6682396],[26.2728011,48.6472845],[26.3075339,48.6575855],[26.2878601,48.6401446],[26.3236557,48.62933390000001],[26.2929932,48.62285],[26.3598001,48.5880004],[26.3364023,48.569512900000014],[26.3605077,48.54168149999999],[26.3794772,48.564667],[26.4433425,48.5386163],[26.3548899,48.5074845],[26.267827,48.5399626],[26.1686714,48.5283177],[26.1182618,48.6200287],[26.0959491,48.599541],[26.1270502,48.5543855],[26.091846,48.53874],[26.0443174,48.5852662],[26.0658521,48.607129],[26.0466148,48.6489835],[26.0209667,48.61031530000001],[25.9752205,48.6208758],[25.9144252,48.5868106],[25.8490802,48.5970976],[25.7845841,48.6750904],[25.7335111,48.6335148],[25.6230235,48.6756055],[25.6530103,48.7052137],[25.6098881,48.725578],[25.6405498,48.74811110000001],[25.4554085,48.8308982],[25.4517635,48.867391],[25.4268331,48.8430251],[25.2604539,48.866679],[25.2109485,48.8462336],[25.2311911,48.9325437],[25.1413784,48.8681902],[25.1194375,48.9948205],[24.9655136,48.9928027],[24.9050072,49.0497061],[24.9163223,49.0830939],[24.9912198,49.0712032],[24.9853817,49.1167563],[24.8564621,49.16351930000001],[24.9334307,49.2349261],[24.8281056,49.2854168],[24.8593023,49.3470232],[24.8280627,49.3857999],[24.7755831,49.3775254],[24.7239868,49.4815538],[24.721255,49.5698165],[24.9543189,49.6159176],[25.0221388,49.7351472],[25.0674447,49.7115007],[25.114973,49.7456373],[25.0723704,49.7702238],[25.0838073,49.8284641],[25.2859671,49.8279945],[25.3750569,49.8679833],[25.387295,49.9326765],[25.4270041,49.9431685],[25.3483322,50.0102479]]]}},{"type":"Feature","properties":{"id":"ukr-chernivtsioblast","name":"Chernivtsi Oblast","iso3":"UKR","tier":2,"contested":false},"geometry":{"type":"Polygon","coordinates":[[[24.9222636,47.7268427],[24.9960986,47.8543278],[24.91937,47.9464472],[24.911611,48.0272024],[24.9945425,48.0868115],[24.9806835,48.1124358],[25.0346205,48.110937],[25.0885156,48.1814381],[25.1384896,48.1815621],[25.1061649,48.225311300000016],[25.1942003,48.255523],[25.3115677,48.3673877],[25.452434,48.4031547],[25.6209324,48.3799089],[25.5852596,48.6334131],[25.6279644,48.6727446],[25.7354165,48.6330821],[25.799178,48.6706572],[25.8490802,48.5970976],[25.9090353,48.5868944],[26.0209667,48.61031530000001],[26.0484062,48.6486252],[26.0658521,48.607129],[26.0443174,48.5852662],[26.091846,48.53874],[26.1270502,48.5543855],[26.0959491,48.599541],[26.1182618,48.6200287],[26.1686714,48.5283177],[26.267827,48.5399626],[26.3548899,48.5074845],[26.4850683,48.5465089],[26.5962661,48.4512087],[26.626278,48.4636682],[26.6104249,48.5056314],[26.7134937,48.4958632],[26.6229871,48.5547789],[26.7291413,48.5333779],[26.7289159,48.5874216],[26.7783889,48.5469672],[26.8032109,48.6095211],[26.882604,48.5424333],[26.9884643,48.5901062],[27.1001548,48.5555871],[27.1608483,48.5851779],[27.2481201,48.56514210000001],[27.2652728,48.5862935],[27.2324733,48.6096845],[27.2545805,48.6270824],[27.3203884,48.5992287],[27.3634297,48.6329827],[27.4517487,48.5964955],[27.4786202,48.5068476],[27.5332288,48.4694447],[27.466625,48.4486337],[27.4471233,48.4096872],[27.3197236,48.443588],[27.2863711,48.3715301],[27.1236425,48.3791991],[27.0848758,48.4347067],[27.0144095,48.42511360000001],[27.0468251,48.3764249],[26.9951902,48.3594809],[26.9317325,48.3632932],[26.8729999,48.4194316],[26.7216694,48.4107166],[26.765159,48.35364649999999],[26.8248881,48.3442722],[26.8173308,48.2950724],[26.6800778,48.3589041],[26.6958934,48.3272353],[26.6162823,48.274228],[26.6196458,48.2389872],[26.3334627,48.183777],[26.1843731,47.9946644],[25.3111278,47.9142923],[25.2289808,47.891948],[25.1133034,47.7543544],[24.9222636,47.7268427]]]}},{"type":"Feature","properties":{"id":"ukr-odessaoblast","name":"Odessa Oblast","iso3":"UKR","tier":2,"contested":false},"geometry":{"type":"Polygon","coordinates":[[[31.1487573,46.4047651],[31.047436,46.376862],[30.9185464,46.125555100000014],[30.6675873,45.9598603],[30.434549,45.716597],[30.0663366,45.5058723],[30.0730156,45.4348232],[30.3131107,45.4419013],[30.4684196,45.3328264],[30.4902641,45.2555717],[30.4684196,45.1782118],[30.3131107,45.0686288],[30.1290166,45.0601063],[30.0223274,45.0974538],[29.9520734,45.1696735],[29.6906352,45.1917235],[29.65093,45.3396186],[29.5671135,45.4010403],[29.4297317,45.4425841],[29.238151,45.432705],[28.9658847,45.3309818],[28.941882,45.280499],[28.7961829,45.3347304],[28.803259,45.303102],[28.752028,45.284082],[28.7925883,45.2434782],[28.7109378,45.2236659],[28.349033,45.320399],[28.280666,45.444068],[28.2117366,45.4667022],[28.3049563,45.5470492],[28.4216455,45.5130898],[28.4213719,45.4856006],[28.5162316,45.49991520000001],[28.4911588,45.5710649],[28.5442475,45.5798158],[28.5158317,45.6652573],[28.4807062,45.6782243],[28.5203659,45.7372949],[28.5887584,45.72933860000001],[28.5807104,45.7706882],[28.7093761,45.779905],[28.6969302,45.8178731],[28.78606,45.8325017],[28.7546392,45.92931570000001],[28.7764997,45.9706941],[28.9791012,46.0034521],[29.0055006,46.0494448],[28.9507198,46.0936592],[29.0675307,46.19561310000001],[28.9523067,46.2594674],[29.0036107,46.3166422],[28.9306628,46.4575418],[29.0255332,46.4623426],[28.9812825,46.4890091],[29.1639146,46.5152953],[29.1617878,46.5445005],[29.2357221,46.5583735],[29.255138,46.48553290000001],[29.2194472,46.4637659],[29.2466326,46.4161675],[29.2066449,46.3865514],[29.2408288,46.3760992],[29.3242598,46.4148795],[29.3077596,46.4648863],[29.351412,46.5042766],[29.3961204,46.42519],[29.3867863,46.4466366],[29.4485029,46.49857220000001],[29.5017815,46.461665],[29.4944148,46.4279661],[29.5661728,46.4164552],[29.6030959,46.3537624],[29.6776137,46.3611973],[29.660208,46.435844],[29.7344943,46.4350274],[29.7423835,46.4734172],[29.8229394,46.395807],[29.8051063,46.3854737],[29.8911809,46.3520941],[29.9386242,46.4004649],[30.0966433,46.3752274],[30.1635137,46.4132761],[30.0224114,46.4420941],[29.9867551,46.5101853],[29.9371699,46.4937582],[29.8759238,46.5466939],[29.9425626,46.5547187],[29.9487314,46.5609106],[29.9747042,46.75211880000001],[29.9352051,46.805812],[29.9685953,46.8318419],[29.9059551,46.8204369],[29.8840737,46.8861272],[29.7493567,46.8609589],[29.7180636,46.932117],[29.6479227,46.9194283],[29.6396538,46.9551812],[29.557411,46.9580908],[29.5957857,46.9635699],[29.6024826,47.0416336],[29.6286758,47.044726],[29.6134694,47.0960567],[29.5302017,47.0754494],[29.4947466,47.1315218],[29.5799248,47.1357635],[29.5521097,47.2513875],[29.5986932,47.2573916],[29.5741936,47.3704013],[29.4876534,47.3558608],[29.4857162,47.3058776],[29.4270454,47.292148200000014],[29.3983616,47.300472],[29.3907218,47.3797607],[29.3376224,47.3705533],[29.3174901,47.4492004],[29.2437545,47.4153066],[29.2423457,47.4619687],[29.190968,47.4250576],[29.1905546,47.4671055],[29.1575637,47.4592329],[29.1896722,47.5139663],[29.1515404,47.5065536],[29.1168818,47.5544991],[29.1846596,47.5719641],[29.2339567,47.6425893],[29.2093865,47.6422973],[29.2311065,47.6837634],[29.2043638,47.7190685],[29.2761347,47.8037076],[29.1984213,47.8198447],[29.2816292,47.8879163],[29.2006376,47.8843692],[29.1753154,47.9937782],[29.0928891,47.9830705],[29.0737632,47.9438964],[28.961602,47.97919],[28.9227753,47.962456],[28.8334151,48.0728476],[28.9261686,48.0948225],[28.9452196,48.1568145],[29.0321819,48.1255746],[29.0759486,48.194287],[29.1415715,48.1408065],[29.2519371,48.1493573],[29.2616872,48.1304524],[29.2033243,48.1186846],[29.278741,48.0904447],[29.4669636,48.1229396],[29.5693795,48.0986912],[29.6024368,48.1329226],[29.6636336,48.1075893],[29.6547508,48.1951847],[29.8421435,48.2119031],[29.8920711,48.1842413],[29.9301233,48.2339336],[29.9900373,48.2307335],[30.0029473,48.1843523],[30.0677575,48.1451093],[30.2644997,48.1484102],[30.3572429,48.1121941],[30.2072031,48.0686617],[30.2562703,48.0283884],[30.2252131,48.0121253],[30.2457711,47.9672324],[30.3076453,47.9297379],[30.3303633,47.8109707],[30.4360069,47.8007676],[30.3894006,47.7524518],[30.4201683,47.6349012],[30.6620616,47.6349131],[30.6695103,47.6010323],[30.7198446,47.6087379],[30.709005,47.6393413],[30.7885201,47.6492321],[30.7794845,47.5840571],[30.7448445,47.5797813],[30.7731717,47.5463026],[30.8759523,47.5449512],[30.8481527,47.4394191],[30.8871446,47.4260139],[30.9088173,47.3458803],[30.8678758,47.3343265],[30.9075063,47.27738],[30.9971579,47.2897998],[31.0180868,47.23931240000001],[31.1704805,47.266338],[31.1568469,47.1816542],[31.1089295,47.1877273],[31.109965,47.1556144],[31.2695325,47.1718815],[31.2914197,47.0247331],[31.2294954,47.0217571],[31.242356,46.991323],[31.0173839,46.9610091],[31.0400672,46.8991214],[31.1562659,46.8353428],[31.1778072,46.769368],[31.1540348,46.7351697],[31.1971883,46.6602818],[31.1487573,46.4047651]]]}},{"type":"Feature","properties":{"id":"ukr-mykolaivoblast","name":"Mykolaiv Oblast","iso3":"UKR","tier":2,"contested":false},"geometry":{"type":"Polygon","coordinates":[[[33.0950145,47.5971097],[33.0949698,47.5276253],[33.1417425,47.5434739],[33.1378337,47.4195283],[33.0715543,47.4124492],[33.0667949,47.4749215],[33.0359379,47.3911547],[33.122145,47.3900959],[33.1372968,47.3336504],[33.1029147,47.3223493],[33.1052117,47.280462],[33.1828442,47.2386218],[33.1282443,47.23131820000001],[33.1296424,47.2028056],[33.0721214,47.22337070000001],[33.0366964,47.1777301],[32.961355,47.1896302],[32.9178741,47.1434371],[32.9166978,47.0871808],[33.06857030000001,47.0221965],[33.0227575,46.9729052],[32.9496959,47.0031886],[32.9496623,46.9465451],[32.9794684,46.9335239],[32.8392106,46.8962844],[32.9491152,46.8579487],[32.7013967,46.8207644],[32.68788449999999,46.8620814],[32.5854524,46.8558401],[32.5442811,46.8831729],[32.5319975,46.8237711],[32.3653801,46.8292647],[32.3728903,46.7990798],[32.3416307,46.7954457],[32.2275364,46.8452028],[32.2522118,46.81960439999999],[32.2096967,46.8057258],[32.2186855,46.7713054],[32.05715,46.7446436],[32.0869547,46.6835172],[31.9401854,46.6509997],[31.8072011,46.4789798],[31.8306389,46.3532824],[31.1590964,46.4096818],[31.1971883,46.6602818],[31.1540348,46.7351697],[31.1778072,46.769368],[31.1562659,46.8353428],[31.0400672,46.8991214],[31.0173839,46.9610091],[31.242356,46.991323],[31.2294954,47.0217571],[31.2914197,47.0247331],[31.2695325,47.1718815],[31.109965,47.1556144],[31.1089295,47.1877273],[31.1568469,47.1816542],[31.1704805,47.266338],[31.0180868,47.23931240000001],[30.9971579,47.2897998],[30.9075063,47.27738],[30.8678758,47.3343265],[30.9088173,47.3458803],[30.8871446,47.4260139],[30.8481527,47.4394191],[30.8759523,47.5449512],[30.7731717,47.5463026],[30.7448445,47.5797813],[30.7794845,47.5840571],[30.7885201,47.6492321],[30.709005,47.6393413],[30.7198446,47.6087379],[30.6695103,47.6010323],[30.6620616,47.6349131],[30.4201683,47.6349012],[30.3894006,47.7524518],[30.4360069,47.8007676],[30.3303633,47.8109707],[30.3076453,47.9297379],[30.2457711,47.9672324],[30.2252131,48.0121253],[30.2562703,48.0283884],[30.2072031,48.0686617],[30.3568829,48.1010306],[30.3069949,48.1419818],[30.3674324,48.175152900000015],[30.6178592,48.1560366],[30.7167351,48.1955866],[30.9004589,48.1593543],[30.9893926,48.1843242],[30.9812175,48.22218280000001],[31.1366502,48.2294938],[31.2204567,48.1708497],[31.2365524,48.1169403],[31.4868521,48.1295906],[31.4985336,48.0873897],[31.4701323,48.0634245],[31.4925401,48.0502899],[31.5509943,48.0699355],[31.5405344,48.1077935],[31.5713612,48.0970356],[31.582466,48.128718200000016],[31.7673464,48.10213920000001],[31.7830732,48.0423319],[31.7290654,48.0355775],[31.7527849,47.9437813],[31.8439389,47.9636924],[31.8846702,47.8940044],[31.8897953,47.8656391],[31.8532711,47.848407],[31.8691185,47.8234751],[31.8274308,47.8165727],[31.8381746,47.7821658],[32.0548462,47.8173172],[32.1402589,47.7488944],[32.2316815,47.760423],[32.248037,47.816465],[32.3037571,47.8239474],[32.3629765,47.7888589],[32.6575792,47.8195987],[32.6855937,47.873001],[32.6517763,47.9214869],[32.74557280000001,47.932722],[32.6971688,47.9466922],[32.6890579,47.9825853],[32.8941148,47.9857122],[32.8702838,48.0319424],[32.9892162,48.0484699],[33.0011627,47.917957],[33.0783706,47.9204573],[33.086095,47.8860016],[33.0499017,47.7818048],[33.0720927,47.7389395],[32.9722994,47.7226695],[33.0145529,47.6208511],[32.9595839,47.5931072],[33.0950145,47.5971097]]]}},{"type":"Feature","properties":{"id":"ukr-crimea","name":"Crimea","iso3":"UKR","tier":2,"contested":true,"contested_id":"crimea","neutral_controller":"UKR","pov_ua":"Autonomous Republic of Crimea","pov_ru":"Republic of Crimea"},"geometry":{"type":"Polygon","coordinates":[[[32.7727018,45.8266419],[33.5407189,46.0120312],[33.5911874,46.0612472],[33.572132900000014,46.1025643],[33.6412746,46.1424429],[33.6152408,46.2262179],[33.6459447,46.2301515],[33.7399776,46.1852474],[33.8486859,46.1996667],[34.1843736,46.0668628],[34.3396228,46.0578798],[34.4762212,45.9441393],[34.5611691,45.9943843],[34.628541,45.9864034],[34.8021689,45.9006479],[34.7990874,45.8104643],[34.9597746,45.7565682],[35.2334204,45.7917299],[35.459695,45.56033810000001],[35.5747509,45.4895333],[35.6502154,45.5926212],[35.785215,45.643321],[35.9817734,45.6167329],[36.3387005,45.6715002],[36.6684499,45.6266206],[36.6635019,45.3599397],[36.530486,45.1992024],[36.6097225,44.9406672],[36.4913688,44.869256],[36.2558416,44.821864],[36.1028199,44.8336163],[35.8198798,44.79234370000001],[35.6322493,44.8491155],[35.1774068,44.5973337],[34.9291911,44.6108698],[34.735755,44.5848013],[34.666135900000015,44.547163],[34.5414024,44.3954029],[34.23751520000001,44.2321868],[33.9713201,44.1854172],[33.696591,44.1910397],[33.762308300000015,44.3900862],[33.9262025,44.4213251],[33.8272108,44.5712636],[33.7162703,44.62043830000001],[33.7769711,44.690265],[33.6161203,44.711976],[33.6136625,44.7497551],[33.6772085,44.7861542],[33.2951871,44.9405202],[33.0279839,45.0074406],[32.8314558,45.1507864],[32.6313994,45.1120768],[32.3800301,45.1645297],[32.2862554,45.2157904],[32.229222,45.2890568],[32.2062983,45.4386318],[32.3218024,45.59693830000001],[32.7727018,45.8266419]]]}},{"type":"Feature","properties":{"id":"ukr-vinnytsiaoblast","name":"Vinnytsia Oblast","iso3":"UKR","tier":2,"contested":false},"geometry":{"type":"Polygon","coordinates":[[[27.8154721,49.7353014],[27.9581943,49.7788202],[28.225991,49.7863594],[28.2446644,49.8139221],[28.3793487,49.7805271],[28.4227994,49.8242244],[28.5286841,49.8206344],[28.5695889,49.7739435],[28.6361556,49.81729749999999],[28.734076,49.7982284],[28.7509035,49.844421],[28.8681563,49.8892989],[28.9533624,49.8402037],[28.9710866,49.8034687],[28.9408477,49.7827712],[29.0017212,49.7402649],[28.94623,49.68017],[29.0102711,49.63255130000001],[28.9936723,49.5974362],[29.2754578,49.5895534],[29.2754802,49.6271441],[29.3799247,49.6190667],[29.408687,49.6593178],[29.5201371,49.6456749],[29.4991845,49.5942619],[29.5395379,49.5212911],[29.5842285,49.5065963],[29.5448637,49.4844854],[29.5943177,49.4431281],[29.5026174,49.3712068],[29.5367911,49.323146],[29.6182679,49.3054955],[29.6395259,49.246667],[29.6892235,49.2373325],[29.7103971,49.2628683],[29.7360676,49.228975700000014],[29.7037876,49.224668],[29.7333147,49.1224176],[29.6784411,49.1124639],[29.6904196,49.0878575],[29.650194,49.09661230000001],[29.6315852,49.0472981],[29.605156,49.0563594],[29.6957092,49.0005498],[29.6525337,48.9375034],[29.7355714,48.9081782],[29.7067679,48.8969243],[29.7615402,48.8471784],[29.766039,48.7864396],[29.8664882,48.763110300000015],[29.8608927,48.699622],[29.9900697,48.6364408],[29.9473951,48.5960097],[30.0059539,48.5732887],[30.0207736,48.5192342],[29.9890021,48.5163691],[30.0006166,48.4921663],[29.9666519,48.4915601],[29.9513267,48.4500901],[29.7872126,48.3699234],[29.8114318,48.3463217],[29.7494658,48.2894543],[29.7796955,48.2054765],[29.6547508,48.1951847],[29.6636336,48.1075893],[29.6024368,48.1329226],[29.5693795,48.0986912],[29.4669636,48.1229396],[29.278741,48.0904447],[29.2033243,48.1186846],[29.2616872,48.1304524],[29.2519371,48.1493573],[29.1415715,48.1408065],[29.0645692,48.1945958],[29.0326818,48.1257944],[28.9452196,48.1568145],[28.9261686,48.0948225],[28.8691535,48.06903890000001],[28.8334871,48.1288117],[28.6877883,48.1246255],[28.5773463,48.1824491],[28.5032478,48.1510397],[28.49003,48.065855],[28.4217104,48.122174],[28.4283707,48.172392],[28.3066348,48.1394941],[28.3615909,48.1919403],[28.3529692,48.2464422],[28.2083342,48.2047564],[28.1777119,48.2570226],[28.0902615,48.2340647],[28.0748217,48.3166837],[27.9544086,48.3281375],[27.7863339,48.4465906],[27.6436076,48.4418167],[27.5914238,48.4612931],[27.5985699,48.4911721],[27.5141179,48.4731081],[27.4517487,48.5964955],[27.3730454,48.6306304],[27.4149079,48.6994995],[27.3884652,48.7640991],[27.4285264,48.79639810000001],[27.3916398,48.9307473],[27.4171276,48.9713527],[27.3825289,49.0079094],[27.4372923,49.0698742],[27.5038165,49.0687683],[27.4799239,49.0886785],[27.506207,49.1318455],[27.5741327,49.1208528],[27.6393175,49.1675403],[27.7403544,49.1388066],[27.7765909,49.1892529],[27.8977743,49.1864219],[27.8494464,49.2646079],[27.8590931,49.3306885],[27.8114316,49.3684731],[27.85175,49.4270317],[27.7512058,49.4394259],[27.7912698,49.4879374],[27.7354786,49.49513850000001],[27.7432534,49.531011],[27.7945645,49.5307177],[27.7578745,49.5755356],[27.8105107,49.6435873],[27.762281,49.6967832],[27.8112203,49.7021602],[27.8366954,49.7298405],[27.8154721,49.7353014]]]}},{"type":"Feature","properties":{"id":"ukr-khmelnytskyioblast","name":"Khmelnytskyi Oblast","iso3":"UKR","tier":2,"contested":false},"geometry":{"type":"Polygon","coordinates":[[[26.2085051,50.1545696],[26.287114,50.1839581],[26.3972045,50.2650078],[26.504442,50.2619515],[26.5200307,50.3056774],[26.6018781,50.3680489],[26.6486062,50.3654166],[26.7367502,50.4447119],[26.7349885,50.4773224],[26.7419938,50.4613163],[26.7866043,50.4672651],[26.7646952,50.4890815],[26.8277286,50.5232286],[26.8555762,50.5094057],[26.8989508,50.5462886],[26.9830879,50.5228735],[27.118275,50.5945324],[27.1308387,50.560477],[27.1959471,50.5622373],[27.2669955,50.4914824],[27.301903,50.4928386],[27.2491767,50.392738],[27.3207822,50.36875230000001],[27.3158174,50.3305788],[27.4033819,50.313325],[27.4200145,50.2988375],[27.3910184,50.2895906],[27.5213905,50.22527],[27.5964792,50.2585336],[27.6213573,50.1696384],[27.6636798,50.193138800000014],[27.6805155,50.1575896],[27.6312299,50.1448231],[27.6146875,50.0861246],[27.6667498,50.0766032],[27.6812005,50.0352294],[27.5462472,50.0113298],[27.5748414,49.9490919],[27.5454091,49.9014508],[27.6251955,49.8923895],[27.6459042,49.8077595],[27.7274845,49.7997616],[27.7032979,49.7694034],[27.8366954,49.7298405],[27.762281,49.6967832],[27.8113797,49.6147393],[27.7578745,49.5755356],[27.7945645,49.5307177],[27.7432534,49.531011],[27.7354786,49.49513850000001],[27.7912698,49.4879374],[27.7512058,49.4394259],[27.85175,49.4270317],[27.8114316,49.3684731],[27.8590931,49.3306885],[27.8494464,49.2646079],[27.8977743,49.1864219],[27.7765909,49.1892529],[27.7403544,49.1388066],[27.6010648,49.1612655],[27.5741327,49.1208528],[27.5350075,49.1412525],[27.4924406,49.1216806],[27.5038165,49.0687683],[27.4159894,49.0545558],[27.3825289,49.0079094],[27.4171276,48.9713527],[27.3916398,48.9307473],[27.4285264,48.79639810000001],[27.3881671,48.7627678],[27.4146232,48.6976566],[27.3447503,48.6051105],[27.2563312,48.6276441],[27.2324733,48.6096845],[27.2652728,48.5862935],[27.2481201,48.56514210000001],[27.1608483,48.5851779],[27.1001548,48.5555871],[26.9884643,48.5901062],[26.8788696,48.5423867],[26.8032109,48.6095211],[26.7783889,48.5469672],[26.7289159,48.5874216],[26.7291413,48.5333779],[26.6229871,48.5547789],[26.7134937,48.4958632],[26.6104249,48.5056314],[26.626278,48.4636682],[26.5962661,48.4512087],[26.4878256,48.5454844],[26.3794772,48.564667],[26.3605077,48.54168149999999],[26.3364023,48.569512900000014],[26.3598001,48.5880004],[26.2929932,48.62285],[26.3236557,48.62933390000001],[26.2878601,48.6401446],[26.3075339,48.6575855],[26.2728011,48.6472845],[26.2795395,48.6682396],[26.2198006,48.6882117],[26.2458053,48.7557963],[26.2072959,48.7971811],[26.2585614,48.815376],[26.1998168,48.8589785],[26.2246353,48.9086683],[26.1855784,48.9104302],[26.2081606,48.9550574],[26.1771046,48.9699014],[26.2157057,49.0056132],[26.1833527,49.0557299],[26.2155701,49.0722642],[26.191981,49.0774723],[26.1831752,49.19593080000001],[26.2595569,49.2895585],[26.2260855,49.3279309],[26.2353706,49.4004858],[26.1423008,49.5094531],[26.2190868,49.5511556],[26.1992682,49.6086606],[26.2724686,49.6568778],[26.1908125,49.7142118],[26.2435739,49.7453084],[26.1782156,49.8472784],[26.2010651,49.8662666],[26.1327674,49.8984055],[26.1660552,49.9222487],[26.1419051,49.9721057],[26.202412,49.9921345],[26.2106336,50.0158902],[26.1759418,50.02514820000001],[26.2269176,50.0473326],[26.19871,50.0977586],[26.2735469,50.1028952],[26.2085051,50.1545696]]]}},{"type":"Feature","properties":{"id":"ukr-cherkasyoblast","name":"Cherkasy Oblast","iso3":"UKR","tier":2,"contested":false},"geometry":{"type":"Polygon","coordinates":[[[29.7368098,49.2282904],[29.760772,49.1793732],[29.8827645,49.1857997],[29.9555191,49.2521457],[29.9485188,49.3119505],[30.0268406,49.3326968],[30.0783754,49.3224588],[30.1117668,49.2701985],[30.1362048,49.3306816],[30.2008923,49.3272938],[30.1892162,49.27527530000001],[30.37554,49.23621570000001],[30.4130094,49.3305143],[30.4741532,49.3654781],[30.5166511,49.3279786],[30.607765,49.3702603],[30.7288281,49.3321227],[30.9090288,49.3591379],[30.9210286,49.4155662],[30.9969166,49.4247309],[31.09457,49.49787],[31.1100856,49.557259],[31.152519,49.555021],[31.1358586,49.6036106],[31.2173637,49.6946151],[31.1967406,49.7015808],[31.2164888,49.7768166],[31.1897411,49.7902085],[31.2077718,49.8521275],[31.379899,49.9067874],[31.338345,49.9532032],[31.2871716,49.9539927],[31.3024737,49.989315],[31.4367112,49.9841657],[31.4262742,49.8987095],[31.5023639,49.8433268],[31.580868,49.9067395],[31.6126244,49.9061663],[31.6147053,49.8569405],[31.714693,49.8511898],[31.813323,49.96615230000001],[31.9007671,49.9433387],[31.9030936,50.016934],[31.9782912,50.0387155],[31.906017,50.0573608],[31.9108715,50.1004561],[31.9750278,50.125315700000016],[31.9339253,50.1584553],[31.9649573,50.1514361],[31.9917552,50.20221930000001],[32.0568555,50.1879139],[32.1162392,50.2285813],[32.1764566,50.1645995],[32.298402300000014,50.1422985],[32.3049535,50.1190919],[32.2496794,50.1138233],[32.26307290000001,50.0799576],[32.3135873,50.0388135],[32.3530387,50.0470855],[32.3804765,49.9809294],[32.4279706,49.9603519],[32.4340634,49.8881831],[32.3739552,49.8739426],[32.4491462,49.796526],[32.5559844,49.7731236],[32.5735476,49.70250210000001],[32.70810920000001,49.6563343],[32.6954511,49.6022637],[32.7573547,49.5751808],[32.7499668,49.5235632],[32.67819230000001,49.4983236],[32.6521384,49.43651220000001],[32.73865570000001,49.3521699],[32.5099357,49.4075923],[32.4671418,49.327586],[32.6103095,49.2534942],[32.8591216,49.2447143],[32.7576927,49.16323830000001],[32.8904096,49.12655570000001],[32.8961836,49.0948475],[32.8145385,49.0752336],[32.8280061,49.0107256],[32.8739558,48.99239090000001],[32.7334855,48.9648409],[32.6758347,48.9858251],[32.653406,48.953315],[32.53891690000001,48.9669331],[32.5494781,48.9389611],[32.5194284,48.9396958],[32.4977126,49.0125507],[32.4429443,49.0525767],[32.3970506,49.0261636],[32.3486329,49.0792344],[32.2646445,49.0813713],[32.2181005,48.9868267],[32.134654,48.96611880000001],[32.1460206,48.9122758],[32.0265597,48.9308581],[31.9211892,48.8801014],[31.9188947,48.90613],[31.80591,48.9492458],[31.6984618,48.9309838],[31.6896043,48.8963911],[31.5806873,48.8878597],[31.5817229,48.9126803],[31.5588747,48.8286888],[31.3838022,48.728089],[31.2441204,48.7679112],[31.1144763,48.7279736],[30.9496397,48.771798],[30.8832613,48.744994],[30.6985322,48.7677086],[30.5758786,48.7214308],[30.6107587,48.6978891],[30.597477,48.6628213],[30.529755,48.6276403],[30.5708716,48.6058685],[30.5671027,48.5674263],[30.4032045,48.5736631],[30.3871449,48.52631980000001],[30.2202065,48.4799812],[30.1627593,48.5035408],[30.1119472,48.4520904],[30.0498672,48.483416],[29.9610618,48.4729769],[30.0207736,48.5192342],[30.0059539,48.5732887],[29.9473951,48.5960097],[29.9900697,48.6364408],[29.8608927,48.699622],[29.8664882,48.763110300000015],[29.766039,48.7864396],[29.7615402,48.8471784],[29.7067679,48.8969243],[29.7355714,48.9081782],[29.6525337,48.9375034],[29.6957092,49.0005498],[29.605156,49.0563594],[29.6315852,49.0472981],[29.650194,49.09661230000001],[29.6904196,49.0878575],[29.6784411,49.1124639],[29.7333147,49.1224176],[29.7037876,49.224668],[29.7368098,49.2282904]]]}},{"type":"Feature","properties":{"id":"ukr-poltavaoblast","name":"Poltava Oblast","iso3":"UKR","tier":2,"contested":false},"geometry":{"type":"Polygon","coordinates":[[[32.1764566,50.1645995],[32.08677,50.28356],[32.1399305,50.3046563],[32.1426551,50.3488124],[32.2691074,50.3517242],[32.2519843,50.3734653],[32.3309474,50.4266594],[32.4934586,50.3991925],[32.4865314,50.3686488],[32.526394,50.345716],[32.672089,50.370401],[32.7932802,50.3466702],[32.7904397,50.3711401],[32.917473,50.409131],[33.0231615,50.5023365],[33.2212305,50.5034541],[33.2678718,50.5537093],[33.4337087,50.4760746],[33.5724063,50.4949082],[33.7349418,50.458579],[33.851644599999986,50.5003366],[33.8111283,50.5146356],[33.9125235,50.5147653],[33.9549168,50.5469642],[34.0281467,50.4997634],[34.105778,50.5040233],[34.0986413,50.480947],[34.2189719,50.5344099],[34.24830020000001,50.5186382],[34.2520272,50.4408763],[34.5707494,50.227157],[34.5233856,50.1773543],[34.5461646,50.1324772],[34.6608445,50.1108637],[34.6768156,50.1338993],[34.6915811,50.1102415],[34.734174,50.1608538],[34.940825,50.1525871],[34.9373726,50.09570930000001],[34.9648948,50.0746106],[34.8561234,49.9865627],[34.859465,49.9496284],[34.9705071,49.8852545],[35.0637556,49.8853611],[35.0679745,49.8586254],[35.2193739,49.829652],[35.2054041,49.7564836],[35.259357,49.7334326],[35.2436622,49.6935165],[35.433372,49.6734492],[35.4856818,49.5720132],[35.4049415,49.5553711],[35.4910775,49.5082843],[35.481305,49.4840718],[35.33168,49.5049098],[35.3159704,49.4562505],[35.3638865,49.4469711],[35.3479958,49.4048248],[35.375321,49.3982179],[35.3193163,49.3747969],[35.338544,49.3647192],[35.271222,49.2773205],[35.0243987,49.3254551],[34.9803734,49.2501859],[35.0158017,49.1498851],[34.9485112,49.1939422],[34.8993484,49.1490508],[34.867184,49.1647966],[34.9019243,49.178013],[34.8466,49.1912571],[34.7583969,49.16833720000001],[34.76836830000001,49.1422078],[34.5908903,49.1119573],[34.5582025,49.0554068],[34.4019662,49.0936058],[34.4159068,49.0547972],[34.3256542,48.9987287],[34.3531174,48.9838003],[34.300152,48.8958351],[34.35061,48.8499726],[34.3253467,48.8442983],[34.3385376,48.8204191],[34.2971606,48.8207337],[34.298173900000016,48.7847943],[34.3423131,48.7832051],[34.2941624,48.7233941],[34.1320037,48.7815961],[34.12201880000001,48.8212061],[34.0209598,48.8649649],[33.8191689,48.9369856],[33.6992036,48.9453287],[33.6651085,48.9784797],[33.5751592,48.9110338],[33.4742998,48.9147365],[33.4761202,48.9520329],[33.4036222,48.9597909],[33.4011984,48.9278424],[33.3196157,48.9490147],[33.2975501,49.010521],[33.3278673,49.0247995],[33.3199614,49.0615503],[33.2620421,49.0919021],[33.3043011,49.118343],[33.2403531,49.1667405],[33.2458167,49.0805781],[33.1998675,49.0736036],[33.1208716,49.1748415],[32.9953364,49.2024973],[32.983447,49.2400955],[32.6103095,49.2534942],[32.4671418,49.327586],[32.5099357,49.4075923],[32.73865570000001,49.3521699],[32.6521384,49.43651220000001],[32.67819230000001,49.4983236],[32.7499668,49.5235632],[32.7573547,49.5751808],[32.6954511,49.6022637],[32.70810920000001,49.6563343],[32.5735476,49.70250210000001],[32.5559844,49.7731236],[32.4491462,49.796526],[32.3739552,49.8739426],[32.4340634,49.8881831],[32.4279706,49.9603519],[32.3804765,49.9809294],[32.3530387,50.0470855],[32.3135873,50.0388135],[32.26307290000001,50.0799576],[32.2496794,50.1138233],[32.3049535,50.1190919],[32.298402300000014,50.1422985],[32.1764566,50.1645995]]]}},{"type":"Feature","properties":{"id":"ukr-dnipropetrovskoblast","name":"Dnipropetrovsk Oblast","iso3":"UKR","tier":2,"contested":false},"geometry":{"type":"Polygon","coordinates":[[[34.572379,47.5616158],[33.9547773,47.4575536],[33.9348228,47.5162966],[33.6436096,47.4845268],[33.6359662,47.5140686],[33.5714555,47.5242037],[33.6090873,47.5609181],[33.5803214,47.600194],[33.473719,47.5873296],[33.4861004,47.5439264],[33.3226885,47.5235625],[33.3488161,47.4936669],[33.3142543,47.4825445],[33.2855917,47.5441343],[33.2154252,47.5330381],[33.23259130000001,47.5776695],[32.9602112,47.5914173],[33.0145529,47.6208511],[32.9722994,47.7226695],[33.0720927,47.7389395],[33.0499017,47.7818048],[33.086095,47.8860016],[33.0783706,47.9204573],[33.0041257,47.9132389],[32.9945034,47.9844339],[33.036952,48.0337805],[33.109175,48.0424559],[33.1090739,48.065609],[33.1537029,48.0420649],[33.1417783,48.0764889],[33.2248943,48.0922604],[33.2354261,48.1133402],[33.181681,48.1180973],[33.232150900000015,48.1271566],[33.2127238,48.1698789],[33.271753,48.153682],[33.293392200000014,48.101973],[33.3165281,48.124455],[33.2907602,48.149838],[33.4306064,48.16993930000001],[33.5459884,48.2348788],[33.5175368,48.329029],[33.460723,48.3530078],[33.4971077,48.393669],[33.4724917,48.5449163],[33.6232085,48.5665173],[33.6092517,48.5994683],[33.6613741,48.58621],[33.8018692,48.66277860000001],[33.8053568,48.6875783],[33.6186971,48.7277134],[33.5831319,48.79695510000001],[33.7152649,48.8137289],[33.72525130000001,48.7892112],[33.811374,48.8028204],[33.8509542,48.7708127],[33.8943109,48.9019481],[34.2949835,48.7234598],[34.3423131,48.7832051],[34.298173900000016,48.7847943],[34.2971606,48.8207337],[34.3385376,48.8204191],[34.3253467,48.8442983],[34.35061,48.8499726],[34.300152,48.8958351],[34.3531174,48.9838003],[34.3256542,48.9987287],[34.4159068,49.0547972],[34.4019662,49.0936058],[34.5582025,49.0554068],[34.6245054,49.12471530000001],[34.76836830000001,49.1422078],[34.7583969,49.16833720000001],[34.8466,49.1912571],[34.9019243,49.178013],[34.867184,49.1647966],[34.8999217,49.1490195],[34.9485112,49.1939422],[35.0114267,49.1489003],[35.0531214,49.1769934],[35.086539,49.1413468],[35.1879473,49.1625484],[35.2282838,49.1266789],[35.1902869,49.110238],[35.3069714,49.0919692],[35.3018862,49.0693869],[35.4855021,48.9725939],[35.6259535,48.9831725],[35.695115500000014,48.9671557],[35.695998,48.9427585],[35.7241971,48.9665575],[35.7891069,48.9544168],[35.8074365,48.9271799],[35.88386039999999,48.9752096],[35.9387829,48.9713022],[35.9399698,48.9990133],[36.0436846,48.9153848],[36.0117342,48.8880117],[36.04008,48.8735334],[36.01928439999999,48.8546717],[36.0756049,48.8332397],[36.0649955,48.8083981],[36.1592194,48.7842264],[36.1430402,48.7243035],[36.2826748,48.6592397],[36.2518463,48.62095],[36.319428,48.5872395],[36.271346,48.5437229],[36.2962497,48.531178],[36.3238878,48.5555752],[36.355173,48.5322871],[36.4459061,48.613845],[36.4193355,48.6340535],[36.482913,48.6636476],[36.5906985,48.6027629],[36.7389084,48.6259487],[36.7885334,48.5668215],[36.9016063,48.5433125],[36.9065916,48.5208455],[36.8503227,48.517818],[36.8571514,48.48720139999999],[36.8298418,48.4846492],[36.851371,48.4172453],[36.8245029,48.4144032],[36.8088176,48.3479824],[36.8170608,48.3125751],[36.9120949,48.3090059],[36.9368868,48.1941943],[36.8728147,48.1839439],[36.8964823,48.0775859],[36.8540961,48.0346001],[36.6533545,48.1002126],[36.5803089,48.0797505],[36.5851415,47.9566416],[36.6288135,47.9618257],[36.6402445,47.9203042],[36.5419522,47.9060131],[36.5847724,47.8473971],[36.275516900000014,47.8154752],[36.1902423,47.8365901],[36.1958241,47.8594481],[36.0736508,47.8488326],[36.0540611,47.8800013],[36.1192273,47.8647615],[36.1301856,47.8903331],[36.1087035,47.9417691],[36.0479461,47.9655214],[36.0707449,47.9715179],[36.0344335,48.0187162],[36.0655311,48.0251985],[36.0524844,48.0590719],[35.9752911,48.043179],[35.9665982,48.0947947],[35.8168631,48.0661227],[35.8060527,48.1006107],[35.7428249,48.0957479],[35.7034121,48.1402147],[35.5236574,48.0744153],[35.2950206,48.1443499],[35.1017463,48.1316069],[34.9902585,48.0891896],[34.9147229,48.09093690000001],[34.9158128,48.1306035],[34.8551126,48.133049],[34.8756638,48.0544638],[34.8392142,48.0505126],[34.8469684,48.0139203],[34.904884399999986,47.9857185],[34.9190894,47.9334607],[34.8019738,47.915638],[34.8171129,47.8643294],[34.860842,47.8805301],[34.8972316,47.8528148],[34.8935727,47.7601605],[34.9575165,47.7696292],[34.93824,47.6774],[34.90571290000001,47.6738848],[34.9580347,47.538279],[34.8622727,47.5150718],[34.572379,47.5616158]]]}},{"type":"Feature","properties":{"id":"ukr-kirovohradoblast","name":"Kirovohrad Oblast","iso3":"UKR","tier":2,"contested":false},"geometry":{"type":"Polygon","coordinates":[[[30.3055941,48.1428365],[30.0677575,48.1451093],[30.0029473,48.1843523],[29.9900373,48.2307335],[29.9301233,48.2339336],[29.8920711,48.1842413],[29.7935951,48.20111820000001],[29.7506666,48.299327],[29.8044884,48.332467],[29.7872126,48.3699234],[29.9679115,48.4717841],[30.0498672,48.483416],[30.1135712,48.452037],[30.1627593,48.5035408],[30.2202065,48.4799812],[30.3871449,48.52631980000001],[30.4032045,48.5736631],[30.5671027,48.5674263],[30.5708716,48.6058685],[30.529755,48.6276403],[30.597477,48.6628213],[30.6107587,48.6978891],[30.5758786,48.7214308],[30.6985322,48.7677086],[30.8832613,48.744994],[30.9496397,48.771798],[31.1144763,48.7279736],[31.2441204,48.7679112],[31.3838022,48.728089],[31.5588747,48.8286888],[31.5817229,48.9126803],[31.5806873,48.8878597],[31.6896043,48.8963911],[31.6984618,48.9309838],[31.80591,48.9492458],[31.9188947,48.90613],[31.9211892,48.8801014],[32.0265597,48.9308581],[32.1460206,48.9122758],[32.134654,48.96611880000001],[32.2181005,48.9868267],[32.2336013,49.0594578],[32.28271190000001,49.0845756],[32.3655718,49.0719125],[32.3970506,49.0261636],[32.4429443,49.0525767],[32.4977126,49.0125507],[32.5218771,48.9389263],[32.5517534,48.9418492],[32.53891690000001,48.9669331],[32.6798419,48.9573442],[32.6758347,48.9858251],[32.8454602,48.980692],[32.8723038,48.9998371],[32.8290554,49.0093337],[32.8145385,49.0752336],[32.8961836,49.0948475],[32.8904096,49.12655570000001],[32.757271,49.1668461],[32.8591216,49.2447143],[32.983447,49.2400955],[32.9953364,49.2024973],[33.1019995,49.1852126],[33.1998675,49.0736036],[33.2458167,49.0805781],[33.2403531,49.1667405],[33.3043011,49.118343],[33.2620421,49.0919021],[33.3199614,49.0615503],[33.3278673,49.0247995],[33.2975501,49.010521],[33.3196157,48.9490147],[33.4011984,48.9278424],[33.4036222,48.9597909],[33.4761202,48.9520329],[33.4742998,48.9147365],[33.5751592,48.9110338],[33.6651085,48.9784797],[33.6992036,48.9453287],[33.8943109,48.9019481],[33.8509542,48.7708127],[33.811374,48.8028204],[33.72525130000001,48.7892112],[33.7152649,48.8137289],[33.5831319,48.79695510000001],[33.6186971,48.7277134],[33.8053592,48.6854888],[33.74355590000001,48.6150433],[33.4724917,48.5449163],[33.4971077,48.393669],[33.460723,48.3530078],[33.5175368,48.329029],[33.5459884,48.2348788],[33.4306064,48.16993930000001],[33.2907602,48.149838],[33.3165281,48.124455],[33.293392200000014,48.101973],[33.271753,48.153682],[33.2127238,48.1698789],[33.232150900000015,48.1271566],[33.181681,48.1180973],[33.2354261,48.1133402],[33.2248943,48.0922604],[33.1417783,48.0764889],[33.1537029,48.0420649],[33.1090739,48.065609],[33.109175,48.0424559],[33.036952,48.0337805],[33.0205379,47.9852287],[32.9892162,48.0484699],[32.8702838,48.0319424],[32.8941148,47.9857122],[32.6890579,47.9825853],[32.6971688,47.9466922],[32.74557280000001,47.932722],[32.6517763,47.9214869],[32.6855937,47.873001],[32.6575792,47.8195987],[32.3629765,47.7888589],[32.3037571,47.8239474],[32.248037,47.816465],[32.2316815,47.760423],[32.1402589,47.7488944],[32.0548462,47.8173172],[31.8381746,47.7821658],[31.8274308,47.8165727],[31.8691185,47.8234751],[31.8532711,47.848407],[31.8897953,47.8656391],[31.8846702,47.8940044],[31.8439389,47.9636924],[31.7527849,47.9437813],[31.7290654,48.0355775],[31.7830732,48.0423319],[31.7673464,48.10213920000001],[31.582466,48.128718200000016],[31.5713612,48.0970356],[31.5405344,48.1077935],[31.5509943,48.0699355],[31.4925401,48.0502899],[31.4701323,48.0634245],[31.4985336,48.0873897],[31.4868521,48.1295906],[31.2365524,48.1169403],[31.2204567,48.1708497],[31.1366502,48.2294938],[30.9812175,48.22218280000001],[30.9893926,48.1843242],[30.9004589,48.1593543],[30.7167351,48.1955866],[30.6178592,48.1560366],[30.3674324,48.175152900000015],[30.3055941,48.1428365]]]}},{"type":"Feature","properties":{"id":"ukr-kyiv","name":"Kyiv","iso3":"UKR","tier":2,"contested":false},"geometry":{"type":"Polygon","coordinates":[[[30.7425803,50.4584656],[30.8209702,50.3859359],[30.7772021,50.3957702],[30.7772459,50.3705904],[30.716862,50.3823618],[30.69675,50.34725],[30.6130091,50.3577438],[30.6466127,50.2918667],[30.6100345,50.2769072],[30.6454327,50.2373818],[30.5926614,50.2132422],[30.5335806,50.3171235],[30.4376097,50.3568832],[30.4427137,50.3815264],[30.3475,50.45231],[30.2363911,50.4306638],[30.2639869,50.5150501],[30.3415751,50.5573201],[30.3073207,50.5705708],[30.4631088,50.5843452],[30.55624,50.5129],[30.5569711,50.540275],[30.714,50.55565],[30.719583,50.590833],[30.815883,50.565083],[30.82335,50.537117],[30.7376702,50.4989221],[30.759833,50.48355],[30.7425803,50.4584656]],[[30.3363289,50.483207],[30.3454349,50.4986686],[30.3173721,50.4920087],[30.3363289,50.483207]]]}},{"type":"Feature","properties":{"id":"ukr-sevastopol","name":"Sevastopol","iso3":"UKR","tier":2,"contested":true,"contested_id":"sevastopol","neutral_controller":"UKR","pov_ua":"Sevastopol","pov_ru":"Sevastopol"},"geometry":{"type":"Polygon","coordinates":[[[33.2951871,44.9405202],[33.6774224,44.7858657],[33.6136625,44.7497551],[33.6161203,44.711976],[33.7769711,44.690265],[33.7162703,44.62043830000001],[33.8272108,44.5712636],[33.9262025,44.4213251],[33.762308300000015,44.3900862],[33.696591,44.1910397],[33.295398200000015,44.3348338],[33.1371699,44.4679806],[33.0948391,44.5470488],[33.1207713,44.6713076],[33.2462933,44.763327],[33.2951871,44.9405202]]]}},{"type":"Feature","properties":{"id":"tur-mediterranean","name":"Mediterranean","iso3":"TUR","tier":1,"contested":false},"geometry":{"type":"MultiPolygon","coordinates":[[[[32.6794366,36.0398988],[32.6801303,36.0392291],[32.6794012,36.0393894],[32.6794366,36.0398988]]],[[[32.6038324,36.0763484],[32.6037169,36.076255],[32.6036934,36.0763784],[32.6038324,36.0763484]]],[[[32.603433,36.0765921],[32.6032626,36.0765541],[32.6032685,36.0765968],[32.603433,36.0765921]]],[[[32.5924985,36.0786837],[32.5923595,36.0785333],[32.5923262,36.0786219],[32.5924985,36.0786837]]],[[[32.5922831,36.0788862],[32.5920364,36.0786995],[32.5919209,36.078796],[32.5922831,36.0788862]]],[[[30.4071024,36.1702878],[30.407702,36.1689436],[30.408063,36.1684218],[30.4070616,36.1696674],[30.4071024,36.1702878]]],[[[30.4283066,36.1716167],[30.4289577,36.1722352],[30.4287747,36.1716844],[30.4283066,36.1716167]]],[[[30.4050525,36.1772788],[30.4068886,36.1923909],[30.4077861,36.1755441],[30.4050525,36.1772788]]],[[[30.4061887,36.1961186],[30.4068474,36.1949558],[30.4055959,36.1955871],[30.4061887,36.1961186]]],[[[30.4068721,36.1964774],[30.4064852,36.1960721],[30.4062299,36.1962382],[30.4068721,36.1964774]]],[[[30.4029564,36.1971046],[30.402108,36.201977],[30.4046737,36.2021916],[30.4029564,36.1971046]]],[[[30.405316,36.2022115],[30.4046079,36.2025305],[30.4050854,36.2027696],[30.405316,36.2022115]]],[[[29.2684536,36.293942],[29.3149085,36.3204591],[29.321925,36.4385509],[29.4892721,36.4752125],[29.6674329,36.6191853],[29.7671208,36.8414701],[29.7604599,36.9392682],[29.6490829,36.980469],[29.570795,36.9531734],[29.5176765,36.8557102],[29.4281493,36.799594],[29.3269618,36.8728217],[29.3914215,36.9817531],[29.3712649,37.0510825],[29.4295393,37.0397651],[29.4431243,37.196267],[29.6206109,37.3538501],[29.6230363,37.4380585],[29.5623226,37.4404107],[29.500837,37.5052904],[29.586636,37.5407514],[29.5064954,37.5858726],[29.6230659,37.6340914],[29.7267691,37.6188413],[29.6831861,37.6552586],[29.6946079,37.7171034],[29.8202472,37.6854738],[29.9206932,37.7877545],[30.0925532,37.7992402],[30.1553437,37.8595684],[30.1917199,37.9793343],[30.382586,38.0600546],[30.4742154,38.1978073],[30.6437145,38.2282937],[30.7825825,38.3012776],[30.8112097,38.3784546],[30.9581981,38.427272],[30.9994178,38.5060261],[31.1323657,38.5016278],[31.1381797,38.4618801],[31.2021343,38.4353188],[31.1856611,38.3858128],[31.2585563,38.3768823],[31.3196977,38.3078673],[31.3487202,38.2155168],[31.5041044,38.191898],[31.5313641,38.1597096],[31.5394458,38.0309729],[31.4390297,37.9145112],[31.4580535,37.8205413],[31.4317311,37.7055802],[31.2729488,37.6333739],[31.3447867,37.5444542],[31.3154902,37.4157522],[31.5531539,37.2792591],[31.6498413,37.2850624],[31.7273231,37.3726498],[31.7689792,37.3699984],[31.7718675,37.3368055],[31.938593,37.2221899],[31.9652333,37.1158957],[32.1813667,36.9872701],[32.3492036,36.8155017],[32.4697526,36.7531936],[32.4843,36.6524],[32.5188,36.6271],[32.5161,36.5299],[32.8606225,36.4897734],[32.9401188,36.4519209],[33.0124966,36.4610974],[33.0724998,36.5726063],[33.1257454,36.5827231],[33.2202018,36.528258],[33.1353818,36.6087567],[33.0628326,36.6289024],[33.0379861,36.7012878],[33.0043846,36.7097339],[32.9956109,36.822136],[32.9477991,36.8305085],[32.9619784,36.8551017],[33.0962667,36.8812224],[33.1227403,36.8405242],[33.1722615,36.9183787],[33.5144202,36.9399881],[33.5719375,37.0138784],[33.6411056,37.0444334],[33.7522126,37.0244373],[34.0027696,37.1288753],[34.1719185,37.1210758],[34.2575456,37.1786063],[34.2591903,37.2467141],[34.3450099,37.326523],[34.4310654,37.3070989],[34.7019781,37.432312],[34.7882041,37.4239896],[34.8695169,37.560826],[34.8476525,37.6087017],[34.8918344,37.6908597],[35.0910019,37.6495881],[35.3111078,37.7175514],[35.4051022,37.6914408],[35.5128047,37.7183186],[35.5187469,37.8010114],[35.5788414,37.7887456],[35.6235522,37.8408322],[35.5866119,37.8848503],[35.5912942,37.9592892],[35.69,37.9736461],[35.7224917,38.0626483],[35.7638817,38.0437833],[35.8006214,38.1208911],[35.8035581,38.0758658],[35.9635264,38.1092044],[36.0209181,38.1897481],[35.9903569,38.22343],[36.1240617,38.3407033],[36.1436094,38.3230831],[36.1846264,38.3489997],[36.1795194,38.3836617],[36.2807964,38.4046019],[36.3726708,38.3796389],[36.3878464,38.3486228],[36.3562944,38.2999364],[36.5185722,38.247215],[36.5836614,38.3119461],[36.565495,38.3437922],[36.6003911,38.389805],[36.7404033,38.4203972],[36.6682619,38.4971592],[36.7154917,38.5219186],[36.8806079,38.5684144],[37.2425362,38.5747996],[37.3111116,38.5500905],[37.2608133,38.4986444],[37.3014839,38.4478016],[37.6440613,38.3091322],[37.7518928,38.1758584],[37.7162842,38.1170072],[37.5805048,38.0377703],[37.6078504,37.9213665],[37.4876378,37.8875711],[37.5208841,37.7867765],[37.4533164,37.7482244],[37.4506751,37.5740043],[37.4957101,37.560923],[37.5632484,37.6055033],[37.6037704,37.4834572],[37.3762246,37.330679],[37.2306,37.3240227],[37.0698298,37.1949467],[37.0055753,37.1809892],[37.0095129,37.233372],[36.9675011,37.2928577],[36.8905876,37.3230933],[36.8379658,37.2433719],[36.6931381,37.2161761],[36.5622654,37.0513246],[36.4606509,36.9787552],[36.4428239,36.9330997],[36.4763977,36.9032289],[36.6715284,36.8210339],[36.6129461,36.7455336],[36.6287457,36.7053921],[36.5736284,36.6591335],[36.5914358,36.5855386],[36.5436812,36.484279],[36.6059505,36.392255],[36.6186568,36.3574911],[36.5991928,36.3495675],[36.6052129,36.3273195],[36.6572517,36.3375988],[36.6949134,36.2452455],[36.6229164,36.2382157],[36.6246873,36.2143254],[36.5024222,36.2422648],[36.4651011,36.1969439],[36.3949725,36.2253355],[36.3818245,36.2167569],[36.3900438,36.0401756],[36.36292464197226,36.0],[35.97089545729873,36.0],[35.909875,36.139058],[35.780465,36.298558],[35.901803,36.438732],[36.1892426,36.5932113],[36.2117106,36.6417845],[36.1837748,36.7239356],[36.2034798,36.787477],[36.1233063,36.8771286],[36.0070408,36.9306382],[35.9179403,36.8721528],[35.9329104,36.8553043],[35.9328889,36.8513724],[35.9142533,36.8665231],[35.9064646,36.8342361],[35.8861308,36.8372614],[35.7960986,36.7743265],[35.7956713,36.7663186],[35.666729,36.766948],[35.602829,36.727654],[35.597156,36.701323],[35.630155,36.696231],[35.7245432,36.7184147],[35.5680012,36.5657708],[35.4217098,36.5906596],[35.3391955,36.5388127],[35.0190427,36.7034771],[34.9082959,36.72934],[34.833975,36.789387],[34.7259037,36.8114145],[34.6426271,36.7870271],[34.6608622,36.8018783],[34.6542662,36.8083788],[34.263999,36.574459],[34.0827495,36.4151156],[34.074317,36.320682],[34.0432427,36.2929452],[34.015173,36.313748],[33.964943,36.2341247],[33.9349866,36.2891077],[33.8687697,36.3163399],[33.695489,36.17138],[33.6872245,36.1594425],[33.699841,36.144119],[33.689783,36.135055],[33.6472093,36.1942071],[33.561116,36.125835],[33.473587,36.159487],[33.393884,36.12496],[33.3509153,36.1546041],[33.2891668,36.1294563],[33.1459744,36.1381398],[33.0811661,36.0699562],[32.9476139,36.1034215],[32.869368,36.0710553],[32.8047693,36.0167731],[32.389591,36.163622],[32.0207468,36.540951],[31.9856813,36.5272755],[31.9610956,36.5586793],[31.672162,36.644092],[31.3405715,36.8065163],[31.0040744,36.8576179],[30.7578632,36.8453909],[30.7025021,36.885137],[30.5761992,36.79841],[30.5546674,36.6465057],[30.5924536,36.5918606],[30.4761322,36.3975496],[30.5291243,36.3346755],[30.4668195,36.3141436],[30.4875465,36.2793239],[30.4045646,36.209746],[30.4087497,36.2745924],[30.1911589,36.3146873],[30.1143718,36.2469362],[30.0698061,36.2602128],[29.9837146,36.2117406],[29.9222434,36.2340844],[29.7930952,36.1433746],[29.7210604,36.1634356],[29.6839977,36.1309698],[29.6312578,36.1693032],[29.6512121,36.1738348],[29.6439896,36.1975042],[29.5840175,36.186977],[29.6314845,36.2050982],[29.4127338,36.2243889],[29.4047481,36.243703],[29.4152339,36.2517024],[29.4175644,36.2596776],[29.4140982,36.2631147],[29.3695759,36.2632486],[29.353323,36.2300553],[29.2684536,36.293942]]],[[[32.79899,36.0179526],[32.7989802,36.0175266],[32.7989136,36.0175187],[32.7988079,36.0176945],[32.79899,36.0179526]]],[[[32.8982158,36.0792439],[32.8981795,36.0786031],[32.89775,36.0790191],[32.8982158,36.0792439]]],[[[33.378943,36.113445],[33.3773419,36.1140849],[33.378945,36.113959],[33.378943,36.113445]]],[[[33.5323599,36.1250927],[33.532891,36.120439],[33.5294032,36.1203501],[33.5323599,36.1250927]]],[[[33.5322423,36.1251945],[33.5296132,36.1279218],[33.5298904,36.1289259],[33.5322423,36.1251945]]],[[[33.3652049,36.1380236],[33.3652632,36.1388907],[33.36573,36.1384289],[33.3652049,36.1380236]]],[[[33.3474717,36.1390313],[33.3498157,36.1393613],[33.3472787,36.138485],[33.3474717,36.1390313]]],[[[33.3501252,36.1414163],[33.3499975,36.140255],[33.3494055,36.1405872],[33.3501252,36.1414163]]],[[[33.6954642,36.1595285],[33.692864,36.161245],[33.6978168,36.1597551],[33.6954642,36.1595285]]],[[[33.7765098,36.184177],[33.7573785,36.1846171],[33.7823037,36.1986646],[33.7765098,36.184177]]],[[[33.8101004,36.2438801],[33.810788,36.2441622],[33.8107126,36.2437899],[33.8101004,36.2438801]]],[[[33.8111014,36.249756],[33.811061,36.2497821],[33.8111028,36.2497853],[33.8111014,36.249756]]],[[[33.8110016,36.2504238],[33.810976,36.250464],[33.8110354,36.2504466],[33.8110016,36.2504238]]],[[[33.8287586,36.26752],[33.8259258,36.2676083],[33.8276665,36.269123],[33.8287586,36.26752]]],[[[34.1479251,36.4563534],[34.1486059,36.4570977],[34.1491919,36.4567382],[34.1479251,36.4563534]]],[[[35.3887499,36.5567397],[35.388826,36.5561667],[35.3879145,36.5562833],[35.3887499,36.5567397]]],[[[35.3947147,36.5577448],[35.39678,36.5575897],[35.3941997,36.5572385],[35.3947147,36.5577448]]],[[[35.7906233,36.766093],[35.7905362,36.7657711],[35.7901176,36.766038],[35.7906233,36.766093]]],[[[35.7967565,36.7691181],[35.7973716,36.7691044],[35.7970982,36.7684336],[35.7967565,36.7691181]]],[[[35.7971435,36.7709608],[35.7971021,36.7709077],[35.7967626,36.7718629],[35.7971435,36.7709608]]],[[[35.8115209,36.7788913],[35.8124181,36.7800067],[35.8116064,36.7788228],[35.8115209,36.7788913]]],[[[35.8133494,36.7814507],[35.8126659,36.7804584],[35.8125719,36.7804653],[35.8133494,36.7814507]]],[[[35.8207487,36.7843454],[35.8194329,36.783182],[35.818288,36.7827509],[35.8207487,36.7843454]]]]}},{"type":"Feature","properties":{"id":"tur-aegean","name":"Aegean","iso3":"TUR","tier":1,"contested":false},"geometry":{"type":"MultiPolygon","coordinates":[[[[26.5304954,38.1286052],[26.5310829,38.1283212],[26.5302972,38.1281987],[26.5304954,38.1286052]]],[[[26.4363899,38.185865],[26.4398499,38.1864068],[26.4390523,38.1831287],[26.4363899,38.185865]]],[[[26.4322042,38.1985386],[26.432502,38.1935438],[26.428087,38.1951248],[26.4322042,38.1985386]]],[[[26.452495,38.2002397],[26.4417555,38.1986239],[26.4431345,38.2002265],[26.45191,38.2011197],[26.452495,38.2002397]]],[[[26.6614454,38.2075443],[26.661279,38.2079704],[26.6615686,38.2079511],[26.6614454,38.2075443]]],[[[26.23251,38.2864288],[26.2327412,38.2864526],[26.2327319,38.2863866],[26.23251,38.2864288]]],[[[26.1948802,38.2938027],[26.1946488,38.2917779],[26.1942276,38.2919295],[26.1948802,38.2938027]]],[[[26.2090981,38.2917683],[26.2099882,38.2972852],[26.210581,38.2907216],[26.2090981,38.2917683]]],[[[26.6784715,38.3298528],[26.6772697,38.3335632],[26.6794587,38.332607],[26.6784715,38.3298528]]],[[[26.4528343,38.3597527],[26.4535882,38.3685206],[26.4580109,38.3617494],[26.4528343,38.3597527]]],[[[26.4669693,38.3723719],[26.4676919,38.3722512],[26.4670049,38.3718983],[26.4669693,38.3723719]]],[[[26.4774649,38.3755295],[26.4774175,38.3760217],[26.4776781,38.3757338],[26.4774649,38.3755295]]],[[[26.4700256,38.376031],[26.4700967,38.3765232],[26.4702151,38.3760588],[26.4700256,38.376031]]],[[[26.4663534,38.3755574],[26.4656189,38.3796156],[26.465844,38.3819835],[26.4660927,38.3820949],[26.4663534,38.3755574]]],[[[26.4595538,38.3794298],[26.4580019,38.379597],[26.4588785,38.3802284],[26.4595538,38.3794298]]],[[[26.2896822,38.3796282],[26.2896522,38.3793253],[26.2894126,38.3797527],[26.2896822,38.3796282]]],[[[26.2730971,38.3873141],[26.2731844,38.3880425],[26.2739183,38.3873284],[26.2730971,38.3873141]]],[[[26.4485212,38.3870838],[26.4493346,38.3897364],[26.44995,38.3861871],[26.4485212,38.3870838]]],[[[26.4285557,38.3880422],[26.428899,38.3890009],[26.4289848,38.3881599],[26.4285557,38.3880422]]],[[[26.4288872,38.3901546],[26.4281952,38.3905381],[26.4290159,38.3916708],[26.4288872,38.3901546]]],[[[26.4471064,38.3913679],[26.4488828,38.3949538],[26.4494778,38.3951048],[26.4471064,38.3913679]]],[[[26.4680804,38.3910356],[26.4619634,38.396086],[26.4643348,38.4023706],[26.4680804,38.3910356]]],[[[26.4496537,38.397712],[26.4490923,38.3982506],[26.4499372,38.3984179],[26.4496537,38.397712]]],[[[26.4682564,38.4001521],[26.4687843,38.3972626],[26.4676363,38.3968094],[26.4682564,38.4001521]]],[[[26.4903332,38.4055129],[26.4928476,38.4048496],[26.4900817,38.4035097],[26.4903332,38.4055129]]],[[[26.4601843,38.4046575],[26.459841,38.4044052],[26.4597551,38.4046306],[26.4601843,38.4046575]]],[[[26.3134442,38.4148845],[26.3099407,38.4187662],[26.3155454,38.4171659],[26.3134442,38.4148845]]],[[[26.308794,38.4200786],[26.3087369,38.423339],[26.3105831,38.4193908],[26.308794,38.4200786]]],[[[26.3436003,38.4234428],[26.3430566,38.4213686],[26.3425739,38.4220693],[26.3436003,38.4234428]]],[[[26.3240015,38.4233409],[26.3235503,38.422644],[26.3232939,38.4234608],[26.3240015,38.4233409]]],[[[26.5085949,38.4256855],[26.5080319,38.4247012],[26.5077178,38.4253373],[26.5085949,38.4256855]]],[[[26.3652683,38.426786],[26.3654164,38.4280466],[26.3657137,38.428003],[26.3652683,38.426786]]],[[[26.3729267,38.4273294],[26.3880083,38.434096],[26.3883416,38.4223683],[26.3729267,38.4273294]]],[[[26.7028227,38.4312024],[26.7025618,38.4310538],[26.7023721,38.4313046],[26.7028227,38.4312024]]],[[[26.6999763,38.4322006],[26.701417,38.4316154],[26.6998933,38.4320613],[26.6999763,38.4322006]]],[[[26.3669695,38.4295432],[26.3734255,38.4349048],[26.3679703,38.4274586],[26.3669695,38.4295432]]],[[[26.3540397,38.4254371],[26.3294614,38.4443381],[26.3372587,38.445169],[26.343298,38.447393],[26.3502255,38.4546669],[26.3608989,38.455181],[26.3540397,38.4254371]]],[[[26.3304599,38.4446406],[26.3305778,38.4445387],[26.3304356,38.444561],[26.3304599,38.4446406]]],[[[26.4219662,38.4736663],[26.4225765,38.4736595],[26.4221295,38.4731347],[26.4219662,38.4736663]]],[[[26.6954086,38.4748598],[26.6963286,38.4751291],[26.6965015,38.4738185],[26.6954086,38.4748598]]],[[[26.4209176,38.4744603],[26.4205738,38.4748977],[26.4211755,38.4750524],[26.4209176,38.4744603]]],[[[26.7014087,38.5425938],[26.7278993,38.5315111],[26.7417455,38.4590301],[26.6951124,38.4788944],[26.7014087,38.5425938]]],[[[26.3745838,38.521409],[26.3746935,38.5209022],[26.3743112,38.5212041],[26.3745838,38.521409]]],[[[26.3699976,38.5303334],[26.3698472,38.5297323],[26.3695504,38.5301489],[26.3699976,38.5303334]]],[[[26.6164827,38.5304545],[26.616531,38.5302992],[26.6164129,38.5304251],[26.6164827,38.5304545]]],[[[26.6951299,38.5315086],[26.6975465,38.530383],[26.6948897,38.5313421],[26.6951299,38.5315086]]],[[[26.3680705,38.531623],[26.3682535,38.5309885],[26.3678551,38.5311539],[26.3680705,38.531623]]],[[[26.6244231,38.5317565],[26.6246741,38.5314533],[26.6243963,38.5316893],[26.6244231,38.5317565]]],[[[26.370642,38.5539253],[26.3706574,38.5534916],[26.3703678,38.5536121],[26.370642,38.5539253]]],[[[26.522216,38.6538376],[26.5257896,38.6504911],[26.5214001,38.653665],[26.522216,38.6538376]]],[[[26.723333,38.655958],[26.7235733,38.6560176],[26.7235846,38.6558499],[26.723333,38.655958]]],[[[26.5197701,38.6587297],[26.5109665,38.6586893],[26.5186147,38.6633418],[26.5197701,38.6587297]]],[[[26.4432424,38.6733457],[26.4431451,38.6734735],[26.4432296,38.6734895],[26.4432424,38.6733457]]],[[[26.7238033,38.6750363],[26.7294386,38.6729626],[26.7272553,38.6709366],[26.7238033,38.6750363]]],[[[26.731952,38.6744781],[26.7315532,38.6754121],[26.7329562,38.6752583],[26.731952,38.6744781]]],[[[26.7114628,38.6754753],[26.7181951,38.67636],[26.7119327,38.674085],[26.7114628,38.6754753]]],[[[26.7274194,38.6909292],[26.7273114,38.6907095],[26.7268131,38.6908898],[26.7274194,38.6909292]]],[[[26.7235378,38.6837346],[26.7081051,38.7025513],[26.7271451,38.6837798],[26.7235378,38.6837346]]],[[[26.7263995,38.7037791],[26.7261221,38.7026847],[26.7254395,38.7031834],[26.7263995,38.7037791]]],[[[26.7096412,38.7137158],[26.7082706,38.7132972],[26.7094749,38.7155873],[26.7096412,38.7137158]]],[[[26.7325136,38.7325409],[26.7343439,38.7332218],[26.7337833,38.7321809],[26.7325136,38.7325409]]],[[[27.014386,37.6484483],[27.015392,37.647834],[27.0140594,37.6475759],[27.014386,37.6484483]]],[[[27.0041623,37.6494559],[27.001324,37.6520044],[27.0060533,37.6532511],[27.0041623,37.6494559]]],[[[27.013434,37.6526404],[27.0138649,37.6552476],[27.0157188,37.6542884],[27.013434,37.6526404]]],[[[27.0053362,37.6665217],[27.0054435,37.6655748],[27.0049767,37.6657913],[27.0053362,37.6665217]]],[[[27.0462481,37.6864373],[27.0455296,37.686188],[27.0455013,37.6862412],[27.0462481,37.6864373]]],[[[27.0466869,37.6864009],[27.0466692,37.6866137],[27.0468957,37.6864961],[27.0466869,37.6864009]]],[[[27.0172217,37.6908555],[27.0169172,37.6929213],[27.0180138,37.6915313],[27.0172217,37.6908555]]],[[[26.883494,38.0212435],[26.8810684,38.0238154],[26.8847601,38.0226001],[26.883494,38.0212435]]],[[[26.8647825,38.0301157],[26.8663266,38.0285],[26.8641514,38.0286112],[26.8647825,38.0301157]]],[[[26.855688,38.0464834],[26.8542255,38.0449735],[26.8535567,38.0455266],[26.855688,38.0464834]]],[[[26.853865,38.0549754],[26.8540615,38.0553134],[26.8541885,38.0551016],[26.853865,38.0549754]]],[[[26.8321674,38.1265589],[26.8299825,38.1242371],[26.829962,38.1267458],[26.8321674,38.1265589]]],[[[26.8014561,38.1576232],[26.804333,38.162827],[26.8054377,38.1639857],[26.8014561,38.1576232]]],[[[26.7716121,38.1992344],[26.7695958,38.198759],[26.76894,38.2007556],[26.7716121,38.1992344]]],[[[26.7831141,38.3671564],[26.7872459,38.3777171],[26.7918525,38.3755152],[26.7831141,38.3671564]]],[[[26.7510094,38.3961262],[26.7506507,38.3962432],[26.7506362,38.3963413],[26.7510094,38.3961262]]],[[[26.7915476,38.395861],[26.7874771,38.398895],[26.7912531,38.3987525],[26.7915476,38.395861]]],[[[26.7538367,38.4005181],[26.7521546,38.3977654],[26.7495215,38.4001821],[26.7538367,38.4005181]]],[[[26.768224,38.4102893],[26.7735273,38.407602],[26.7701163,38.4045451],[26.768224,38.4102893]]],[[[26.7931144,38.4069173],[26.7957575,38.415427],[26.7988923,38.4071057],[26.7931144,38.4069173]]],[[[26.7674707,38.412631],[26.7672222,38.4121119],[26.7666134,38.4126454],[26.7674707,38.412631]]],[[[27.0491352,38.4124526],[27.0516526,38.4126637],[27.0518999,38.4124457],[27.0491352,38.4124526]]],[[[26.7644026,38.4135331],[26.7649744,38.4138371],[26.764874,38.4130163],[26.7644026,38.4135331]]],[[[26.7846886,38.4149732],[26.7822161,38.4184974],[26.7854676,38.4155249],[26.7846886,38.4149732]]],[[[26.7958787,38.4204109],[26.7960513,38.4198205],[26.7955223,38.4202795],[26.7958787,38.4204109]]],[[[26.7952707,38.4206813],[26.7954528,38.4203315],[26.7952116,38.4206712],[26.7952707,38.4206813]]],[[[26.9738928,38.4438505],[26.9734744,38.4436068],[26.9734315,38.4438757],[26.9738928,38.4438505]]],[[[26.9749657,38.4448925],[26.9773261,38.4443127],[26.9758224,38.4429665],[26.9749657,38.4448925]]],[[[26.7757274,38.4407372],[26.7598459,38.4537204],[26.7725746,38.4531754],[26.7757274,38.4407372]]],[[[27.0276612,38.4451958],[27.0266219,38.4459904],[27.028296,38.4458916],[27.0276612,38.4451958]]],[[[26.9871912,38.4465399],[26.9872288,38.4458088],[26.9869284,38.4465315],[26.9871912,38.4465399]]],[[[26.9883553,38.4496484],[26.9881729,38.4502534],[26.9887415,38.4503122],[26.9883553,38.4496484]]],[[[26.9865582,38.4492203],[26.9870142,38.451102],[26.9881622,38.4515977],[26.9865582,38.4492203]]],[[[27.068481,38.458739],[27.062274,38.458486],[27.063255,38.459384],[27.068481,38.458739]]],[[[27.059009,38.460542],[27.060642,38.459771],[27.059009,38.459772],[27.059009,38.460542]]],[[[27.058683,38.461056],[27.05607,38.461057],[27.05607,38.461571],[27.058683,38.461056]]],[[[27.01491,38.462097],[27.016543,38.460941],[27.017196,38.460556],[27.01491,38.462097]]],[[[27.031571,38.464663],[27.0339872,38.4633339],[27.036708,38.4636766],[27.032674,38.4626618],[27.031571,38.464663]]],[[[27.034512,38.46646],[27.035982,38.465945],[27.035819,38.465175],[27.034512,38.46646]]],[[[27.032552,38.46646],[27.033206,38.466974],[27.033206,38.46646],[27.032552,38.46646]]],[[[26.7588435,38.7411885],[26.758973,38.7405843],[26.7585023,38.7410086],[26.7588435,38.7411885]]],[[[26.8502436,38.7512324],[26.8504178,38.7512777],[26.8502738,38.7511835],[26.8502436,38.7512324]]],[[[26.902434,38.7657066],[26.9018841,38.7656138],[26.9021426,38.7658762],[26.902434,38.7657066]]],[[[26.876867,38.8524171],[26.8871712,38.8479204],[26.8765974,38.8479968],[26.876867,38.8524171]]],[[[26.892492,38.8623734],[26.8926932,38.8659518],[26.8941678,38.8661542],[26.892492,38.8623734]]],[[[27.0320904,38.8791089],[27.032412,38.88074],[27.0335554,38.8796224],[27.0320904,38.8791089]]],[[[27.0382775,38.8847959],[27.0411164,38.8860429],[27.0414624,38.885397],[27.0382775,38.8847959]]],[[[26.9085025,38.8880878],[26.9081355,38.8898599],[26.9088916,38.8880968],[26.9085025,38.8880878]]],[[[26.9100657,38.889496],[26.9117893,38.8911344],[26.9116364,38.8900901],[26.9100657,38.889496]]],[[[26.8386241,38.9015051],[26.834819,38.9081356],[26.8388986,38.9038507],[26.8386241,38.9015051]]],[[[26.8066837,38.9175894],[26.8252932,38.9224303],[26.8219115,38.9114784],[26.8066837,38.9175894]]],[[[27.0338406,38.9207474],[27.0337682,38.9206722],[27.033593,38.9206722],[27.0338406,38.9207474]]],[[[26.8075428,38.9213815],[26.8053162,38.9210258],[26.8047833,38.9209791],[26.8075428,38.9213815]]],[[[27.0211942,38.9223301],[27.0279879,38.9199947],[27.0264822,38.9200571],[27.0211942,38.9223301]]],[[[26.9452882,38.9334366],[26.9452455,38.9323939],[26.9446035,38.9338272],[26.9452882,38.9334366]]],[[[26.8051193,38.9340185],[26.8055494,38.9354071],[26.8064871,38.9348374],[26.8051193,38.9340185]]],[[[26.8048937,38.9357217],[26.8044442,38.9372631],[26.8052676,38.9357425],[26.8048937,38.9357217]]],[[[26.7952372,39.0014868],[26.7926799,39.0079694],[26.7987485,39.0109982],[26.7952372,39.0014868]]],[[[26.798161,39.0302046],[26.798021,39.0300353],[26.7979132,39.0302635],[26.798161,39.0302046]]],[[[26.8050262,39.0381021],[26.8051573,39.0384122],[26.8052168,39.0380929],[26.8050262,39.0381021]]],[[[26.8109366,39.0402939],[26.8110998,39.0404232],[26.8110166,39.040274],[26.8109366,39.0402939]]],[[[27.2106532,36.9855217],[27.2108616,36.9861512],[27.2112904,36.9858035],[27.2106532,36.9855217]]],[[[27.2241565,36.9883311],[27.2244537,36.9883882],[27.224282,36.9882854],[27.2241565,36.9883311]]],[[[27.2243792,36.9920321],[27.2238841,36.9916218],[27.224057,36.9921654],[27.2243792,36.9920321]]],[[[27.1989083,36.9922873],[27.1989486,36.9923152],[27.1989647,36.9922788],[27.1989083,36.9922873]]],[[[27.1987662,36.992343],[27.1986857,36.992373],[27.198852,36.9923281],[27.1987662,36.992343]]],[[[27.1986213,36.9924373],[27.1986401,36.9923816],[27.1986026,36.9924009],[27.1986213,36.9924373]]],[[[27.1985757,36.9924609],[27.1985489,36.9924373],[27.1985382,36.9924802],[27.1985757,36.9924609]]],[[[27.1967178,36.9921018],[27.1975139,36.9934174],[27.1989841,36.9928029],[27.1967178,36.9921018]]],[[[27.207333,36.9960689],[27.2073006,36.9956829],[27.2071768,36.9960406],[27.207333,36.9960689]]],[[[27.2078857,36.9963577],[27.2078079,36.9962891],[27.207875,36.9963919],[27.2078857,36.9963577]]],[[[27.207714,36.9964455],[27.2077623,36.9964883],[27.2077918,36.9964476],[27.207714,36.9964455]]],[[[27.2067117,36.9966607],[27.2041443,36.9980509],[27.2043925,36.9986707],[27.2067117,36.9966607]]],[[[27.2165728,37.006136],[27.223984,37.0083388],[27.2076319,36.9970711],[27.2165728,37.006136]]],[[[27.1827714,37.0056064],[27.1804847,37.0049329],[27.1803002,37.0058434],[27.1827714,37.0056064]]],[[[27.2110386,37.0051312],[27.2120817,37.0057998],[27.2123522,37.0055183],[27.2110386,37.0051312]]],[[[27.2113216,37.0099809],[27.211343,37.0098952],[27.2112465,37.0100366],[27.2113216,37.0099809]]],[[[27.2125362,37.0100983],[27.2130617,37.0101911],[27.2125454,37.0099739],[27.2125362,37.0100983]]],[[[27.2130382,37.0104649],[27.2129363,37.0105078],[27.2130006,37.010542],[27.2130382,37.0104649]]],[[[27.2128773,37.0106063],[27.2130114,37.0105977],[27.2128183,37.0105678],[27.2128773,37.0106063]]],[[[27.2125907,37.0105875],[27.2125907,37.0109322],[27.2128083,37.0106526],[27.2125907,37.0105875]]],[[[27.2168496,37.0114823],[27.216914,37.0115208],[27.2169408,37.0114523],[27.2168496,37.0114823]]],[[[27.2285288,37.0403637],[27.2285905,37.0403958],[27.2286173,37.0403723],[27.2285288,37.0403637]]],[[[27.1463611,37.0478733],[27.1444085,37.0476464],[27.1444112,37.0483057],[27.1463611,37.0478733]]],[[[27.2033899,37.046502],[27.1987798,37.0497487],[27.2046194,37.0502989],[27.2033899,37.046502]]],[[[27.1508109,37.0496758],[27.1494671,37.0502579],[27.1511086,37.050121],[27.1508109,37.0496758]]],[[[27.228933,37.064214],[27.2288015,37.064169],[27.2288927,37.0642482],[27.228933,37.064214]]],[[[27.2288257,37.0644858],[27.2287345,37.0644387],[27.2286943,37.0644644],[27.2288257,37.0644858]]],[[[27.2285548,37.0645265],[27.2286433,37.0644558],[27.2284368,37.0645564],[27.2285548,37.0645265]]],[[[27.2098017,37.0814884],[27.2089163,37.0890528],[27.2144484,37.0885455],[27.2098017,37.0814884]]],[[[27.2165298,37.4200395],[27.2161674,37.4192513],[27.2154301,37.4200233],[27.2165298,37.4200395]]],[[[27.187151,37.472747],[27.189406,37.47223],[27.189404,37.471716],[27.187151,37.472747]]],[[[27.181995,37.473397],[27.186507,37.473262],[27.186506,37.472748],[27.181995,37.473397]]],[[[27.18719,37.488417],[27.188673,37.501516],[27.18916,37.502543],[27.190757,37.496632],[27.18719,37.488417]]],[[[27.188031,37.502802],[27.180839,37.483201],[27.180718,37.478152],[27.180085,37.483034],[27.185776,37.503576],[27.186138,37.519503],[27.188887,37.522324],[27.188031,37.502802]]],[[[27.192724,37.509217],[27.192726,37.510115],[27.194338,37.509985],[27.192724,37.509217]]],[[[27.1966,37.511779],[27.196754,37.50921],[27.194979,37.508442],[27.1966,37.511779]]],[[[27.184216,37.524643],[27.181165,37.529786],[27.185183,37.524642],[27.184216,37.524643]]],[[[27.187441,37.524381],[27.184081,37.535176],[27.189212,37.523351],[27.187441,37.524381]]],[[[27.192134,37.530796],[27.190839,37.528743],[27.190516,37.528744],[27.191166,37.530541],[27.192134,37.530796]]],[[[27.181165,37.530043],[27.180844,37.530557],[27.181167,37.530557],[27.181165,37.530043]]],[[[27.190521,37.53067],[27.189232,37.531315],[27.190845,37.531312],[27.190521,37.53067]]],[[[27.19666,37.534385],[27.197466,37.534641],[27.197627,37.534127],[27.19666,37.534385]]],[[[27.186331,37.531833],[27.192153,37.537989],[27.195215,37.537213],[27.186331,37.531833]]],[[[27.168926,37.538025],[27.169358,37.538111],[27.171182,37.536994],[27.168926,37.538025]]],[[[27.173769,37.539687],[27.173125,37.540202],[27.174093,37.540329],[27.173769,37.539687]]],[[[27.174737,37.540071],[27.174739,37.540585],[27.175384,37.540584],[27.174737,37.540071]]],[[[27.169901,37.541363],[27.170224,37.541619],[27.170224,37.541362],[27.169901,37.541363]]],[[[27.171517,37.542388],[27.171192,37.541618],[27.17087,37.541618],[27.171517,37.542388]]],[[[27.185108,37.559065],[27.182849,37.559068],[27.182851,37.559839],[27.185108,37.559065]]],[[[27.184787,37.559836],[27.185432,37.559578],[27.184786,37.559322],[27.184787,37.559836]]],[[[27.171557,37.559856],[27.170911,37.5596],[27.170911,37.559857],[27.171557,37.559856]]],[[[27.181887,37.561639],[27.181561,37.560355],[27.181564,37.561639],[27.181887,37.561639]]],[[[27.182533,37.561895],[27.181244,37.562411],[27.181246,37.563181],[27.182533,37.561895]]],[[[27.159994,37.585304],[27.171061,37.554976],[27.166358,37.543937],[27.159994,37.585304]]],[[[27.158387,37.588389],[27.159835,37.586589],[27.157738,37.587105],[27.158387,37.588389]]],[[[27.156288,37.588649],[27.157097,37.588904],[27.157417,37.587876],[27.156288,37.588649]]],[[[27.139063,37.612817],[27.154524,37.593788],[27.155807,37.589677],[27.139858,37.606394],[27.137607,37.611278],[27.139063,37.612817]]],[[[27.198778,37.603227],[27.201035,37.601939],[27.200385,37.600399],[27.198778,37.603227]]],[[[27.199425,37.60374],[27.198136,37.604513],[27.199106,37.605025],[27.199425,37.60374]]],[[[27.0825764,38.0132816],[27.0821771,38.0139523],[27.083039,38.0141626],[27.0825764,38.0132816]]],[[[27.071963,38.460109],[27.072729,38.460021],[27.069135,38.458996],[27.071963,38.460109]]],[[[27.5079861,36.6594063],[27.5115176,36.6574868],[27.5097149,36.654532],[27.5079861,36.6594063]]],[[[27.4142092,36.73749],[27.4039804,36.7422424],[27.4106133,36.7402022],[27.4142092,36.73749]]],[[[27.4405403,36.7506274],[27.4402345,36.7503609],[27.4400199,36.7505844],[27.4405403,36.7506274]]],[[[27.4683756,36.7689937],[27.4698503,36.7692648],[27.4697173,36.7686839],[27.4683756,36.7689937]]],[[[27.4623563,36.7711822],[27.4607957,36.7750942],[27.4648356,36.7710867],[27.4623563,36.7711822]]],[[[27.4590725,36.7748829],[27.4589294,36.7748675],[27.4590609,36.7749387],[27.4590725,36.7748829]]],[[[27.458384,36.7752764],[27.4587785,36.7748458],[27.4583376,36.7749883],[27.458384,36.7752764]]],[[[27.3050224,36.9505569],[27.3061952,36.9518396],[27.3062224,36.9512084],[27.3050224,36.9505569]]],[[[27.4814969,36.9571956],[27.4817592,36.9575993],[27.4820313,36.9573975],[27.4814969,36.9571956]]],[[[27.323056,36.9628564],[27.3228971,36.9627537],[27.3228597,36.9629908],[27.323056,36.9628564]]],[[[27.3086911,36.9754177],[27.3089925,36.9748559],[27.3086004,36.9750786],[27.3086911,36.9754177]]],[[[27.424575,36.99263],[27.4826658,36.9774843],[27.4928668,36.9675515],[27.460406,36.9633302],[27.424575,36.99263]]],[[[27.2327002,36.9818321],[27.2330996,36.981606],[27.2327717,36.981308],[27.2327002,36.9818321]]],[[[27.2323918,36.9826803],[27.2325365,36.9827717],[27.2325085,36.982643],[27.2323918,36.9826803]]],[[[27.2303156,36.9829621],[27.231567,36.9867449],[27.2326887,36.9832067],[27.2303156,36.9829621]]],[[[27.3872137,37.0005939],[27.3790273,36.9948995],[27.3840523,37.0019227],[27.3872137,37.0005939]]],[[[27.3841238,37.004081],[27.3836923,37.0031199],[27.3826285,37.0040713],[27.3841238,37.004081]]],[[[27.3600272,37.0103636],[27.3591618,37.0063968],[27.356366,37.009254],[27.3600272,37.0103636]]],[[[27.2422323,37.030172],[27.2416501,37.0291286],[27.241449,37.0293962],[27.2422323,37.030172]]],[[[27.2288568,37.0406087],[27.2289184,37.0397234],[27.228377,37.0398112],[27.2288568,37.0406087]]],[[[27.2338595,37.0531783],[27.2326988,37.0531307],[27.2338068,37.0534246],[27.2338595,37.0531783]]],[[[27.2301368,37.0640155],[27.2301795,37.0639522],[27.2301144,37.0639814],[27.2301368,37.0640155]]],[[[27.2294936,37.0644302],[27.2293004,37.0644023],[27.2290242,37.0645008],[27.2294936,37.0644302]]],[[[27.2303787,37.0647961],[27.2304296,37.0647298],[27.2303787,37.0647426],[27.2303787,37.0647961]]],[[[27.2293684,37.0651168],[27.2292668,37.0650925],[27.2292668,37.0651314],[27.2293684,37.0651168]]],[[[27.2394753,37.0867886],[27.2395267,37.0866526],[27.2394045,37.0867013],[27.2394753,37.0867886]]],[[[27.252523,37.0873342],[27.2526169,37.0873149],[27.2525364,37.0872935],[27.252523,37.0873342]]],[[[27.2360671,37.0864608],[27.2363611,37.0904951],[27.2415692,37.0879588],[27.2360671,37.0864608]]],[[[27.2507233,37.0891914],[27.2513695,37.0887964],[27.2506507,37.0891231],[27.2507233,37.0891914]]],[[[27.2535449,37.0928821],[27.2534081,37.092743],[27.2533571,37.0928029],[27.2535449,37.0928821]]],[[[27.2541055,37.0945851],[27.2540626,37.0946707],[27.2541216,37.0946215],[27.2541055,37.0945851]]],[[[27.2540597,37.0954275],[27.2541057,37.0954938],[27.2541977,37.0954444],[27.2540597,37.0954275]]],[[[27.2680945,37.0963961],[27.2680744,37.0964122],[27.2680972,37.0964122],[27.2680945,37.0963961]]],[[[27.2680127,37.0965213],[27.2680436,37.0964624],[27.2679966,37.096471],[27.2680127,37.0965213]]],[[[27.2680945,37.0964956],[27.2681281,37.0965116],[27.2681294,37.0964892],[27.2680945,37.0964956]]],[[[27.2681039,37.0965822],[27.2680932,37.0965534],[27.2680758,37.0965641],[27.2681039,37.0965822]]],[[[27.4884477,37.0977237],[27.4878207,37.0968279],[27.4872934,37.0971932],[27.4884477,37.0977237]]],[[[27.4748302,37.1211162],[27.4688886,37.1195348],[27.4747973,37.123823],[27.4748302,37.1211162]]],[[[27.315858,37.1227863],[27.3155388,37.1228932],[27.3154557,37.122936],[27.315858,37.1227863]]],[[[27.4802134,37.1249699],[27.4789801,37.1295476],[27.4815717,37.1305243],[27.4802134,37.1249699]]],[[[27.2978271,37.1285617],[27.2983288,37.1282582],[27.2970208,37.1276399],[27.2978271,37.1285617]]],[[[27.3098177,37.1322534],[27.3096862,37.1320032],[27.3094207,37.1322278],[27.3098177,37.1322534]]],[[[27.2563083,37.1320578],[27.2577068,37.1329172],[27.2577444,37.131774],[27.2563083,37.1320578]]],[[[27.2846986,37.1335289],[27.2843319,37.133509],[27.2846069,37.1337881],[27.2846986,37.1335289]]],[[[27.3846446,37.1355906],[27.3849336,37.1342752],[27.383884,37.1346115],[27.3846446,37.1355906]]],[[[27.265621,37.1383304],[27.265785,37.1382252],[27.2656113,37.138256],[27.265621,37.1383304]]],[[[27.3855529,37.1370974],[27.38797,37.1403597],[27.3947044,37.1395491],[27.3855529,37.1370974]]],[[[27.2741735,37.1415434],[27.2743968,37.1420286],[27.2744712,37.1418866],[27.2741735,37.1415434]]],[[[27.2802524,37.1428138],[27.278454,37.1427394],[27.2800548,37.1431217],[27.2802524,37.1428138]]],[[[27.3174566,37.1423865],[27.3174083,37.1424122],[27.3174405,37.1424314],[27.3174566,37.1423865]]],[[[27.3212841,37.1443664],[27.3213619,37.1443664],[27.3212922,37.1443172],[27.3212841,37.1443664]]],[[[27.3846211,37.1560469],[27.3836572,37.1556106],[27.383765,37.156547],[27.3846211,37.1560469]]],[[[27.368861,37.1620626],[27.3778835,37.1668465],[27.3789734,37.1641911],[27.368861,37.1620626]]],[[[27.3544405,37.1760724],[27.3597252,37.1743136],[27.3542408,37.1729046],[27.3544405,37.1760724]]],[[[27.3637134,37.2805162],[27.3666517,37.2844993],[27.3701774,37.2841855],[27.3637134,37.2805162]]],[[[27.3313026,37.3227602],[27.327224,37.3306024],[27.3339931,37.3295178],[27.3313026,37.3227602]]],[[[27.3391665,37.3469677],[27.3390902,37.3465503],[27.3390413,37.3473099],[27.3391665,37.3469677]]],[[[27.3667528,37.3797528],[27.3667303,37.3799674],[27.3668698,37.3798279],[27.3667528,37.3797528]]],[[[27.4103271,37.4090035],[27.4081529,37.4112257],[27.4115746,37.413273],[27.4103271,37.4090035]]],[[[27.2295474,37.9853655],[27.2291558,37.9851752],[27.229137,37.9852999],[27.2295474,37.9853655]]],[[[27.2717571,37.9224787],[27.2473247,37.9813883],[27.215912,37.9928133],[27.1314641,37.9871375],[26.9834934,38.073867],[26.8649885,38.0325553],[26.8242955,38.1583985],[26.7969109,38.1730659],[26.7747343,38.1616308],[26.7888643,38.1992503],[26.7571887,38.2220861],[26.6358604,38.2079421],[26.5924128,38.1031889],[26.5714561,38.1438707],[26.5605698,38.1179912],[26.5313162,38.128117],[26.5182498,38.1878529],[26.3893055,38.2240095],[26.3916574,38.2608344],[26.3354171,38.2258598],[26.2304937,38.2700291],[26.30334,38.3208742],[26.2848683,38.3450838],[26.2845404,38.376778],[26.375297,38.3088851],[26.3851785,38.3493489],[26.3961501,38.3204168],[26.4832102,38.3760496],[26.451026,38.4279485],[26.4913108,38.4007074],[26.5158324,38.4278139],[26.4351854,38.4774815],[26.4192845,38.4761325],[26.3930596,38.4474429],[26.4120812,38.4940209],[26.3893069,38.5056943],[26.3717243,38.5308351],[26.3809555,38.5236926],[26.3532361,38.6379849],[26.4171028,38.6805814],[26.5227859,38.6499231],[26.5692071,38.5589568],[26.6047824,38.5329612],[26.6144898,38.5294385],[26.6246176,38.5313385],[26.6401413,38.4657986],[26.5863161,38.4693197],[26.5840088,38.4273615],[26.6744897,38.3113133],[26.7037299,38.3196865],[26.6730101,38.346489],[26.706921,38.434372],[26.7647745,38.367992],[26.8031722,38.3551417],[27.0174828,38.4181065],[27.0868051,38.3986554],[27.1681152,38.4411729],[27.1588968,38.4670338],[27.1120793,38.4486887],[27.0594674,38.4741327],[26.9736431,38.4549352],[26.9722235,38.4337818],[26.9439432,38.427929],[26.9085476,38.4867101],[26.813924,38.5437275],[26.8401897,38.5876827],[26.7227025,38.6525338],[26.7548676,38.6690323],[26.7287064,38.6951864],[26.7399129,38.7414595],[26.78076,38.7364136],[26.823806,38.7621704],[26.8366984,38.7421898],[26.8954775,38.734114],[26.9393626,38.7646428],[26.8925535,38.8242078],[26.9445312,38.8360343],[26.9734261,38.8057792],[26.9704401,38.8464239],[27.0659611,38.8791715],[27.0370009,38.8953666],[27.0435062,38.9411547],[27.0028582,38.9176322],[27.0167973,38.9179733],[27.0190592,38.9133433],[26.9948351,38.9122196],[26.9564174,38.9384586],[26.9364061,38.9374358],[26.9368833,38.9263026],[26.9191346,38.939787],[26.8590454,38.9143495],[26.8021494,38.9508813],[26.7991431,39.0318292],[26.8876599,39.0753829],[26.8382965,39.1398268],[26.7686313,39.1666913],[26.8307483,39.2340067],[26.8785865,39.2361056],[26.9315457,39.2916061],[26.9988262,39.2746402],[27.1124124,39.3668691],[27.1840574,39.3780264],[27.2248119,39.3398704],[27.4714405,39.407116],[27.649019,39.3290389],[27.7473248,39.3622203],[27.8021751,39.307181],[27.909008,39.364209],[27.9438333,39.2529201],[28.0705122,39.1976257],[28.0920314,39.1271133],[28.1938834,39.0719739],[28.2925296,39.0804939],[28.362142,39.1256556],[28.5728049,39.1344426],[28.5922165,39.1727674],[28.6324636,39.1681686],[28.6539827,39.1943767],[28.6283433,39.2791243],[28.7586232,39.2846221],[28.890479,39.3688093],[28.891778,39.4006522],[28.9503045,39.4075591],[28.922621,39.4908619],[28.9448085,39.5510499],[29.0423054,39.6120725],[29.1964474,39.5992687],[29.2857956,39.7148499],[29.2614139,39.7465005],[29.3139649,39.7828027],[29.4019949,39.7938285],[29.5262374,39.8770094],[29.7604957,39.8678206],[29.7775979,39.82701],[29.7299372,39.7495017],[29.7775318,39.7181981],[29.9819832,39.659962],[30.223508,39.6839836],[30.2342641,39.5937559],[30.3401309,39.5289688],[30.3363751,39.4356633],[30.3905996,39.4139042],[30.343652,39.3745393],[30.3936512,39.2710327],[30.4461877,39.2204708],[30.4962392,39.2276103],[30.5797134,39.096684],[30.6688014,39.0896008],[30.7348286,39.0476168],[30.7845816,39.071423],[30.7971496,39.1160589],[30.9180198,39.1202926],[30.8779009,39.1791603],[30.8914744,39.2133812],[31.0248695,39.1847264],[31.1030576,39.2043989],[31.0708129,39.238773],[31.1104413,39.2598934],[31.2584931,39.2356579],[31.3219929,39.2670225],[31.3363221,39.1929696],[31.4521775,39.1654255],[31.4474983,39.1131991],[31.5410532,39.076385],[31.5445518,39.044144],[31.7319863,38.9847993],[31.706028,38.9582909],[31.6737556,38.9838068],[31.6077304,38.9736566],[31.6210449,38.9201875],[31.5643644,38.8586832],[31.6162062,38.8500358],[31.6169153,38.8108756],[31.5405787,38.721063],[31.5778072,38.6421726],[31.3221653,38.4876775],[31.2671612,38.3785259],[31.1856611,38.3858128],[31.2021343,38.4353188],[31.1381797,38.4618801],[31.1323657,38.5016278],[30.9895339,38.5031445],[30.9581981,38.427272],[30.8112097,38.3784546],[30.7825825,38.3012776],[30.6437145,38.2282937],[30.4742154,38.1978073],[30.382586,38.0600546],[30.1917199,37.9793343],[30.1553437,37.8595684],[30.0925532,37.7992402],[29.9206932,37.7877545],[29.8202472,37.6854738],[29.6946079,37.7171034],[29.6831861,37.6552586],[29.7267691,37.6188413],[29.6230659,37.6340914],[29.5064954,37.5858726],[29.586636,37.5407514],[29.500837,37.5052904],[29.5623226,37.4404107],[29.6230363,37.4380585],[29.6206109,37.3538501],[29.4431243,37.196267],[29.4295393,37.0397651],[29.3712649,37.0510825],[29.3914215,36.9817531],[29.3269618,36.8728217],[29.4281493,36.799594],[29.5176765,36.8557102],[29.570795,36.9531734],[29.6490829,36.980469],[29.7604599,36.9392682],[29.7671208,36.8414701],[29.6674329,36.6191853],[29.4892721,36.4752125],[29.321925,36.4385509],[29.3155882,36.3223704],[29.2822225,36.2938717],[29.1010958,36.3877365],[29.134276,36.428474],[29.1249675,36.4612172],[29.1009902,36.474872],[29.1267986,36.4981907],[29.1177159,36.5513514],[29.0882754,36.5664233],[29.0490092,36.5589457],[29.0527276,36.539136],[29.0086943,36.5436422],[29.0474264,36.5586459],[29.0231321,36.5824653],[29.0407127,36.6195815],[29.0753286,36.6140984],[29.077436,36.6458921],[29.1157052,36.6253277],[29.1219977,36.6477409],[29.0968193,36.6758842],[28.9287725,36.7555152],[28.9005135,36.6980142],[28.8636354,36.6959421],[28.8494117,36.6427958],[28.908197,36.6478645],[28.867086,36.6220738],[28.875563,36.601855],[28.8460107,36.5886032],[28.8244785,36.6254548],[28.8521897,36.6380026],[28.793873,36.651408],[28.7872786,36.6861375],[28.723505,36.705495],[28.6700307,36.691739],[28.674396,36.706582],[28.6486246,36.7229483],[28.632779,36.699967],[28.617551,36.704029],[28.6296541,36.7801708],[28.587953,36.815919],[28.5494335,36.8304548],[28.537511,36.786012],[28.461355,36.812148],[28.4502888,36.8369031],[28.4683217,36.8558775],[28.460398,36.879466],[28.378916,36.8473],[28.3874041,36.8339462],[28.4267163,36.8353534],[28.398564,36.785286],[28.3099839,36.8176465],[28.3133873,36.7946229],[28.2741189,36.7961031],[28.3157819,36.8263968],[28.2622531,36.8486883],[28.2329153,36.8051919],[28.3034857,36.7304075],[28.2900733,36.7201607],[28.276636,36.7366665],[28.2562091,36.7318517],[28.220545,36.697201],[28.225195,36.688675],[28.1634506,36.6844034],[28.114984,36.600353],[28.0659601,36.5952227],[28.034768,36.5628358],[27.9787373,36.5536008],[27.9565189,36.6010366],[28.0640548,36.6049675],[28.0952558,36.6460165],[28.0818481,36.6611267],[28.054382,36.654343],[28.0729935,36.6755618],[28.0416154,36.6936473],[28.0240139,36.6683216],[27.9642411,36.6835732],[28.0625774,36.7230907],[28.097844,36.7048314],[28.1287865,36.7248953],[28.0843682,36.7480456],[28.1125327,36.7747211],[28.1268887,36.7541209],[28.1314985,36.7530228],[28.1221071,36.7739403],[28.1315652,36.7935758],[28.1279717,36.8055521],[28.1254059,36.8024656],[28.1245687,36.8028225],[28.1258504,36.8044807],[28.1254765,36.8060609],[28.102418,36.802786],[28.090479,36.794418],[28.080594,36.795665],[28.0508387,36.7596376],[28.0392634,36.7729505],[28.0445449,36.7828991],[28.0492959,36.7838676],[28.050583,36.7864484],[28.050377,36.7872894],[28.0413153,36.7830015],[28.031006,36.766304],[28.015905,36.75924],[27.955263,36.761155],[27.930453,36.742598],[27.919428,36.755015],[27.858299,36.741855],[27.8077416,36.7642468],[27.72632,36.760975],[27.6865071,36.7256231],[27.67911,36.657588],[27.5742269,36.6851814],[27.5162565,36.6779565],[27.4771614,36.6473463],[27.3633021,36.6846896],[27.3615345,36.7091604],[27.421917,36.713501],[27.4279585,36.7486048],[27.608836,36.76369],[27.640843,36.811051],[27.7207811,36.7843092],[27.81628,36.813316],[28.0323771,36.7870676],[28.060063,36.800988],[28.064699,36.824325],[28.002522,36.834885],[28.059241,36.868819],[28.020986,36.925416],[28.123821,36.9380303],[28.1632838,36.9057375],[28.1581352,36.9450328],[28.2023064,36.9487983],[28.2151105,36.9986291],[28.2500573,36.9889085],[28.3302141,37.0344335],[27.8930454,37.0286963],[27.7987925,36.9950583],[27.5853016,36.9954822],[27.5654311,36.9749095],[27.4823252,36.9864045],[27.4242084,37.0361897],[27.3959795,37.029228],[27.375923,36.998703],[27.381947,37.0266214],[27.3323742,37.0153279],[27.3406377,36.9981702],[27.3002943,36.9728845],[27.3032861,36.9571527],[27.263903,36.9642589],[27.2492028,37.0317545],[27.23009,37.0401186],[27.2369553,37.0515944],[27.2254912,37.058444],[27.2931553,37.1116337],[27.2540077,37.1116756],[27.2531267,37.1287973],[27.3130025,37.1157246],[27.3286435,37.1460218],[27.3230919,37.1591644],[27.3468835,37.1306028],[27.3662253,37.1563412],[27.3863198,37.1207388],[27.431424,37.12761],[27.4705501,37.080514],[27.5812253,37.1358532],[27.572245,37.1394826],[27.5567733,37.1336602],[27.5497479,37.1359878],[27.5628734,37.1533931],[27.5259628,37.1942595],[27.554766,37.1930437],[27.5701565,37.2113011],[27.6148397,37.1872901],[27.5754423,37.2150874],[27.6378791,37.2547771],[27.5963786,37.2874541],[27.5564644,37.2776281],[27.5225779,37.22709],[27.5050157,37.2292263],[27.4982388,37.2377934],[27.5103921,37.2381837],[27.5223031,37.2507629],[27.519075,37.277031],[27.456871,37.250827],[27.49799,37.321565],[27.4741377,37.345425],[27.4433231,37.3029037],[27.3886175,37.322898],[27.382686,37.356161],[27.4324963,37.3825259],[27.4161516,37.4159082],[27.3288261,37.377944],[27.3301901,37.3428521],[27.192093,37.3536814],[27.2301973,37.4056413],[27.227643,37.486548],[27.201232,37.49533],[27.210849,37.532819],[27.188633,37.549426],[27.171514,37.541103],[27.226966,37.582369],[27.2041052,37.6102217],[27.003047,37.6594703],[27.0306681,37.6898202],[27.0476224,37.6805963],[27.1027544,37.6811918],[27.2368421,37.7270547],[27.2696759,37.8096126],[27.2360312,37.8399098],[27.2717571,37.9224787]]],[[[28.0415046,36.5669864],[28.0406728,36.5673272],[28.0415895,36.5674499],[28.0415046,36.5669864]]],[[[28.050826,36.5771024],[28.0508075,36.5770631],[28.0507731,36.5770843],[28.050826,36.5771024]]],[[[28.0455111,36.6059735],[28.0457147,36.6060941],[28.0457347,36.6059387],[28.0455111,36.6059735]]],[[[27.9752934,36.6114767],[27.9754313,36.6118933],[27.9759989,36.6115744],[27.9752934,36.6114767]]],[[[27.9975833,36.6132792],[27.9969181,36.6117635],[27.9962636,36.612375],[27.9975833,36.6132792]]],[[[28.0508127,36.6211144],[28.049618,36.6207249],[28.0490704,36.6212043],[28.0508127,36.6211144]]],[[[28.0498792,36.6488411],[28.0489343,36.6482987],[28.0488989,36.6483442],[28.0498792,36.6488411]]],[[[28.027637,36.6602447],[28.0461245,36.6555366],[28.0417199,36.6498923],[28.027637,36.6602447]]],[[[28.0122069,36.6703628],[28.0137079,36.6666662],[28.011656,36.6675471],[28.0122069,36.6703628]]],[[[28.039391,36.671946],[28.041813,36.6690321],[28.040031,36.6689453],[28.039391,36.671946]]],[[[28.0356445,36.670605],[28.0356233,36.6714339],[28.0358285,36.6705994],[28.0356445,36.670605]]],[[[27.9679184,36.6750436],[27.9678909,36.6749186],[27.9678611,36.6750031],[27.9679184,36.6750436]]],[[[28.0437128,36.6836578],[28.0444034,36.6824278],[28.0428696,36.6820994],[28.0437128,36.6836578]]],[[[27.9877288,36.7023963],[27.9881305,36.7046235],[27.9901194,36.7021911],[27.9877288,36.7023963]]],[[[27.994819,36.708807],[27.9978143,36.7083915],[27.9954702,36.7078578],[27.994819,36.708807]]],[[[28.003806,36.712842],[28.001989,36.720308],[28.005089,36.713345],[28.003806,36.712842]]],[[[27.6964496,36.7182211],[27.6959959,36.7183087],[27.6962732,36.7184636],[27.6964496,36.7182211]]],[[[28.013108,36.716488],[28.01704,36.724291],[28.027892,36.724326],[28.028875,36.726244],[28.033658,36.725946],[28.013108,36.716488]]],[[[27.7136137,36.7258127],[27.7141934,36.7260349],[27.7134961,36.7253346],[27.7136137,36.7258127]]],[[[27.8908002,36.7414548],[27.8907359,36.7413946],[27.8906929,36.7415021],[27.8908002,36.7414548]]],[[[27.8878713,36.7417944],[27.8904355,36.7415752],[27.8906286,36.741644],[27.8898883,36.741184],[27.8878713,36.7417944]]],[[[27.9130173,36.7486926],[27.9128571,36.7485142],[27.9128897,36.7487615],[27.9130173,36.7486926]]],[[[27.9129562,36.7501914],[27.9128403,36.749909],[27.9127197,36.7500465],[27.9129562,36.7501914]]],[[[27.7678317,36.7511522],[27.7677029,36.7513284],[27.7677941,36.7513198],[27.7678317,36.7511522]]],[[[27.9126734,36.7514547],[27.9135869,36.751425],[27.9130165,36.7507004],[27.9126734,36.7514547]]],[[[27.910946,36.7517843],[27.9110932,36.7517139],[27.910946,36.7517519],[27.910946,36.7517843]]],[[[27.7691406,36.7518657],[27.7692264,36.7517496],[27.7691406,36.7517883],[27.7691406,36.7518657]]],[[[27.7697521,36.7521235],[27.7696127,36.7518442],[27.769559,36.7519301],[27.7697521,36.7521235]]],[[[27.7900597,36.7518644],[27.791331,36.7532301],[27.7917714,36.7530594],[27.7900597,36.7518644]]],[[[27.7595159,36.7523479],[27.7650037,36.7534998],[27.7588775,36.7515485],[27.7595159,36.7523479]]],[[[27.7608892,36.753891],[27.76046,36.7537792],[27.7604868,36.7538953],[27.7608892,36.753891]]],[[[27.7918497,36.754501],[27.7919415,36.7538513],[27.7914071,36.7539405],[27.7918497,36.754501]]],[[[27.7856174,36.7538342],[27.7854253,36.7547233],[27.7862538,36.754745],[27.7856174,36.7538342]]],[[[27.7733813,36.7520288],[27.7728979,36.7554957],[27.7761823,36.7566129],[27.7733813,36.7520288]]],[[[27.7923829,36.7558465],[27.7926794,36.7559539],[27.792703,36.7556814],[27.7923829,36.7558465]]],[[[27.958745,36.758687],[27.957468,36.758697],[27.958754,36.759458],[27.958745,36.758687]]],[[[27.8060594,36.7602768],[27.8068102,36.759189],[27.8049386,36.7585331],[27.8060594,36.7602768]]],[[[28.0366148,36.7604146],[28.0340885,36.7606455],[28.03369,36.7618443],[28.0366148,36.7604146]]],[[[28.0346096,36.7627134],[28.0345291,36.7628961],[28.0346712,36.7627263],[28.0346096,36.7627134]]],[[[28.0146593,36.7976961],[28.0141658,36.7984736],[28.0144232,36.7987184],[28.0146593,36.7976961]]],[[[27.8261138,36.8136282],[27.8260816,36.8135035],[27.8259258,36.8138089],[27.8261138,36.8136282]]],[[[28.022434,36.866058],[28.0254471,36.8688752],[28.0283922,36.86718],[28.022434,36.866058]]],[[[28.0320072,36.8681653],[28.0380513,36.8722508],[28.0390084,36.8717849],[28.0320072,36.8681653]]],[[[28.0434072,36.873201],[28.0419052,36.8764795],[28.0451667,36.8759389],[28.0434072,36.873201]]],[[[28.0498928,36.8781102],[28.0481064,36.8773893],[28.0490345,36.8781273],[28.0498928,36.8781102]]],[[[28.035794,36.884697],[28.034494,36.883166],[28.033883,36.885227],[28.035794,36.884697]]],[[[27.5920096,36.9684729],[27.5895573,36.9801074],[27.6024016,36.9670081],[27.5920096,36.9684729]]],[[[27.5796123,36.977201],[27.579462,36.9788929],[27.5817911,36.9785035],[27.5796123,36.977201]]],[[[27.65765,36.9782301],[27.6551375,36.9790612],[27.6547988,36.9800099],[27.65765,36.9782301]]],[[[27.5825655,36.9838535],[27.5823159,36.9842455],[27.5827568,36.9841392],[27.5825655,36.9838535]]],[[[27.5324987,37.1250711],[27.5321126,37.1242564],[27.5317149,37.1251412],[27.5324987,37.1250711]]],[[[27.4948975,37.1571918],[27.5285243,37.141465],[27.490068,37.141512],[27.4948975,37.1571918]]],[[[27.5388214,37.1677098],[27.5398221,37.1673056],[27.5381822,37.1675548],[27.5388214,37.1677098]]],[[[27.521738,37.197124],[27.522372,37.195837],[27.520131,37.196874],[27.521738,37.197124]]],[[[27.5519904,37.1987213],[27.551149,37.200844],[27.5501551,37.2021103],[27.5513917,37.2009415],[27.5519904,37.1987213]]],[[[27.513082,37.2432552],[27.5129023,37.2433577],[27.5130794,37.2434965],[27.513082,37.2432552]]],[[[27.5385255,37.2479202],[27.5393521,37.2481046],[27.5388533,37.2474238],[27.5385255,37.2479202]]],[[[27.5638919,37.2456448],[27.5490766,37.2507739],[27.5476338,37.2531684],[27.5638919,37.2456448]]],[[[27.5133553,37.2508242],[27.5129203,37.2508683],[27.5134977,37.250991],[27.5133553,37.2508242]]],[[[27.559589,37.2539001],[27.5601484,37.2550446],[27.5615176,37.2535838],[27.559589,37.2539001]]],[[[28.1263126,36.6008163],[28.1284562,36.595611],[28.1220196,36.5980851],[28.1263126,36.6008163]]],[[[28.0563245,36.6193318],[28.0556779,36.6149963],[28.0534336,36.6134391],[28.0563245,36.6193318]]],[[[28.0512233,36.6241706],[28.0510864,36.6249197],[28.0516091,36.6244603],[28.0512233,36.6241706]]],[[[28.0526046,36.6268971],[28.0534384,36.623891],[28.0514971,36.6248498],[28.0526046,36.6268971]]],[[[28.7621207,36.6267453],[28.7631081,36.6279243],[28.7640834,36.6287747],[28.7643484,36.6273831],[28.7621207,36.6267453]]],[[[28.0530247,36.6421691],[28.0690062,36.6483393],[28.0571608,36.6356438],[28.0530247,36.6421691]]],[[[28.0500618,36.6490366],[28.0542108,36.6486498],[28.060541,36.6481976],[28.0532528,36.6466906],[28.0500618,36.6490366]]],[[[28.14727,36.6524841],[28.1459538,36.6501137],[28.1455375,36.6518269],[28.14727,36.6524841]]],[[[28.065529,36.653344],[28.064581,36.653995],[28.0658184,36.6537347],[28.065529,36.653344]]],[[[28.0670178,36.6540556],[28.0667837,36.6544848],[28.067068,36.6544915],[28.0670178,36.6540556]]],[[[28.1640491,36.6705303],[28.1640746,36.6701971],[28.1639171,36.6701907],[28.1640491,36.6705303]]],[[[28.1752031,36.6791834],[28.1753857,36.6791568],[28.1751906,36.6790736],[28.1752031,36.6791834]]],[[[28.1787291,36.6800771],[28.1789158,36.6803367],[28.1790113,36.6801902],[28.1787291,36.6800771]]],[[[28.6951094,36.6925998],[28.6952637,36.6925571],[28.695112,36.6925592],[28.6951094,36.6925998]]],[[[28.695567,36.6926254],[28.6956282,36.6926765],[28.6956122,36.6926232],[28.695567,36.6926254]]],[[[28.6957106,36.6927256],[28.6956947,36.6927875],[28.6957372,36.6927789],[28.6957106,36.6927256]]],[[[28.6918771,36.691402],[28.693941,36.6949247],[28.6994423,36.6943395],[28.6918771,36.691402]]],[[[28.6689799,36.6985098],[28.6693083,36.6999289],[28.6696944,36.6997003],[28.6689799,36.6985098]]],[[[28.6721076,36.7030415],[28.6725904,36.7030022],[28.6721555,36.7028478],[28.6721076,36.7030415]]],[[[28.0974578,36.7075933],[28.097389,36.7073663],[28.0973165,36.707511],[28.0974578,36.7075933]]],[[[28.2429608,36.7131006],[28.2481525,36.7144339],[28.2486557,36.7140614],[28.2429608,36.7131006]]],[[[28.648522,36.7214288],[28.6483726,36.7215153],[28.6487294,36.7214321],[28.648522,36.7214288]]],[[[28.060281,36.7270643],[28.0461036,36.7342213],[28.064656,36.7346393],[28.060281,36.7270643]]],[[[28.2775399,36.7349135],[28.2772128,36.7348089],[28.2771483,36.7348618],[28.2775399,36.7349135]]],[[[28.3007802,36.7356604],[28.3006655,36.7355433],[28.3007698,36.7357064],[28.3007802,36.7356604]]],[[[28.0806023,36.7475875],[28.0813966,36.7459742],[28.0805612,36.7457438],[28.0806023,36.7475875]]],[[[28.0574244,36.7616632],[28.0574182,36.7594231],[28.0560917,36.7605699],[28.0574244,36.7616632]]],[[[28.1241849,36.7628693],[28.1264881,36.7604714],[28.1236704,36.7626351],[28.1241849,36.7628693]]],[[[28.2733142,36.7639638],[28.27385,36.7639397],[28.273254,36.7636117],[28.2733142,36.7639638]]],[[[28.4415949,36.770918],[28.436435,36.7776534],[28.4428516,36.7793136],[28.4415949,36.770918]]],[[[28.3820167,36.7865419],[28.3817523,36.7862075],[28.3815047,36.7861789],[28.3820167,36.7865419]]],[[[28.519619,36.7877574],[28.5196964,36.7878548],[28.5197251,36.7877999],[28.519619,36.7877574]]],[[[28.5196853,36.7879717],[28.5196522,36.7880107],[28.5197318,36.788],[28.5196853,36.7879717]]],[[[28.5196765,36.7881364],[28.5196477,36.7882728],[28.5197141,36.7883064],[28.5196765,36.7881364]]],[[[28.5413938,36.7885285],[28.5409685,36.7887351],[28.5415412,36.7885853],[28.5413938,36.7885285]]],[[[28.2587461,36.7990929],[28.2597998,36.7979483],[28.2580656,36.799146],[28.2587461,36.7990929]]],[[[28.2502132,36.7996674],[28.2511374,36.7995071],[28.2494997,36.7991093],[28.2502132,36.7996674]]],[[[28.121173,36.8018876],[28.1225559,36.8021346],[28.1214429,36.8018066],[28.121173,36.8018876]]],[[[28.1227003,36.8025826],[28.1226502,36.8026968],[28.1227119,36.802669],[28.1227003,36.8025826]]],[[[28.1200037,36.8029998],[28.1196809,36.8027259],[28.1198688,36.8030229],[28.1200037,36.8029998]]],[[[28.1208078,36.8022493],[28.1209928,36.8047462],[28.1229327,36.8039044],[28.1208078,36.8022493]]],[[[28.1226875,36.8032954],[28.1251207,36.8039043],[28.1211333,36.8020825],[28.1226875,36.8032954]]],[[[28.2588657,36.8101458],[28.2582074,36.7993397],[28.2436738,36.8085676],[28.2588657,36.8101458]]],[[[28.0557926,36.8074636],[28.0560593,36.8067441],[28.0554099,36.8069205],[28.0557926,36.8074636]]],[[[28.5740523,36.8171416],[28.5740949,36.8170655],[28.5740373,36.8171036],[28.5740523,36.8171416]]],[[[28.2831554,36.821152],[28.2885653,36.8201476],[28.2783929,36.820067],[28.2831554,36.821152]]],[[[28.4271597,36.8287928],[28.4271675,36.8288647],[28.4272222,36.8287928],[28.4271597,36.8287928]]],[[[28.4268824,36.8289303],[28.4265894,36.829071],[28.4268785,36.8291054],[28.4268824,36.8289303]]],[[[28.3852417,36.8418621],[28.3849238,36.8411777],[28.384567,36.841582],[28.3852417,36.8418621]]],[[[28.4447812,36.8624066],[28.4449075,36.865217],[28.446176,36.862942],[28.4447812,36.8624066]]],[[[28.1315446,36.9335864],[28.1318611,36.9342253],[28.132081,36.9337494],[28.1315446,36.9335864]]],[[[28.153607,36.935248],[28.15729,36.935469],[28.155499,36.933431],[28.153607,36.935248]]],[[[28.156634,36.944981],[28.154058,36.943978],[28.154078,36.945263],[28.156634,36.944981]]],[[[28.200549,36.959445],[28.189839,36.960324],[28.199173,36.963569],[28.200549,36.959445]]],[[[28.210655,36.991198],[28.2007719,36.9913314],[28.2053351,36.9959612],[28.210655,36.991198]]],[[[28.210556,36.9969261],[28.2111861,36.9973072],[28.211187,36.9969446],[28.210556,36.9969261]]],[[[28.209459,36.9974867],[28.2050253,36.9989448],[28.209613,36.9988107],[28.209459,36.9974867]]],[[[28.2380887,37.0020026],[28.2413224,37.0031302],[28.2422841,37.001645],[28.2380887,37.0020026]]],[[[28.1096818,37.0133167],[28.1094494,37.0134228],[28.1099474,37.0134095],[28.1096818,37.0133167]]],[[[29.2393587,36.3138345],[29.2404837,36.3145234],[29.2397229,36.3133774],[29.2393587,36.3138345]]],[[[29.1184121,36.4613512],[29.1184012,36.4610623],[29.1181112,36.4612749],[29.1184121,36.4613512]]],[[[29.1166511,36.4618662],[29.1165453,36.461875],[29.1166438,36.4619073],[29.1166511,36.4618662]]],[[[29.1165137,36.4620722],[29.1162135,36.4619192],[29.1162283,36.462215],[29.1165137,36.4620722]]],[[[29.116556,36.4622405],[29.1163213,36.462567],[29.1165962,36.4623392],[29.116556,36.4622405]]],[[[29.056963,36.5389136],[29.0568745,36.5391219],[29.0573029,36.5393998],[29.056963,36.5389136]]],[[[29.0558783,36.5400861],[29.0556383,36.5403854],[29.0562659,36.5403095],[29.0558783,36.5400861]]],[[[29.0598169,36.5394577],[29.0598163,36.541601],[29.0618811,36.5402637],[29.0598169,36.5394577]]],[[[29.0093074,36.5462619],[29.0095434,36.5456835],[29.0090526,36.5460007],[29.0093074,36.5462619]]],[[[29.075958,36.554091],[29.0637661,36.5547168],[29.0720946,36.5551324],[29.075958,36.554091]]],[[[29.0308772,36.5573813],[29.0300259,36.5564716],[29.0292813,36.556516],[29.0308772,36.5573813]]],[[[29.0888231,36.5603284],[29.0890099,36.5604592],[29.0890421,36.5602444],[29.0888231,36.5603284]]],[[[29.089945,36.5602048],[29.0899525,36.5605412],[29.0902456,36.5603167],[29.089945,36.5602048]]],[[[28.8255437,36.5675959],[28.82456,36.566939],[28.8250541,36.5681308],[28.8255437,36.5675959]]],[[[28.8450531,36.5875349],[28.8452301,36.5881294],[28.8454984,36.5881294],[28.8450531,36.5875349]]],[[[28.8457719,36.5882457],[28.8456378,36.5883124],[28.8458014,36.5883469],[28.8457719,36.5882457]]],[[[28.8945168,36.6363606],[28.8942335,36.6364051],[28.8943727,36.6365415],[28.8945168,36.6363606]]],[[[28.8937134,36.6360507],[28.8929143,36.6374692],[28.8942843,36.6369742],[28.8937134,36.6360507]]],[[[28.8519519,36.6434915],[28.8517521,36.6435302],[28.8518392,36.643556],[28.8519519,36.6434915]]],[[[28.86403,36.644696],[28.8641306,36.6443667],[28.8638704,36.6444495],[28.86403,36.644696]]],[[[28.8590937,36.6450214],[28.8596021,36.6440743],[28.8587475,36.6447338],[28.8590937,36.6450214]]],[[[28.8583855,36.6447675],[28.858374,36.6446833],[28.858311,36.6446811],[28.8583855,36.6447675]]],[[[29.0995758,36.6491669],[29.0980568,36.6521678],[29.1069505,36.6534963],[29.0995758,36.6491669]]],[[[29.0538463,36.6609582],[29.0434611,36.6521958],[29.0409904,36.6613016],[29.0538463,36.6609582]]],[[[28.898558,36.669948],[28.9032618,36.6518979],[28.8864021,36.6684875],[28.898558,36.669948]]],[[[29.0387828,36.6659941],[29.0387385,36.6661587],[29.0388659,36.6660501],[29.0387828,36.6659941]]],[[[29.037649,36.6663243],[29.038302,36.665842],[29.037779,36.6657809],[29.037649,36.6663243]]],[[[29.0338363,36.6670672],[29.0336866,36.6669589],[29.033748,36.6671144],[29.0338363,36.6670672]]],[[[29.033056,36.6673979],[29.033321,36.6675829],[29.0333946,36.6674038],[29.033056,36.6673979]]],[[[29.0368402,36.6671419],[29.0329892,36.6678232],[29.036981,36.6683123],[29.0368402,36.6671419]]],[[[28.9264159,36.6708124],[28.91309,36.6815622],[28.9394372,36.6746904],[28.9264159,36.6708124]]],[[[28.9064531,36.6678367],[28.9045209,36.6687164],[28.905835,36.6693588],[28.9064531,36.6678367]]],[[[29.0323493,36.6687756],[29.0323444,36.6686182],[29.0322511,36.6686319],[29.0323493,36.6687756]]],[[[29.0327116,36.6686945],[29.0295779,36.6709352],[29.0321177,36.6716438],[29.0327116,36.6686945]]],[[[29.0287763,36.6704258],[29.0286573,36.6718158],[29.0293292,36.6709177],[29.0287763,36.6704258]]],[[[28.8707244,36.6886246],[28.870877,36.6878288],[28.8702983,36.6877763],[28.8707244,36.6886246]]],[[[29.0098807,36.6922058],[29.004365,36.697372],[29.013087,36.6952472],[29.0098807,36.6922058]]],[[[28.930778,36.6967352],[28.9339752,36.6955825],[28.9326276,36.6941966],[28.930778,36.6967352]]],[[[28.9262185,36.6932335],[28.9244171,36.6998826],[28.9299235,36.6981964],[28.9262185,36.6932335]]],[[[28.9434223,36.7045113],[28.9432506,36.7042231],[28.9431509,36.7044803],[28.9434223,36.7045113]]],[[[28.9324294,36.6985486],[28.9340656,36.7029227],[28.9347415,36.7106192],[28.9353831,36.7049011],[28.9324294,36.6985486]]],[[[28.9303861,36.7067141],[28.9319343,36.7062928],[28.9314623,36.7056202],[28.9303861,36.7067141]]],[[[28.9174785,36.7070395],[28.9168948,36.7076682],[28.9170708,36.7076931],[28.9174785,36.7070395]]],[[[28.9440793,36.7080259],[28.9451039,36.7075518],[28.9444265,36.7071282],[28.9440793,36.7080259]]],[[[28.9336941,36.709188],[28.9339141,36.7095536],[28.9340535,36.7092654],[28.9336941,36.709188]]],[[[28.9328921,36.707912],[28.9309319,36.7113955],[28.9330015,36.7119838],[28.9328921,36.707912]]],[[[28.9361113,36.7110265],[28.936108,36.7115765],[28.9363398,36.710553],[28.9361113,36.7110265]]],[[[28.9648646,36.7222424],[28.9647081,36.722332],[28.9650293,36.7221495],[28.9648646,36.7222424]]],[[[28.9658744,36.7225102],[28.9659006,36.7225485],[28.9659052,36.7225262],[28.9658744,36.7225102]]],[[[28.9658421,36.7227028],[28.9657881,36.7226621],[28.9657388,36.7227448],[28.9658421,36.7227028]]],[[[28.9660631,36.7229816],[28.9660949,36.7230525],[28.9661285,36.722966],[28.9660631,36.7229816]]],[[[28.9504883,36.7261251],[28.9335456,36.7238215],[28.9394282,36.736915],[28.9504883,36.7261251]]]]}},{"type":"Feature","properties":{"id":"tur-westblacksea","name":"West Black Sea","iso3":"TUR","tier":1,"contested":false},"geometry":{"type":"MultiPolygon","coordinates":[[[[33.6479472,40.2924896],[33.5611724,40.3464788],[33.4834098,40.3153339],[33.417679,40.3896563],[33.3152675,40.4087254],[33.3381843,40.3322167],[33.2649746,40.3186934],[33.1290149,40.4889333],[33.0434417,40.4677803],[32.9652499,40.5447219],[32.881565,40.516344],[32.8797626,40.5591997],[32.9188155,40.586321],[32.8831958,40.5995517],[32.8920364,40.6431356],[32.7793407,40.660392],[32.6799487,40.7519387],[32.5935172,40.7453713],[32.5691845,40.7655659],[32.5957534,40.8134513],[32.5134906,40.8817926],[32.4193772,40.8537081],[32.3310133,40.8686125],[32.4043355,40.9352765],[32.4009229,40.9624034],[32.3519259,40.9500069],[32.3719363,41.0083656],[32.3277459,41.0265578],[32.1713391,41.048679],[32.0839072,41.0078012],[31.9809328,41.0463319],[31.8536456,41.0082997],[31.6322896,41.0509796],[31.3231091,41.0227818],[31.2929831,41.1157622],[31.4094576,41.2131407],[31.4206991,41.2748133],[31.4008855,41.3158781],[31.4661073,41.3274699],[31.7476035,41.4354351],[31.9014743,41.528583],[32.1412295,41.6015599],[32.284172,41.7200663],[32.416204,41.739115],[32.580323,41.8269607],[32.9386546,41.8773717],[33.3378268,42.0194855],[33.7838892,41.9731244],[34.0954792,41.9792889],[34.298924,41.9407243],[34.4901481,41.9765532],[34.5579484,41.946685],[34.726215,41.944143],[34.874949,41.998151],[34.9443275,42.0979923],[35.016621,42.093027],[35.0515415,42.0602675],[35.0398476,42.049352],[35.0596471,42.0329322],[35.1209431,42.023225],[35.1443209,42.0265988],[35.1710072,42.0407713],[35.189546,42.040961],[35.2113647,42.0180238],[35.1217925,42.01379],[35.0892643,41.9232349],[35.2778817,41.7154798],[35.4717643,41.6463513],[35.5545489,41.6319227],[35.856299,41.689942],[35.9555222,41.7379389],[36.0670609,41.6800106],[36.1168,41.6207536],[36.1311492,41.462175],[36.2416904,41.3538206],[36.3556856,41.3098279],[36.3401831,41.3133914],[36.3368705,41.2953979],[36.3943251,41.2517062],[36.4916737,41.2482355],[36.6578985,41.382366],[37.008256,41.2782577],[37.0336759,41.1870689],[37.1698717,41.1475887],[37.1625177,41.1210625],[36.9931979,41.0903567],[36.986933,41.060437],[36.9552527,41.0614837],[36.9728896,41.005757],[36.9143033,40.9761199],[36.9210349,40.9394714],[36.8944974,40.959337],[36.8519706,40.9195737],[36.7123475,40.9091938],[36.68241,40.886852],[36.7125932,40.8394149],[36.8508867,40.7667095],[36.8407347,40.7120804],[36.9427239,40.7196839],[36.9940851,40.686089],[37.1870258,40.7310666],[37.241587,40.6128892],[37.3404622,40.5990599],[37.3933965,40.5439936],[37.4422408,40.5652486],[37.5178433,40.5321159],[37.6129797,40.5487939],[37.6137605,40.4578872],[37.6653888,40.4109411],[37.5175875,40.2568707],[37.4327826,40.2232998],[37.4603898,40.1967598],[37.4455616,40.1687115],[37.0947184,40.2464769],[37.0627994,40.1935747],[37.0047559,40.2258202],[36.9193501,40.2043258],[36.8692756,40.2359102],[36.7869798,40.2275142],[36.7424225,40.1460403],[36.6478693,40.0780203],[36.6481977,39.9775765],[36.3136099,39.9745896],[36.1345075,39.9301803],[36.150843,39.8949755],[36.0086885,39.9267841],[35.9600083,39.9793022],[35.9439168,40.0510847],[36.0273387,40.0827019],[36.0250458,40.1093488],[35.7786025,40.0995426],[35.6992902,40.0687799],[35.6442085,40.1136678],[35.489122,40.1398804],[35.5027627,40.1948345],[35.4325569,40.2427259],[35.3399519,40.2550786],[35.2427266,40.1930771],[35.1572595,40.2395249],[35.1361378,40.2117098],[35.1559291,40.1510391],[35.2026857,40.1431722],[35.1464548,40.1072886],[35.1954525,40.08157],[35.1529748,40.0199301],[34.8975733,39.9884522],[34.8767989,40.0491352],[34.7964696,39.9938229],[34.658154,40.0109435],[34.5844364,39.943551],[34.4634577,39.9922972],[34.4129839,39.9952073],[34.3207339,39.9394362],[34.208147,39.9775884],[34.0641555,39.8585964],[34.114437,39.7923777],[33.9984544,39.7421792],[33.8458535,39.5716794],[33.7320751,39.5281782],[33.7747286,39.5067605],[33.7563441,39.4781902],[33.7311421,39.4658653],[33.6796923,39.510512],[33.5368959,39.4254627],[33.4477671,39.4307633],[33.405733,39.3952139],[33.3937047,39.4564111],[33.3477973,39.4633666],[33.3450507,39.5080804],[33.2894324,39.55078],[33.3244514,39.5469415],[33.31501,39.6442964],[33.2762145,39.676079],[33.2381057,39.6443625],[33.1860925,39.6596845],[33.2268619,39.7226363],[33.2840209,39.738476],[33.2672275,39.762998],[33.2982811,39.8217649],[33.2581042,39.8539497],[33.2985477,39.8450056],[33.3060365,39.9000712],[33.3747481,39.923429],[33.3993816,39.9730422],[33.4191226,39.9472531],[33.4443568,39.9857358],[33.5058116,39.9752785],[33.5149955,40.0280746],[33.4628963,40.0488399],[33.6178207,40.1083409],[33.6367892,40.1605092],[33.5932731,40.1873979],[33.6479472,40.2924896]]],[[[31.4096517,41.2175981],[31.4095739,41.2177887],[31.4097965,41.217701],[31.4096517,41.2175981]]],[[[31.4165452,41.2807171],[31.4167145,41.2807131],[31.4166273,41.2806763],[31.4165452,41.2807171]]],[[[31.4159681,41.28116],[31.4161027,41.2810759],[31.4159525,41.28109],[31.4159681,41.28116]]],[[[31.564445,41.3723728],[31.5641448,41.3725054],[31.5646128,41.3724987],[31.564445,41.3723728]]],[[[31.5843016,41.3745665],[31.5842221,41.3744472],[31.5841603,41.3745201],[31.5843016,41.3745665]]],[[[32.145281,41.607207],[32.1450323,41.6065161],[32.1449434,41.6069944],[32.145281,41.607207]]],[[[32.3387751,41.7336322],[32.3391181,41.7334227],[32.3386504,41.7326455],[32.3387751,41.7336322]]],[[[32.3389986,41.7344274],[32.3390339,41.7345261],[32.3390824,41.73448],[32.3389986,41.7344274]]],[[[32.3848643,41.7506649],[32.3822077,41.7533016],[32.3853381,41.7533121],[32.3848643,41.7506649]]],[[[32.3875549,41.7535513],[32.3890707,41.7524234],[32.3884316,41.7520249],[32.3875549,41.7535513]]],[[[33.0702857,41.9367966],[33.0708007,41.9371318],[33.0707342,41.9368333],[33.0702857,41.9367966]]],[[[33.1805992,41.9666145],[33.1808031,41.9667501],[33.1812065,41.9668746],[33.1805992,41.9666145]]],[[[33.2007265,41.9739452],[33.200351,41.9740649],[33.2007802,41.9741765],[33.2007265,41.9739452]]],[[[33.2013488,41.9742643],[33.2020891,41.9749422],[33.2022393,41.9745275],[33.2013488,41.9742643]]],[[[33.2082474,41.9764577],[33.2080329,41.9768485],[33.2084148,41.9769411],[33.2082474,41.9764577]]],[[[36.8650913,41.3405751],[36.864411,41.3406757],[36.864368,41.3407247],[36.8650913,41.3405751]]],[[[36.8637094,41.341094],[36.8630171,41.341238],[36.8629901,41.3412891],[36.8637094,41.341094]]],[[[36.8624006,41.341524],[36.8613756,41.3417312],[36.8613296,41.3418052],[36.8624006,41.341524]]],[[[36.8595555,41.3424169],[36.8606331,41.3419138],[36.859503,41.3423133],[36.8595555,41.3424169]]],[[[36.8588131,41.3426784],[36.8580706,41.3428264],[36.8576764,41.3430483],[36.8588131,41.3426784]]],[[[36.856056,41.3437945],[36.8570266,41.3435693],[36.857053,41.3434766],[36.856056,41.3437945]]],[[[35.4820651,41.6450118],[35.4809363,41.6452815],[35.4821335,41.6451716],[35.4820651,41.6450118]]],[[[35.4804581,41.6452541],[35.4793305,41.6455236],[35.4805261,41.6454131],[35.4804581,41.6452541]]],[[[35.4788395,41.6455837],[35.4777716,41.646024],[35.4789113,41.6457516],[35.4788395,41.6455837]]],[[[35.4772065,41.6459046],[35.4761484,41.6463308],[35.4772738,41.6460619],[35.4772065,41.6459046]]],[[[35.4744267,41.6465358],[35.4755734,41.6464747],[35.475627,41.6463344],[35.4744267,41.6465358]]],[[[35.1461526,42.0295933],[35.146274,42.0294476],[35.1454708,42.0285734],[35.1461526,42.0295933]]],[[[35.1488706,42.0303391],[35.147124,42.029628],[35.1468905,42.0297112],[35.1488706,42.0303391]]],[[[35.0488185,42.0478158],[35.0496387,42.0489142],[35.050443,42.0487155],[35.0488185,42.0478158]]]]}},{"type":"Feature","properties":{"id":"tur-eastblacksea","name":"East Black Sea","iso3":"TUR","tier":1,"contested":false},"geometry":{"type":"MultiPolygon","coordinates":[[[[38.9413833,40.0570523],[38.6577129,40.0832596],[38.6546406,40.1081172],[38.5614966,40.0946196],[38.5099982,40.1198935],[38.5345457,40.1532934],[38.4677953,40.1661178],[38.4151553,40.1232408],[38.323362,40.1861781],[38.1650294,40.2215021],[38.2021167,40.2610555],[38.1473619,40.3495457],[38.1903647,40.5089704],[38.0742105,40.5228075],[38.0675684,40.5526082],[37.971563,40.4636808],[37.9450979,40.4801703],[37.851169,40.3439446],[37.7561592,40.392849],[37.7584937,40.3334801],[37.6945147,40.3311928],[37.6137605,40.4578872],[37.6129797,40.5487939],[37.5178433,40.5321159],[37.4422408,40.5652486],[37.3933965,40.5439936],[37.3404622,40.5990599],[37.241587,40.6128892],[37.1870258,40.7310666],[36.9940851,40.686089],[36.9427239,40.7196839],[36.8407347,40.7120804],[36.8508867,40.7667095],[36.7125932,40.8394149],[36.68241,40.886852],[36.7809935,40.9295675],[36.8519706,40.9195737],[36.8944974,40.959337],[36.9149819,40.934983],[36.9143033,40.9761199],[36.9816648,41.0220179],[36.9582783,41.0644897],[37.01662,41.1019184],[37.1205896,41.0957955],[37.1710666,41.1476748],[37.293305,41.1452261],[37.5373218,41.0213655],[37.5761688,41.0302471],[37.594029,41.0373701],[37.6091762,41.0481336],[37.6831417,41.1365662],[37.786615,41.1161912],[37.783893,41.052084],[37.8815233,40.9861744],[38.2830075,40.9456219],[38.3589308,40.9091081],[38.5353585,40.9184647],[38.6250664,40.9734835],[38.715176,40.9506674],[38.8172148,41.0114044],[39.0532174,41.0368066],[39.1628226,41.0793437],[39.290344,41.0517008],[39.419173,41.1076502],[39.6573651,40.9964964],[39.7231265,41.0130054],[39.872812,40.9549405],[39.9919916,40.96472],[40.1833943,40.914553],[40.3802603,41.0247956],[40.5423542,41.0272908],[40.7207607,41.0880048],[40.8280502,41.1772682],[41.064791,41.2185889],[41.2694139,41.3438299],[41.4019178,41.3816076],[41.5470851,41.5206665],[41.635406,41.486733],[41.709758,41.496232],[41.823607,41.430572],[41.955316,41.5233],[42.04066,41.493946],[42.17823,41.514602],[42.520234,41.436706],[42.591089,41.3492056],[42.5129021,41.1825704],[42.3579362,41.0787422],[42.3763413,40.9950234],[42.3388563,40.9320536],[42.2771729,40.9228176],[42.168194,40.979617],[41.9651282,40.9804049],[41.8495999,40.8946649],[41.8363237,40.8595008],[41.8735126,40.8059189],[41.8195844,40.7563474],[41.7975837,40.6666642],[41.5766776,40.6904299],[41.4114171,40.5694158],[41.3171577,40.5572232],[41.2910122,40.681883],[41.3782151,40.7138595],[41.3069743,40.7602412],[41.2404619,40.7625038],[41.2018585,40.8092854],[41.2180492,40.8384253],[41.1627163,40.8093387],[41.1224066,40.8271003],[41.118135,40.790006],[41.058304,40.7691489],[40.874719,40.735521],[40.8853155,40.7077537],[40.8268725,40.6594964],[40.8620151,40.5920688],[40.7762699,40.5528244],[40.7856342,40.5850456],[40.7162547,40.605498],[40.5046458,40.5160397],[40.2773462,40.5146075],[40.2426839,40.5585802],[40.1830498,40.5683545],[40.0686257,40.5025351],[39.9209269,40.4760931],[39.802039,40.3063676],[39.8492082,40.2766316],[39.8537239,40.2171077],[39.6630441,40.096799],[39.6908272,40.0024211],[39.8167176,39.9194755],[39.798187,39.8970799],[39.6421829,39.8619321],[39.6134962,39.897523],[39.5712885,39.8887951],[39.5973534,39.8361941],[39.5538814,39.8361941],[39.5243601,39.8792265],[39.4693936,39.8589893],[39.2941257,39.8930112],[38.9413833,40.0570523]]],[[[38.4380754,40.9289727],[38.4353055,40.929528],[38.4373985,40.9306291],[38.4380754,40.9289727]]],[[[38.6409438,40.9738281],[38.6411895,40.9739143],[38.6411895,40.9737884],[38.6409438,40.9738281]]],[[[37.5940693,41.0396766],[37.5939995,41.0391449],[37.593884,41.0391993],[37.5940693,41.0396766]]],[[[37.5987585,41.0414716],[37.5994446,41.0413726],[37.5986312,41.0413006],[37.5987585,41.0414716]]],[[[37.5091048,41.0610024],[37.5101975,41.0621519],[37.5109201,41.0619259],[37.5091048,41.0610024]]],[[[38.6446389,40.9713828],[38.6443229,40.971522],[38.6446476,40.9715684],[38.6446389,40.9713828]]]]}},{"type":"Feature","properties":{"id":"tur-westanatolia","name":"West Anatolia","iso3":"TUR","tier":1,"contested":false},"geometry":{"type":"Polygon","coordinates":[[[32.5188,36.5284],[32.4982,36.5915],[32.5188,36.6271],[32.4843,36.6524],[32.4697526,36.7531936],[32.3492036,36.8155017],[32.1813667,36.9872701],[31.9652333,37.1158957],[31.938593,37.2221899],[31.7718675,37.3368055],[31.7689792,37.3699984],[31.7273231,37.3726498],[31.6498413,37.2850624],[31.5531539,37.2792591],[31.3736048,37.3680458],[31.3154902,37.4157522],[31.3344876,37.5841537],[31.2729488,37.6333739],[31.4317311,37.7055802],[31.4580535,37.8205413],[31.4390297,37.9145112],[31.5397153,38.0432578],[31.5202656,38.1832985],[31.3958788,38.1902145],[31.327231,38.2405102],[31.3196977,38.3078673],[31.2585563,38.3768823],[31.2759027,38.4281899],[31.342185,38.5036397],[31.5778072,38.6421726],[31.5405787,38.721063],[31.6169153,38.8108756],[31.6162062,38.8500358],[31.5643644,38.8586832],[31.6210449,38.9201875],[31.6077304,38.9736566],[31.6737556,38.9838068],[31.706028,38.9582909],[31.7319863,38.9847993],[31.6763949,39.0199339],[31.5960145,39.0165162],[31.5924847,39.0433112],[31.727711,39.0550927],[31.7682552,39.1133799],[31.839205,39.1341715],[31.829946,39.1782811],[31.885736,39.1819238],[31.9627475,39.2456151],[31.9981097,39.2206842],[32.0087527,39.2261365],[31.9475126,39.2757199],[32.0115423,39.3251687],[31.9724035,39.3568819],[31.9979596,39.4970205],[31.9478559,39.5629231],[31.9468688,39.5396608],[31.8983745,39.5436984],[31.8854999,39.5986122],[31.9434356,39.6362328],[31.7647332,39.7225605],[31.7887687,39.7832127],[31.8297958,39.7845319],[31.8515967,39.841693],[31.9001079,39.8559234],[31.7900777,39.8821368],[31.7355644,39.9717348],[31.6990327,39.9775477],[31.7125563,40.0214882],[31.6591511,40.0087265],[31.6690935,40.0521317],[31.6130486,40.0222163],[31.4631138,40.0450062],[31.4014873,40.0168779],[31.3918876,40.0617165],[31.1884688,40.046606],[31.1154269,40.0716351],[30.9381007,40.0294218],[30.8546733,40.0612566],[30.8361038,40.0978711],[30.8732771,40.1107369],[30.8521628,40.1579181],[31.0727477,40.2284646],[31.068911,40.3496055],[31.3094043,40.3299267],[31.4352321,40.3652503],[31.4487933,40.3278328],[31.3866519,40.3127815],[31.4537715,40.2611233],[31.4517974,40.2953701],[31.5087461,40.3072509],[31.5911759,40.2685711],[31.7494582,40.3317587],[31.8527984,40.3047964],[32.0110702,40.3783939],[32.0306396,40.4642541],[31.9922915,40.4825137],[32.0298671,40.5070126],[32.090721,40.5003558],[32.1567248,40.548896],[32.2515678,40.5445914],[32.3210906,40.5912747],[32.3728465,40.5849522],[32.3604869,40.5402214],[32.4483775,40.5593954],[32.4265765,40.6848688],[32.5102614,40.6734127],[32.5240802,40.7345759],[32.6669883,40.7538892],[32.7793407,40.660392],[32.8920364,40.6431356],[32.8831958,40.5995517],[32.9188155,40.586321],[32.8797626,40.5591997],[32.8799342,40.5174533],[32.9652499,40.5447219],[33.0434417,40.4677803],[33.1290149,40.4889333],[33.2649746,40.3186934],[33.3381843,40.3322167],[33.3152675,40.4087254],[33.417679,40.3896563],[33.4834098,40.3153339],[33.5611724,40.3464788],[33.6468415,40.2955756],[33.5932731,40.1873979],[33.6367892,40.1605092],[33.6178207,40.1083409],[33.4628963,40.0488399],[33.5149955,40.0280746],[33.5058116,39.9752785],[33.4443568,39.9857358],[33.4191226,39.9472531],[33.3993816,39.9730422],[33.3747481,39.923429],[33.3060365,39.9000712],[33.2985477,39.8450056],[33.2581042,39.8539497],[33.2982811,39.8217649],[33.2672275,39.762998],[33.2840209,39.738476],[33.2268619,39.7226363],[33.1860925,39.6596845],[33.2381057,39.6443625],[33.2762145,39.676079],[33.31501,39.6442964],[33.3244514,39.5469415],[33.2894324,39.55078],[33.3450507,39.5080804],[33.3477973,39.4633666],[33.3937047,39.4564111],[33.4010982,39.3974027],[33.4477671,39.4307633],[33.5368959,39.4254627],[33.6796923,39.510512],[33.7452927,39.47128],[33.7747286,39.5067605],[33.7320751,39.5281782],[33.8551363,39.5782139],[33.841287,39.5958047],[33.9602992,39.6761937],[33.9984544,39.7421792],[34.0627407,39.7881246],[34.1840178,39.7983763],[34.2923666,39.6951738],[34.4683247,39.6754858],[34.426904,39.63767],[34.4979375,39.5686963],[34.4977325,39.4673504],[34.6622943,39.4036372],[34.6714979,39.3836464],[34.5808,39.3294],[34.6741886,39.3114473],[34.7048405,39.2662458],[34.694527,39.2367747],[34.5940612,39.2069239],[34.5868359,39.1798991],[34.6308926,39.1667387],[34.5895961,39.1329606],[34.5605037,39.1450308],[34.5601204,39.0987846],[34.5155119,39.0802615],[34.6094694,39.0727519],[34.6279545,39.0362195],[34.5678593,39.0238129],[34.5422796,39.0625316],[34.4736073,38.9995659],[34.487009,38.9786607],[34.4379235,38.9865986],[34.4337285,38.934562],[34.3546355,38.8492218],[34.2700992,38.8992618],[34.2439281,38.8331843],[34.1674709,38.8230329],[34.0745744,38.8816211],[34.0355016,38.9608706],[33.969205,38.9744824],[34.008177,39.0392148],[33.9478741,39.0509266],[33.849306,39.0268521],[33.7954043,38.9780272],[33.7308597,38.9879683],[33.737812,38.9265979],[33.8030433,38.8828153],[33.7777232,38.7936974],[33.6436035,38.6887577],[33.3236851,38.6618837],[33.3093352,38.5077525],[33.1718873,38.2840498],[33.202069,38.2437468],[33.2688304,38.2437468],[33.3160909,38.0788199],[33.2962247,38.0092613],[33.3364264,38.0491185],[33.397363,38.0292347],[33.4226531,37.9827739],[33.5728676,37.9933025],[33.5467613,38.0552062],[33.6014099,38.0874872],[33.7024695,38.1035064],[33.7789813,38.0707549],[33.913481,38.1235726],[33.9698582,38.1216718],[34.0606973,38.061363],[34.0607778,38.0274975],[33.9839531,38.0057919],[33.9810052,37.975613],[34.1089653,37.9622604],[34.1988281,37.8739221],[34.2877574,37.8464649],[34.3767197,37.7136469],[34.36735,37.6594673],[34.2953865,37.5851833],[34.3083009,37.4958304],[34.3951725,37.4360167],[34.4310654,37.3070989],[34.3450099,37.326523],[34.2591903,37.2467141],[34.2575456,37.1786063],[34.1325381,37.1074786],[34.0027696,37.1288753],[33.7522126,37.0244373],[33.6333236,37.0416563],[33.5144202,36.9399881],[33.1722615,36.9183787],[33.1227403,36.8405242],[33.0962667,36.8812224],[32.9619784,36.8551017],[32.9477991,36.8305085],[32.9956109,36.822136],[33.0043846,36.7097339],[33.0379861,36.7012878],[33.0628326,36.6289024],[33.1353818,36.6087567],[33.2202018,36.528258],[33.1257454,36.5827231],[33.0724998,36.5726063],[33.0124966,36.4610974],[32.9401188,36.4519209],[32.8606225,36.4897734],[32.5188,36.5284]]]}},{"type":"Feature","properties":{"id":"tur-centralanatolia","name":"Central Anatolia","iso3":"TUR","tier":1,"contested":false},"geometry":{"type":"Polygon","coordinates":[[[35.0910019,37.6495881],[34.8795525,37.6819709],[34.8476525,37.6087017],[34.8695169,37.560826],[34.7882041,37.4239896],[34.7019781,37.432312],[34.436517,37.3314242],[34.3951725,37.4360167],[34.3083009,37.4958304],[34.297168,37.5976546],[34.3788259,37.6853562],[34.3507938,37.7649379],[34.2877574,37.8464649],[34.1988281,37.8739221],[34.1232057,37.9551683],[33.9810052,37.975613],[33.9839531,38.0057919],[34.0607778,38.0274975],[34.0606973,38.061363],[33.9698582,38.1216718],[33.913481,38.1235726],[33.7789813,38.0707549],[33.7024695,38.1035064],[33.6014099,38.0874872],[33.5467613,38.0552062],[33.5728676,37.9933025],[33.4226531,37.9827739],[33.397363,38.0292347],[33.3364264,38.0491185],[33.2962247,38.0092613],[33.3160909,38.0788199],[33.2688304,38.2437468],[33.1712387,38.2729255],[33.3093352,38.5077525],[33.3236851,38.6618837],[33.6436035,38.6887577],[33.7777232,38.7936974],[33.8030433,38.8828153],[33.737812,38.9265979],[33.7308597,38.9879683],[33.7954043,38.9780272],[33.849306,39.0268521],[33.9478741,39.0509266],[34.008177,39.0392148],[33.969205,38.9744824],[34.0355016,38.9608706],[34.0804013,38.8755869],[34.1791206,38.8199336],[34.2439281,38.8331843],[34.2700992,38.8992618],[34.3706361,38.8595741],[34.4337285,38.934562],[34.4379235,38.9865986],[34.487009,38.9786607],[34.4736073,38.9995659],[34.5422796,39.0625316],[34.5678593,39.0238129],[34.6279545,39.0362195],[34.6094694,39.0727519],[34.5155119,39.0802615],[34.5601204,39.0987846],[34.5605037,39.1450308],[34.5895961,39.1329606],[34.6308926,39.1667387],[34.5868359,39.1798991],[34.5940612,39.2069239],[34.694527,39.2367747],[34.6741886,39.3114473],[34.5808,39.3294],[34.6714979,39.3836464],[34.6622943,39.4036372],[34.4977325,39.4673504],[34.4979375,39.5686963],[34.426904,39.63767],[34.4683247,39.6754858],[34.2923666,39.6951738],[34.1840178,39.7983763],[34.1150025,39.7921865],[34.0606553,39.8351561],[34.0951588,39.908757],[34.208147,39.9775884],[34.3207339,39.9394362],[34.4129839,39.9952073],[34.5844364,39.943551],[34.658154,40.0109435],[34.7964696,39.9938229],[34.8767989,40.0491352],[34.8975733,39.9884522],[35.1529748,40.0199301],[35.1954525,40.08157],[35.1464548,40.1072886],[35.2026857,40.1431722],[35.1559291,40.1510391],[35.1481826,40.230903],[35.2427266,40.1930771],[35.3399519,40.2550786],[35.4909959,40.2077504],[35.489122,40.1398804],[35.6442085,40.1136678],[35.6992902,40.0687799],[35.7786025,40.0995426],[36.0375429,40.1046253],[35.9439168,40.0510847],[35.9600083,39.9793022],[36.0086885,39.9267841],[36.150843,39.8949755],[36.1345075,39.9301803],[36.3136099,39.9745896],[36.6481977,39.9775765],[36.6478693,40.0780203],[36.7424225,40.1460403],[36.7869798,40.2275142],[36.8692756,40.2359102],[36.9193501,40.2043258],[37.0047559,40.2258202],[37.0627994,40.1935747],[37.0947184,40.2464769],[37.4455616,40.1687115],[37.4603898,40.1967598],[37.4327826,40.2232998],[37.5927281,40.3203424],[37.6213147,40.3883027],[37.7213221,40.3257705],[37.7584937,40.3334801],[37.7561592,40.392849],[37.851169,40.3439446],[37.9450979,40.4801703],[37.971563,40.4636808],[38.0675684,40.5526082],[38.0742105,40.5228075],[38.1903647,40.5089704],[38.1473619,40.3495457],[38.2021167,40.2610555],[38.1650294,40.2215021],[38.323362,40.1861781],[38.4151553,40.1232408],[38.4763297,40.1649858],[38.5345457,40.1532934],[38.5099982,40.1198935],[38.5614966,40.0946196],[38.6546406,40.1081172],[38.6577129,40.0832596],[38.7693547,40.0742182],[38.7629604,40.0149431],[38.7301374,39.9934548],[38.6434033,40.0030303],[38.5499283,39.9567773],[38.4581408,39.9857334],[38.3889442,39.9179738],[38.4514507,39.8266596],[38.3566005,39.7638384],[38.3104793,39.6467319],[38.3479056,39.5878372],[38.2772508,39.5347747],[38.3952021,39.4186126],[38.3663583,39.3943098],[38.3806063,39.3716909],[38.3306448,39.3587373],[38.367868,39.2514933],[38.3242273,39.1527896],[38.1617377,39.0832318],[37.7782577,39.0819999],[37.757543,39.0403385],[37.7836371,39.0097262],[37.7486035,38.9716563],[37.6130468,39.0147614],[37.5294869,39.0067461],[37.4807291,39.0414378],[37.5451215,38.9297049],[37.5576972,38.7926114],[37.4886016,38.7194364],[37.4294355,38.7052694],[37.4025031,38.608937],[37.3195406,38.5970616],[37.3001507,38.5655675],[37.0528071,38.5854461],[36.7154917,38.5219186],[36.6682619,38.4971592],[36.7404033,38.4203972],[36.6003911,38.389805],[36.565495,38.3437922],[36.5836614,38.3119461],[36.5185722,38.247215],[36.3562944,38.2999364],[36.3878464,38.3486228],[36.3726708,38.3796389],[36.2807964,38.4046019],[36.1795194,38.3836617],[36.1846264,38.3489997],[36.1436094,38.3230831],[36.1240617,38.3407033],[35.9903569,38.22343],[36.0209181,38.1897481],[35.9635264,38.1092044],[35.8035581,38.0758658],[35.8006214,38.1208911],[35.7638817,38.0437833],[35.7224917,38.0626483],[35.69,37.9736461],[35.5912942,37.9592892],[35.5866119,37.8848503],[35.6235522,37.8408322],[35.5788414,37.7887456],[35.5187469,37.8010114],[35.5128047,37.7183186],[35.4051022,37.6914408],[35.3111078,37.7175514],[35.0910019,37.6495881]]]}},{"type":"Feature","properties":{"id":"tur-northeastanatolia","name":"Northeast Anatolia","iso3":"TUR","tier":1,"contested":false},"geometry":{"type":"Polygon","coordinates":[[[40.5046458,40.5160397],[40.7162547,40.605498],[40.7856342,40.5850456],[40.7762699,40.5528244],[40.8353739,40.5752695],[40.868905,40.61106],[40.8268725,40.6594964],[40.8853155,40.7077537],[40.874719,40.735521],[41.058304,40.7691489],[41.118135,40.790006],[41.1224066,40.8271003],[41.1627163,40.8093387],[41.2180492,40.8384253],[41.2018585,40.8092854],[41.2404619,40.7625038],[41.3069743,40.7602412],[41.3782151,40.7138595],[41.2910122,40.681883],[41.3171577,40.5572232],[41.4114171,40.5694158],[41.5766776,40.6904299],[41.7975837,40.6666642],[41.8195844,40.7563474],[41.8735126,40.8059189],[41.8363237,40.8595008],[41.8495999,40.8946649],[41.9651282,40.9804049],[42.168194,40.979617],[42.2771729,40.9228176],[42.3388563,40.9320536],[42.3763413,40.9950234],[42.3579362,41.0787422],[42.5016164,41.1722446],[42.5701639,41.2600522],[42.591089,41.3492056],[42.5200423,41.4075304],[42.512435,41.469831],[42.572898,41.509911],[42.576574,41.565475],[42.684129,41.5998375],[42.8265845,41.5927041],[42.80239,41.495777],[42.851401,41.470554],[42.900942,41.5003],[43.018652,41.375661],[43.2125941,41.3062313],[43.127956,41.253476],[43.194366,41.253988],[43.229621,41.1723443],[43.367357,41.203384],[43.44848,41.176399],[43.468408,41.0306149],[43.676128,40.930283],[43.6770061,40.8475169],[43.7452474,40.7406981],[43.7466845,40.6758043],[43.6433979,40.5617375],[43.6499291,40.5312524],[43.542128,40.4768947],[43.6197206,40.4215067],[43.590814,40.3451289],[43.6828082,40.2573388],[43.6837106,40.2266454],[43.6531003,40.2248851],[43.7128425,40.1718953],[43.650799,40.1456994],[43.6564983,40.1125141],[43.8994158,40.0210172],[44.2483806,40.049075],[44.3518267,40.0272172],[44.4813505,39.9662875],[44.5945362,39.8244407],[44.6932518,39.7940702],[44.8176638,39.6516661],[44.8093804,39.627336],[44.7150829,39.7142776],[44.6617489,39.71814],[44.614695,39.7824624],[44.426319,39.6608709],[44.3047084,39.6711273],[44.1290757,39.7439973],[43.9988204,39.7278452],[43.8257911,39.7803022],[43.7455302,39.7667766],[43.5492122,39.840915],[43.4537165,39.7709592],[43.3704423,39.9139491],[43.3679628,39.9892076],[42.883893,39.9808928],[42.4947089,39.9040193],[42.4357269,39.9242992],[42.3566441,39.8641066],[42.3055493,39.8754044],[42.2789918,39.8171262],[42.3021524,39.7712666],[42.4587749,39.718586],[42.5202956,39.6359314],[42.4834407,39.548771],[42.3839604,39.537907],[42.3258692,39.4751585],[42.2124686,39.4276919],[42.1793158,39.3943622],[42.2329288,39.3487937],[42.1984488,39.3092323],[42.1751971,39.3249038],[42.1457388,39.283508],[41.960045,39.2111532],[41.8186218,39.2089206],[41.8012056,39.1731037],[41.7324574,39.1521025],[41.618225,39.1565667],[41.6166982,39.2532621],[41.4150111,39.3534035],[41.2001023,39.3615909],[41.1675568,39.3724904],[41.1665886,39.412896],[41.061222,39.4261254],[41.002501,39.4740782],[40.7131497,39.4076649],[40.5739218,39.4525524],[40.6340048,39.527561],[40.4487198,39.5110894],[40.3721681,39.5888842],[40.0645019,39.5504844],[39.8019051,39.6149985],[39.8053785,39.5271417],[39.625012,39.4492481],[39.5551591,39.4589721],[39.5568382,39.5232459],[39.298496,39.4544365],[39.2646585,39.4884862],[39.0750096,39.4529127],[38.9802501,39.3382211],[38.8134865,39.3479795],[38.7947093,39.2856564],[38.9425356,39.2579082],[38.7487053,39.204053],[38.7734802,39.175205],[38.7319234,39.1286405],[38.7656,39.0124],[38.7084,39.0133],[38.5980882,39.1130314],[38.4996022,39.1430157],[38.388764,39.1153751],[38.3242273,39.1527896],[38.367868,39.2514933],[38.3306448,39.3587373],[38.3806063,39.3716909],[38.3663583,39.3943098],[38.3952021,39.4186126],[38.2772508,39.5347747],[38.3479056,39.5878372],[38.3104793,39.6467319],[38.3566005,39.7638384],[38.4514507,39.8266596],[38.3883467,39.9076219],[38.4581408,39.9857334],[38.5499283,39.9567773],[38.6434033,40.0030303],[38.7301374,39.9934548],[38.7692043,40.0668479],[38.9539366,40.0588931],[39.2941257,39.8930112],[39.4693936,39.8589893],[39.5243601,39.8792265],[39.5434235,39.8409177],[39.5973534,39.8361941],[39.5589335,39.8855779],[39.6134962,39.897523],[39.6531187,39.8626693],[39.8167176,39.9194755],[39.6908272,40.0024211],[39.6630441,40.096799],[39.8537239,40.2171077],[39.8492082,40.2766316],[39.802039,40.3063676],[39.9209269,40.4760931],[40.0686257,40.5025351],[40.1830498,40.5683545],[40.2426839,40.5585802],[40.2773462,40.5146075],[40.5046458,40.5160397]]]}},{"type":"Feature","properties":{"id":"tur-southeastanatolia","name":"Southeast Anatolia","iso3":"TUR","tier":1,"contested":false},"geometry":{"type":"Polygon","coordinates":[[[37.6592735,36.7493817],[37.474147,36.6330137],[37.142075,36.6773217],[37.0862072,36.6342149],[37.020742,36.6661586],[37.0465514,36.7262012],[36.9927304,36.7421558],[36.9975347,36.7655706],[36.6651945,36.8267665],[36.4428239,36.9330997],[36.6931381,37.2161761],[36.8379658,37.2433719],[36.8905876,37.3230933],[36.9675011,37.2928577],[37.0095129,37.233372],[37.0055753,37.1809892],[37.0698298,37.1949467],[37.2306,37.3240227],[37.3762246,37.330679],[37.6037704,37.4834572],[37.5632484,37.6055033],[37.4713595,37.562552],[37.435966,37.6409023],[37.4693787,37.6822334],[37.4533164,37.7482244],[37.5208841,37.7867765],[37.5122004,37.8648082],[37.482929,37.8820347],[37.5356942,37.9196214],[37.5828876,37.9025804],[37.6184079,37.9493165],[37.6912772,37.9615252],[37.6844851,37.9107511],[37.7563297,37.9346271],[37.7667569,37.8875539],[37.9661026,37.8665777],[38.1476768,37.9931648],[38.1102629,38.0475722],[38.1317705,38.1052243],[38.1876462,38.1036802],[38.263235,38.2100626],[38.2754659,38.1401936],[38.3212995,38.1646604],[38.3035969,38.1051496],[38.4151265,38.1025569],[38.4417411,38.1751234],[38.4919597,38.1902752],[38.496437,38.1582492],[38.6825234,38.0509214],[38.7318277,38.0539037],[38.760581,37.9870309],[38.9007854,38.0522816],[38.863084,38.0760349],[38.9330186,38.0882563],[38.9358043,38.0588542],[39.036988,38.0836269],[39.1267178,38.1867371],[39.10654,38.2038182],[39.1514252,38.2992522],[39.1131485,38.3440357],[38.9677752,38.3188946],[38.813149,38.4435089],[38.6733246,38.4234458],[38.4685975,38.474829],[38.3573921,38.5517824],[38.3658035,38.6324196],[38.4672085,38.6970594],[38.4712138,38.7502164],[38.6454501,38.7564414],[38.6474195,38.8202114],[38.569996,38.9226964],[38.5991677,38.9471191],[38.5893,38.9816],[38.6698,39.0523],[38.7889,38.9969],[38.7414,38.8864],[39.0702665,38.8895488],[39.2608185,38.8584358],[39.3936006,38.7731696],[39.4837427,38.7631676],[39.5311776,38.8175198],[39.6849483,38.7993203],[39.7181147,38.8339561],[39.7983838,38.8210601],[39.8741974,38.9160902],[39.901985,39.0086075],[39.8631273,39.0536877],[39.9092977,39.0971918],[40.024162,39.0953127],[40.1242796,39.1601703],[40.2733081,39.1809891],[40.302096,39.131539],[40.2561004,39.1077419],[40.1801646,38.973329],[40.2639413,38.8650894],[40.2358359,38.836696],[40.2968271,38.8272987],[40.3333669,38.7708023],[40.0915332,38.6506245],[40.2935596,38.4767007],[40.3549105,38.4891945],[40.3543737,38.5325035],[40.4574375,38.6184369],[40.6033615,38.5633017],[40.6720445,38.6012964],[40.7672685,38.6000714],[40.811512,38.56114],[41.1391815,38.7145841],[41.1118309,38.7014153],[41.1192728,38.6632384],[41.2626235,38.6498243],[41.3109546,38.536481],[41.2959514,38.5122231],[41.4155054,38.488567],[41.4936623,38.5509485],[41.6640948,38.4959601],[41.6096394,38.4414218],[41.5889962,38.3542313],[41.6413327,38.3296747],[41.6828224,38.2436999],[41.785283,38.235676],[41.9703071,38.1577338],[42.2459616,38.232564],[42.2363234,38.1802386],[42.2870706,38.1193931],[42.3896785,38.1273519],[42.3748166,38.0888374],[42.4489402,38.0701901],[42.5019321,37.981597],[42.6140569,37.9811463],[42.6631905,38.0244853],[42.7098881,38.0194446],[42.8845218,37.7668903],[42.8407121,37.659676],[42.5292998,37.7266541],[42.4219162,37.6921729],[42.3625336,37.7097685],[42.3626476,37.6737614],[42.3158829,37.6397712],[42.2572078,37.6558543],[42.2827426,37.6056319],[42.2478818,37.5818304],[42.1475023,37.6301986],[41.9958814,37.6257352],[41.8124738,37.695317],[41.8307972,37.6244113],[41.8972301,37.5781702],[41.8378806,37.5205327],[41.8464737,37.4414207],[41.8810567,37.4105837],[41.6964251,37.4402932],[41.6472368,37.4042443],[41.621276,37.4491089],[41.5995147,37.4563336],[41.6109706,37.4066997],[41.5744503,37.3860022],[41.5765084,37.2943185],[41.5454871,37.275755],[41.5678231,37.2381074],[41.6578595,37.2627253],[41.6797084,37.1771001],[41.6645674,37.1183115],[41.5175457,37.0779472],[41.2180554,37.0618831],[40.915454,37.1313202],[40.8346239,37.1065489],[40.7652951,37.1273994],[40.5309101,37.0283835],[40.4121452,37.0147303],[40.1828902,36.8776922],[39.8207742,36.7567011],[39.2130038,36.6691518],[39.0205754,36.7107218],[38.7392713,36.7081478],[38.55441,36.8448105],[38.2408853,36.9241233],[38.0363807,36.8607418],[38.0184769,36.8259766],[37.7822836,36.7493388],[37.6592735,36.7493817]]]}},{"type":"Feature","properties":{"id":"tur-eastmarmara","name":"East Marmara","iso3":"TUR","tier":1,"contested":false},"geometry":{"type":"MultiPolygon","coordinates":[[[[28.9893124,39.5938437],[28.9407216,39.6231045],[28.7962797,39.6244217],[28.7566022,39.6558618],[28.7793235,39.6963201],[28.7264243,39.6908288],[28.7321048,39.761583],[28.527387,39.7538622],[28.4357304,39.8595496],[28.3506995,39.8627445],[28.2055595,39.9935653],[28.1919228,40.0742828],[28.1128601,40.1473324],[28.1097623,40.2632325],[28.1754261,40.2570531],[28.186394,40.398481],[28.5103057,40.3957942],[28.5805812,40.3735983],[28.6377442,40.3629468],[28.6574239,40.361007],[28.7965292,40.3942396],[28.929678,40.3554619],[29.058654,40.364416],[29.0801802,40.417821],[29.1512545,40.4362345],[29.0826572,40.4777374],[28.9751546,40.4562294],[28.7808798,40.5182047],[28.7936245,40.5518241],[28.99667,40.645854],[29.2807063,40.6599612],[29.3819745,40.7014825],[29.4570239,40.6954495],[29.5137807,40.7430872],[29.556965,40.686454],[29.8128113,40.7303646],[29.936704,40.7197391],[29.9267428,40.759682],[29.7831788,40.7406974],[29.6173967,40.7836904],[29.3537858,40.7556949],[29.3333872,40.7902631],[29.3644095,40.8591931],[29.4562046,40.9123163],[29.4374215,40.9379749],[29.5064693,40.9880709],[29.5086371,41.041655],[29.5978181,41.0284731],[29.6069312,40.9812588],[29.6766905,40.9644098],[29.7183906,41.0036362],[29.7044201,41.0344787],[29.8265547,41.0132711],[29.8804294,41.0419671],[29.8915028,41.0929597],[29.9545133,41.0800952],[29.9150097,41.1010461],[29.9140978,41.1403423],[30.1550959,41.1387847],[30.2707639,41.209732],[30.7578351,41.0856915],[31.00787,41.07247],[31.2929831,41.1157622],[31.3231091,41.0227818],[31.6322896,41.0509796],[31.8536456,41.0082997],[31.9809328,41.0463319],[32.0839072,41.0078012],[32.1713391,41.048679],[32.3277459,41.0265578],[32.3719363,41.0083656],[32.3519259,40.9500069],[32.4009229,40.9624034],[32.4043355,40.9352765],[32.3310133,40.8686125],[32.4193772,40.8537081],[32.5134906,40.8817926],[32.5957534,40.8134513],[32.5691845,40.7655659],[32.5935172,40.7453713],[32.5240802,40.7345759],[32.5102614,40.6734127],[32.4265765,40.6848688],[32.4483775,40.5593954],[32.3604869,40.5402214],[32.3728465,40.5849522],[32.3210906,40.5912747],[32.2515678,40.5445914],[32.1567248,40.548896],[32.090721,40.5003558],[32.0298671,40.5070126],[31.9922915,40.4825137],[32.0306396,40.4642541],[32.0110702,40.3783939],[31.8527984,40.3047964],[31.7494582,40.3317587],[31.5911759,40.2685711],[31.5087461,40.3072509],[31.4517974,40.2953701],[31.4537715,40.2611233],[31.3866519,40.3127815],[31.4487933,40.3278328],[31.4352321,40.3652503],[31.3094043,40.3299267],[31.068911,40.3496055],[31.0727477,40.2284646],[30.9551596,40.2117526],[30.9367918,40.1732662],[30.8483004,40.1530637],[30.8732771,40.1107369],[30.8361038,40.0978711],[30.8456611,40.0732114],[30.9381007,40.0294218],[31.1154269,40.0716351],[31.1884688,40.046606],[31.3918876,40.0617165],[31.4014873,40.0168779],[31.4631138,40.0450062],[31.6130486,40.0222163],[31.6690935,40.0521317],[31.6591511,40.0087265],[31.7125563,40.0214882],[31.6990327,39.9775477],[31.7355644,39.9717348],[31.7900777,39.8821368],[31.9001079,39.8559234],[31.8515967,39.841693],[31.8297958,39.7845319],[31.7887687,39.7832127],[31.7647332,39.7225605],[31.9434356,39.6362328],[31.8854999,39.5986122],[31.8983745,39.5436984],[31.9468688,39.5396608],[31.9478559,39.5629231],[31.9979596,39.4970205],[31.9724035,39.3568819],[32.0115423,39.3251687],[31.9475126,39.2757199],[32.0087527,39.2261365],[31.9627475,39.2456151],[31.885736,39.1819238],[31.829946,39.1782811],[31.839205,39.1341715],[31.7682552,39.1133799],[31.727711,39.0550927],[31.5445518,39.044144],[31.5410532,39.076385],[31.4474983,39.1131991],[31.4521775,39.1654255],[31.3363221,39.1929696],[31.3219929,39.2670225],[31.2584931,39.2356579],[31.1104413,39.2598934],[31.0708129,39.238773],[31.1030576,39.2043989],[31.0248695,39.1847264],[30.8914744,39.2133812],[30.8779009,39.1791603],[30.9180198,39.1202926],[30.7971496,39.1160589],[30.7845816,39.071423],[30.7348286,39.0476168],[30.6688014,39.0896008],[30.5797134,39.096684],[30.4962392,39.2276103],[30.4461877,39.2204708],[30.3936512,39.2710327],[30.343652,39.3745393],[30.3905996,39.4139042],[30.3363751,39.4356633],[30.3401309,39.5289688],[30.2342641,39.5937559],[30.223508,39.6839836],[29.9819832,39.659962],[29.7775318,39.7181981],[29.7299372,39.7495017],[29.7775979,39.82701],[29.7604957,39.8678206],[29.5088778,39.8716419],[29.4019949,39.7938285],[29.2644283,39.7494364],[29.2857956,39.7148499],[29.1964474,39.5992687],[28.9893124,39.5938437]]],[[[28.6368104,40.3644974],[28.6360792,40.3643765],[28.6361145,40.3646048],[28.6368104,40.3644974]]],[[[28.6339826,40.3653766],[28.6342998,40.3655914],[28.6344495,40.3653833],[28.6339826,40.3653766]]],[[[28.5419678,40.5163049],[28.5182159,40.5653629],[28.554275,40.565368],[28.5419678,40.5163049]]],[[[30.2580351,41.217489],[30.260798,41.211823],[30.2554545,41.2115623],[30.2559195,41.2150402],[30.2580351,41.217489]]]]}},{"type":"Feature","properties":{"id":"tur-centraleastanatolia","name":"Central East Anatolia","iso3":"TUR","tier":1,"contested":false},"geometry":{"type":"MultiPolygon","coordinates":[[[[44.422668,37.8030473],[44.4483769,37.8065854],[44.4524826,37.7666873],[44.5549506,37.7805011],[44.6206225,37.7270202],[44.56816,37.644762],[44.614409,37.602176],[44.5798293,37.4476059],[44.7214731,37.3756933],[44.815136,37.279599],[44.7575679,37.2283412],[44.7843055,37.1438498],[44.6267979,37.189762],[44.4667891,37.074089],[44.3586021,37.0522637],[44.3673331,37.0246436],[44.3097866,36.9629214],[44.2510911,36.982849],[44.1851202,37.0978625],[44.2227314,37.1589462],[44.2779897,37.166997],[44.2683682,37.2443999],[44.124534,37.3229444],[44.018485,37.32779],[43.95475,37.292179],[43.919411,37.224773],[43.854262,37.224408],[43.830395,37.193085],[43.789677,37.2291],[43.498498,37.242385],[43.361088,37.327591],[43.301488,37.303705],[43.1469378,37.3728965],[43.022714,37.355927],[42.959152,37.312218],[42.7936634,37.3806687],[42.6879197,37.3083068],[42.5709777,37.1436214],[42.3515054,37.1052646],[42.3206053,37.1853955],[42.3427238,37.2324391],[42.2841238,37.2814702],[42.2048316,37.2805189],[42.2069512,37.3184589],[42.0349184,37.1820479],[41.6685485,37.1173019],[41.6578595,37.2627253],[41.5678231,37.2381074],[41.5454871,37.275755],[41.5765084,37.2943185],[41.5637116,37.3636019],[41.6109706,37.4066997],[41.5892219,37.4301378],[41.6047352,37.4582712],[41.6472368,37.4042443],[41.6964251,37.4402932],[41.8810567,37.4105837],[41.8464737,37.4414207],[41.8378806,37.5205327],[41.8972301,37.5781702],[41.8307972,37.6244113],[41.8124738,37.695317],[41.9958814,37.6257352],[42.1475023,37.6301986],[42.2478818,37.5818304],[42.2827426,37.6056319],[42.2572078,37.6558543],[42.3158829,37.6397712],[42.3626476,37.6737614],[42.3625336,37.7097685],[42.4219162,37.6921729],[42.5292998,37.7266541],[42.8407121,37.659676],[42.8845218,37.7668903],[42.7463469,37.9402153],[42.7360479,37.9990545],[42.6832876,38.0304943],[42.6140569,37.9811463],[42.5019321,37.981597],[42.4489402,38.0701901],[42.3748166,38.0888374],[42.3896785,38.1273519],[42.2870706,38.1193931],[42.2363234,38.1802386],[42.2459616,38.232564],[41.9703071,38.1577338],[41.785283,38.235676],[41.6828224,38.2436999],[41.6413327,38.3296747],[41.5889962,38.3542313],[41.6096394,38.4414218],[41.6640948,38.4959601],[41.4936623,38.5509485],[41.4155054,38.488567],[41.2959514,38.5122231],[41.3109546,38.536481],[41.2626235,38.6498243],[41.1192728,38.6632384],[41.1118309,38.7014153],[41.1391815,38.7145841],[40.811512,38.56114],[40.7672685,38.6000714],[40.6720445,38.6012964],[40.6033615,38.5633017],[40.4574375,38.6184369],[40.3543737,38.5325035],[40.3549105,38.4891945],[40.2935596,38.4767007],[40.0915332,38.6506245],[40.3333669,38.7708023],[40.2968271,38.8272987],[40.2358359,38.836696],[40.2639413,38.8650894],[40.1801646,38.973329],[40.2561004,39.1077419],[40.302096,39.131539],[40.2733081,39.1809891],[40.1242796,39.1601703],[40.024162,39.0953127],[39.9092977,39.0971918],[39.8631273,39.0536877],[39.901985,39.0086075],[39.8741974,38.9160902],[39.7983838,38.8210601],[39.7181147,38.8339561],[39.6849483,38.7993203],[39.5311776,38.8175198],[39.4837427,38.7631676],[39.3936006,38.7731696],[39.2608185,38.8584358],[39.0702665,38.8895488],[38.7414,38.8864],[38.7924,38.9577],[38.7335568,39.116168],[38.7734802,39.175205],[38.7467335,39.1963532],[38.9425356,39.2579082],[38.7947093,39.2856564],[38.7977991,39.3363748],[38.9802501,39.3382211],[39.0750096,39.4529127],[39.2759088,39.4892637],[39.3299273,39.4583446],[39.5568382,39.5232459],[39.5423975,39.4734907],[39.6140975,39.4467844],[39.8053785,39.5271417],[39.8019051,39.6149985],[40.0645019,39.5504844],[40.3721681,39.5888842],[40.4487198,39.5110894],[40.6340048,39.527561],[40.5739218,39.4525524],[40.7131497,39.4076649],[41.002501,39.4740782],[41.061222,39.4261254],[41.1665886,39.412896],[41.1675568,39.3724904],[41.2001023,39.3615909],[41.4150111,39.3534035],[41.6166982,39.2532621],[41.618225,39.1565667],[41.7324574,39.1521025],[41.8012056,39.1731037],[41.8186218,39.2089206],[41.960045,39.2111532],[42.1457388,39.283508],[42.1751971,39.3249038],[42.1984488,39.3092323],[42.2329288,39.3487937],[42.1793158,39.3943622],[42.2124686,39.4276919],[42.3258692,39.4751585],[42.3839604,39.537907],[42.4834407,39.548771],[42.5202956,39.6359314],[42.4587749,39.718586],[42.3021524,39.7712666],[42.2789918,39.8171262],[42.3055493,39.8754044],[42.3566441,39.8641066],[42.4357269,39.9242992],[42.4947089,39.9040193],[42.792925,39.9725456],[43.3576457,39.9920306],[43.4180134,39.798883],[43.4537165,39.7709592],[43.5492122,39.840915],[43.7455302,39.7667766],[43.8257911,39.7803022],[43.9988204,39.7278452],[44.1290757,39.7439973],[44.3199703,39.6672114],[44.4822345,39.6707317],[44.480148,39.610424],[44.416204,39.55644],[44.440367,39.505069],[44.4084339,39.4711492],[44.4219571,39.4116039],[44.294908,39.3765039],[44.2233876,39.4179696],[44.1301405,39.3896441],[44.0710893,39.4123425],[44.0318908,39.3717259],[44.1080596,39.2842966],[44.0972566,39.2044917],[44.2135655,39.1303045],[44.22591,39.0950499],[44.1908665,39.0745913],[44.211677,39.0209503],[44.1717941,38.9917907],[44.2113518,38.8905571],[44.3148195,38.8087951],[44.2540673,38.718334],[44.2721185,38.6462477],[44.3216199,38.6240924],[44.299987,38.3941676],[44.3796451,38.3585915],[44.4493712,38.3854921],[44.5125314,38.3412598],[44.4022685,38.2520003],[44.3926934,38.1464431],[44.3511809,38.1349942],[44.3645086,38.1039085],[44.3293645,38.098353],[44.2243172,37.9070057],[44.2628325,37.8681025],[44.389074,37.862054],[44.422668,37.8030473]]],[[[39.1084218,38.17044],[39.0237441,38.0752601],[38.863084,38.0760349],[38.9007854,38.0522816],[38.760581,37.9870309],[38.7318277,38.0539037],[38.6825234,38.0509214],[38.496437,38.1582492],[38.4919597,38.1902752],[38.4417411,38.1751234],[38.4151265,38.1025569],[38.3035969,38.1051496],[38.3212995,38.1646604],[38.2754659,38.1401936],[38.263235,38.2100626],[38.1876462,38.1036802],[38.1317705,38.1052243],[38.1102629,38.0475722],[38.1508503,37.9970183],[38.0385581,37.8991055],[37.9661026,37.8665777],[37.7667569,37.8875539],[37.7563297,37.9346271],[37.6844851,37.9107511],[37.6912772,37.9615252],[37.6120289,37.938501],[37.5737406,37.9908695],[37.5805048,38.0377703],[37.7227754,38.1249359],[37.7518928,38.1758584],[37.7319913,38.2098039],[37.6804636,38.2347062],[37.6440613,38.3091322],[37.3014839,38.4478016],[37.2608133,38.4986444],[37.3118687,38.5390385],[37.3195406,38.5970616],[37.4025031,38.608937],[37.4294355,38.7052694],[37.4886016,38.7194364],[37.5576972,38.7926114],[37.5451215,38.9297049],[37.4807291,39.0414378],[37.5294869,39.0067461],[37.6130468,39.0147614],[37.7486035,38.9716563],[37.7836371,39.0097262],[37.757543,39.0403385],[37.7782577,39.0819999],[38.1617377,39.0832318],[38.3242273,39.1527896],[38.388764,39.1153751],[38.4996022,39.1430157],[38.6069884,39.1090852],[38.6698,39.0523],[38.5893,38.9816],[38.5991677,38.9471191],[38.569996,38.9226964],[38.6474195,38.8202114],[38.6454501,38.7564414],[38.4712138,38.7502164],[38.4672085,38.6970594],[38.3658035,38.6324196],[38.3618553,38.5418475],[38.4685975,38.474829],[38.7083205,38.4156708],[38.813149,38.4435089],[38.9677752,38.3188946],[39.1062794,38.3478962],[39.1514252,38.2992522],[39.1084218,38.17044]]]]}},{"type":"Feature","properties":{"id":"tur-westmarmara","name":"West Marmara","iso3":"TUR","tier":1,"contested":false},"geometry":{"type":"MultiPolygon","coordinates":[[[[26.529397,39.32088],[26.5276259,39.3220514],[26.530436,39.3212744],[26.529397,39.32088]]],[[[26.5430128,39.3255365],[26.531312,39.331289],[26.540076,39.331067],[26.5430128,39.3255365]]],[[[26.5606062,39.3364258],[26.5616064,39.3374124],[26.5617489,39.3364073],[26.5606062,39.3364258]]],[[[26.5796033,39.3395032],[26.5749412,39.3411517],[26.5774548,39.3445536],[26.5796033,39.3395032]]],[[[26.5899822,39.3534076],[26.590254,39.3525695],[26.5892313,39.353079],[26.5899822,39.3534076]]],[[[26.56971,39.378689],[26.5715974,39.3850838],[26.574663,39.380505],[26.56971,39.378689]]],[[[26.576282,39.3906106],[26.5943273,39.3857296],[26.5931077,39.3701318],[26.5887532,39.3681883],[26.576282,39.3906106]]],[[[26.5705573,39.3880052],[26.5704751,39.3882069],[26.5708326,39.3880881],[26.5705573,39.3880052]]],[[[26.072821,39.793077],[26.0733806,39.7925275],[26.072832,39.792307],[26.072821,39.793077]]],[[[26.0783182,39.795484],[26.0792287,39.7955588],[26.0785088,39.7950712],[26.0783182,39.795484]]],[[[26.070371,39.839021],[26.0830233,39.800997],[26.0528368,39.7872803],[25.9623599,39.8386543],[26.070371,39.839021]]],[[[25.9835085,39.8173421],[25.9827631,39.8174133],[25.9842023,39.8174434],[25.9835085,39.8173421]]],[[[26.0799031,39.8276396],[26.0803826,39.8278197],[26.0803093,39.8274416],[26.0799031,39.8276396]]],[[[26.095494,39.841017],[26.094485,39.84178],[26.095814,39.842047],[26.095494,39.841017]]],[[[25.9927717,39.8500302],[25.9940453,39.8496902],[25.9936578,39.8489311],[25.9927717,39.8500302]]],[[[26.032741,39.850269],[26.034743,39.850029],[26.032752,39.849498],[26.032741,39.850269]]],[[[25.9950894,39.8508199],[25.9950604,39.8504527],[25.9948726,39.8506381],[25.9950894,39.8508199]]],[[[26.076014,39.9178712],[26.0741649,39.9198742],[26.0773879,39.9184678],[26.076014,39.9178712]]],[[[26.0864525,39.9179099],[26.085976,39.920282],[26.086903,39.9195511],[26.0864525,39.9179099]]],[[[26.051263,39.9308847],[26.0538518,39.930517],[26.0507178,39.9300791],[26.051263,39.9308847]]],[[[26.0574371,39.9325841],[26.056978,39.9323316],[26.0568567,39.9326106],[26.0574371,39.9325841]]],[[[26.0681971,39.9316142],[26.0739842,39.9362643],[26.0794248,39.9378319],[26.0681971,39.9316142]]],[[[25.7412966,40.188715],[25.9455763,40.2404396],[25.9763626,40.2163914],[25.966616,40.148966],[26.0142657,40.147967],[25.7389913,40.0914242],[25.6654487,40.1249626],[25.7412966,40.188715]]],[[[26.8074269,40.653973],[26.6096114,40.6373961],[26.5331009,40.5918759],[26.4584673,40.6164689],[26.157789,40.5895255],[26.0608792,40.6393927],[26.0364416,40.7302538],[26.1250403,40.7427437],[26.156352,40.808773],[26.2199813,40.8341188],[26.2226255,40.8902921],[26.2498423,40.8814893],[26.2615824,40.9152405],[26.2926399,40.894032],[26.2853617,40.9307247],[26.3594014,40.9460805],[26.3254612,40.9845786],[26.3665656,41.0204045],[26.3124342,41.0715079],[26.3353707,41.1083962],[26.3029776,41.1134885],[26.3367846,41.1434189],[26.3066406,41.1746324],[26.3231629,41.2533053],[26.4074099,41.2541536],[26.5183336,41.3395004],[26.5866313,41.322602],[26.6322552,41.364253],[26.5951733,41.6101905],[26.3580724,41.7081095],[26.3295112,41.7519036],[26.3689366,41.8207514],[26.5386729,41.8235294],[26.5810391,41.8736505],[26.5613052,41.9257452],[26.6223943,41.9790872],[26.7509259,41.9583235],[26.7872347,41.9896576],[26.842275,41.9689662],[26.9655868,41.9964779],[27.0605503,42.0897989],[27.200863,42.0593794],[27.2217625,42.0984335],[27.293666,42.0971656],[27.560005,41.9051269],[27.5743385,41.9374709],[27.6964779,41.9780777],[27.8360475,41.9480284],[27.8186094,41.9866092],[27.8619015,42.0065211],[27.9118216,41.9727468],[28.0295745,41.9828069],[28.057202,41.88513],[28.00163,41.889992],[27.9813825,41.8304059],[28.1467995,41.5916776],[28.0705924,41.509994],[28.1221685,41.4099226],[28.0767309,41.2879246],[27.9996791,41.2390965],[28.0231833,41.1790739],[27.9787012,41.1523912],[27.9742494,41.0425888],[28.0134334,41.0342521],[27.9666888,40.9679958],[27.8778487,40.9659904],[27.7568758,41.0139035],[27.5117921,40.9743225],[27.455455,40.846051],[27.3438446,40.7655264],[27.3089834,40.7026661],[27.1783362,40.6274487],[26.7327455,40.4732465],[26.5914355,40.322153],[26.3594368,40.204305],[26.3811666,40.1439935],[26.1725697,40.0445607],[26.2786113,40.2161303],[26.278524,40.253908],[26.2284218,40.2891446],[26.245742,40.308903],[26.2150352,40.3161273],[26.8371817,40.5833061],[26.824621,40.637312],[26.8074269,40.653973]]],[[[26.720331,39.2256246],[26.7218226,39.2237347],[26.728067,39.2221483],[26.7224041,39.2231569],[26.7213675,39.223813],[26.720331,39.2256246]]],[[[26.603172,39.283533],[26.57676,39.279587],[26.600252,39.303297],[26.603172,39.283533]]],[[[26.6358515,39.2997243],[26.6356728,39.2995832],[26.6355727,39.2996634],[26.6358515,39.2997243]]],[[[26.6587395,39.323261],[26.6566118,39.3242067],[26.6596729,39.3243395],[26.6587395,39.323261]]],[[[26.5951721,39.3378718],[26.5947078,39.3375041],[26.594764,39.337818],[26.5951721,39.3378718]]],[[[26.613464,39.334929],[26.5958397,39.3366193],[26.6025571,39.3427635],[26.613464,39.334929]]],[[[26.6952354,39.3491736],[26.6987148,39.3421576],[26.6834625,39.345394],[26.6952354,39.3491736]]],[[[26.5862241,39.3436061],[26.595353,39.350276],[26.6016354,39.3442377],[26.5862241,39.3436061]]],[[[26.7133288,39.3501423],[26.7137191,39.3496671],[26.7130659,39.3499146],[26.7133288,39.3501423]]],[[[26.600307,39.3515729],[26.597562,39.35278],[26.6005821,39.3520058],[26.600307,39.3515729]]],[[[26.6659373,39.3532323],[26.6734488,39.3540488],[26.6639587,39.3514171],[26.6659373,39.3532323]]],[[[26.7003124,39.3586713],[26.70013,39.3584837],[26.7000681,39.3585064],[26.7003124,39.3586713]]],[[[26.590672,39.358991],[26.5916567,39.3585721],[26.5904628,39.3585545],[26.590672,39.358991]]],[[[26.7214425,39.3599351],[26.721341,39.358991],[26.720696,39.359224],[26.7214425,39.3599351]]],[[[26.6328021,39.3575854],[26.6641548,39.3392492],[26.6908419,39.3333636],[26.622817,39.3268111],[26.5987166,39.3864288],[26.6702668,39.3899042],[26.6214786,39.3790659],[26.6328021,39.3575854]]],[[[26.631801,39.3688615],[26.6325134,39.3690494],[26.6334388,39.3678593],[26.631801,39.3688615]]],[[[26.695794,39.3724002],[26.6963353,39.36778],[26.6938119,39.3709986],[26.695794,39.3724002]]],[[[26.6661984,39.3738402],[26.6653605,39.3741468],[26.6664372,39.3739153],[26.6661984,39.3738402]]],[[[26.6494713,39.3745291],[26.6496108,39.374187],[26.649344,39.3743557],[26.6494713,39.3745291]]],[[[26.7036885,39.3797416],[26.709025,39.3735276],[26.7031361,39.3741188],[26.7036885,39.3797416]]],[[[26.7198609,39.3856112],[26.7199594,39.3854183],[26.7198302,39.3854421],[26.7198609,39.3856112]]],[[[26.7201101,39.386886],[26.7198314,39.3874733],[26.720172,39.3874493],[26.7201101,39.386886]]],[[[26.71089,39.406475],[26.7069004,39.4081885],[26.712698,39.409433],[26.71089,39.406475]]],[[[26.731426,39.2426478],[26.7313201,39.2427374],[26.7314309,39.2427031],[26.731426,39.2426478]]],[[[26.7698872,39.3786133],[26.760674,39.3720392],[26.7599802,39.3732474],[26.7598783,39.3749157],[26.7698872,39.3786133]]],[[[26.7242803,39.3782022],[26.7277044,39.3777293],[26.7244078,39.3768887],[26.7242803,39.3782022]]],[[[26.6577356,39.5523366],[26.2415489,39.4641823],[26.063613,39.476896],[26.1633233,39.6594136],[26.1390817,39.7583501],[26.1632364,39.8215479],[26.1341009,39.8421458],[26.1783419,39.9900771],[26.3343189,40.0284291],[26.3647936,40.0982501],[26.4096053,40.1178834],[26.4012274,40.1963301],[26.524594,40.217179],[26.7519663,40.4025109],[26.991486,40.384026],[27.090279,40.442147],[27.2056455,40.4345889],[27.2849732,40.4750748],[27.3321766,40.4235511],[27.3168309,40.3788152],[27.4391918,40.3224421],[27.7617614,40.3065347],[27.8799586,40.374909],[27.79559,40.3840739],[27.7851587,40.4075456],[27.745797,40.430405],[27.7505471,40.4503975],[27.6870517,40.4726061],[27.684029,40.502165],[27.7532581,40.5282175],[28.032499,40.480835],[27.8970738,40.3911247],[27.9548202,40.3532918],[28.178987,40.397401],[28.1754261,40.2570531],[28.1097623,40.2632325],[28.1128601,40.1473324],[28.1919228,40.0742828],[28.2055595,39.9935653],[28.3506995,39.8627445],[28.4357304,39.8595496],[28.527387,39.7538622],[28.7321048,39.761583],[28.7264243,39.6908288],[28.7793235,39.6963201],[28.7566022,39.6558618],[28.7962797,39.6244217],[28.9407216,39.6231045],[28.9995273,39.5871236],[28.9263346,39.5243516],[28.9503045,39.4075591],[28.891778,39.4006522],[28.890479,39.3688093],[28.7586232,39.2846221],[28.6283433,39.2791243],[28.6539827,39.1943767],[28.6324636,39.1681686],[28.5922165,39.1727674],[28.5728049,39.1344426],[28.436034,39.1388063],[28.1938834,39.0719739],[28.0920314,39.1271133],[28.0705122,39.1976257],[27.9438333,39.2529201],[27.9119045,39.3633875],[27.8021751,39.307181],[27.7473248,39.3622203],[27.649019,39.3290389],[27.4714405,39.407116],[27.2248119,39.3398704],[27.1783263,39.3793937],[27.1058039,39.3652131],[26.9988262,39.2746402],[26.9315457,39.2916061],[26.8785865,39.2361056],[26.8307483,39.2340067],[26.7675982,39.1661327],[26.7616642,39.1798062],[26.7340882,39.2062332],[26.7290433,39.2152588],[26.7403921,39.2223731],[26.731438,39.227144],[26.7345142,39.2400093],[26.7216059,39.2568628],[26.611445,39.2825244],[26.6521928,39.3233065],[26.630529,39.296977],[26.670772,39.278864],[26.699952,39.3419816],[26.805916,39.391472],[26.8008517,39.4349054],[26.9299835,39.4847416],[26.9524968,39.5548723],[26.8799453,39.5855937],[26.8380234,39.5575847],[26.6577356,39.5523366]]],[[[26.936341,40.3909285],[26.9361289,40.3908974],[26.9361371,40.3911086],[26.936341,40.3909285]]],[[[27.0960284,40.4487182],[27.0959202,40.4482081],[27.0950012,40.4488475],[27.0960284,40.4487182]]],[[[27.1214305,40.4526669],[27.121622,40.4515778],[27.1209145,40.4517959],[27.1214305,40.4526669]]],[[[27.5620557,40.4610308],[27.5610427,40.4609169],[27.5617034,40.4612118],[27.5620557,40.4610308]]],[[[27.5668618,40.4669061],[27.5612603,40.4685168],[27.569743,40.4665869],[27.5668618,40.4669061]]],[[[27.4970245,40.4707859],[27.4783992,40.4943974],[27.5083387,40.5392439],[27.5530243,40.5215332],[27.4970245,40.4707859]]],[[[27.5717527,40.4982346],[27.5868,40.5066368],[27.5819698,40.4941789],[27.5717527,40.4982346]]],[[[27.4779546,40.5134886],[27.4786522,40.5144904],[27.4788777,40.5143618],[27.4779546,40.5134886]]],[[[27.5845127,40.5223944],[27.5827464,40.5282212],[27.5876567,40.5264289],[27.5845127,40.5223944]]],[[[27.534736,40.5304972],[27.5342608,40.5302805],[27.5343991,40.5306876],[27.534736,40.5304972]]],[[[27.4676864,40.5477677],[27.5069082,40.5479638],[27.4653094,40.539406],[27.4676864,40.5477677]]],[[[27.5255903,40.6089133],[27.5255637,40.6087018],[27.5252984,40.6088831],[27.5255903,40.6089133]]],[[[26.7315772,40.6150518],[26.739978,40.6183832],[26.7409298,40.6139998],[26.7315772,40.6150518]]],[[[26.7558072,40.6191279],[26.755978,40.6216209],[26.7582542,40.6207255],[26.7558072,40.6191279]]],[[[26.7641408,40.620805],[26.7642584,40.6203211],[26.7637337,40.6206767],[26.7641408,40.620805]]],[[[26.81888,40.641411],[26.819332,40.641499],[26.819894,40.640642],[26.81888,40.641411]]],[[[27.4893824,40.6463573],[27.4801308,40.6415644],[27.4846935,40.6469491],[27.4893824,40.6463573]]],[[[26.817528,40.642821],[26.817525,40.643977],[26.81837,40.642951],[26.817528,40.642821]]],[[[28.0401288,40.373839],[28.0400952,40.3739013],[28.0401301,40.373885],[28.0401288,40.373839]]],[[[28.0401811,40.3742814],[28.0404171,40.3740975],[28.0399075,40.3740893],[28.0401811,40.3742814]]],[[[27.7816236,40.3756229],[27.790213,40.3770828],[27.78227,40.3728651],[27.7816236,40.3756229]]],[[[27.7872513,40.3935965],[27.7888022,40.3942151],[27.7871506,40.3932197],[27.7872513,40.3935965]]],[[[28.0918139,40.455404],[28.0875387,40.4511988],[28.086043,40.4525786],[28.0918139,40.455404]]],[[[28.0785483,40.4530505],[28.0799859,40.4532056],[28.0801442,40.4518299],[28.0785483,40.4530505]]],[[[28.0783943,40.4537764],[28.0781198,40.4543877],[28.0788722,40.4540526],[28.0783943,40.4537764]]],[[[28.0730605,40.4618588],[28.0661854,40.456111],[28.0627957,40.4588793],[28.0730605,40.4618588]]],[[[28.0643648,40.4622649],[28.0640509,40.4627037],[28.0645284,40.4625955],[28.0643648,40.4622649]]],[[[28.104215,40.466178],[28.0971219,40.4691225],[28.1056,40.468605],[28.104215,40.466178]]],[[[27.5985134,40.5090879],[27.6511959,40.4928001],[27.6326881,40.4692843],[27.6668238,40.4461423],[27.5777677,40.4630716],[27.5985134,40.5090879]]],[[[27.58771,40.4943697],[27.589783,40.494469],[27.589433,40.49293],[27.58771,40.4943697]]],[[[27.58722,40.4979299],[27.5870875,40.4972853],[27.586343,40.4978163],[27.58722,40.4979299]]],[[[27.6490463,40.4985228],[27.6492679,40.4998352],[27.650022,40.5001069],[27.6501666,40.499749],[27.6490463,40.4985228]]],[[[27.7102998,40.524721],[27.7079623,40.5252961],[27.7087032,40.5261329],[27.7102998,40.524721]]],[[[27.5263603,40.6416968],[27.572211,40.6531097],[27.6120498,40.6555438],[27.6345534,40.6684285],[27.6418627,40.65701],[27.7438687,40.6330057],[27.5751875,40.57527],[27.5278197,40.6060323],[27.5263603,40.6416968]]],[[[27.7572618,40.632735],[27.7581602,40.6317684],[27.7562727,40.6318976],[27.7572618,40.632735]]],[[[27.6814485,40.6511849],[27.6815745,40.6507753],[27.6812768,40.6508934],[27.6814485,40.6511849]]],[[[27.6170432,40.6603817],[27.6146775,40.6615211],[27.61696,40.66148],[27.6170432,40.6603817]]],[[[27.677588,40.663956],[27.6784596,40.659994],[27.6764969,40.6587614],[27.677588,40.663956]]],[[[27.6741844,40.664624],[27.6744498,40.6635009],[27.6736971,40.6638929],[27.6741844,40.664624]]],[[[27.8968166,40.9608343],[27.8967698,40.9609139],[27.8968915,40.9608732],[27.8968166,40.9608343]]],[[[27.9810219,40.9873797],[27.9812633,40.9873365],[27.980431,40.9865069],[27.9810219,40.9873797]]]]}},{"type":"Feature","properties":{"id":"tur-istanbul","name":"Istanbul","iso3":"TUR","tier":1,"contested":false},"geometry":{"type":"MultiPolygon","coordinates":[[[[28.9938703,40.866558],[28.9935086,40.8631537],[28.9901862,40.8662562],[28.9938703,40.866558]]],[[[28.9747932,40.8756127],[28.9726622,40.8771404],[28.9740992,40.8765693],[28.9747932,40.8756127]]],[[[28.7729186,40.9816725],[28.772894,40.9817725],[28.7729222,40.9816889],[28.7729186,40.9816725]]],[[[28.7751578,40.9821762],[28.7752033,40.9821698],[28.7751956,40.9821621],[28.7751578,40.9821762]]],[[[28.7752068,40.9831498],[28.7752109,40.9831405],[28.7751534,40.9831364],[28.7752068,40.9831498]]],[[[28.7751367,40.9832101],[28.775163,40.983237],[28.7751737,40.983209],[28.7751367,40.9832101]]],[[[28.7676611,40.9842554],[28.7673285,40.9840367],[28.767232,40.9843202],[28.7676611,40.9842554]]],[[[28.7729653,40.9855867],[28.7729823,40.9855836],[28.7728912,40.9855576],[28.7729653,40.9855867]]],[[[29.0044264,41.0211706],[29.0038635,41.0209533],[29.0038611,41.0212312],[29.0044264,41.0211706]]],[[[28.569552,41.0213996],[28.5694206,41.0209241],[28.5687286,41.0212964],[28.569552,41.0213996]]],[[[28.5689778,41.0219221],[28.5695003,41.0215389],[28.5686969,41.0215923],[28.5689778,41.0219221]]],[[[28.5702131,41.022033],[28.5709213,41.0217475],[28.5701327,41.021782],[28.5702131,41.022033]]],[[[28.5718985,41.0220316],[28.5727442,41.0223931],[28.5728699,41.0220092],[28.5718985,41.0220316]]],[[[28.936412,41.0512432],[28.9374403,41.0533662],[28.9384705,41.0524802],[28.936412,41.0512432]]],[[[28.9396464,41.0536323],[28.9408909,41.055244],[28.941672,41.0549527],[28.9396464,41.0536323]]],[[[28.7701733,40.9898045],[28.7693569,40.981859],[28.7724195,40.981272],[28.7727441,40.9789808],[28.7747685,40.9770363],[28.7682876,40.9799345],[28.7693672,40.9819705],[28.7674894,40.9846321],[28.7380251,40.9698537],[28.6913025,40.9721236],[28.6718844,40.9571644],[28.6002579,40.9620733],[28.5722843,41.0241558],[28.5629883,41.0254899],[28.5414947,40.984499],[28.236213,41.0774505],[27.9742494,41.0425888],[27.9787012,41.1523912],[28.0231833,41.1790739],[27.9996791,41.2390965],[28.0767309,41.2879246],[28.1221685,41.4099226],[28.0705924,41.509994],[28.1443132,41.5905908],[28.2722594,41.4962483],[28.6255812,41.3546139],[29.1162318,41.2339606],[29.0363909,41.1567372],[29.071899,41.1234103],[29.032807,41.0497099],[28.9752106,41.0215554],[28.948473,41.0644383],[28.9356772,41.0521701],[28.9399725,41.0422722],[28.9660249,41.0196237],[28.9866872,41.0173559],[28.9820251,41.0030343],[28.8300143,40.9546665],[28.7701733,40.9898045]]],[[[28.6779372,41.3461918],[28.6778824,41.3464954],[28.678172,41.3461448],[28.6779372,41.3461918]]],[[[28.1486858,41.5907431],[28.1489174,41.5902097],[28.1481671,41.590563],[28.1486858,41.5907431]]],[[[29.2638698,40.7906573],[29.2623817,40.7911055],[29.2634602,40.7913919],[29.2638698,40.7906573]]],[[[29.2728698,40.7907129],[29.27543,40.7928517],[29.2758449,40.7927181],[29.2728698,40.7907129]]],[[[29.11395,40.8183487],[29.1110378,40.8203101],[29.1135211,40.8204596],[29.11395,40.8183487]]],[[[29.1482181,40.8491712],[29.1405469,40.8504697],[29.1431648,40.8556959],[29.1482181,40.8491712]]],[[[29.1240097,40.8376379],[29.1179772,40.871789],[29.1391361,40.8708851],[29.1240097,40.8376379]]],[[[29.0629365,40.873735],[29.0630473,40.8737934],[29.0628936,40.8736052],[29.0629365,40.873735]]],[[[29.0748621,40.868851],[29.0971943,40.8846562],[29.104149,40.8740088],[29.0748621,40.868851]]],[[[29.0543301,40.8759776],[29.0695375,40.8845879],[29.0724735,40.8791251],[29.0543301,40.8759776]]],[[[29.0764298,40.8811756],[29.076584,40.885505],[29.0785424,40.8850349],[29.0780789,40.8825625],[29.0764298,40.8811756]]],[[[29.0511921,40.9144667],[29.0455111,40.9025649],[29.0391703,40.9118411],[29.0511921,40.9144667]]],[[[29.1116722,40.9313553],[29.1040719,40.9397543],[29.1040933,40.9398941],[29.1116722,40.9313553]]],[[[29.1076966,41.2217831],[29.107889,41.2216932],[29.1074926,41.221702],[29.1076966,41.2217831]]],[[[29.2272706,41.2336321],[29.2270846,41.2348666],[29.2282003,41.2341496],[29.2272706,41.2336321]]],[[[29.1148285,41.2346794],[29.1140947,41.234907],[29.1149486,41.2347375],[29.1148285,41.2346794]]],[[[29.2263897,41.2350536],[29.226339,41.2349129],[29.2262611,41.2349276],[29.2263897,41.2350536]]],[[[29.1022739,41.2422842],[29.1022457,41.2414822],[29.101436,41.2414886],[29.1022739,41.2422842]]],[[[29.1033272,41.2429473],[29.1028894,41.2426439],[29.1026577,41.242773],[29.1033272,41.2429473]]],[[[29.0975849,41.2432597],[29.0977941,41.2434695],[29.0978477,41.2434251],[29.0975849,41.2432597]]],[[[29.91661,41.142608],[29.9545133,41.0800952],[29.8915028,41.0929597],[29.8804294,41.0419671],[29.8265547,41.0132711],[29.7044201,41.0344787],[29.7180605,41.002897],[29.6638584,40.9617767],[29.6069312,40.9812588],[29.5978181,41.0284731],[29.5086371,41.041655],[29.5064693,40.9880709],[29.4374215,40.9379749],[29.4562046,40.9123163],[29.3672849,40.8628769],[29.3400297,40.8106872],[29.2571419,40.8027042],[29.2871148,40.8548126],[29.1434073,40.9020554],[29.0948141,40.952004],[29.0322368,40.9667588],[29.0066612,41.0073035],[29.0965997,41.118429],[29.0748185,41.166211],[29.2150599,41.2313093],[29.574138,41.17221],[29.6073666,41.1821487],[29.6075642,41.1812168],[29.6101296,41.1797365],[29.614099,41.1809653],[29.6182182,41.1775718],[29.6243445,41.1796632],[29.6358632,41.1707224],[29.679027,41.16186],[29.7332976,41.1552224],[29.7799272,41.1584345],[29.7811329,41.1569901],[29.7894583,41.1553865],[29.7893527,41.1517287],[29.8459815,41.1386417],[29.91661,41.142608]]],[[[29.8743185,41.1428616],[29.8747981,41.142166],[29.8738211,41.1423934],[29.8743185,41.1428616]]],[[[29.8714943,41.1429218],[29.8720627,41.1424536],[29.8710946,41.1425874],[29.8714943,41.1429218]]],[[[29.8729685,41.1422396],[29.8723735,41.1431492],[29.8736968,41.1432027],[29.8729685,41.1422396]]],[[[29.7813001,41.1571822],[29.7810273,41.1573479],[29.7813793,41.1573147],[29.7813001,41.1571822]]],[[[29.7281928,41.1571574],[29.7290729,41.1575284],[29.7284392,41.1570845],[29.7281928,41.1571574]]],[[[29.7271102,41.157873],[29.7269254,41.1573429],[29.7267229,41.1574887],[29.7271102,41.157873]]],[[[29.7473338,41.1599812],[29.7475143,41.1602295],[29.7475827,41.1601264],[29.7473338,41.1599812]]],[[[29.7477757,41.1601077],[29.7478939,41.1603185],[29.7479002,41.1602248],[29.7477757,41.1601077]]],[[[29.7480931,41.1604732],[29.748174,41.1602248],[29.7481118,41.1602342],[29.7480931,41.1604732]]],[[[29.7545257,41.1611516],[29.7549042,41.1610058],[29.7544201,41.1607672],[29.7545257,41.1611516]]],[[[29.6105586,41.1811821],[29.6112937,41.1813923],[29.6114729,41.180869],[29.6105586,41.1811821]]],[[[29.6099406,41.1813672],[29.6084735,41.1811976],[29.6089589,41.1825602],[29.6099406,41.1813672]]],[[[29.6053554,41.1828345],[29.6058328,41.1835289],[29.6059334,41.1828853],[29.6053554,41.1828345]]],[[[29.6124588,41.1831354],[29.6118671,41.1831805],[29.6119945,41.1835131],[29.6124588,41.1831354]]],[[[29.3290939,41.2168453],[29.3293836,41.2167],[29.3292656,41.2166435],[29.3290939,41.2168453]]]]}},{"type":"Feature","properties":{"id":"rus-volga","name":"Volga","iso3":"RUS","tier":1,"contested":false},"geometry":{"type":"MultiPolygon","coordinates":[[[[49.7762888,51.107179],[49.4906367,51.0986471],[49.456581,51.1261777],[49.3937116,51.0903299],[49.3974149,51.0491923],[49.3388959,50.9872484],[49.4083133,50.9611011],[49.4446542,50.8814875],[49.4229079,50.8486852],[49.1260307,50.7847803],[49.0093035,50.6825667],[48.8139517,50.5954781],[48.689053,50.6123503],[48.6062107,50.661929],[48.5706275,50.632365],[48.6642455,50.5779077],[48.7320665,50.257163],[48.8090227,50.1704328],[48.763225,50.0978023],[48.8503427,50.0902361],[48.9033674,50.0184663],[48.7456185,49.921354],[48.4504364,49.8350949],[48.439867,49.8012132],[48.3151352,49.8721845],[48.2261922,49.868056],[48.2324868,49.9014487],[48.1316273,49.9980206],[48.0952102,50.1000135],[48.0090944,50.1421016],[47.8278887,50.3303269],[47.6633854,50.4085547],[47.6366816,50.4557354],[47.541827,50.4609116],[47.4314503,50.3779161],[47.2352115,50.3711872],[47.2056141,50.5092213],[46.9124195,50.4896723],[46.9166558,50.5230002],[46.8707692,50.5237475],[46.8707675,50.5772154],[46.7991243,50.5784593],[46.8572047,50.6418282],[46.7421044,50.6587099],[46.7184913,50.7114924],[46.6256976,50.6809432],[46.5833876,50.7122882],[46.5684964,50.6148387],[46.5382855,50.6444355],[46.4583596,50.6171552],[46.4481778,50.5684468],[46.484214,50.5471055],[46.2779063,50.5728619],[46.278413,50.5276966],[46.0614602,50.5261663],[46.0931558,50.6648678],[45.8422659,50.7561782],[45.7156323,50.737716],[45.6786011,50.6670254],[45.6986283,50.5782803],[45.5663538,50.5895989],[45.5362487,50.5508805],[45.4896963,50.6048677],[45.4051208,50.6133376],[45.3863668,50.589885],[45.1933551,50.5851985],[45.2313137,50.6980071],[45.1910484,50.6981362],[45.1851797,50.7103345],[45.2760313,50.7213515],[45.322423,50.8748373],[45.3035617,50.9139789],[45.2455186,50.9184297],[45.2238344,50.9353715],[45.2574909,50.9370604],[45.2092981,50.9579942],[45.221014,51.0403416],[45.0839424,51.077214],[45.0445136,51.1326934],[44.9930715,51.1456376],[44.9281235,51.1087157],[44.8651863,51.1712131],[44.7891515,51.1485439],[44.643812,51.1782937],[44.6140687,51.1619541],[44.6272055,51.1260496],[44.5928701,51.119465],[44.4774146,51.2113678],[44.3453734,51.1743262],[44.2240307,51.1987125],[44.1849781,51.093224],[44.1178719,51.1251308],[44.0184994,51.0722178],[44.0184589,51.159168],[43.9225897,51.1617195],[43.8651659,51.1041573],[43.6677043,51.1187134],[43.6926614,51.0988814],[43.6627401,51.0555452],[43.5617035,51.0606322],[43.358549,50.9987129],[43.1947412,51.1106332],[42.880894,51.2330252],[42.9473374,51.2672198],[42.8581063,51.3166729],[42.8601836,51.3970615],[42.8325327,51.3924617],[42.7504497,51.4924119],[42.5661247,51.5380442],[42.5036705,51.6671208],[42.5218466,51.7196826],[42.6677173,51.8068896],[42.7126063,51.8856198],[42.7131966,51.996037],[42.8135826,52.0222174],[42.7568279,52.0854794],[42.7719,52.1849735],[42.8888451,52.2120605],[42.9422372,52.3360689],[42.9207957,52.3603288],[43.0343352,52.357134],[43.0813296,52.404693],[43.0240484,52.4867633],[43.1217713,52.5108933],[43.0579545,52.5203483],[43.0582416,52.559391],[43.2480873,52.6363402],[43.1182703,52.803298],[42.9575548,52.9309463],[42.7782412,53.0033902],[42.6276083,53.1282832],[42.5475534,53.1223595],[42.5090282,53.1701897],[42.5713639,53.1798324],[42.420968,53.2717014],[42.4121657,53.3380196],[42.3565236,53.3280905],[42.2919637,53.372906],[42.2368422,53.3593723],[42.259801,53.4145526],[42.3204258,53.4297449],[42.2555332,53.4853388],[42.14077,53.4986968],[42.1717459,53.5329928],[42.1095328,53.5153395],[42.1398726,53.5693713],[42.1178354,53.6711926],[42.143951,53.7120788],[42.0895208,53.7085869],[42.0817395,53.7480049],[42.1540477,53.7708096],[42.1375569,53.8224842],[42.3509694,53.8537291],[42.383272,53.9235291],[42.4448947,53.9424863],[42.4419543,53.999544],[42.3562176,54.0160388],[42.2619573,54.0876559],[42.3261612,54.1227491],[42.3068264,54.0844337],[42.451828,54.1224065],[42.4747097,54.0773389],[42.5721429,54.083318],[42.5209516,54.1347212],[42.579342,54.1654296],[42.6890737,54.1292779],[42.4345015,54.2571117],[42.3959308,54.2545593],[42.3443233,54.1591858],[42.2421069,54.162793],[42.2555146,54.1763081],[42.2536739,54.1887689],[42.2459371,54.1672739],[42.2025618,54.1885745],[42.2262217,54.2240137],[42.1642551,54.2582414],[42.3012319,54.2262747],[42.4902691,54.3053826],[42.5294824,54.3704169],[42.6291713,54.3759237],[42.5834195,54.4448122],[42.5357719,54.4367618],[42.5499258,54.485274],[42.6314144,54.4931093],[42.6067356,54.5610431],[42.691248,54.5805068],[42.5975215,54.6355707],[42.6428168,54.6714533],[42.6037121,54.6995471],[42.5419361,54.6750113],[42.4146226,54.7034749],[42.4302066,54.7357024],[42.3888413,54.7882683],[42.4268297,54.8148528],[42.3891004,54.830207],[42.442326,54.8253986],[42.4261363,54.7974498],[42.4548661,54.7504344],[42.509725,54.7507417],[42.4443206,54.798354],[42.5016854,54.8381403],[42.624205,54.7800975],[42.7290151,54.8176288],[42.735859,54.7883383],[42.8035066,54.7758964],[42.7928862,54.7548553],[42.9010943,54.75964],[42.9695475,54.7977141],[43.0860259,54.7747874],[43.1692268,54.8977689],[43.2216914,54.8935176],[43.2169998,54.8252138],[43.1842887,54.8246187],[43.2183742,54.8036416],[43.4823501,54.8178568],[43.4799023,54.8886627],[43.418422,54.9315017],[43.4547708,54.9344084],[43.4862606,54.9042293],[43.5907677,54.9026531],[43.6182225,54.8544232],[43.7337062,54.8201814],[43.9577556,54.8060862],[43.9210168,54.7394942],[44.0898026,54.7375779],[44.0684405,54.6485673],[44.1720051,54.6353617],[44.2005789,54.5964589],[44.3562903,54.5904529],[44.4050373,54.5346452],[44.4685178,54.5221348],[44.5367375,54.5179039],[44.5985957,54.5702616],[44.6591051,54.5139124],[44.6238188,54.495766],[44.6023193,54.517172],[44.5861504,54.4715083],[44.7697725,54.5208909],[44.9081918,54.463399],[45.0267721,54.4949627],[45.0996362,54.4681888],[45.1403388,54.4893887],[45.1437007,54.5282091],[45.009501,54.5568285],[45.0476845,54.5816497],[45.0361036,54.6298577],[45.0874102,54.6523522],[45.0182531,54.7052831],[45.0263998,54.7359537],[45.111952,54.8000552],[45.1943996,54.7495739],[45.2307012,54.8772851],[45.4268458,54.8855284],[45.4152557,54.9470771],[45.4477754,54.9818145],[45.4118297,54.9972217],[45.4864021,55.1122678],[45.5705764,55.1011241],[45.5476462,55.1354188],[45.7031206,55.1902678],[45.785319,55.1261495],[45.7192517,55.0811376],[45.7521119,55.0679218],[45.701842,55.0021318],[45.7234402,54.9913734],[45.8493331,55.01109],[45.9243877,54.9937212],[45.9742443,55.0012671],[46.0779933,55.0821888],[46.0321794,55.0942498],[46.012038,55.1627809],[46.0514293,55.1706701],[46.0781814,55.2210209],[46.2226436,55.2730259],[46.2007416,55.3407631],[46.2365566,55.3455293],[46.2141548,55.3717293],[46.3892197,55.4276508],[46.3910694,55.461709],[46.32416,55.4779789],[46.3455683,55.5056253],[46.2506956,55.5029794],[46.2063923,55.543998],[46.1330218,55.5154705],[46.0460128,55.6284224],[45.9619111,55.6297987],[45.9164418,55.6680274],[45.9564179,55.7167267],[45.9481567,55.755476],[46.1004418,55.7986374],[46.1113529,55.831387],[46.0734925,55.8697643],[46.1685368,55.8861834],[46.079286,55.9486325],[46.15871572862979,56.0],[50.0,56.0],[50.0,51.239679791517425],[49.7762888,51.107179]],[[42.6447826,54.5610571],[42.6520855,54.5517142],[42.6587567,54.5539895],[42.6447826,54.5610571]]],[[[42.6021909,54.5261625],[42.6171314,54.5306847],[42.6191231,54.5240668],[42.6021909,54.5261625]]]]}},{"type":"Feature","properties":{"id":"rus-central","name":"Central","iso3":"RUS","tier":1,"contested":false},"geometry":{"type":"MultiPolygon","coordinates":[[[[39.1797232,49.8886809],[39.0668401,49.8156292],[38.9306914,49.7968326],[38.9012094,49.8693465],[38.7909714,49.8783727],[38.6939731,49.9349262],[38.71805,49.9835],[38.68698,50.0077],[38.6475,49.95586],[38.48871,49.96324],[38.46931,49.99534],[38.3505346,50.0069109],[38.3131708,50.0882189],[38.1782301,50.0799958],[38.2218479,49.9791376],[38.032974,49.9001506],[38.0437198,49.9329439],[37.92652,50.0338],[37.75486,50.07843],[37.6407,50.17593],[37.61444,50.22005],[37.63555,50.31137],[37.57702,50.30657],[37.4849618,50.3567588],[37.4768896,50.4594394],[37.327272,50.4354762],[37.1529786,50.3564641],[36.8702783,50.3377282],[36.69296,50.26914],[36.64867,50.21765],[36.56044,50.25061],[36.58499,50.2858],[36.43341,50.33077],[36.36303,50.28751],[36.29574,50.29163],[36.28372,50.33558],[36.16064,50.43154],[36.08665,50.44836],[35.83174,50.43377],[35.73818,50.35446],[35.6262234,50.3520279],[35.5842467,50.3926615],[35.5858308,50.4487991],[35.4764188,50.4885325],[35.3903461,50.5799858],[35.42565,50.603176],[35.3929162,50.6499991],[35.4961809,50.6787915],[35.4592983,50.6890885],[35.4887132,50.7768038],[35.4114062,50.802563],[35.4191177,50.843828],[35.3823145,50.8700433],[35.4006085,50.9145904],[35.3256864,50.9467518],[35.3520928,50.9733022],[35.3230364,51.0138235],[35.3744852,51.009159],[35.4062444,51.0476691],[35.3207987,51.0872252],[35.2118926,51.0461954],[35.1481983,51.0824475],[35.1769284,51.0984454],[35.1234099,51.1652493],[35.150481,51.2234332],[35.0758303,51.2320706],[35.0397748,51.2044273],[34.9794435,51.2350538],[34.817314,51.1689109],[34.6882649,51.1812414],[34.6616541,51.2474779],[34.5802282,51.2334739],[34.3836677,51.27401],[34.3056532,51.238255],[34.2307912,51.2654069],[34.281227,51.334746],[34.3385533,51.3555337],[34.2207798,51.4171534],[34.3084075,51.5192],[34.1823342,51.5967649],[34.1672597,51.6456582],[34.0807655,51.6656998],[34.4213941,51.7220544],[34.4403481,51.7436765],[34.4153715,51.8252964],[34.3028565,51.88717],[34.245607,51.8816443],[34.2614916,51.9092818],[34.1895904,51.9689424],[34.0969174,52.0042616],[34.101178,52.0408426],[34.0626539,52.0730604],[34.1162796,52.1410839],[33.9368436,52.2497897],[33.9220901,52.3045515],[33.8393297,52.3200474],[33.8364718,52.3613887],[33.707527,52.3626964],[33.5817475,52.3108833],[33.5439033,52.3236201],[33.5605062,52.3019273],[33.482473,52.3136448],[33.5096157,52.3582712],[33.306382,52.3501427],[33.1886599,52.3791473],[33.1695627,52.3408457],[33.0669872,52.3025944],[33.0599182,52.3295536],[32.9957408,52.2718603],[32.8875586,52.2450985],[32.8844039,52.2733708],[32.8330224,52.2782946],[32.7005895,52.2479013],[32.5500342,52.3268659],[32.3768323,52.3373083],[32.3518851,52.316218],[32.4015019,52.2460436],[32.324542,52.2234133],[32.3468667,52.1824707],[32.3238952,52.1515431],[32.3679031,52.1464958],[32.1995176,52.0661199],[32.0963239,52.0336273],[31.9165699,52.0422053],[31.9609904,52.0747176],[31.7817374,52.1120075],[31.78104,52.18557],[31.6882641,52.1944636],[31.71221,52.266],[31.58183,52.32822],[31.6241929,52.3334691],[31.63256,52.39818],[31.5796,52.45929],[31.62612,52.4925],[31.55763,52.51765],[31.6736233,52.5611449],[31.5641936,52.5942451],[31.5697419,52.6350991],[31.49995,52.69343],[31.5928536,52.7344773],[31.58698,52.79377],[31.51943,52.83153],[31.53342,52.86003],[31.4394205,52.8813165],[31.37507,52.92715],[31.3553418,52.984078],[31.2434,53.03435],[31.3306093,53.0418068],[31.33478,53.0912324],[31.3912003,53.096492],[31.36356,53.14396],[31.41489,53.17829],[31.40184,53.21185],[31.5640135,53.192279],[31.62835,53.23108],[31.7454626,53.1995527],[31.8260517,53.1130036],[31.9346743,53.0830637],[32.236073,53.0991687],[32.245244,53.1291705],[32.3022191,53.1276644],[32.3577383,53.1851246],[32.4483149,53.2082543],[32.50949,53.28163],[32.48846,53.30352],[32.5833072,53.2905245],[32.61652,53.34034],[32.7335,53.33253],[32.75711,53.45818],[32.6559142,53.469859],[32.6870468,53.4813904],[32.6470684,53.5041217],[32.6042425,53.4788138],[32.603302,53.5128687],[32.4779157,53.5488798],[32.4258,53.60744],[32.4497967,53.6373457],[32.4138982,53.6506627],[32.4989513,53.6811348],[32.4606829,53.7376525],[32.3691746,53.7173989],[32.3438728,53.7505748],[32.2723561,53.7584989],[32.2848442,53.7759304],[32.2297044,53.7659803],[32.2080495,53.7995665],[32.1268411,53.8184916],[31.8984917,53.7744738],[31.7612195,53.7961618],[31.7565,53.8325],[31.838343,53.8655014],[31.7986856,53.8757996],[31.8568306,53.9170978],[31.8447668,53.9501916],[31.8917451,53.9661731],[31.8539175,54.0056614],[31.8947885,54.0868176],[31.7533635,54.078444],[31.7742933,54.1127549],[31.67573,54.10329],[31.6552308,54.1421529],[31.56346,54.13711],[31.31782,54.24414],[31.32022,54.31194],[31.2858,54.31967],[31.31867,54.34044],[31.2525874,54.380167],[31.269463,54.4011792],[31.23259,54.46627],[31.0856304,54.5086255],[31.2043531,54.6199067],[31.1978054,54.6590863],[30.9912636,54.6722716],[31.0121343,54.7170675],[30.75451,54.80504],[30.8218025,54.8797989],[30.81871,54.94022],[30.9437553,54.9584662],[30.9623504,54.9852548],[30.9103574,55.0184938],[31.0163996,55.0294795],[31.0278876,55.0623076],[30.9903018,55.0768499],[30.9853324,55.1717824],[30.9235233,55.2006601],[30.87562,55.28054],[30.81983,55.282],[30.8305905,55.3341764],[30.93355,55.39581],[30.89244,55.47684],[30.95862,55.49709],[30.9139,55.52207],[30.95501,55.54241],[30.9280065,55.6418131],[31.0605595,55.6987671],[31.0380608,55.7608408],[31.2156431,55.7203048],[31.4564254,55.7401502],[31.4221827,55.7160375],[31.4891424,55.7071385],[31.4037741,55.811084],[31.4161481,55.8914331],[31.3496452,55.9448281],[31.425601447035085,56.0],[42.716799797021714,56.0],[42.7185452,55.9692201],[42.6642086,55.981649],[42.6108703,55.9321632],[42.5297498,55.9539093],[42.5038524,55.8783586],[42.3967106,55.7899576],[42.2746583,55.7677006],[42.188331,55.6770397],[42.1287844,55.6783533],[42.1442399,55.6221682],[42.0751553,55.6208824],[42.0648296,55.587369],[42.103603,55.528165],[42.0854696,55.4963744],[42.1668709,55.4439947],[42.0929326,55.4020235],[42.0591537,55.4165307],[42.0022085,55.325096],[41.942443,55.3441298],[41.9725209,55.2866048],[41.8605275,55.2411095],[41.9083364,55.2102817],[41.8664881,55.1940061],[41.8734462,55.1647349],[41.8112977,55.1574538],[41.7839535,55.1297527],[41.805973,55.1079121],[41.7764767,55.0986437],[41.8624911,55.0572101],[41.9994834,55.0980828],[41.998344,54.9953378],[42.0607723,54.9776625],[42.2271882,54.9589231],[42.4452747,55.0255254],[42.4854902,55.0093549],[42.445453,54.9646533],[42.4944196,54.9077071],[42.4249332,54.8616047],[42.442326,54.8253986],[42.3891004,54.830207],[42.4268297,54.8148528],[42.3888413,54.7882683],[42.4302066,54.7357024],[42.4131238,54.7059718],[42.5419361,54.6750113],[42.6037121,54.6995471],[42.6428168,54.6714533],[42.5975215,54.6355707],[42.691248,54.5805068],[42.6067356,54.5610431],[42.6314144,54.4931093],[42.5499258,54.485274],[42.5357719,54.4367618],[42.5834195,54.4448122],[42.6291713,54.3759237],[42.5294824,54.3704169],[42.4902691,54.3053826],[42.3012319,54.2262747],[42.1642551,54.2582414],[42.2262217,54.2240137],[42.2025618,54.1885745],[42.2459371,54.1672739],[42.2536739,54.1887689],[42.2555146,54.1763081],[42.2421069,54.162793],[42.3443233,54.1591858],[42.3959308,54.2545593],[42.4345015,54.2571117],[42.6503857,54.1664652],[42.6890737,54.1292779],[42.5752318,54.164731],[42.5209516,54.1347212],[42.5721429,54.083318],[42.4981161,54.0701147],[42.451828,54.1224065],[42.3618415,54.08645],[42.3011089,54.0898964],[42.3351226,54.121952],[42.2837342,54.1049537],[42.2619573,54.0876559],[42.3562176,54.0160388],[42.4422932,53.9992642],[42.4448947,53.9424863],[42.383272,53.9235291],[42.3509694,53.8537291],[42.1375569,53.8224842],[42.1540477,53.7708096],[42.0817395,53.7480049],[42.0895208,53.7085869],[42.143951,53.7120788],[42.1178354,53.6711926],[42.1398726,53.5693713],[42.1095328,53.5153395],[42.1717459,53.5329928],[42.14077,53.4986968],[42.2555332,53.4853388],[42.3204258,53.4297449],[42.259801,53.4145526],[42.2368422,53.3593723],[42.2919637,53.372906],[42.3565236,53.3280905],[42.4121657,53.3380196],[42.420968,53.2717014],[42.5713639,53.1798324],[42.5090282,53.1701897],[42.5475534,53.1223595],[42.6276083,53.1282832],[42.7782412,53.0033902],[42.9575548,52.9309463],[43.1182703,52.803298],[43.2480873,52.6363402],[43.0582416,52.559391],[43.0579545,52.5203483],[43.1217713,52.5108933],[43.0240484,52.4867633],[43.0813296,52.404693],[43.0343352,52.357134],[42.9207957,52.3603288],[42.9422372,52.3360689],[42.8888451,52.2120605],[42.7719,52.1849735],[42.7568279,52.0854794],[42.8135826,52.0222174],[42.7131966,51.996037],[42.7126063,51.8856198],[42.6677173,51.8068896],[42.5218466,51.7196826],[42.5036705,51.6671208],[42.5661247,51.5380442],[42.7504497,51.4924119],[42.8325327,51.3924617],[42.8601836,51.3970615],[42.8581063,51.3166729],[42.9415038,51.2562513],[42.880894,51.2330252],[42.7083918,51.2476078],[42.5530006,51.1447353],[42.1747429,51.1358761],[41.9280966,51.1941254],[41.8200002,51.1184102],[41.7743804,51.016145],[41.4710783,50.949908],[41.4283371,50.915927],[41.4205342,50.832276],[41.1688737,50.7763145],[41.3466781,50.711609],[41.447823,50.6062207],[41.5173405,50.6089733],[41.5390969,50.5743815],[41.420479,50.4988927],[41.5221765,50.362572],[41.3821541,50.2272099],[41.4009945,50.2028059],[41.3502546,50.2144769],[41.2889344,50.1632396],[41.3729917,50.1278976],[41.3843499,50.0811105],[41.083709,49.9452127],[41.0407903,49.799562],[40.9210054,49.7004876],[40.6369672,49.6729919],[40.6159514,49.6435867],[40.639862,49.6370895],[40.5931116,49.6337778],[40.5358007,49.5778374],[40.1606702,49.643123],[40.0649602,49.5989679],[39.80604,49.55795],[39.6579,49.61666],[39.59129,49.71828],[39.61052,49.73373],[39.28522,49.75536],[39.1797232,49.8886809]],[[42.6021909,54.5261625],[42.6090316,54.5374353],[42.6007533,54.53067],[42.6021909,54.5261625]]],[[[31.574332,52.483874],[31.57562,52.463014],[31.533133,52.485655],[31.574332,52.483874]]],[[[42.637204,54.5561512],[42.6548196,54.5572209],[42.6583459,54.5528726],[42.637204,54.5561512]]],[[[42.4335751,54.7935612],[42.509725,54.7507417],[42.4548661,54.7504344],[42.4335751,54.7935612]]]]}},{"type":"Feature","properties":{"id":"rus-northcaucasian","name":"North Caucasian","iso3":"RUS","tier":1,"contested":false},"geometry":{"type":"MultiPolygon","coordinates":[[[[45.158036,42.708165],[45.038047,42.6928],[44.975738,42.746414],[44.887471,42.747044],[44.829035,42.617159],[44.803788,42.61473],[44.7413422,42.7274122],[44.553093,42.766372],[44.499928,42.736198],[44.517974,42.697038],[44.314021,42.721673],[44.248892,42.679922],[44.23185,42.626686],[44.021778,42.597196],[43.944886,42.550357],[43.838703,42.598672],[43.770458,42.58878],[43.715305,42.631954],[43.807887,42.721072],[43.778776,42.758044],[43.60891,42.813681],[43.5610472,42.8677058],[43.1862957,42.9376125],[43.0350352,43.0298707],[43.0156191,43.0711493],[43.0412311,43.0907638],[42.8602669,43.1785579],[42.7499367,43.1876888],[42.6816277,43.1699464],[42.6665346,43.136019],[42.4571956,43.212929],[42.4137762,43.2569824],[42.2952318,43.2109231],[42.2161937,43.2309824],[42.0454397,43.1870335],[41.8850927,43.2498475],[41.803944,43.2020382],[41.7281118,43.2415066],[41.6142394,43.2209902],[41.4229808,43.3155525],[41.393641,43.366229],[41.291003,43.337043],[41.1526422,43.4033335],[41.073667,43.387552],[41.0042948,43.4322223],[40.932859,43.425875],[40.8909577,43.489544],[40.713345,43.532475],[40.7423973,43.6054304],[40.6752432,43.7158067],[40.7577084,43.7497766],[40.7228059,43.7948998],[40.7657711,43.8722289],[40.8857488,43.9446234],[40.9354588,44.0173529],[40.8912762,44.1429954],[41.0847882,44.0947128],[41.1245095,44.1262572],[41.1703049,44.0886842],[41.2640289,44.094959],[41.3014705,44.0617186],[41.2768736,44.0725801],[41.2465925,44.0099492],[41.3203576,44.0283803],[41.2927634,44.0008153],[41.3150387,43.9797845],[41.3601188,43.9779945],[41.3579554,44.0113879],[41.4151721,43.9823371],[41.4811249,44.0021738],[41.4777208,44.0414523],[41.4842163,44.0545721],[41.5453686,44.0419827],[41.5545482,44.0985085],[41.6479359,44.124526],[41.7439797,44.2683772],[41.6904961,44.3334061],[41.592001,44.3635563],[41.6336952,44.3778918],[41.6282018,44.4070964],[41.6939037,44.4098806],[41.7366406,44.4834389],[41.5897072,44.5159289],[41.5519664,44.6181523],[41.4949328,44.5956913],[41.4270929,44.7084762],[41.5942248,44.7682388],[41.6539743,44.986253],[41.4462518,44.9951514],[41.4076506,45.0629259],[41.3518725,45.0902765],[41.3534804,45.2230539],[41.2974904,45.2235689],[41.2789967,45.2638468],[41.232713,45.2239852],[41.0354076,45.2256431],[41.0246085,45.3057229],[40.9934772,45.322803],[41.0071564,45.3780887],[40.9224905,45.4471008],[40.9231754,45.516862],[40.8460433,45.5169199],[40.8479682,45.694229],[41.0077442,45.7130575],[41.0531344,45.6750018],[41.1672375,45.6744391],[41.1693736,45.7596507],[41.2721359,45.7588342],[41.233466,45.8313933],[41.2628036,45.8572675],[41.1611772,45.8798408],[41.1608983,45.9516883],[41.3930819,45.9523072],[41.3928064,45.9972041],[41.4962493,46.0062013],[41.6240791,45.9767217],[42.0829478,45.9663519],[42.0800939,45.9337535],[42.1034613,45.9351264],[42.1515694,45.9430799],[42.1706684,46.1099034],[42.3219373,46.1354493],[42.3180347,45.9697239],[42.4480823,45.9901915],[42.5567887,46.0080411],[42.6720445,46.0898914],[42.737763,46.0910085],[42.862964,46.1778457],[42.8487032,46.2009806],[42.9317874,46.2360616],[43.0017463,46.1693216],[43.2817374,46.1040317],[43.4697402,45.988886],[43.9152155,45.9465956],[43.9229361,45.9030131],[44.001739,45.8806599],[44.0911577,45.7963906],[44.1714113,45.6442545],[44.3159918,45.5527489],[44.4708637,45.5033787],[44.5749149,45.506114],[44.7428139,45.4348722],[44.8306221,45.4372856],[44.8951126,45.3874317],[45.5900272,45.1257838],[45.7051159,44.9773628],[46.2330244,44.9720245],[46.5045787,44.9342965],[46.7698152,44.8263101],[46.7560616,44.7988013],[46.8179566,44.7603273],[46.8376584,44.7685058],[46.8077328,44.8038204],[46.8950267575438,44.8121003608434],[46.8819155,44.7596828],[46.7674174,44.7135897],[46.7318835,44.6528077],[46.6978945,44.6868681],[46.6954912,44.4431228],[46.7746271,44.3704013],[46.889922,44.3624584],[46.8959917,44.3239988],[46.9641413,44.3413119],[46.9490351,44.3739598],[47.004607,44.3656447],[47.1124567,44.2208736],[47.22438,44.2198894],[47.4310602,43.8758987],[47.4695124,43.8590676],[47.459556,43.8199416],[47.5474577,43.7859234],[47.580132,43.880659],[47.7002797,43.8880874],[47.5885299,43.7165182],[47.5017871,43.4709199],[47.4865861,43.3981239],[47.510623,43.3645564],[47.4849123,43.384358],[47.4838857,43.3095146],[47.5108395,43.2793263],[47.5515066,43.2959909],[47.5157826,43.3599066],[47.5470238,43.3299713],[47.5560961,43.2826369],[47.4817388,43.1518806],[47.4692482,43.0047199],[47.6975152,42.8699436],[47.7335588,42.6688673],[47.7925603,42.6076548],[47.8874438,42.5812172],[47.9953112,42.4104321],[48.2907844,42.1058086],[48.3609499,41.9568384],[48.5920872,41.8424876],[48.3773438,41.5910141],[48.2242755,41.5169331],[48.0647888,41.4922877],[48.0637341,41.4575127],[48.0022289,41.4299591],[48.0014051,41.3731814],[47.9501433,41.3511242],[47.9706294,41.3229378],[47.8984036,41.2988281],[47.8856094,41.2194184],[47.7482544,41.1874478],[47.6204912,41.2371352],[47.556836,41.1985138],[47.5038814,41.227439],[47.4983595,41.2684393],[47.3745102,41.2727728],[47.2709731,41.3280565],[47.26012,41.3956475],[47.2187646,41.4000375],[47.2421247,41.4463479],[47.158089,41.4991218],[47.1730683,41.5300024],[47.1241199,41.5831322],[47.0186459,41.5558645],[46.9995115,41.6413435],[46.9274145,41.6766516],[46.9149742,41.7265823],[46.8641528,41.7200804],[46.7922704,41.7736363],[46.7599041,41.8616888],[46.582208,41.8032352],[46.5370359,41.8804545],[46.4766983,41.8827374],[46.399361,41.940573],[46.282439,41.945439],[46.2565038,42.0061291],[46.10629,41.986029],[46.073375,42.04061],[45.927909,42.031495],[45.897218,42.106021],[45.78603,42.102069],[45.608612,42.212313],[45.652429,42.292216],[45.752271,42.308012],[45.734701,42.378317],[45.781574,42.446946],[45.7731829,42.4912186],[45.704935,42.480612],[45.5722196,42.550019],[45.417998,42.551894],[45.341616,42.522576],[45.158036,42.708165]]],[[[47.7004461,43.890996],[47.7006049,43.9077393],[47.7195177,43.8963122],[47.7004461,43.890996]]],[[[47.7167111,43.9149599],[47.7166252,43.9049426],[47.6996737,43.9150836],[47.7167111,43.9149599]]],[[[47.7500214,43.935913],[47.7324594,43.9525324],[47.7637288,43.9542232],[47.7658299,43.9771851],[47.6526116,43.9445103],[47.6384528,43.9838209],[47.7129613,43.9981556],[47.7787677,43.9776424],[47.8051746,43.9601481],[47.7500214,43.935913]]],[[[47.4832789,44.4518153],[47.5283723,44.4931669],[47.517937,44.4486682],[47.5439473,44.4274663],[47.5428571,44.4883729],[47.5643506,44.4253457],[47.5455048,44.4205461],[47.4832789,44.4518153]]]]}},{"type":"Feature","properties":{"id":"rus-southern","name":"Southern","iso3":"RUS","tier":1,"contested":false},"geometry":{"type":"MultiPolygon","coordinates":[[[[41.1608983,45.9516883],[41.1611772,45.8798408],[41.2490098,45.8800514],[41.2628036,45.8572675],[41.233466,45.8313933],[41.2721359,45.7588342],[41.1693736,45.7596507],[41.1672375,45.6744391],[41.0531344,45.6750018],[41.0077442,45.7130575],[40.8479682,45.694229],[40.8460433,45.5169199],[40.9231754,45.516862],[40.9224905,45.4471008],[41.0071564,45.3780887],[40.9934772,45.322803],[41.0246085,45.3057229],[41.0354076,45.2256431],[41.232713,45.2239852],[41.2789967,45.2638468],[41.2974904,45.2235689],[41.3534804,45.2230539],[41.3518725,45.0902765],[41.4076506,45.0629259],[41.4462518,44.9951514],[41.6539743,44.986253],[41.5942248,44.7682388],[41.4270929,44.7084762],[41.4949328,44.5956913],[41.5519664,44.6181523],[41.5897072,44.5159289],[41.7366406,44.4834389],[41.6939037,44.4098806],[41.6282018,44.4070964],[41.6336952,44.3778918],[41.592001,44.3635563],[41.6904961,44.3334061],[41.7399596,44.2569068],[41.6479359,44.124526],[41.5545482,44.0985085],[41.5453686,44.0419827],[41.4842163,44.0545721],[41.4811249,44.0021738],[41.4151721,43.9823371],[41.3579554,44.0113879],[41.3601188,43.9779945],[41.3150387,43.9797845],[41.2927634,44.0008153],[41.3131591,44.0153488],[41.3203576,44.0283803],[41.2465925,44.0099492],[41.2768736,44.0725801],[41.3014705,44.0617186],[41.2640289,44.094959],[41.1703049,44.0886842],[41.1245095,44.1262572],[41.0847882,44.0947128],[40.8912762,44.1429954],[40.9354588,44.0173529],[40.8857488,43.9446234],[40.7657711,43.8722289],[40.7228059,43.7948998],[40.7577084,43.7497766],[40.6752432,43.7158067],[40.7423973,43.6054304],[40.71453,43.5334817],[40.6617756,43.5630484],[40.5402066,43.5193242],[40.2596042,43.5861871],[40.109009,43.569605],[40.0084507,43.3855697],[39.9244473,43.4147707],[39.8636638,43.5113885],[39.708994,43.5794289],[39.6893794,43.6321734],[39.6073028,43.6670968],[39.2949723,43.9424511],[39.036837,44.096536],[38.998313,44.1612968],[38.8665957,44.1971982],[38.7909825,44.2816024],[38.2061847,44.4164777],[38.0484899,44.5506926],[38.0650582,44.5767096],[37.9843646,44.5681965],[37.9067776,44.6287226],[37.9315254,44.6460613],[37.9139809,44.6662785],[37.8062604,44.731661],[37.7734977,44.7271476],[37.8031461,44.6707705],[37.736774,44.6497124],[37.4829902,44.6943849],[37.380628,44.7567702],[37.2970408,44.8893249],[37.3115686,44.9283579],[37.2411009,44.986254],[36.8962065,45.1063393],[36.6333891,45.1401927],[36.5979885,45.1953725],[36.5916593,45.2457544],[36.611941,45.2100508],[36.7301636,45.2182735],[36.9918811,45.2887742],[36.997105,45.326372],[36.7983719,45.3035419],[36.766062,45.375317],[36.805454,45.354403],[36.858553,45.379142],[36.7631024,45.4149465],[36.7350008,45.3782883],[36.683047,45.3360679],[36.621977,45.3052324],[36.7851329,45.4422436],[36.857142,45.4509488],[37.1002483,45.3583838],[37.3766398,45.3162443],[37.384874,45.348806],[37.4038143,45.338648],[37.4509758,45.3468972],[37.5444459,45.3890684],[37.606724,45.477945],[37.616005,45.664555],[37.833981,45.756258],[37.970874,46.033585],[38.1160145,46.0541418],[38.11747,46.032502],[38.092615,46.021021],[38.105596,46.038053],[38.078678,46.039891],[38.065149,45.968471],[38.106836,45.949566],[38.187299,46.117668],[38.2431533,46.1572368],[38.253067,46.232003],[38.276516,46.261779],[38.255046,46.15404],[38.460607,46.042845],[38.582008,46.038736],[38.568711,46.114613],[38.3372688,46.2144184],[38.1392188,46.3777226],[37.996829,46.409461],[37.978397,46.403655],[37.965233,46.393919],[37.963848,46.388776],[37.961227,46.390163],[37.959434,46.386941],[38.0151203,46.3784671],[37.9920131,46.3638074],[37.9113034,46.4113428],[37.752023,46.663926],[37.6994538,46.7004449],[37.8105846,46.6488679],[37.996021,46.634908],[38.2910788,46.7427651],[38.3320509,46.6640532],[38.5069355,46.6426555],[38.5937408,46.662016],[38.586125,46.7195519],[38.504701,46.751348],[38.4095421,46.7540882],[38.412328,46.7165762],[38.3938463,46.7366051],[38.4206494,46.8222503],[38.4998617,46.8800875],[38.5538267,46.8559229],[38.7103725,46.8713487],[39.1028688,47.0430013],[39.2875702,47.019712],[39.3105656,47.0591831],[39.2310058,47.0885191],[39.261124,47.10951],[39.213176,47.189881],[39.2438794,47.2614559],[39.1621196,47.2870753],[38.954653,47.269315],[38.9551803,47.2011063],[38.864474,47.172817],[38.576247,47.143518],[38.5720674,47.1151056],[38.4813303,47.1407673],[38.606325,47.244156],[38.7910252,47.2435219],[38.8277867,47.274592],[38.6548311,47.2621633],[38.5966162,47.2460288],[38.527896,47.212829],[38.4763318,47.1440008],[38.2297983,47.1193016],[38.2329087,47.228951],[38.33353,47.26919],[38.3360399,47.3062541],[38.220892,47.3053966],[38.244983,47.3637092],[38.3023895,47.392848],[38.2847269,47.5443096],[38.3507161,47.5761965],[38.3504612,47.616646],[38.6164372,47.6445813],[38.6658283,47.6987288],[38.7726084,47.6855249],[38.7889225,47.8159167],[38.8288189,47.8159186],[38.8275255,47.8482009],[38.8780602,47.8758739],[39.0831103,47.8695323],[39.1094632,47.8426717],[39.3873086,47.8711604],[39.4132247,47.8297274],[39.4778062,47.8606797],[39.5425159,47.8250596],[39.7380425,47.8277796],[39.7949201,47.8703755],[39.8231004,47.9812205],[39.7764975,48.0397836],[39.8833881,48.0416068],[39.8339672,48.0670142],[39.9370158,48.1809588],[39.942,48.22861],[40.0095906,48.2251186],[40.0207593,48.253857],[39.9903342,48.3170583],[39.9150354,48.2696282],[39.8876056,48.3085493],[39.8411602,48.3100535],[39.9474499,48.3547044],[39.8975876,48.4473144],[39.8464439,48.4737524],[39.8504265,48.567896],[39.6606493,48.6090856],[39.8001048,48.8426021],[39.9755283,48.7930338],[40.0801068,48.8701366],[40.0351121,48.9158883],[39.9932321,48.8682063],[39.924972,48.8958358],[39.826994,48.8864598],[39.7765041,48.9206861],[39.752947,48.9859432],[39.6636996,49.000885],[39.6931571,49.0504795],[39.93805,49.0563998],[40.031113,49.1797592],[40.221282,49.2498992],[40.1859301,49.2812231],[40.194611,49.3464721],[40.0293438,49.453605],[40.0382576,49.5197449],[40.16962,49.56877],[40.1353917,49.6171021],[40.1606702,49.643123],[40.5358007,49.5778374],[40.5931116,49.6337778],[40.639862,49.6370895],[40.6159514,49.6435867],[40.6369672,49.6729919],[40.9210054,49.7004876],[41.0407903,49.799562],[41.083709,49.9452127],[41.3843499,50.0811105],[41.3729917,50.1278976],[41.2889344,50.1632396],[41.3502546,50.2144769],[41.4009945,50.2028059],[41.3821541,50.2272099],[41.5221765,50.362572],[41.420479,50.4988927],[41.5390969,50.5743815],[41.5173405,50.6089733],[41.447823,50.6062207],[41.3466781,50.711609],[41.1688737,50.7763145],[41.4205342,50.832276],[41.4283371,50.915927],[41.4710783,50.949908],[41.7743804,51.016145],[41.8200002,51.1184102],[41.9280966,51.1941254],[42.1747429,51.1358761],[42.5530006,51.1447353],[42.7083918,51.2476078],[42.8553404,51.2447279],[43.1947412,51.1106332],[43.358549,50.9987129],[43.5617035,51.0606322],[43.6627401,51.0555452],[43.6926614,51.0988814],[43.6677043,51.1187134],[43.8651659,51.1041573],[43.9225897,51.1617195],[44.0184589,51.159168],[44.0184994,51.0722178],[44.1178719,51.1251308],[44.1849781,51.093224],[44.2240307,51.1987125],[44.3453734,51.1743262],[44.4774146,51.2113678],[44.5928701,51.119465],[44.6272055,51.1260496],[44.6140687,51.1619541],[44.643812,51.1782937],[44.7891515,51.1485439],[44.8651863,51.1712131],[44.8966475,51.1628857],[44.8991943,51.1154692],[44.9426442,51.1081531],[44.9930715,51.1456376],[45.0684901,51.1191861],[45.0839424,51.077214],[45.221014,51.0403416],[45.2041053,50.9684815],[45.2578287,50.9340212],[45.2238344,50.9353715],[45.3035617,50.9139789],[45.3257703,50.8623109],[45.2760313,50.7213515],[45.1851797,50.7103345],[45.2313137,50.6980071],[45.1933551,50.5851985],[45.3863668,50.589885],[45.4051208,50.6133376],[45.4896963,50.6048677],[45.5362487,50.5508805],[45.5663538,50.5895989],[45.6986283,50.5782803],[45.6786011,50.6670254],[45.7156323,50.737716],[45.8422659,50.7561782],[46.0931558,50.6648678],[46.0614602,50.5261663],[46.278413,50.5276966],[46.2779063,50.5728619],[46.484214,50.5471055],[46.4481778,50.5684468],[46.4583596,50.6171552],[46.5382855,50.6444355],[46.5684964,50.6148387],[46.5833876,50.7122882],[46.6256976,50.6809432],[46.7184913,50.7114924],[46.7421044,50.6587099],[46.8572047,50.6418282],[46.7991243,50.5784593],[46.8707675,50.5772154],[46.8707692,50.5237475],[46.9166558,50.5230002],[46.9124195,50.4896723],[47.2056141,50.5092213],[47.2352115,50.3711872],[47.4314503,50.3779161],[47.4066832,50.3363732],[47.3001348,50.3033031],[47.3349741,50.2380145],[47.2572963,50.1917514],[47.3526454,50.0940359],[47.1823601,49.9350266],[46.9024721,49.8638515],[46.7820865,49.3398271],[46.9961212,49.2323819],[47.0511394,49.1655918],[46.9719153,49.0274277],[46.7791649,48.9514137],[46.492161,48.4336187],[47.1237606,48.269529],[47.1036315,48.2120039],[47.1255636,48.1582889],[47.0919048,48.1035222],[47.211519,48.0822501],[47.0499115,47.997515],[47.1809094,47.8536645],[47.1214852,47.8314685],[47.19408,47.7605037],[47.3846275,47.6815631],[47.4150752,47.8377105],[47.6526728,47.7581964],[48.0307182,47.7629315],[48.213354,47.6905146],[48.4530159,47.410845],[48.5206406,47.4115724],[48.711055,47.0953376],[48.9157882,46.880218],[48.9971252,46.7430848],[48.9214947,46.6935072],[48.7521448,46.6839768],[48.6547274,46.7262122],[48.5352615,46.7061469],[48.5520691,46.6884881],[48.4778877,46.6705765],[48.6227262,46.6034038],[48.5452803,46.5602468],[48.7864816,46.5420876],[48.8266562,46.4801687],[49.053287,46.3930679],[49.1798029,46.377144],[49.3141866,46.2728432],[49.2756709,46.2374256],[49.3393524,46.1872455],[49.3257046,46.1365386],[49.25279,46.1672185],[49.3205792,46.0650427],[49.249826,46.1024566],[49.2527959,46.0214874],[49.216078,45.990972],[49.0282304,46.1179536],[49.0198147,45.9641971],[49.0473019,45.8927758],[48.972819,45.9786634],[48.93009,45.9785822],[48.9329567,45.9217502],[48.868753,45.9148765],[48.8419111,45.8158836],[48.8132494,45.9144264],[48.7864457,45.8836293],[48.7387299,45.9138383],[48.7832977,45.7863188],[48.7297832,45.7243579],[48.7530878,45.7003459],[48.7296288,45.6170886],[48.681239,45.602548],[48.6360084,45.6446093],[48.6375607,45.6148123],[48.588624,45.6101979],[48.5617839,45.6896483],[48.5158099,45.674751],[48.5175952,45.617604],[48.4696587,45.6932974],[48.4487332,45.6551485],[48.355976,45.69506],[48.4365109,45.6281389],[48.3959903,45.5926484],[48.285607,45.7355717],[48.282101,45.695705],[48.2610025,45.7234991],[48.2811284,45.6806005],[48.1896695,45.6873757],[48.2357312,45.6532868],[48.1660629,45.6818086],[48.1742184,45.6475518],[48.1458712,45.6604475],[48.1122745,45.6029364],[48.1520582,45.5819091],[48.1366065,45.5212885],[48.1672729,45.453345],[48.2048449,45.4490827],[48.1584444,45.4025705],[48.109888,45.4326627],[48.1176707,45.5837234],[48.0915457,45.595203],[48.0493613,45.5522788],[48.0477436,45.6453218],[48.0721906,45.5825303],[48.0782282,45.5996004],[48.0470965,45.6651142],[48.0128224,45.6586143],[48.0115483,45.6182999],[47.999668,45.6419254],[47.9752248,45.6218927],[48.0084289,45.6120632],[48.0205532,45.512611],[47.9852007,45.3608172],[47.9748675,45.3883037],[47.9382764,45.3688638],[47.977788,45.4559146],[47.9214919,45.5859391],[47.9342099,45.6638631],[47.9850188,45.6629857],[47.960896,45.6902851],[47.8936826,45.6977801],[47.8651105,45.6593313],[47.8662976,45.6924352],[47.8564917,45.6991217],[47.8345824,45.6474138],[47.9090508,45.6186273],[47.9016694,45.4691875],[47.8544625,45.4788175],[47.8103456,45.5812745],[47.7823647,45.5627691],[47.7839097,45.626431],[47.7624344,45.6025312],[47.7700621,45.630923],[47.7261077,45.6236679],[47.7506074,45.5499079],[47.7590188,45.5737049],[47.77361,45.5624086],[47.767685,45.4481979],[47.6659783,45.6485156],[47.6283845,45.6474355],[47.6525479,45.609244],[47.6024432,45.5817124],[47.5258876,45.6704155],[47.5095326,45.6412284],[47.536849,45.6440261],[47.5523148,45.6023513],[47.5368037,45.5227334],[47.3679087,45.4313433],[47.4152674,45.3668882],[47.3795618,45.3191091],[47.3424389,45.3410929],[47.2964777,45.2405966],[47.2569956,45.2492987],[47.2844614,45.1915013],[47.2624888,45.1341295],[47.2412028,45.1503544],[47.2432627,45.0747604],[47.202064,45.0723359],[47.1491923,44.945632],[47.0331492,44.9910543],[47.0657648,44.9764842],[47.1045603,44.8741467],[47.0604433,44.8372752],[47.0431055,44.8822967],[47.0128931,44.8707405],[46.9763293,45.0057421],[46.942512,44.830945],[46.8136805,44.8077237],[46.8207446,44.7597697],[46.7560616,44.7988013],[46.7698152,44.8263101],[46.5045787,44.9342965],[45.9824738,44.9891213],[45.7051159,44.9773628],[45.5900272,45.1257838],[44.8951126,45.3874317],[44.8306221,45.4372856],[44.7428139,45.4348722],[44.5749149,45.506114],[44.4708637,45.5033787],[44.3159918,45.5527489],[44.1714113,45.6442545],[44.0911577,45.7963906],[44.001739,45.8806599],[43.9229361,45.9030131],[43.9152155,45.9465956],[43.4697402,45.988886],[43.2817374,46.1040317],[43.0017463,46.1693216],[42.9317874,46.2360616],[42.8487032,46.2009806],[42.862964,46.1778457],[42.737763,46.0910085],[42.6720445,46.0898914],[42.5567887,46.0080411],[42.3180347,45.9697239],[42.3219373,46.1354493],[42.1706684,46.1099034],[42.1515694,45.9430799],[41.4714484,46.0059941],[41.3928064,45.9972041],[41.3930819,45.9523072],[41.1608983,45.9516883]]],[[[37.403332,45.339317],[37.403393,45.350093],[37.4158679,45.3520678],[37.403332,45.339317]]],[[[38.362795,46.7656032],[38.3221572,46.759591],[38.3391895,46.7715108],[38.3583102,46.7700522],[38.3604274,46.769018],[38.361884,46.7673036],[38.362795,46.7656032]]]]}},{"type":"Feature","properties":{"id":"rus-northwestern","name":"Northwestern","iso3":"RUS","tier":1,"contested":false},"geometry":{"type":"MultiPolygon","coordinates":[[[[19.6390049,54.4583961],[19.8406782,54.600038],[19.86531,54.6467],[19.8872153,54.6332278],[19.7345575,54.4961033],[19.6390049,54.4583961]]],[[[20.9638259,55.2797594],[20.9981804,55.2648947],[20.9130991,55.224356],[20.863705,55.1532372],[20.511703,54.9539965],[20.7801025,54.948075],[20.8690851,54.8998058],[20.99673,54.89081],[21.2075171,54.9192566],[21.24841,54.95779],[21.2133,55.00781],[21.23023,55.00866],[21.25611,55.01463],[21.2809349,55.024525],[21.21419,55.00908],[21.17915,55.19712],[21.28766,55.18718],[21.25863,55.19749],[21.28927,55.22405],[21.2712057,55.2440891],[21.3805534,55.2935086],[21.5015124,55.1868198],[21.6491949,55.1808113],[21.9163905,55.0809924],[22.0324081,55.084098],[22.072708,55.0255641],[22.1585655,55.0556385],[22.4705972,55.0445261],[22.5892361,55.070243],[22.6440633,54.9698957],[22.6780717,54.9875007],[22.7663508,54.9354772],[22.7544855,54.9186055],[22.8463134,54.897382],[22.8396881,54.8642311],[22.886659,54.8140818],[22.743582,54.7314983],[22.7233379,54.686016],[22.7487738,54.6308947],[22.6838586,54.585972],[22.7137585,54.5636592],[22.6805898,54.533372],[22.7010873,54.4535972],[22.7919888,54.3633414],[21.4461125,54.3182154],[19.8038606,54.4424045],[19.94407,54.5006],[19.9933163,54.5768548],[20.06749,54.54952],[20.2872423,54.6319655],[20.2740413,54.6922264],[20.1739388,54.6946894],[20.082361,54.6520382],[20.02184,54.72653],[19.946764,54.7030663],[19.9638444,54.6396727],[19.9025739,54.6347123],[19.8686837,54.6491964],[19.95755,54.7561853],[19.9314362,54.901593],[19.9772554,54.9604594],[20.2708051,54.9631718],[20.35393,54.93724],[20.49989,54.96931],[20.68016,55.05776],[20.9638259,55.2797594]]],[[[46.154491,55.9951331],[46.079286,55.9486325],[46.1685368,55.8861834],[46.0734925,55.8697643],[46.1113529,55.831387],[46.1004418,55.7986374],[45.9481567,55.755476],[45.9564179,55.7167267],[45.9164418,55.6680274],[45.9619111,55.6297987],[46.0460128,55.6284224],[46.1330218,55.5154705],[46.2063923,55.543998],[46.2506956,55.5029794],[46.3455683,55.5056253],[46.32416,55.4779789],[46.3910694,55.461709],[46.3892197,55.4276508],[46.2141548,55.3717293],[46.2365566,55.3455293],[46.2007416,55.3407631],[46.2226436,55.2730259],[46.0781814,55.2210209],[46.0514293,55.1706701],[46.012038,55.1627809],[46.0321794,55.0942498],[46.0779933,55.0821888],[45.9742443,55.0012671],[45.701842,55.0021318],[45.7521119,55.0679218],[45.7192517,55.0811376],[45.785319,55.1261495],[45.7031206,55.1902678],[45.5476462,55.1354188],[45.5705764,55.1011241],[45.4864021,55.1122678],[45.4118297,54.9972217],[45.4477754,54.9818145],[45.4152557,54.9470771],[45.4268458,54.8855284],[45.2307012,54.8772851],[45.1943996,54.7495739],[45.111952,54.8000552],[45.0263998,54.7359537],[45.0182531,54.7052831],[45.0874102,54.6523522],[45.0361036,54.6298577],[45.0476845,54.5816497],[45.009501,54.5568285],[45.1437007,54.5282091],[45.1403388,54.4893887],[45.0996362,54.4681888],[45.0267721,54.4949627],[44.9081918,54.463399],[44.7697725,54.5208909],[44.5861504,54.4715083],[44.6023193,54.517172],[44.6238188,54.495766],[44.6591051,54.5139124],[44.5985957,54.5702616],[44.5367375,54.5179039],[44.4685178,54.5221348],[44.4050373,54.5346452],[44.3562903,54.5904529],[44.2005789,54.5964589],[44.1720051,54.6353617],[44.0684405,54.6485673],[44.0898026,54.7375779],[43.9210168,54.7394942],[43.9577556,54.8060862],[43.7337062,54.8201814],[43.6182225,54.8544232],[43.5907677,54.9026531],[43.4862606,54.9042293],[43.4547708,54.9344084],[43.418422,54.9315017],[43.4799023,54.8886627],[43.4823501,54.8178568],[43.2183742,54.8036416],[43.1842887,54.8246187],[43.2169998,54.8252138],[43.2216914,54.8935176],[43.1692268,54.8977689],[43.0860259,54.7747874],[42.9695475,54.7977141],[42.9010943,54.75964],[42.7928862,54.7548553],[42.8035066,54.7758964],[42.735859,54.7883383],[42.7290151,54.8176288],[42.624205,54.7800975],[42.5016854,54.8381403],[42.4303734,54.7939624],[42.4495742,54.8335097],[42.4249332,54.8616047],[42.4944196,54.9077071],[42.445453,54.9646533],[42.4854902,55.0093549],[42.4452747,55.0255254],[42.2271882,54.9589231],[42.0607723,54.9776625],[41.998344,54.9953378],[41.9994834,55.0980828],[41.8624911,55.0572101],[41.7764767,55.0986437],[41.805973,55.1079121],[41.7839535,55.1297527],[41.8112977,55.1574538],[41.8734462,55.1647349],[41.8664881,55.1940061],[41.9083364,55.2102817],[41.8605275,55.2411095],[41.9725209,55.2866048],[41.942443,55.3441298],[42.0022085,55.325096],[42.0591537,55.4165307],[42.0929326,55.4020235],[42.1668709,55.4439947],[42.0854696,55.4963744],[42.103603,55.528165],[42.0648296,55.587369],[42.0751553,55.6208824],[42.1442399,55.6221682],[42.1287844,55.6783533],[42.188331,55.6770397],[42.2746583,55.7677006],[42.3967106,55.7899576],[42.5038524,55.8783586],[42.5297498,55.9539093],[42.6108703,55.9321632],[42.6642086,55.981649],[42.7185452,55.9692201],[42.716799797021714,56.0],[46.154491,55.9951331]]],[[[31.4263319,55.9957105],[31.3496452,55.9448281],[31.4161481,55.8914331],[31.4037741,55.811084],[31.4891424,55.7071385],[31.4221827,55.7160375],[31.4564254,55.7401502],[31.2156431,55.7203048],[31.0380608,55.7608408],[31.0605595,55.6987671],[30.9599695,55.6763532],[30.9326221,55.6247424],[30.8381381,55.6289792],[30.8326459,55.5989216],[30.780124,55.5883033],[30.7293231,55.6633929],[30.6725848,55.63611],[30.6290366,55.7305667],[30.5262788,55.7526799],[30.4928773,55.782919],[30.5117267,55.7993144],[30.2867304,55.8316391],[30.2770853,55.8701358],[30.1593758,55.8785582],[30.164997,55.8498203],[30.1069827,55.8312475],[29.9971037,55.8703122],[29.8949843,55.8626799],[29.80634,55.78342],[29.6226488,55.7802545],[29.5152857,55.7015757],[29.479074,55.7084466],[29.358618,55.7679731],[29.4252522,55.8725578],[29.3954295,55.9033951],[29.4795316,55.9181262],[29.4224216,55.945373],[29.4499131,55.9584644],[29.205288392544826,56.0],[31.4263319,55.9957105]]],[[[28.8650591,55.9891177],[28.8469988,55.9539538],[28.7338274,55.967007],[28.704374292721216,56.0],[28.924994515827436,56.0],[28.8650591,55.9891177]]],[[[28.937762858711576,56.0],[28.9447445,55.99666],[28.927808970488424,56.0],[28.937762858711576,56.0]]]]}}]}