{"type":"FeatureCollection","note":"Natural Earth public domain. Theatre clip of major highways / railroads. Gauge inferred from host nation.","features":[{"type":"Feature","properties":{"id":"rail-ne-517-0","name":"Railroad ferry","usage":"main","gauge":null,"electrified":null},"geometry":{"type":"LineString","coordinates":[[14.021914,54.802728],[16.26005,54.906043],[17.718109,56.0]]}},{"type":"Feature","properties":{"id":"rail-ne-7629-0","name":"Railroad","usage":"main","gauge":1435,"electrified":null},"geometry":{"type":"LineString","coordinates":[[33.184721,37.211944],[32.552508,37.704973],[32.475765,37.863772],[32.632499,38.100277],[32.510279,38.262221],[31.444444,38.365278],[31.231389,38.605832],[30.534243,38.779234]]}},{"type":"Feature","properties":{"id":"rail-ne-7644-0","name":"Railroad","usage":"main","gauge":1435,"electrified":null},"geometry":{"type":"LineString","coordinates":[[41.245432,37.072601],[40.765557,37.131947],[39.822223,36.759721],[39.229723,36.672776],[38.725556,36.711113],[38.276391,36.924723],[37.998335,36.835834]]}},{"type":"Feature","properties":{"id":"rail-ne-7518-0","name":"Railroad","usage":"main","gauge":1435,"electrified":null},"geometry":{"type":"LineString","coordinates":[[36.724722,41.205556],[36.345835,41.276667],[36.130556,41.06361],[35.639721,40.934167],[35.822779,40.661667],[35.742776,40.529443],[36.118611,40.434445],[35.913614,40.171666],[36.308055,40.142501],[36.209444,39.990834],[36.4675,39.853888]]}},{"type":"Feature","properties":{"id":"rail-ne-6978-0","name":"Railroad","usage":"main","gauge":1520,"electrified":null},"geometry":{"type":"LineString","coordinates":[[47.959999,46.355001],[47.429444,46.275832],[47.070834,45.995832],[46.610277,44.810002],[46.711681,43.87031]]}},{"type":"Feature","properties":{"id":"rail-ne-7515-0","name":"Railroad","usage":"main","gauge":1435,"electrified":null},"geometry":{"type":"LineString","coordinates":[[40.855553,39.908055],[42.141666,40.0325],[42.302222,40.313612],[42.962501,40.4625],[43.334446,40.715835],[43.750628,40.730842]]}},{"type":"Feature","properties":{"id":"rail-ne-7453-0","name":"Railroad","usage":"main","gauge":1435,"electrified":null},"geometry":{"type":"LineString","coordinates":[[31.413055,41.285834],[32.059999,41.558889],[32.183334,41.244166],[32.687222,41.135834],[32.518056,40.931945],[32.939999,40.795832],[33.401943,40.831112],[33.645833,40.489444]]}},{"type":"Feature","properties":{"id":"rail-ne-7537-0","name":"Railroad","usage":"main","gauge":1435,"electrified":null},"geometry":{"type":"LineString","coordinates":[[40.855553,39.908055],[40.194165,39.915833],[40.265555,39.740834],[40.11389,39.562499],[39.497499,39.725834],[38.187222,39.347777]]}},{"type":"Feature","properties":{"id":"rail-ne-7525-0","name":"Railroad","usage":"main","gauge":1435,"electrified":null},"geometry":{"type":"LineString","coordinates":[[33.405,39.940556],[32.575834,39.962778],[31.999167,39.560001],[31.602221,39.748332],[30.493054,39.769443]]}},{"type":"Feature","properties":{"id":"rail-ne-7388-0","name":"Railroad","usage":"main","gauge":null,"electrified":null},"geometry":{"type":"LineString","coordinates":[[26.091666,40.843611],[25.345554,41.123127],[24.794445,41.079444],[24.531944,41.273612],[23.815,40.96],[23.382776,41.123612],[23.342501,41.278332]]}},{"type":"Feature","properties":{"id":"rail-ne-7563-0","name":"Railroad","usage":"main","gauge":1435,"electrified":null},"geometry":{"type":"LineString","coordinates":[[39.371112,38.573333],[40.475002,38.711111],[40.936668,38.898333],[41.123889,38.749444],[41.31,38.834445],[42.124723,38.670277],[42.185834,38.499444]]}},{"type":"Feature","properties":{"id":"rail-ne-7605-0","name":"Railroad","usage":"main","gauge":1435,"electrified":null},"geometry":{"type":"LineString","coordinates":[[41.700001,37.93222],[41.226943,38.010001],[41.016665,37.828612],[40.242501,37.848887],[39.676666,38.279166],[39.624444,38.467778],[39.041945,38.534445]]}},{"type":"Feature","properties":{"id":"rail-ne-7582-0","name":"Railroad","usage":"main","gauge":1435,"electrified":null},"geometry":{"type":"LineString","coordinates":[[43.317952,38.518196],[43.989302,38.651106],[44.142137,38.52917],[44.809183,38.481567],[44.83212,38.331861],[45.565834,38.13139],[45.987223,38.28861]]}},{"type":"Feature","properties":{"id":"rail-ne-2114-0","name":"Railroad","usage":"main","gauge":null,"electrified":null},"geometry":{"type":"LineString","coordinates":[[26.807223,52.242221],[26.52111,52.290833],[25.957224,52.109722],[24.037501,52.211944]]}},{"type":"Feature","properties":{"id":"rail-ne-7606-0","name":"Railroad","usage":"main","gauge":1435,"electrified":null},"geometry":{"type":"LineString","coordinates":[[29.982223,38.128055],[29.698612,37.824723],[29.193057,37.802499],[28.719444,37.954166],[27.496946,37.883334]]}},{"type":"Feature","properties":{"id":"rail-ne-5939-0","name":"Railroad","usage":"main","gauge":1520,"electrified":null},"geometry":{"type":"LineString","coordinates":[[44.403057,48.446666],[44.120001,48.131111],[43.598888,47.950834],[42.210319,47.029711]]}},{"type":"Feature","properties":{"id":"rail-ne-7646-0","name":"Railroad","usage":"main","gauge":null,"electrified":null},"geometry":{"type":"LineString","coordinates":[[46.586666,37.301667],[47.787776,37.403888],[47.797222,37.155001],[48.785413,36.50025]]}},{"type":"Feature","properties":{"id":"rail-ne-7561-0","name":"Railroad","usage":"main","gauge":null,"electrified":null},"geometry":{"type":"LineString","coordinates":[[16.811389,40.366391],[16.454166,39.740833],[17.12889,39.393612],[17.113889,39.079443],[16.586666,38.811388],[16.545554,38.603055]]}},{"type":"Feature","properties":{"id":"rail-ne-7556-0","name":"Railroad","usage":"main","gauge":null,"electrified":null},"geometry":{"type":"LineString","coordinates":[[16.186389,38.728056],[16.2775,38.903889],[15.743334,39.971388],[15.176667,40.139167],[15.003889,40.343056],[14.998055,40.601944]]}},{"type":"Feature","properties":{"id":"rail-ne-7111-0","name":"Railroad","usage":"main","gauge":1520,"electrified":null},"geometry":{"type":"LineString","coordinates":[[39.260834,44.243056],[39.108889,44.052499],[39.938332,43.425278],[41.065058,42.977411]]}},{"type":"Feature","properties":{"id":"rail-ne-7554-0","name":"Railroad","usage":"main","gauge":1435,"electrified":null},"geometry":{"type":"LineString","coordinates":[[33.405,39.940556],[33.484724,39.829723],[33.971388,39.901667],[34.683887,39.558055],[34.998889,39.209167],[35.074722,38.9],[35.319723,38.76361]]}},{"type":"Feature","properties":{"id":"rail-ne-2110-0","name":"Railroad","usage":"main","gauge":null,"electrified":null},"geometry":{"type":"LineString","coordinates":[[29.269445,52.125556],[26.807223,52.242221]]}},{"type":"Feature","properties":{"id":"rail-ne-4258-0","name":"Railroad","usage":"main","gauge":1520,"electrified":null},"geometry":{"type":"LineString","coordinates":[[44.007779,49.309722],[43.539997,49.968054],[43.068054,50.161944],[42.338333,50.968332]]}},{"type":"Feature","properties":{"id":"rail-ne-7656-0","name":"Railroad","usage":"main","gauge":null,"electrified":null},"geometry":{"type":"LineString","coordinates":[[43.236839,36.0],[43.124444,36.340555],[41.245432,37.072601]]}},{"type":"Feature","properties":{"id":"rail-ne-2259-0","name":"Railroad","usage":"main","gauge":1520,"electrified":null},"geometry":{"type":"LineString","coordinates":[[45.023889,51.8775],[45.360556,52.298333],[46.101666,52.210278],[46.596943,52.376944],[46.965836,52.169999]]}},{"type":"Feature","properties":{"id":"rail-ne-7574-0","name":"Railroad","usage":"main","gauge":1435,"electrified":null},"geometry":{"type":"LineString","coordinates":[[30.468032,38.840043],[29.932222,38.861388],[29.696389,38.670833],[29.407777,38.666112],[29.169999,38.378056],[28.5,38.368688]]}},{"type":"Feature","properties":{"id":"rail-ne-3765-0","name":"Railroad","usage":"main","gauge":1520,"electrified":null},"geometry":{"type":"LineString","coordinates":[[48.835892,49.998501],[48.144445,50.428611],[47.410835,50.6325],[46.964999,50.969166]]}},{"type":"Feature","properties":{"id":"rail-ne-1465-0","name":"Railroad","usage":"main","gauge":1520,"electrified":null},"geometry":{"type":"LineString","coordinates":[[46.373055,53.855001],[46.823056,53.673612],[47.909166,53.533888],[48.314525,53.169049]]}},{"type":"Feature","properties":{"id":"rail-ne-263-0","name":"Railroad","usage":"main","gauge":1520,"electrified":null},"geometry":{"type":"LineString","coordinates":[[44.295833,55.525],[46.398054,55.489167]]}},{"type":"Feature","properties":{"id":"rail-ne-2457-0","name":"Railroad","usage":"main","gauge":1520,"electrified":null},"geometry":{"type":"LineString","coordinates":[[41.451945,52.683891],[41.516389,52.450554],[41.930833,52.258056],[42.31389,51.881389],[43.113333,51.573611]]}},{"type":"Feature","properties":{"id":"rail-ne-4948-0","name":"Railroad","usage":"main","gauge":1520,"electrified":null},"geometry":{"type":"LineString","coordinates":[[43.815277,48.668056],[43.413056,48.440278],[42.724443,48.62111],[41.85421,48.350579]]}},{"type":"Feature","properties":{"id":"rail-ne-5505-0","name":"Railroad","usage":"main","gauge":1520,"electrified":null},"geometry":{"type":"LineString","coordinates":[[29.502499,47.848611],[30.490554,47.843889],[30.829722,47.917778],[30.893611,48.115834],[31.392224,48.20139]]}},{"type":"Feature","properties":{"id":"rail-ne-2571-0","name":"Railroad","usage":"main","gauge":1520,"electrified":null},"geometry":{"type":"LineString","coordinates":[[30.992221,51.500278],[28.963611,51.335]]}},{"type":"Feature","properties":{"id":"rail-ne-1370-0","name":"Railroad","usage":"main","gauge":1520,"electrified":null},"geometry":{"type":"LineString","coordinates":[[42.379169,53.320555],[41.386388,53.514446],[40.980278,53.730557],[40.428332,53.759445]]}},{"type":"Feature","properties":{"id":"rail-ne-6425-0","name":"Railroad","usage":"main","gauge":1520,"electrified":null},"geometry":{"type":"LineString","coordinates":[[32.691667,46.716667],[33.688333,46.146666],[33.810554,45.940554],[34.403891,45.730555]]}},{"type":"Feature","properties":{"id":"rail-ne-6132-0","name":"Railroad","usage":"main","gauge":1520,"electrified":null},"geometry":{"type":"LineString","coordinates":[[41.532778,46.477777],[40.666845,46.579649],[40.5925,46.748057],[39.744723,47.119444]]}},{"type":"Feature","properties":{"id":"rail-ne-6525-0","name":"Railroad","usage":"main","gauge":1520,"electrified":null},"geometry":{"type":"LineString","coordinates":[[42.823334,45.378612],[42.935555,45.765834],[43.598333,45.955554],[43.939443,46.317222],[44.282685,46.323515]]}},{"type":"Feature","properties":{"id":"rail-ne-7555-0","name":"Railroad","usage":"main","gauge":1435,"electrified":null},"geometry":{"type":"LineString","coordinates":[[35.319723,38.76361],[35.879721,38.949999],[36.000832,39.220279],[36.6375,39.462499],[36.590831,39.621946],[36.753886,39.691112]]}},{"type":"Feature","properties":{"id":"rail-ne-7624-0","name":"Railroad","usage":"main","gauge":null,"electrified":null},"geometry":{"type":"LineString","coordinates":[[46.586666,37.301667],[45.841665,37.527779],[45.948887,37.93611],[46.233609,38.072221],[45.987223,38.28861]]}},{"type":"Feature","properties":{"id":"rail-ne-4342-0","name":"Railroad","usage":"main","gauge":1520,"electrified":null},"geometry":{"type":"LineString","coordinates":[[46.964999,50.969166],[46.838908,49.139561]]}},{"type":"Feature","properties":{"id":"rail-ne-2932-0","name":"Railroad","usage":"main","gauge":1520,"electrified":null},"geometry":{"type":"LineString","coordinates":[[44.680556,50.7925],[43.789722,50.954999],[43.701665,51.159444],[43.118055,51.517221]]}},{"type":"Feature","properties":{"id":"rail-ne-371-0","name":"Railroad","usage":"main","gauge":null,"electrified":null},"geometry":{"type":"LineString","coordinates":[[25.993613,55.156111],[25.561111,55.506111],[24.343611,55.743888]]}},{"type":"Feature","properties":{"id":"rail-ne-6071-0","name":"Railroad","usage":"main","gauge":1520,"electrified":null},"geometry":{"type":"LineString","coordinates":[[48.215908,46.708142],[48.910555,46.6525],[50.0,46.78627]]}},{"type":"Feature","properties":{"id":"rail-ne-6961-0","name":"Railroad","usage":"main","gauge":null,"electrified":null},"geometry":{"type":"LineString","coordinates":[[16.148889,44.051944],[16.062777,44.256388],[15.390556,44.541667],[15.355834,44.773889],[15.491667,44.865555],[15.289999,45.238333]]}},{"type":"Feature","properties":{"id":"rail-ne-6753-0","name":"Railroad","usage":"main","gauge":null,"electrified":null},"geometry":{"type":"LineString","coordinates":[[18.070555,44.772778],[17.292222,44.73111],[17.120832,44.89889],[16.388889,45.05389]]}},{"type":"Feature","properties":{"id":"rail-ne-2669-0","name":"Railroad","usage":"main","gauge":1520,"electrified":null},"geometry":{"type":"LineString","coordinates":[[40.841009,52.078823],[41.478332,51.855001],[41.62611,51.614722],[42.207223,51.347501],[42.241388,51.203335]]}},{"type":"Feature","properties":{"id":"rail-ne-846-0","name":"Railroad","usage":"main","gauge":null,"electrified":null},"geometry":{"type":"LineString","coordinates":[[28.326111,54.088055],[28.57389,54.248889],[29.999999,54.466777]]}},{"type":"Feature","properties":{"id":"rail-ne-6045-0","name":"Railroad","usage":"main","gauge":1520,"electrified":null},"geometry":{"type":"LineString","coordinates":[[32.786389,47.075001],[33.3825,46.746389],[34.403611,46.951389]]}},{"type":"Feature","properties":{"id":"rail-ne-2752-0","name":"Railroad","usage":"main","gauge":1520,"electrified":null},"geometry":{"type":"LineString","coordinates":[[50.0,51.190355],[48.309722,51.338611]]}},{"type":"Feature","properties":{"id":"rail-ne-377-0","name":"Railroad","usage":"main","gauge":null,"electrified":null},"geometry":{"type":"LineString","coordinates":[[23.421945,55.818056],[23.050556,55.490555],[21.912499,55.136389]]}},{"type":"Feature","properties":{"id":"rail-ne-6010-0","name":"Railroad","usage":"main","gauge":null,"electrified":null},"geometry":{"type":"LineString","coordinates":[[29.483889,46.829723],[27.883055,47.323332]]}},{"type":"Feature","properties":{"id":"rail-ne-7548-0","name":"Railroad","usage":"main","gauge":null,"electrified":null},"geometry":{"type":"LineString","coordinates":[[45.642499,38.964166],[45.174722,39.25611],[44.805278,39.761944],[44.4125,40.059165]]}},{"type":"Feature","properties":{"id":"rail-ne-963-0","name":"Railroad","usage":"main","gauge":1520,"electrified":null},"geometry":{"type":"LineString","coordinates":[[46.709999,53.952222],[48.332778,54.258889]]}},{"type":"Feature","properties":{"id":"rail-ne-7529-0","name":"Railroad","usage":"main","gauge":1435,"electrified":null},"geometry":{"type":"LineString","coordinates":[[29.466783,39.538583],[29.302222,39.467222],[28.740834,39.650832],[28.454166,39.537778],[27.897777,39.651388]]}},{"type":"Feature","properties":{"id":"rail-ne-4484-0","name":"Railroad","usage":"main","gauge":1520,"electrified":null},"geometry":{"type":"LineString","coordinates":[[39.590278,50.193611],[39.721667,49.841666],[40.465729,49.028359],[40.370832,48.92361]]}},{"type":"Feature","properties":{"id":"rail-ne-6968-0","name":"Railroad","usage":"main","gauge":null,"electrified":null},"geometry":{"type":"LineString","coordinates":[[21.003056,44.586667],[21.336389,44.691666],[21.819724,44.488889],[22.059443,44.116668],[22.318333,43.976389]]}},{"type":"Feature","properties":{"id":"rail-ne-7364-0","name":"Railroad","usage":"main","gauge":1435,"electrified":null},"geometry":{"type":"LineString","coordinates":[[28.544536,41.122478],[28.076666,41.299999],[27.558056,41.147777],[27.393334,41.333334],[27.076652,41.353327]]}},{"type":"Feature","properties":{"id":"rail-ne-1521-0","name":"Railroad","usage":"main","gauge":1520,"electrified":null},"geometry":{"type":"LineString","coordinates":[[43.488056,53.323056],[44.183612,53.124722],[44.497223,53.291112],[45.005,53.222223]]}},{"type":"Feature","properties":{"id":"rail-ne-3523-0","name":"Railroad","usage":"main","gauge":1520,"electrified":null},"geometry":{"type":"LineString","coordinates":[[38.098055,50.187778],[38.562501,50.624166],[39.431945,50.949445]]}},{"type":"Feature","properties":{"id":"rail-ne-2776-0","name":"Railroad","usage":"main","gauge":1520,"electrified":null},"geometry":{"type":"LineString","coordinates":[[42.241388,51.203335],[41.708333,51.058889],[40.978333,51.186112],[40.727488,51.120118]]}},{"type":"Feature","properties":{"id":"rail-ne-7589-0","name":"Railroad","usage":"main","gauge":null,"electrified":null},"geometry":{"type":"LineString","coordinates":[[14.0,38.025555],[15.541666,38.171945]]}},{"type":"Feature","properties":{"id":"rail-ne-7117-0","name":"Railroad","usage":"main","gauge":null,"electrified":null},"geometry":{"type":"LineString","coordinates":[[20.040277,43.822221],[19.751389,43.844445],[19.489767,43.668447],[19.786855,43.149159],[19.564138,42.892259]]}},{"type":"Feature","properties":{"id":"rail-ne-7642-0","name":"Railroad","usage":"main","gauge":null,"electrified":null},"geometry":{"type":"LineString","coordinates":[[15.085278,36.879167],[14.716112,36.735556],[14.752777,36.935834],[14.543334,36.874998],[14.590278,36.948611],[14.169444,37.141944],[14.0,37.123377]]}},{"type":"Feature","properties":{"id":"rail-ne-3568-0","name":"Railroad","usage":"main","gauge":1520,"electrified":null},"geometry":{"type":"LineString","coordinates":[[45.813335,51.453055],[45.514483,51.199216],[45.399243,50.33541],[45.216702,50.137801]]}},{"type":"Feature","properties":{"id":"rail-ne-535-0","name":"Railroad","usage":"main","gauge":1520,"electrified":null},"geometry":{"type":"LineString","coordinates":[[20.542501,54.755557],[21.526668,54.841667],[21.650278,54.88861],[21.642222,55.075],[21.86389,55.064999]]}},{"type":"Feature","properties":{"id":"rail-ne-6784-0","name":"Railroad","usage":"main","gauge":1435,"electrified":null},"geometry":{"type":"LineString","coordinates":[[23.223891,44.618889],[22.424999,44.723055],[22.209167,45.409444]]}},{"type":"Feature","properties":{"id":"rail-ne-1560-0","name":"Railroad","usage":"main","gauge":null,"electrified":null},"geometry":{"type":"LineString","coordinates":[[24.417222,53.144445],[25.94139,53.115278]]}},{"type":"Feature","properties":{"id":"rail-ne-528-0","name":"Railroad","usage":"main","gauge":1520,"electrified":null},"geometry":{"type":"LineString","coordinates":[[35.910277,54.768611],[34.953056,55.130832],[34.456669,55.1725]]}},{"type":"Feature","properties":{"id":"rail-ne-5854-0","name":"Railroad","usage":"main","gauge":1435,"electrified":null},"geometry":{"type":"LineString","coordinates":[[27.372221,47.1975],[27.2925,47.489722],[26.95139,47.851389],[26.405556,47.954444],[26.478054,47.817777]]}},{"type":"Feature","properties":{"id":"rail-ne-4257-0","name":"Railroad","usage":"main","gauge":1520,"electrified":null},"geometry":{"type":"LineString","coordinates":[[45.216702,50.137801],[44.424556,49.742199],[44.300557,49.498055],[44.007779,49.309722]]}},{"type":"Feature","properties":{"id":"rail-ne-1118-0","name":"Railroad","usage":"main","gauge":null,"electrified":null},"geometry":{"type":"LineString","coordinates":[[30.393334,54.494167],[31.029166,54.245833],[31.687222,53.762223]]}},{"type":"Feature","properties":{"id":"rail-ne-5593-0","name":"Railroad","usage":"main","gauge":1520,"electrified":null},"geometry":{"type":"LineString","coordinates":[[33.686944,47.680277],[35.004998,48.383056]]}},{"type":"Feature","properties":{"id":"rail-ne-6510-0","name":"Railroad","usage":"main","gauge":1435,"electrified":null},"geometry":{"type":"LineString","coordinates":[[28.04361,45.466389],[28.400278,45.429444],[28.451111,45.6575],[28.946389,46.201667],[28.893334,46.352501]]}},{"type":"Feature","properties":{"id":"rail-ne-7619-0","name":"Railroad","usage":"main","gauge":1435,"electrified":null},"geometry":{"type":"LineString","coordinates":[[37.211942,37.438057],[37.668887,37.803333],[37.676946,38.003887],[38.284731,38.353008]]}},{"type":"Feature","properties":{"id":"rail-ne-3580-0","name":"Railroad","usage":"main","gauge":1520,"electrified":null},"geometry":{"type":"LineString","coordinates":[[30.942222,50.370833],[32.408889,50.129999]]}},{"type":"Feature","properties":{"id":"rail-ne-7560-0","name":"Railroad","usage":"main","gauge":1435,"electrified":null},"geometry":{"type":"LineString","coordinates":[[27.457222,38.620833],[27.843332,38.937222],[27.575556,39.2375],[27.662776,39.5425],[27.897777,39.651388]]}},{"type":"Feature","properties":{"id":"rail-ne-7106-0","name":"Railroad","usage":"main","gauge":null,"electrified":null},"geometry":{"type":"LineString","coordinates":[[17.434694,43.046714],[17.6825,43.0675],[17.824444,43.233056],[17.771112,43.66889],[18.311113,43.846945]]}},{"type":"Feature","properties":{"id":"rail-ne-6571-0","name":"Railroad","usage":"main","gauge":null,"electrified":null},"geometry":{"type":"LineString","coordinates":[[14.190277,45.673888],[14.302223,45.362777],[14.705557,45.267222],[14.956944,45.468333],[15.289999,45.238333]]}},{"type":"Feature","properties":{"id":"rail-ne-7062-0","name":"Railroad","usage":"main","gauge":1435,"electrified":null},"geometry":{"type":"LineString","coordinates":[[28.210556,44.267223],[28.31139,44.183334],[28.228889,43.817778],[27.600556,43.447779],[27.601668,43.218612]]}},{"type":"Feature","properties":{"id":"rail-ne-7427-0","name":"Railroad","usage":"main","gauge":null,"electrified":null},"geometry":{"type":"LineString","coordinates":[[46.404911,41.682915],[47.062697,41.213102],[47.261783,40.865807],[47.220071,40.623764]]}},{"type":"Feature","properties":{"id":"rail-ne-6963-0","name":"Railroad","usage":"main","gauge":null,"electrified":null},"geometry":{"type":"LineString","coordinates":[[16.201389,44.043335],[16.208612,44.361944],[15.883889,44.854168],[16.388889,45.05389]]}},{"type":"Feature","properties":{"id":"rail-ne-4851-0","name":"Railroad","usage":"main","gauge":1520,"electrified":null},"geometry":{"type":"LineString","coordinates":[[23.837499,49.25389],[23.464721,48.994167],[23.457499,48.844166],[22.718333,48.436111]]}},{"type":"Feature","properties":{"id":"rail-ne-6643-0","name":"Railroad","usage":"main","gauge":1520,"electrified":null},"geometry":{"type":"LineString","coordinates":[[39.075277,45.030833],[40.459166,45.446111]]}},{"type":"Feature","properties":{"id":"rail-ne-7576-0","name":"Railroad","usage":"main","gauge":null,"electrified":null},"geometry":{"type":"LineString","coordinates":[[22.38,38.887778],[22.466112,38.687779],[22.992139,38.404254],[23.610555,38.322777]]}},{"type":"Feature","properties":{"id":"rail-ne-6733-0","name":"Railroad","usage":"main","gauge":1520,"electrified":null},"geometry":{"type":"LineString","coordinates":[[42.823334,45.378612],[44.127289,44.773384]]}},{"type":"Feature","properties":{"id":"rail-ne-2202-0","name":"Railroad","usage":"main","gauge":1520,"electrified":null},"geometry":{"type":"LineString","coordinates":[[33.236667,51.989446],[32.865409,52.188857],[32.277778,52.272223],[31.943332,52.512778]]}},{"type":"Feature","properties":{"id":"rail-ne-2719-0","name":"Railroad","usage":"main","gauge":1520,"electrified":null},"geometry":{"type":"LineString","coordinates":[[26.600556,51.345556],[28.007779,51.123055]]}},{"type":"Feature","properties":{"id":"rail-ne-7403-0","name":"Railroad","usage":"main","gauge":null,"electrified":null},"geometry":{"type":"LineString","coordinates":[[21.7775,41.713889],[22.426666,41.354167],[22.696389,40.7275]]}},{"type":"Feature","properties":{"id":"rail-ne-2318-0","name":"Railroad","usage":"main","gauge":1520,"electrified":null},"geometry":{"type":"LineString","coordinates":[[36.224446,51.760555],[36.393333,52.0525],[36.253611,52.182222],[36.383888,52.639444],[36.102787,52.93515]]}},{"type":"Feature","properties":{"id":"rail-ne-7413-0","name":"Railroad","usage":"main","gauge":1435,"electrified":null},"geometry":{"type":"LineString","coordinates":[[29.0225,41.003056],[29.426944,40.779722],[30.365001,40.718611]]}},{"type":"Feature","properties":{"id":"rail-ne-7592-0","name":"Railroad","usage":"main","gauge":null,"electrified":null},"geometry":{"type":"LineString","coordinates":[[16.545554,38.603055],[16.550832,38.428889],[16.288333,38.286945],[16.066667,37.945556],[15.742778,37.931944],[15.640001,38.095555]]}},{"type":"Feature","properties":{"id":"rail-ne-1594-0","name":"Railroad","usage":"main","gauge":null,"electrified":null},"geometry":{"type":"LineString","coordinates":[[26.107222,53.073611],[27.5025,53.007778]]}},{"type":"Feature","properties":{"id":"rail-ne-7545-0","name":"Railroad","usage":"main","gauge":null,"electrified":null},"geometry":{"type":"LineString","coordinates":[[46.705,39.053333],[47.901113,39.772263]]}},{"type":"Feature","properties":{"id":"rail-ne-4071-0","name":"Railroad","usage":"main","gauge":1520,"electrified":null},"geometry":{"type":"LineString","coordinates":[[27.030832,50.119445],[26.236389,49.982222],[25.742778,49.673334]]}},{"type":"Feature","properties":{"id":"rail-ne-725-0","name":"Railroad","usage":"main","gauge":null,"electrified":null},"geometry":{"type":"LineString","coordinates":[[25.495001,54.678889],[26.831944,54.308612]]}},{"type":"Feature","properties":{"id":"rail-ne-7652-0","name":"Railroad","usage":"main","gauge":null,"electrified":null},"geometry":{"type":"LineString","coordinates":[[48.785413,36.50025],[49.511189,36.044254],[50.0,36.246111]]}},{"type":"Feature","properties":{"id":"rail-ne-7026-0","name":"Railroad","usage":"main","gauge":1520,"electrified":null},"geometry":{"type":"LineString","coordinates":[[44.628523,43.746847],[45.976666,43.46]]}},{"type":"Feature","properties":{"id":"rail-ne-7393-0","name":"Railroad","usage":"main","gauge":null,"electrified":null},"geometry":{"type":"LineString","coordinates":[[15.579444,41.0775],[16.431666,40.820278],[16.910834,40.818333]]}},{"type":"Feature","properties":{"id":"rail-ne-37-0","name":"Railroad","usage":"main","gauge":null,"electrified":null},"geometry":{"type":"LineString","coordinates":[[22.587499,55.988054],[21.231668,55.892223]]}},{"type":"Feature","properties":{"id":"rail-ne-7630-0","name":"Railroad","usage":"main","gauge":1435,"electrified":null},"geometry":{"type":"LineString","coordinates":[[34.44139,37.572222],[34.310556,37.633055],[33.184721,37.211944]]}},{"type":"Feature","properties":{"id":"rail-ne-6331-0","name":"Railroad","usage":"main","gauge":1520,"electrified":null},"geometry":{"type":"LineString","coordinates":[[29.393889,45.980834],[30.339167,46.188611],[30.445277,46.065556],[30.548332,46.2525]]}},{"type":"Feature","properties":{"id":"rail-ne-5961-0","name":"Railroad","usage":"main","gauge":1520,"electrified":null},"geometry":{"type":"LineString","coordinates":[[32.773612,48.093611],[32.464999,47.300278],[32.114999,46.964444]]}},{"type":"Feature","properties":{"id":"rail-ne-2656-0","name":"Railroad","usage":"main","gauge":1520,"electrified":null},"geometry":{"type":"LineString","coordinates":[[48.309722,51.338611],[46.987811,51.224901]]}},{"type":"Feature","properties":{"id":"rail-ne-7255-0","name":"Railroad","usage":"main","gauge":null,"electrified":null},"geometry":{"type":"LineString","coordinates":[[21.842019,43.19126],[22.141802,42.835793],[21.718335,42.402223],[21.678812,42.153081]]}},{"type":"Feature","properties":{"id":"rail-ne-2080-0","name":"Railroad","usage":"main","gauge":1520,"electrified":null},"geometry":{"type":"LineString","coordinates":[[46.965836,52.169999],[48.169721,52.706668]]}},{"type":"Feature","properties":{"id":"rail-ne-7655-0","name":"Railroad","usage":"main","gauge":null,"electrified":null},"geometry":{"type":"LineString","coordinates":[[41.245432,37.072601],[40.802172,36.632838],[40.53786360352959,36.0]]}},{"type":"Feature","properties":{"id":"rail-ne-7162-0","name":"Railroad","usage":"main","gauge":null,"electrified":null},"geometry":{"type":"LineString","coordinates":[[20.693612,43.730834],[20.552223,43.631111],[20.632226,43.304602],[21.080001,42.647778]]}},{"type":"Feature","properties":{"id":"rail-ne-7363-0","name":"Railroad","usage":"main","gauge":null,"electrified":null},"geometry":{"type":"LineString","coordinates":[[16.862778,41.118055],[15.601112,41.443332]]}},{"type":"Feature","properties":{"id":"rail-ne-2718-0","name":"Railroad","usage":"main","gauge":1520,"electrified":null},"geometry":{"type":"LineString","coordinates":[[23.351389,51.126111],[24.650555,51.222223]]}},{"type":"Feature","properties":{"id":"rail-ne-7640-0","name":"Railroad","usage":"main","gauge":1435,"electrified":null},"geometry":{"type":"LineString","coordinates":[[37.998335,36.835834],[37.954443,37.020556],[37.364442,37.080278],[37.213511,37.221626],[37.308056,37.368333],[37.211942,37.438057]]}},{"type":"Feature","properties":{"id":"rail-ne-4194-0","name":"Railroad","usage":"main","gauge":1520,"electrified":null},"geometry":{"type":"LineString","coordinates":[[48.843762,50.002431],[50.0,49.449092]]}},{"type":"Feature","properties":{"id":"rail-ne-1507-0","name":"Railroad","usage":"main","gauge":null,"electrified":null},"geometry":{"type":"LineString","coordinates":[[26.019723,53.136666],[27.175831,53.685555]]}},{"type":"Feature","properties":{"id":"rail-ne-7543-0","name":"Railroad","usage":"main","gauge":1435,"electrified":null},"geometry":{"type":"LineString","coordinates":[[37.636946,39.253612],[37.407778,39.311667],[37.362224,39.446389],[37.028039,39.440992],[37.007778,39.746944],[36.753886,39.691112]]}},{"type":"Feature","properties":{"id":"rail-ne-6269-0","name":"Railroad","usage":"main","gauge":1435,"electrified":null},"geometry":{"type":"LineString","coordinates":[[25.1325,46.544445],[23.909722,46.169445]]}},{"type":"Feature","properties":{"id":"rail-ne-4532-0","name":"Railroad","usage":"main","gauge":1520,"electrified":null},"geometry":{"type":"LineString","coordinates":[[22.444721,48.850277],[22.904444,48.995833],[23.064723,49.188333],[22.947501,49.286111],[22.990834,49.434722],[23.194722,49.521944]]}},{"type":"Feature","properties":{"id":"rail-ne-1125-0","name":"Railroad","usage":"main","gauge":null,"electrified":null},"geometry":{"type":"LineString","coordinates":[[31.687222,53.762223],[30.431111,53.870556]]}},{"type":"Feature","properties":{"id":"rail-ne-2640-0","name":"Railroad","usage":"main","gauge":1520,"electrified":null},"geometry":{"type":"LineString","coordinates":[[23.745834,52.059443],[24.68389,51.229722]]}},{"type":"Feature","properties":{"id":"rail-ne-639-0","name":"Railroad","usage":"main","gauge":null,"electrified":null},"geometry":{"type":"LineString","coordinates":[[30.350277,54.523055],[29.14,54.836666]]}},{"type":"Feature","properties":{"id":"rail-ne-2447-0","name":"Railroad","usage":"main","gauge":1520,"electrified":null},"geometry":{"type":"LineString","coordinates":[[45.958334,51.587779],[46.198611,51.741944],[46.247778,51.949166],[46.965836,52.169999]]}},{"type":"Feature","properties":{"id":"rail-ne-7101-0","name":"Railroad","usage":"main","gauge":1520,"electrified":null},"geometry":{"type":"LineString","coordinates":[[46.099446,43.353055],[47.306771,43.059328]]}},{"type":"Feature","properties":{"id":"rail-ne-261-0","name":"Railroad","usage":"main","gauge":1520,"electrified":null},"geometry":{"type":"LineString","coordinates":[[35.359997,55.530551],[36.598849,55.582183]]}},{"type":"Feature","properties":{"id":"rail-ne-585-0","name":"Railroad","usage":"main","gauge":1520,"electrified":null},"geometry":{"type":"LineString","coordinates":[[30.575556,54.631666],[31.799165,54.802223]]}},{"type":"Feature","properties":{"id":"rail-ne-3524-0","name":"Railroad","usage":"main","gauge":1520,"electrified":null},"geometry":{"type":"LineString","coordinates":[[37.834444,51.305834],[37.843056,50.417777],[38.098055,50.187778]]}},{"type":"Feature","properties":{"id":"rail-ne-2645-0","name":"Railroad","usage":"main","gauge":1520,"electrified":null},"geometry":{"type":"LineString","coordinates":[[26.018333,51.3],[24.790002,51.227222]]}},{"type":"Feature","properties":{"id":"rail-ne-265-0","name":"Railroad","usage":"main","gauge":null,"electrified":null},"geometry":{"type":"LineString","coordinates":[[27.640281,55.841667],[28.818057,55.488889]]}},{"type":"Feature","properties":{"id":"rail-ne-7386-0","name":"Railroad","usage":"main","gauge":1520,"electrified":null},"geometry":{"type":"LineString","coordinates":[[48.546014,41.783707],[49.343611,40.852777]]}},{"type":"Feature","properties":{"id":"rail-ne-523-0","name":"Railroad","usage":"main","gauge":1520,"electrified":null},"geometry":{"type":"LineString","coordinates":[[48.244998,54.786389],[48.246114,55.089168],[48.486388,55.340278],[48.323057,55.62139],[48.505556,55.789168]]}},{"type":"Feature","properties":{"id":"rail-ne-1414-0","name":"Railroad","usage":"main","gauge":1520,"electrified":null},"geometry":{"type":"LineString","coordinates":[[39.168889,53.275555],[37.981112,53.563055]]}},{"type":"Feature","properties":{"id":"rail-ne-6976-0","name":"Railroad","usage":"main","gauge":null,"electrified":null},"geometry":{"type":"LineString","coordinates":[[18.33389,43.907223],[17.918889,44.133888],[17.928056,44.344444],[18.156667,44.463333],[18.107793,44.738976]]}},{"type":"Feature","properties":{"id":"rail-ne-1632-0","name":"Railroad","usage":"main","gauge":null,"electrified":null},"geometry":{"type":"LineString","coordinates":[[27.5025,53.007778],[28.106112,52.966111],[28.622501,53.302222]]}},{"type":"Feature","properties":{"id":"rail-ne-1369-0","name":"Railroad","usage":"main","gauge":1520,"electrified":null},"geometry":{"type":"LineString","coordinates":[[42.379169,53.320555],[42.600277,53.508334],[42.310528,53.763511],[42.445944,53.928232],[42.334035,54.239562]]}},{"type":"Feature","properties":{"id":"rail-ne-1909-0","name":"Railroad","usage":"main","gauge":1520,"electrified":null},"geometry":{"type":"LineString","coordinates":[[43.539535,52.415046],[42.756111,52.66],[42.357554,52.645521]]}},{"type":"Feature","properties":{"id":"rail-ne-7118-0","name":"Railroad","usage":"main","gauge":null,"electrified":null},"geometry":{"type":"LineString","coordinates":[[22.983611,42.886944],[22.556111,43.211667],[21.881786,43.318373]]}},{"type":"Feature","properties":{"id":"rail-ne-7088-0","name":"Railroad","usage":"main","gauge":null,"electrified":null},"geometry":{"type":"LineString","coordinates":[[26.888888,43.203888],[26.25722,43.350278],[25.726822,43.141179]]}},{"type":"Feature","properties":{"id":"rail-ne-3298-0","name":"Railroad","usage":"main","gauge":1520,"electrified":null},"geometry":{"type":"LineString","coordinates":[[32.829445,51.020834],[33.023334,50.848612],[33.450278,50.751388],[33.498056,50.669999],[33.317778,50.505834],[33.441389,50.373332]]}},{"type":"Feature","properties":{"id":"rail-ne-6669-0","name":"Railroad","usage":"main","gauge":1520,"electrified":null},"geometry":{"type":"LineString","coordinates":[[38.953889,45.613889],[38.197501,45.335555],[38.019166,44.968055]]}},{"type":"Feature","properties":{"id":"rail-ne-2260-0","name":"Railroad","usage":"main","gauge":1520,"electrified":null},"geometry":{"type":"LineString","coordinates":[[45.023889,51.8775],[43.861389,52.227778]]}},{"type":"Feature","properties":{"id":"rail-ne-4186-0","name":"Railroad","usage":"main","gauge":1520,"electrified":null},"geometry":{"type":"LineString","coordinates":[[25.757222,49.522779],[25.866387,49.600278],[26.932222,49.426944]]}},{"type":"Feature","properties":{"id":"rail-ne-6204-0","name":"Railroad","usage":"main","gauge":1520,"electrified":null},"geometry":{"type":"LineString","coordinates":[[28.968332,46.321667],[28.880555,46.714999],[29.329722,46.610277],[29.519444,46.692224],[29.483889,46.829723]]}},{"type":"Feature","properties":{"id":"rail-ne-724-0","name":"Railroad","usage":"main","gauge":null,"electrified":null},"geometry":{"type":"LineString","coordinates":[[27.763891,55.0175],[26.89361,54.494167],[26.831944,54.308612]]}},{"type":"Feature","properties":{"id":"rail-ne-7167-0","name":"Railroad","usage":"main","gauge":null,"electrified":null},"geometry":{"type":"LineString","coordinates":[[23.583888,42.715001],[24.791111,42.638056]]}},{"type":"Feature","properties":{"id":"rail-ne-6146-0","name":"Railroad","usage":"main","gauge":1435,"electrified":null},"geometry":{"type":"LineString","coordinates":[[25.770278,46.428888],[25.797501,46.572222],[25.4,46.903055],[24.860277,46.938056]]}},{"type":"Feature","properties":{"id":"rail-ne-933-0","name":"Railroad","usage":"main","gauge":1520,"electrified":null},"geometry":{"type":"LineString","coordinates":[[44.084722,54.088333],[43.768888,54.005001],[42.899141,54.111985]]}},{"type":"Feature","properties":{"id":"rail-ne-488-0","name":"Railroad","usage":"main","gauge":1520,"electrified":null},"geometry":{"type":"LineString","coordinates":[[30.232497,55.150555],[31.394167,54.868056]]}},{"type":"Feature","properties":{"id":"rail-ne-1617-0","name":"Railroad","usage":"main","gauge":1520,"electrified":null},"geometry":{"type":"LineString","coordinates":[[37.093332,53.605557],[36.080557,52.970833]]}},{"type":"Feature","properties":{"id":"rail-ne-766-0","name":"Railroad","usage":"main","gauge":1520,"electrified":null},"geometry":{"type":"LineString","coordinates":[[41.157713,54.324802],[41.926944,54.357222],[42.334035,54.239562]]}},{"type":"Feature","properties":{"id":"rail-ne-49-0","name":"Railroad","usage":"main","gauge":null,"electrified":null},"geometry":{"type":"LineString","coordinates":[[25.213611,55.86139],[26.396666,55.919999]]}},{"type":"Feature","properties":{"id":"rail-ne-1810-0","name":"Railroad","usage":"main","gauge":1520,"electrified":null},"geometry":{"type":"LineString","coordinates":[[37.299581,52.813706],[38.457804,52.58916]]}},{"type":"Feature","properties":{"id":"rail-ne-2204-0","name":"Railroad","usage":"main","gauge":1520,"electrified":null},"geometry":{"type":"LineString","coordinates":[[48.843875,52.087411],[49.401688,52.134214],[50.0,51.975385]]}},{"type":"Feature","properties":{"id":"rail-ne-672-0","name":"Railroad","usage":"main","gauge":1520,"electrified":null},"geometry":{"type":"LineString","coordinates":[[44.449166,54.988888],[45.324445,54.664166],[45.355028,54.427362]]}},{"type":"Feature","properties":{"id":"rail-ne-1691-0","name":"Railroad","usage":"main","gauge":1520,"electrified":null},"geometry":{"type":"LineString","coordinates":[[36.135766,52.950359],[37.299581,52.813706]]}},{"type":"Feature","properties":{"id":"rail-ne-252-0","name":"Railroad","usage":"main","gauge":null,"electrified":null},"geometry":{"type":"LineString","coordinates":[[27.459446,55.78],[26.817498,55.533334],[26.334999,55.528611]]}},{"type":"Feature","properties":{"id":"rail-ne-4402-0","name":"Railroad","usage":"main","gauge":1520,"electrified":null},"geometry":{"type":"LineString","coordinates":[[26.938056,49.419445],[28.042777,49.038891]]}},{"type":"Feature","properties":{"id":"rail-ne-6242-0","name":"Railroad","usage":"main","gauge":1520,"electrified":null},"geometry":{"type":"LineString","coordinates":[[35.327501,47.066112],[35.357222,46.8475],[34.641667,46.22639]]}},{"type":"Feature","properties":{"id":"rail-ne-5535-0","name":"Railroad","usage":"main","gauge":null,"electrified":null},"geometry":{"type":"LineString","coordinates":[[27.918055,47.782778],[28.452501,47.812779],[28.492778,47.912779],[28.993612,47.762501]]}},{"type":"Feature","properties":{"id":"rail-ne-264-2","name":"Railroad","usage":"main","gauge":1520,"electrified":null},"geometry":{"type":"LineString","coordinates":[[29.865582,56.0],[28.818057,55.488889]]}},{"type":"Feature","properties":{"id":"rail-ne-7594-0","name":"Railroad","usage":"main","gauge":1435,"electrified":null},"geometry":{"type":"LineString","coordinates":[[35.319723,38.76361],[35.050832,38.239721],[34.580276,37.908057]]}},{"type":"Feature","properties":{"id":"rail-ne-359-0","name":"Railroad","usage":"main","gauge":null,"electrified":null},"geometry":{"type":"LineString","coordinates":[[28.883611,55.476943],[30.009443,55.188056]]}},{"type":"Feature","properties":{"id":"rail-ne-7340-0","name":"Railroad","usage":"main","gauge":null,"electrified":null},"geometry":{"type":"LineString","coordinates":[[19.663334,41.395],[19.642347,41.923736],[19.255598,42.424807]]}},{"type":"Feature","properties":{"id":"rail-ne-4349-0","name":"Railroad","usage":"main","gauge":1520,"electrified":null},"geometry":{"type":"LineString","coordinates":[[33.573055,49.134722],[34.299168,49.26861],[34.601944,49.558889]]}},{"type":"Feature","properties":{"id":"rail-ne-7648-0","name":"Railroad","usage":"main","gauge":1435,"electrified":null},"geometry":{"type":"LineString","coordinates":[[37.219722,36.346387],[37.006388,36.586947],[36.877224,36.536945],[36.651112,36.682222],[36.651112,37.109722]]}},{"type":"Feature","properties":{"id":"rail-ne-7430-0","name":"Railroad","usage":"main","gauge":null,"electrified":null},"geometry":{"type":"LineString","coordinates":[[17.904442,40.620833],[16.862778,41.118055]]}},{"type":"Feature","properties":{"id":"rail-ne-7591-0","name":"Railroad","usage":"main","gauge":null,"electrified":null},"geometry":{"type":"LineString","coordinates":[[22.936388,37.933333],[21.857778,38.331667]]}},{"type":"Feature","properties":{"id":"rail-ne-2130-0","name":"Railroad","usage":"main","gauge":1520,"electrified":null},"geometry":{"type":"LineString","coordinates":[[48.843875,52.087411],[49.045835,52.195277],[49.058889,52.45861],[49.528771,52.917923]]}},{"type":"Feature","properties":{"id":"rail-ne-1639-0","name":"Railroad","usage":"main","gauge":1520,"electrified":null},"geometry":{"type":"LineString","coordinates":[[36.080557,52.970833],[34.941496,53.116719]]}},{"type":"Feature","properties":{"id":"rail-ne-7524-0","name":"Railroad","usage":"main","gauge":null,"electrified":null},"geometry":{"type":"LineString","coordinates":[[22.530277,40.636113],[22.623888,40.36639],[22.542498,40.133332],[22.660834,39.944444],[22.429167,39.629167]]}},{"type":"Feature","properties":{"id":"rail-ne-2790-0","name":"Railroad","usage":"main","gauge":1520,"electrified":null},"geometry":{"type":"LineString","coordinates":[[39.586667,51.024444],[40.727488,51.120118]]}},{"type":"Feature","properties":{"id":"rail-ne-2702-0","name":"Railroad","usage":"main","gauge":1520,"electrified":null},"geometry":{"type":"LineString","coordinates":[[24.657778,51.229722],[23.520241,51.147399]]}},{"type":"Feature","properties":{"id":"rail-ne-4577-0","name":"Railroad","usage":"main","gauge":null,"electrified":null},"geometry":{"type":"LineString","coordinates":[[19.672778,48.815278],[20.812777,48.803332]]}},{"type":"Feature","properties":{"id":"rail-ne-5782-0","name":"Railroad","usage":"main","gauge":1520,"electrified":null},"geometry":{"type":"LineString","coordinates":[[46.734999,48.1775],[46.88389,47.709445],[47.402502,47.319445]]}},{"type":"Feature","properties":{"id":"rail-ne-7573-0","name":"Railroad","usage":"main","gauge":1435,"electrified":null},"geometry":{"type":"LineString","coordinates":[[37.636946,39.253612],[38.268332,38.524166],[38.284731,38.353008]]}},{"type":"Feature","properties":{"id":"rail-ne-705-0","name":"Railroad","usage":"main","gauge":1520,"electrified":null},"geometry":{"type":"LineString","coordinates":[[33.213889,54.555834],[34.324167,54.348055]]}},{"type":"Feature","properties":{"id":"rail-ne-5135-0","name":"Railroad","usage":"main","gauge":null,"electrified":null},"geometry":{"type":"LineString","coordinates":[[15.589721,48.413889],[15.288334,48.2375],[14.510277,48.202501]]}},{"type":"Feature","properties":{"id":"rail-ne-1489-0","name":"Railroad","usage":"main","gauge":1520,"electrified":null},"geometry":{"type":"LineString","coordinates":[[48.278056,54.118611],[48.649023,53.309862],[48.478053,53.144445]]}},{"type":"Feature","properties":{"id":"rail-ne-2101-0","name":"Railroad","usage":"main","gauge":1435,"electrified":null},"geometry":{"type":"LineString","coordinates":[[23.341802,52.546345],[22.301944,52.136666]]}},{"type":"Feature","properties":{"id":"rail-ne-4438-0","name":"Railroad","usage":"main","gauge":1520,"electrified":null},"geometry":{"type":"LineString","coordinates":[[38.381389,48.993334],[38.22,49.075],[38.162776,49.418333],[37.887498,49.643888],[37.658802,49.661287]]}},{"type":"Feature","properties":{"id":"rail-ne-7638-0","name":"Railroad","usage":"main","gauge":1435,"electrified":null},"geometry":{"type":"LineString","coordinates":[[36.153335,37.060276],[35.046113,36.974446]]}},{"type":"Feature","properties":{"id":"rail-ne-2635-0","name":"Railroad","usage":"main","gauge":1435,"electrified":null},"geometry":{"type":"LineString","coordinates":[[22.411666,51.929721],[22.872501,51.726389],[22.59861,51.462501],[22.596944,51.236944]]}},{"type":"Feature","properties":{"id":"rail-ne-2241-0","name":"Railroad","usage":"main","gauge":1520,"electrified":null},"geometry":{"type":"LineString","coordinates":[[48.524349,51.936969],[47.994668,51.915046],[47.437136,52.065727]]}},{"type":"Feature","properties":{"id":"rail-ne-7551-0","name":"Railroad","usage":"main","gauge":null,"electrified":null},"geometry":{"type":"LineString","coordinates":[[45.642499,38.964166],[46.190001,38.864722],[46.705,39.053333]]}},{"type":"Feature","properties":{"id":"rail-ne-6916-0","name":"Railroad","usage":"main","gauge":1520,"electrified":null},"geometry":{"type":"LineString","coordinates":[[42.0075,44.628611],[43.042777,44.247778]]}},{"type":"Feature","properties":{"id":"rail-ne-7161-0","name":"Railroad","usage":"main","gauge":null,"electrified":null},"geometry":{"type":"LineString","coordinates":[[21.842019,43.19126],[21.370171,43.207473],[21.080001,42.647778]]}},{"type":"Feature","properties":{"id":"rail-ne-6847-0","name":"Railroad","usage":"main","gauge":1435,"electrified":null},"geometry":{"type":"LineString","coordinates":[[27.334167,44.435554],[26.234167,44.475]]}},{"type":"Feature","properties":{"id":"rail-ne-5915-0","name":"Railroad","usage":"main","gauge":1520,"electrified":null},"geometry":{"type":"LineString","coordinates":[[32.786389,47.075001],[33.717778,47.659444]]}},{"type":"Feature","properties":{"id":"rail-ne-6584-0","name":"Railroad","usage":"main","gauge":1520,"electrified":null},"geometry":{"type":"LineString","coordinates":[[39.221946,45.193055],[40.091945,45.864444]]}},{"type":"Feature","properties":{"id":"rail-ne-1796-0","name":"Railroad","usage":"main","gauge":1520,"electrified":null},"geometry":{"type":"LineString","coordinates":[[39.432776,53.221666],[38.525811,52.602087]]}},{"type":"Feature","properties":{"id":"rail-ne-346-0","name":"Railroad","usage":"main","gauge":1520,"electrified":null},"geometry":{"type":"LineString","coordinates":[[34.35361,55.226388],[34.798055,55.526389],[35.359997,55.530551]]}},{"type":"Feature","properties":{"id":"rail-ne-594-0","name":"Railroad","usage":"main","gauge":1520,"electrified":null},"geometry":{"type":"LineString","coordinates":[[36.862624,55.437597],[36.131945,54.620001]]}},{"type":"Feature","properties":{"id":"rail-ne-685-0","name":"Railroad","usage":"main","gauge":1520,"electrified":null},"geometry":{"type":"LineString","coordinates":[[46.335557,54.776666],[45.83036,54.421873],[45.355028,54.427362]]}},{"type":"Feature","properties":{"id":"rail-ne-4660-0","name":"Railroad","usage":"main","gauge":1520,"electrified":null},"geometry":{"type":"LineString","coordinates":[[39.478889,48.655555],[39.083056,48.820834],[38.806944,49.424167]]}},{"type":"Feature","properties":{"id":"rail-ne-975-0","name":"Railroad","usage":"main","gauge":1520,"electrified":null},"geometry":{"type":"LineString","coordinates":[[33.235452,53.947878],[34.309168,54.104445]]}},{"type":"Feature","properties":{"id":"rail-ne-1455-0","name":"Railroad","usage":"main","gauge":1520,"electrified":null},"geometry":{"type":"LineString","coordinates":[[40.293889,53.254722],[41.370833,53.218889]]}},{"type":"Feature","properties":{"id":"rail-ne-7447-0","name":"Railroad","usage":"main","gauge":null,"electrified":null},"geometry":{"type":"LineString","coordinates":[[21.686111,40.690556],[21.78889,40.818612],[22.032779,40.823055],[22.243333,40.528056],[22.530277,40.636113]]}},{"type":"Feature","properties":{"id":"rail-ne-4203-0","name":"Railroad","usage":"main","gauge":1520,"electrified":null},"geometry":{"type":"LineString","coordinates":[[24.049444,49.854445],[24.795278,49.611666],[24.990554,49.398612]]}},{"type":"Feature","properties":{"id":"rail-ne-7570-0","name":"Railroad","usage":"main","gauge":1435,"electrified":null},"geometry":{"type":"LineString","coordinates":[[28.5,38.368688],[27.457222,38.620833]]}},{"type":"Feature","properties":{"id":"rail-ne-7410-0","name":"Railroad","usage":"main","gauge":null,"electrified":null},"geometry":{"type":"LineString","coordinates":[[23.342501,41.278332],[22.838887,41.264166],[22.836943,40.695555]]}},{"type":"Feature","properties":{"id":"rail-ne-2383-0","name":"Railroad","usage":"main","gauge":1520,"electrified":null},"geometry":{"type":"LineString","coordinates":[[31.210277,52.301945],[32.075554,51.673056]]}},{"type":"Feature","properties":{"id":"rail-ne-5121-0","name":"Railroad","usage":"main","gauge":1435,"electrified":null},"geometry":{"type":"LineString","coordinates":[[26.849167,48.431112],[26.80639,48.254722],[25.921667,48.315555]]}},{"type":"Feature","properties":{"id":"rail-ne-604-0","name":"Railroad","usage":"main","gauge":1520,"electrified":null},"geometry":{"type":"LineString","coordinates":[[21.676389,54.620278],[20.609444,54.656388]]}},{"type":"Feature","properties":{"id":"rail-ne-1527-0","name":"Railroad","usage":"main","gauge":1520,"electrified":null},"geometry":{"type":"LineString","coordinates":[[47.249167,53.119444],[48.314525,53.169049]]}},{"type":"Feature","properties":{"id":"rail-ne-6809-0","name":"Railroad","usage":"main","gauge":null,"electrified":null},"geometry":{"type":"LineString","coordinates":[[18.831105,45.30339],[18.870209,44.926566],[18.485647,44.764863],[18.58761,44.517199]]}},{"type":"Feature","properties":{"id":"rail-ne-275-0","name":"Railroad","usage":"main","gauge":1520,"electrified":null},"geometry":{"type":"LineString","coordinates":[[46.398054,55.489167],[47.458612,55.502501]]}},{"type":"Feature","properties":{"id":"rail-ne-7618-0","name":"Railroad","usage":"main","gauge":null,"electrified":null},"geometry":{"type":"LineString","coordinates":[[14.0,37.535404],[14.374722,37.603056],[15.035832,37.4525]]}},{"type":"Feature","properties":{"id":"rail-ne-822-0","name":"Railroad","usage":"main","gauge":1520,"electrified":null},"geometry":{"type":"LineString","coordinates":[[35.362433,54.116529],[34.332237,54.34386]]}},{"type":"Feature","properties":{"id":"rail-ne-5705-0","name":"Railroad","usage":"main","gauge":1520,"electrified":null},"geometry":{"type":"LineString","coordinates":[[35.242499,47.798055],[36.247501,47.478055]]}},{"type":"Feature","properties":{"id":"rail-ne-3378-0","name":"Railroad","usage":"main","gauge":1520,"electrified":null},"geometry":{"type":"LineString","coordinates":[[28.589723,50.311111],[27.574167,50.569167]]}},{"type":"Feature","properties":{"id":"rail-ne-6376-0","name":"Railroad","usage":"main","gauge":1520,"electrified":null},"geometry":{"type":"LineString","coordinates":[[41.116389,46.183889],[40.130834,45.84]]}},{"type":"Feature","properties":{"id":"rail-ne-6875-0","name":"Railroad","usage":"main","gauge":null,"electrified":null},"geometry":{"type":"LineString","coordinates":[[19.810489,44.990855],[19.835584,44.869754],[19.338931,44.689287],[19.126348,44.364122]]}},{"type":"Feature","properties":{"id":"rail-ne-520-0","name":"Railroad","usage":"main","gauge":1520,"electrified":null},"geometry":{"type":"LineString","coordinates":[[32.315001,54.796944],[32.547778,55.032222],[33.250556,55.10361]]}},{"type":"Feature","properties":{"id":"rail-ne-4190-0","name":"Railroad","usage":"main","gauge":1520,"electrified":null},"geometry":{"type":"LineString","coordinates":[[38.806944,49.424167],[38.622779,49.784444],[38.081945,50.110555]]}},{"type":"Feature","properties":{"id":"rail-ne-1098-0","name":"Railroad","usage":"main","gauge":1435,"electrified":null},"geometry":{"type":"LineString","coordinates":[[22.33,53.835555],[21.296943,53.842222]]}},{"type":"Feature","properties":{"id":"rail-ne-7476-0","name":"Railroad","usage":"main","gauge":null,"electrified":null},"geometry":{"type":"LineString","coordinates":[[15.833334,40.637222],[16.369167,40.582777],[16.811389,40.366391]]}},{"type":"Feature","properties":{"id":"rail-ne-4130-0","name":"Railroad","usage":"main","gauge":1520,"electrified":null},"geometry":{"type":"LineString","coordinates":[[24.630278,49.916389],[25.591667,49.548611]]}},{"type":"Feature","properties":{"id":"rail-ne-5949-0","name":"Railroad","usage":"main","gauge":1520,"electrified":null},"geometry":{"type":"LineString","coordinates":[[31.989999,47.014167],[31.553333,47.281667],[31.038053,47.299721]]}},{"type":"Feature","properties":{"id":"rail-ne-5743-0","name":"Railroad","usage":"main","gauge":null,"electrified":null},"geometry":{"type":"LineString","coordinates":[[15.281668,47.413889],[16.228332,47.808056]]}},{"type":"Feature","properties":{"id":"rail-ne-3120-0","name":"Railroad","usage":"main","gauge":1520,"electrified":null},"geometry":{"type":"LineString","coordinates":[[28.533056,50.958611],[27.583332,50.586945]]}},{"type":"Feature","properties":{"id":"rail-ne-7564-0","name":"Railroad","usage":"main","gauge":1435,"electrified":null},"geometry":{"type":"LineString","coordinates":[[42.30002,38.498534],[43.317952,38.518196]]}},{"type":"Feature","properties":{"id":"rail-ne-431-0","name":"Railroad","usage":"main","gauge":null,"electrified":null},"geometry":{"type":"LineString","coordinates":[[28.685556,55.445555],[27.763891,55.0175]]}},{"type":"Feature","properties":{"id":"rail-ne-1745-0","name":"Railroad","usage":"main","gauge":1520,"electrified":null},"geometry":{"type":"LineString","coordinates":[[41.451945,52.683891],[40.465566,52.90129]]}},{"type":"Feature","properties":{"id":"rail-ne-5953-0","name":"Railroad","usage":"main","gauge":1520,"electrified":null},"geometry":{"type":"LineString","coordinates":[[29.502499,47.848611],[30.046666,47.003889]]}},{"type":"Feature","properties":{"id":"rail-ne-1461-0","name":"Railroad","usage":"main","gauge":null,"electrified":null},"geometry":{"type":"LineString","coordinates":[[25.293335,53.883889],[25.604446,53.332221],[25.941388,53.177778]]}},{"type":"Feature","properties":{"id":"rail-ne-6918-0","name":"Railroad","usage":"main","gauge":1520,"electrified":null},"geometry":{"type":"LineString","coordinates":[[38.895414,44.918546],[39.230117,44.794409],[39.078491,44.578336],[39.260834,44.243056]]}},{"type":"Feature","properties":{"id":"rail-ne-759-0","name":"Railroad","usage":"main","gauge":1520,"electrified":null},"geometry":{"type":"LineString","coordinates":[[48.585529,54.350474],[49.582475,54.247478]]}},{"type":"Feature","properties":{"id":"rail-ne-413-0","name":"Railroad","usage":"main","gauge":null,"electrified":null},"geometry":{"type":"LineString","coordinates":[[23.590554,55.778054],[24.288888,55.060834]]}},{"type":"Feature","properties":{"id":"rail-ne-276-0","name":"Railroad","usage":"main","gauge":1520,"electrified":null},"geometry":{"type":"LineString","coordinates":[[42.174166,55.536946],[43.171947,55.47]]}},{"type":"Feature","properties":{"id":"rail-ne-7261-0","name":"Railroad","usage":"main","gauge":1520,"electrified":null},"geometry":{"type":"LineString","coordinates":[[47.563889,42.892499],[48.208055,42.127779]]}},{"type":"Feature","properties":{"id":"rail-ne-1535-0","name":"Railroad","usage":"main","gauge":1435,"electrified":null},"geometry":{"type":"LineString","coordinates":[[22.368612,53.802221],[23.091112,53.111666]]}},{"type":"Feature","properties":{"id":"rail-ne-1671-0","name":"Railroad","usage":"main","gauge":1435,"electrified":null},"geometry":{"type":"LineString","coordinates":[[19.637777,52.858611],[19.140834,52.855832],[18.677222,53.046667]]}},{"type":"Feature","properties":{"id":"rail-ne-7491-0","name":"Railroad","usage":"main","gauge":null,"electrified":null},"geometry":{"type":"LineString","coordinates":[[44.952487,40.639617],[45.848139,40.201127]]}},{"type":"Feature","properties":{"id":"rail-ne-7389-0","name":"Railroad","usage":"main","gauge":null,"electrified":null},"geometry":{"type":"LineString","coordinates":[[15.553611,41.069723],[15.590834,40.977222],[15.404167,40.866666],[15.057781,40.829999],[14.938055,40.990833],[14.832499,40.913888]]}},{"type":"Feature","properties":{"id":"rail-ne-7478-0","name":"Railroad","usage":"main","gauge":null,"electrified":null},"geometry":{"type":"LineString","coordinates":[[48.175554,40.345279],[47.220071,40.623764]]}},{"type":"Feature","properties":{"id":"rail-ne-6281-0","name":"Railroad","usage":"main","gauge":1435,"electrified":null},"geometry":{"type":"LineString","coordinates":[[22.774445,46.12361],[21.831666,46.436944]]}},{"type":"Feature","properties":{"id":"rail-ne-62-0","name":"Railroad","usage":"main","gauge":null,"electrified":null},"geometry":{"type":"LineString","coordinates":[[26.654444,55.921944],[27.640281,55.841667]]}},{"type":"Feature","properties":{"id":"rail-ne-3403-0","name":"Railroad","usage":"main","gauge":1520,"electrified":null},"geometry":{"type":"LineString","coordinates":[[25.45111,50.828056],[24.624167,50.290277]]}},{"type":"Feature","properties":{"id":"rail-ne-7335-0","name":"Railroad","usage":"main","gauge":null,"electrified":null},"geometry":{"type":"LineString","coordinates":[[14.0,41.998305],[14.11,41.912777],[14.036111,41.735834],[14.276945,41.729167],[14.590554,41.462221]]}},{"type":"Feature","properties":{"id":"rail-ne-1592-0","name":"Railroad","usage":"main","gauge":1520,"electrified":null},"geometry":{"type":"LineString","coordinates":[[32.396388,53.018055],[31.7325,53.736667]]}},{"type":"Feature","properties":{"id":"rail-ne-657-0","name":"Railroad","usage":"main","gauge":1520,"electrified":null},"geometry":{"type":"LineString","coordinates":[[36.131945,54.620001],[36.258056,54.511389],[36.469326,54.61237],[37.033612,54.503333]]}},{"type":"Feature","properties":{"id":"rail-ne-4963-0","name":"Railroad","usage":"main","gauge":1520,"electrified":null},"geometry":{"type":"LineString","coordinates":[[31.878611,49.218055],[31.473611,48.336668]]}},{"type":"Feature","properties":{"id":"rail-ne-5959-0","name":"Railroad","usage":"main","gauge":1520,"electrified":null},"geometry":{"type":"LineString","coordinates":[[30.841112,47.177223],[30.490556,47.187778],[30.449723,46.978055],[30.046666,47.003889]]}},{"type":"Feature","properties":{"id":"rail-ne-2647-0","name":"Railroad","usage":"main","gauge":1520,"electrified":null},"geometry":{"type":"LineString","coordinates":[[46.039166,51.413611],[46.987811,51.224901]]}},{"type":"Feature","properties":{"id":"rail-ne-376-0","name":"Railroad","usage":"main","gauge":null,"electrified":null},"geometry":{"type":"LineString","coordinates":[[27.195556,55.140278],[27.210832,55.300833],[27.492498,55.379168],[27.624167,55.639722],[27.459446,55.78]]}},{"type":"Feature","properties":{"id":"rail-ne-7637-0","name":"Railroad","usage":"main","gauge":1435,"electrified":null},"geometry":{"type":"LineString","coordinates":[[34.44139,37.572222],[34.857501,37.470277],[35.046113,36.974446]]}},{"type":"Feature","properties":{"id":"rail-ne-7647-0","name":"Railroad","usage":"main","gauge":1435,"electrified":null},"geometry":{"type":"LineString","coordinates":[[37.998335,36.835834],[37.498889,36.678611],[37.219722,36.346387]]}},{"type":"Feature","properties":{"id":"rail-ne-459-0","name":"Railroad","usage":"main","gauge":1520,"electrified":null},"geometry":{"type":"LineString","coordinates":[[32.297699,55.803943],[32.416732,55.611376],[32.140439,54.935491]]}},{"type":"Feature","properties":{"id":"rail-ne-6970-0","name":"Railroad","usage":"main","gauge":null,"electrified":null},"geometry":{"type":"LineString","coordinates":[[15.231944,44.117777],[15.830557,43.951946],[16.148889,44.051944]]}},{"type":"Feature","properties":{"id":"rail-ne-4962-0","name":"Railroad","usage":"main","gauge":1520,"electrified":null},"geometry":{"type":"LineString","coordinates":[[31.473611,48.336668],[31.878054,48.536112],[32.377778,48.574444]]}},{"type":"Feature","properties":{"id":"rail-ne-4095-0","name":"Railroad","usage":"main","gauge":1520,"electrified":null},"geometry":{"type":"LineString","coordinates":[[36.720001,49.774167],[37.663887,49.655555]]}},{"type":"Feature","properties":{"id":"rail-ne-4717-0","name":"Railroad","usage":"main","gauge":1520,"electrified":null},"geometry":{"type":"LineString","coordinates":[[44.826945,48.775555],[45.755975,48.589091]]}},{"type":"Feature","properties":{"id":"rail-ne-1960-0","name":"Railroad","usage":"main","gauge":1520,"electrified":null},"geometry":{"type":"LineString","coordinates":[[36.102787,52.93515],[35.358888,52.349167]]}},{"type":"Feature","properties":{"id":"rail-ne-217-0","name":"Railroad","usage":"main","gauge":1520,"electrified":null},"geometry":{"type":"LineString","coordinates":[[38.867346,55.573207],[37.926415,55.667909]]}},{"type":"Feature","properties":{"id":"rail-ne-6575-0","name":"Railroad","usage":"main","gauge":1520,"electrified":null},"geometry":{"type":"LineString","coordinates":[[35.210557,45.229444],[34.387779,45.694166]]}},{"type":"Feature","properties":{"id":"rail-ne-7182-0","name":"Railroad","usage":"main","gauge":null,"electrified":null},"geometry":{"type":"LineString","coordinates":[[25.649944,42.614735],[25.914587,42.71772],[26.55875,42.570521]]}},{"type":"Feature","properties":{"id":"rail-ne-2063-0","name":"Railroad","usage":"main","gauge":null,"electrified":null},"geometry":{"type":"LineString","coordinates":[[24.907221,52.529722],[24.321667,52.411665],[24.037501,52.211944]]}},{"type":"Feature","properties":{"id":"rail-ne-2448-0","name":"Railroad","usage":"main","gauge":1520,"electrified":null},"geometry":{"type":"LineString","coordinates":[[45.958334,51.587779],[45.05861,51.866944]]}},{"type":"Feature","properties":{"id":"rail-ne-6343-0","name":"Railroad","usage":"main","gauge":1435,"electrified":null},"geometry":{"type":"LineString","coordinates":[[22.613334,45.941667],[21.683609,46.092221]]}},{"type":"Feature","properties":{"id":"rail-ne-3515-0","name":"Railroad","usage":"main","gauge":1520,"electrified":null},"geometry":{"type":"LineString","coordinates":[[39.590278,50.193611],[39.647402,50.648258],[39.394215,50.739482],[39.431945,50.949445]]}},{"type":"Feature","properties":{"id":"rail-ne-1540-0","name":"Railroad","usage":"main","gauge":1520,"electrified":null},"geometry":{"type":"LineString","coordinates":[[47.0,53.144267],[46.061945,53.150557]]}},{"type":"Feature","properties":{"id":"rail-ne-6462-0","name":"Railroad","usage":"main","gauge":1520,"electrified":null},"geometry":{"type":"LineString","coordinates":[[38.973612,45.6125],[38.938435,46.320513],[39.076876,46.501806]]}},{"type":"Feature","properties":{"id":"rail-ne-1616-0","name":"Railroad","usage":"main","gauge":1520,"electrified":null},"geometry":{"type":"LineString","coordinates":[[49.474137,52.972129],[48.553818,53.146843]]}},{"type":"Feature","properties":{"id":"rail-ne-6969-0","name":"Railroad","usage":"main","gauge":1435,"electrified":null},"geometry":{"type":"LineString","coordinates":[[23.807514,44.337216],[23.618832,44.024354],[23.051565,43.963265]]}},{"type":"Feature","properties":{"id":"rail-ne-1317-0","name":"Railroad","usage":"main","gauge":1435,"electrified":null},"geometry":{"type":"LineString","coordinates":[[23.526389,53.399722],[23.356111,53.661389],[23.008888,53.860001],[22.939999,54.072778]]}},{"type":"Feature","properties":{"id":"rail-ne-7291-0","name":"Railroad","usage":"main","gauge":null,"electrified":null},"geometry":{"type":"LineString","coordinates":[[15.016944,41.961111],[14.218611,42.448333]]}},{"type":"Feature","properties":{"id":"rail-ne-6501-0","name":"Railroad","usage":"main","gauge":1520,"electrified":null},"geometry":{"type":"LineString","coordinates":[[41.514319,45.444922],[40.579445,45.445001]]}},{"type":"Feature","properties":{"id":"rail-ne-6094-0","name":"Railroad","usage":"main","gauge":1435,"electrified":null},"geometry":{"type":"LineString","coordinates":[[26.890834,46.568333],[26.36389,46.926667],[26.069167,46.891667]]}},{"type":"Feature","properties":{"id":"rail-ne-2681-0","name":"Railroad","usage":"main","gauge":1520,"electrified":null},"geometry":{"type":"LineString","coordinates":[[43.118055,51.517221],[42.241388,51.203335]]}},{"type":"Feature","properties":{"id":"rail-ne-621-0","name":"Railroad","usage":"main","gauge":1520,"electrified":null},"geometry":{"type":"LineString","coordinates":[[32.315001,54.796944],[33.213889,54.555834]]}},{"type":"Feature","properties":{"id":"rail-ne-1483-0","name":"Railroad","usage":"main","gauge":1520,"electrified":null},"geometry":{"type":"LineString","coordinates":[[49.466388,53.318332],[48.553818,53.146843]]}},{"type":"Feature","properties":{"id":"rail-ne-835-0","name":"Railroad","usage":"main","gauge":1435,"electrified":null},"geometry":{"type":"LineString","coordinates":[[16.878889,54.306111],[17.778333,54.101667]]}},{"type":"Feature","properties":{"id":"rail-ne-6551-0","name":"Railroad","usage":"main","gauge":null,"electrified":null},"geometry":{"type":"LineString","coordinates":[[15.556278,45.525109],[16.162508,45.297959],[16.381111,45.462983]]}},{"type":"Feature","properties":{"id":"rail-ne-7022-0","name":"Railroad","usage":"main","gauge":null,"electrified":null},"geometry":{"type":"LineString","coordinates":[[26.753055,43.514722],[26.821668,43.696389],[27.268984,43.881838],[27.213401,44.115784]]}},{"type":"Feature","properties":{"id":"rail-ne-1635-0","name":"Railroad","usage":"main","gauge":1520,"electrified":null},"geometry":{"type":"LineString","coordinates":[[34.349445,53.173889],[33.466943,52.928888]]}},{"type":"Feature","properties":{"id":"rail-ne-6621-0","name":"Railroad","usage":"main","gauge":1520,"electrified":null},"geometry":{"type":"LineString","coordinates":[[42.823334,45.378612],[42.741111,45.234445],[42.000556,45.124721]]}},{"type":"Feature","properties":{"id":"rail-ne-6500-0","name":"Railroad","usage":"main","gauge":1520,"electrified":null},"geometry":{"type":"LineString","coordinates":[[41.116389,46.183889],[41.515219,45.813542],[41.514319,45.444922]]}},{"type":"Feature","properties":{"id":"rail-ne-6494-0","name":"Railroad","usage":"main","gauge":1435,"electrified":null},"geometry":{"type":"LineString","coordinates":[[27.644721,46.190833],[27.900276,46.040833],[28.068888,45.702501],[28.04361,45.466389]]}},{"type":"Feature","properties":{"id":"rail-ne-991-0","name":"Railroad ferry","usage":"main","gauge":null,"electrified":null},"geometry":{"type":"LineString","coordinates":[[14.021914,54.802728],[14.264754,53.924219]]}},{"type":"Feature","properties":{"id":"rail-ne-4136-0","name":"Railroad","usage":"main","gauge":1520,"electrified":null},"geometry":{"type":"LineString","coordinates":[[28.122778,49.526944],[27.238887,49.741389]]}},{"type":"Feature","properties":{"id":"rail-ne-7593-0","name":"Railroad","usage":"main","gauge":null,"electrified":null},"geometry":{"type":"LineString","coordinates":[[23.676668,37.959446],[23.716389,38.07],[22.936388,37.933333]]}},{"type":"Feature","properties":{"id":"rail-ne-3235-0","name":"Railroad","usage":"main","gauge":1520,"electrified":null},"geometry":{"type":"LineString","coordinates":[[31.538056,50.818055],[30.705553,50.453054]]}},{"type":"Feature","properties":{"id":"rail-ne-6121-0","name":"Railroad","usage":"main","gauge":1520,"electrified":null},"geometry":{"type":"LineString","coordinates":[[39.700834,47.066389],[39.276666,46.790833],[39.259914,46.597078],[39.076876,46.501806]]}},{"type":"Feature","properties":{"id":"rail-ne-6938-0","name":"Railroad","usage":"main","gauge":1520,"electrified":null},"geometry":{"type":"LineString","coordinates":[[43.491111,44.159722],[43.715278,44.257501],[44.127289,44.773384]]}},{"type":"Feature","properties":{"id":"rail-ne-5086-0","name":"Railroad","usage":"main","gauge":1520,"electrified":null},"geometry":{"type":"LineString","coordinates":[[46.838908,49.139561],[46.724721,48.245555]]}},{"type":"Feature","properties":{"id":"rail-ne-7014-0","name":"Railroad","usage":"main","gauge":1435,"electrified":null},"geometry":{"type":"LineString","coordinates":[[23.074723,43.667501],[22.710556,43.697777],[22.829746,43.985824],[23.051565,43.963265]]}},{"type":"Feature","properties":{"id":"rail-ne-7300-0","name":"Railroad","usage":"main","gauge":null,"electrified":null},"geometry":{"type":"LineString","coordinates":[[24.1425,42.153333],[23.990414,42.009392],[23.649414,42.043985],[23.476059,41.901406],[23.564153,41.815057]]}},{"type":"Feature","properties":{"id":"rail-ne-6860-0","name":"Railroad","usage":"main","gauge":1435,"electrified":null},"geometry":{"type":"LineString","coordinates":[[28.801112,45.184722],[28.717222,44.673611],[28.447777,44.405832]]}},{"type":"Feature","properties":{"id":"rail-ne-6775-0","name":"Railroad","usage":"main","gauge":1520,"electrified":null},"geometry":{"type":"LineString","coordinates":[[41.108612,45.001666],[41.92091,44.621447]]}},{"type":"Feature","properties":{"id":"rail-ne-7040-0","name":"Railroad","usage":"main","gauge":null,"electrified":null},"geometry":{"type":"LineString","coordinates":[[22.318333,43.976389],[22.273888,43.600277],[22.018611,43.334999],[21.870269,43.340577]]}},{"type":"Feature","properties":{"id":"rail-ne-7517-0","name":"Railroad","usage":"main","gauge":null,"electrified":null},"geometry":{"type":"LineString","coordinates":[[46.780994,39.859191],[46.979119,39.983906],[47.117477,40.630346]]}},{"type":"Feature","properties":{"id":"rail-ne-378-0","name":"Railroad","usage":"main","gauge":null,"electrified":null},"geometry":{"type":"LineString","coordinates":[[21.912499,55.136389],[21.485556,55.341667],[21.21639,55.663611]]}},{"type":"Feature","properties":{"id":"rail-ne-4672-0","name":"Railroad","usage":"main","gauge":1520,"electrified":null},"geometry":{"type":"LineString","coordinates":[[35.379445,49.339167],[35.147777,49.168333],[35.304721,49.012223],[35.219445,48.638055]]}},{"type":"Feature","properties":{"id":"rail-ne-7016-0","name":"Railroad","usage":"main","gauge":1435,"electrified":null},"geometry":{"type":"LineString","coordinates":[[25.216666,43.584445],[25.391389,43.639167],[25.443055,43.833334],[25.014444,44.107779]]}},{"type":"Feature","properties":{"id":"rail-ne-5154-0","name":"Railroad","usage":"main","gauge":1520,"electrified":null},"geometry":{"type":"LineString","coordinates":[[40.990277,48.225833],[41.362415,48.187312],[41.85421,48.350579]]}},{"type":"Feature","properties":{"id":"rail-ne-1209-0","name":"Railroad","usage":"main","gauge":1435,"electrified":null},"geometry":{"type":"LineString","coordinates":[[22.368612,53.802221],[22.080555,53.618056],[21.531387,53.652223]]}},{"type":"Feature","properties":{"id":"rail-ne-2443-0","name":"Railroad","usage":"main","gauge":1435,"electrified":null},"geometry":{"type":"LineString","coordinates":[[18.965278,51.611945],[18.084166,51.741112]]}},{"type":"Feature","properties":{"id":"rail-ne-2797-0","name":"Railroad","usage":"main","gauge":1520,"electrified":null},"geometry":{"type":"LineString","coordinates":[[32.745279,51.165],[31.868611,51.013332]]}},{"type":"Feature","properties":{"id":"rail-ne-6461-0","name":"Railroad","usage":"main","gauge":1520,"electrified":null},"geometry":{"type":"LineString","coordinates":[[38.179169,46.046944],[38.953889,45.613889]]}},{"type":"Feature","properties":{"id":"rail-ne-2686-0","name":"Railroad","usage":"main","gauge":1520,"electrified":null},"geometry":{"type":"LineString","coordinates":[[32.075554,51.673056],[32.813889,51.181111]]}},{"type":"Feature","properties":{"id":"rail-ne-7395-0","name":"Railroad","usage":"main","gauge":null,"electrified":null},"geometry":{"type":"LineString","coordinates":[[45.469197,41.130194],[45.638928,40.963587],[46.260258,40.776441]]}},{"type":"Feature","properties":{"id":"rail-ne-418-0","name":"Railroad","usage":"main","gauge":null,"electrified":null},"geometry":{"type":"LineString","coordinates":[[26.318891,55.043333],[27.195556,55.140278]]}},{"type":"Feature","properties":{"id":"rail-ne-7617-0","name":"Railroad","usage":"main","gauge":null,"electrified":null},"geometry":{"type":"LineString","coordinates":[[15.541666,38.171945],[15.035832,37.4525]]}},{"type":"Feature","properties":{"id":"rail-ne-120-0","name":"Railroad","usage":"main","gauge":null,"electrified":null},"geometry":{"type":"LineString","coordinates":[[24.343611,55.743888],[25.213611,55.86139]]}},{"type":"Feature","properties":{"id":"rail-ne-7499-0","name":"Railroad","usage":"main","gauge":null,"electrified":null},"geometry":{"type":"LineString","coordinates":[[43.639167,40.448612],[43.652779,40.331667],[44.004723,40.138888],[44.354549,40.063893]]}},{"type":"Feature","properties":{"id":"rail-ne-6131-0","name":"Railroad","usage":"main","gauge":1520,"electrified":null},"geometry":{"type":"LineString","coordinates":[[42.210319,47.029711],[41.532778,46.477777]]}},{"type":"Feature","properties":{"id":"rail-ne-7355-0","name":"Railroad","usage":"main","gauge":null,"electrified":null},"geometry":{"type":"LineString","coordinates":[[21.763055,41.727222],[21.643612,41.554444],[21.446668,41.617499],[21.555557,41.345],[21.414249,41.263595]]}},{"type":"Feature","properties":{"id":"rail-ne-918-0","name":"Railroad","usage":"main","gauge":1520,"electrified":null},"geometry":{"type":"LineString","coordinates":[[32.807222,54.019445],[32.25,54.690833]]}},{"type":"Feature","properties":{"id":"rail-ne-7359-0","name":"Railroad","usage":"main","gauge":null,"electrified":null},"geometry":{"type":"LineString","coordinates":[[14.782778,41.146389],[15.126389,41.172221],[15.568333,41.458334]]}},{"type":"Feature","properties":{"id":"rail-ne-2133-0","name":"Railroad","usage":"main","gauge":1520,"electrified":null},"geometry":{"type":"LineString","coordinates":[[39.999999,52.470834],[40.781547,52.086314]]}},{"type":"Feature","properties":{"id":"rail-ne-7027-0","name":"Railroad","usage":"main","gauge":1520,"electrified":null},"geometry":{"type":"LineString","coordinates":[[45.976666,43.46],[46.333057,43.532777],[46.711681,43.87031]]}},{"type":"Feature","properties":{"id":"rail-ne-5797-0","name":"Railroad","usage":"main","gauge":null,"electrified":null},"geometry":{"type":"LineString","coordinates":[[19.199999,47.486944],[20.049723,47.295834]]}},{"type":"Feature","properties":{"id":"rail-ne-5438-0","name":"Railroad","usage":"main","gauge":1435,"electrified":null},"geometry":{"type":"LineString","coordinates":[[24.14611,47.893055],[24.372498,48.267221],[24.575834,48.295832],[24.619444,48.519723]]}},{"type":"Feature","properties":{"id":"rail-ne-6020-0","name":"Railroad","usage":"main","gauge":null,"electrified":null},"geometry":{"type":"LineString","coordinates":[[17.434721,46.87861],[17.501666,46.793056],[18.040834,47.071389],[18.192223,47.038333]]}},{"type":"Feature","properties":{"id":"rail-ne-7577-0","name":"Railroad","usage":"main","gauge":null,"electrified":null},"geometry":{"type":"LineString","coordinates":[[45.987223,38.28861],[45.722501,38.379168],[45.642499,38.964166]]}},{"type":"Feature","properties":{"id":"rail-ne-4625-0","name":"Railroad","usage":"main","gauge":1520,"electrified":null},"geometry":{"type":"LineString","coordinates":[[28.777221,49.096112],[29.028611,48.876942],[29.299999,48.903055],[29.466944,48.701112]]}},{"type":"Feature","properties":{"id":"rail-ne-1938-0","name":"Railroad","usage":"main","gauge":1520,"electrified":null},"geometry":{"type":"LineString","coordinates":[[31.943332,52.512778],[31.085834,52.381944]]}},{"type":"Feature","properties":{"id":"rail-ne-7345-0","name":"Railroad","usage":"main","gauge":1435,"electrified":null},"geometry":{"type":"LineString","coordinates":[[26.164443,41.762222],[26.576667,41.663056],[26.889166,41.349999]]}},{"type":"Feature","properties":{"id":"rail-ne-1690-0","name":"Railroad","usage":"main","gauge":1435,"electrified":null},"geometry":{"type":"LineString","coordinates":[[24.417222,53.144445],[23.61889,52.808889]]}},{"type":"Feature","properties":{"id":"rail-ne-7523-0","name":"Railroad","usage":"main","gauge":1435,"electrified":null},"geometry":{"type":"LineString","coordinates":[[27.897777,39.651388],[28.178611,39.991388],[27.963333,40.35722]]}},{"type":"Feature","properties":{"id":"rail-ne-6437-0","name":"Railroad","usage":"main","gauge":1435,"electrified":null},"geometry":{"type":"LineString","coordinates":[[21.892501,45.684444],[21.877779,45.792222],[22.613334,45.941667]]}},{"type":"Feature","properties":{"id":"rail-ne-589-0","name":"Railroad","usage":"main","gauge":1520,"electrified":null},"geometry":{"type":"LineString","coordinates":[[21.86389,55.064999],[22.477777,54.807778],[22.541944,54.628056]]}},{"type":"Feature","properties":{"id":"rail-ne-7394-0","name":"Railroad","usage":"main","gauge":null,"electrified":null},"geometry":{"type":"LineString","coordinates":[[44.804502,41.475792],[44.854676,41.176583],[44.605749,41.077872],[44.550478,40.798482]]}},{"type":"Feature","properties":{"id":"rail-ne-704-0","name":"Railroad","usage":"main","gauge":1520,"electrified":null},"geometry":{"type":"LineString","coordinates":[[34.435,55.171944],[34.330337,55.013633],[34.324167,54.348055]]}},{"type":"Feature","properties":{"id":"rail-ne-7585-0","name":"Railroad","usage":"main","gauge":1435,"electrified":null},"geometry":{"type":"LineString","coordinates":[[30.199998,38.079723],[30.227501,38.579165],[30.468032,38.840043]]}},{"type":"Feature","properties":{"id":"rail-ne-1140-0","name":"Railroad","usage":"main","gauge":1520,"electrified":null},"geometry":{"type":"LineString","coordinates":[[36.60243,53.735244],[35.992778,53.855278],[35.832777,54.025001]]}},{"type":"Feature","properties":{"id":"rail-ne-1252-0","name":"Railroad","usage":"main","gauge":1520,"electrified":null},"geometry":{"type":"LineString","coordinates":[[33.731664,53.532222],[32.970277,53.916946]]}},{"type":"Feature","properties":{"id":"rail-ne-5662-0","name":"Railroad","usage":"main","gauge":null,"electrified":null},"geometry":{"type":"LineString","coordinates":[[14.322501,47.568889],[14.339723,47.710277],[14.108611,47.923333],[14.273055,48.283888]]}},{"type":"Feature","properties":{"id":"rail-ne-1738-0","name":"Railroad","usage":"main","gauge":1435,"electrified":null},"geometry":{"type":"LineString","coordinates":[[22.850833,52.98361],[22.046111,52.702221]]}},{"type":"Feature","properties":{"id":"rail-ne-641-0","name":"Railroad","usage":"main","gauge":1520,"electrified":null},"geometry":{"type":"LineString","coordinates":[[38.634159,54.512541],[39.453799,54.746247]]}},{"type":"Feature","properties":{"id":"rail-ne-1377-0","name":"Railroad","usage":"main","gauge":null,"electrified":null},"geometry":{"type":"LineString","coordinates":[[28.723333,53.306944],[29.520278,53.60639]]}},{"type":"Feature","properties":{"id":"rail-ne-7330-0","name":"Railroad","usage":"main","gauge":null,"electrified":null},"geometry":{"type":"LineString","coordinates":[[23.279445,41.466668],[23.035554,42.065278],[23.107501,42.255556]]}},{"type":"Feature","properties":{"id":"rail-ne-1401-0","name":"Railroad","usage":"main","gauge":1520,"electrified":null},"geometry":{"type":"LineString","coordinates":[[35.365654,53.507804],[34.55,53.270556]]}},{"type":"Feature","properties":{"id":"rail-ne-7572-0","name":"Railroad","usage":"main","gauge":1435,"electrified":null},"geometry":{"type":"LineString","coordinates":[[38.284731,38.353008],[38.755137,38.46357],[38.820833,38.585556],[39.041945,38.534445]]}},{"type":"Feature","properties":{"id":"rail-ne-2265-0","name":"Railroad","usage":"main","gauge":1520,"electrified":null},"geometry":{"type":"LineString","coordinates":[[36.669721,51.873612],[37.517911,51.887384]]}},{"type":"Feature","properties":{"id":"rail-ne-7387-0","name":"Railroad","usage":"main","gauge":1435,"electrified":null},"geometry":{"type":"LineString","coordinates":[[26.628333,41.364167],[26.324722,41.261944],[26.314721,41.016667],[26.091666,40.843611]]}},{"type":"Feature","properties":{"id":"rail-ne-3786-0","name":"Railroad","usage":"main","gauge":1520,"electrified":null},"geometry":{"type":"LineString","coordinates":[[22.721111,49.979722],[23.526666,50.236667]]}},{"type":"Feature","properties":{"id":"rail-ne-4085-0","name":"Railroad","usage":"main","gauge":1520,"electrified":null},"geometry":{"type":"LineString","coordinates":[[30.549721,50.403056],[30.941666,49.656389]]}},{"type":"Feature","properties":{"id":"rail-ne-2231-0","name":"Railroad","usage":"main","gauge":1435,"electrified":null},"geometry":{"type":"LineString","coordinates":[[22.370002,51.941944],[21.5275,51.955833]]}},{"type":"Feature","properties":{"id":"rail-ne-1851-0","name":"Railroad","usage":"main","gauge":1435,"electrified":null},"geometry":{"type":"LineString","coordinates":[[15.90639,52.596111],[16.744444,52.520277]]}},{"type":"Feature","properties":{"id":"rail-ne-6122-0","name":"Railroad","usage":"main","gauge":1520,"electrified":null},"geometry":{"type":"LineString","coordinates":[[38.255557,46.684167],[39.076876,46.501806]]}},{"type":"Feature","properties":{"id":"rail-ne-4298-0","name":"Railroad","usage":"main","gauge":1520,"electrified":null},"geometry":{"type":"LineString","coordinates":[[33.291388,49.990555],[33.167777,49.6125],[33.363332,49.215278]]}},{"type":"Feature","properties":{"id":"rail-ne-1675-0","name":"Railroad","usage":"main","gauge":1520,"electrified":null},"geometry":{"type":"LineString","coordinates":[[33.466943,52.928888],[32.632499,52.850277]]}},{"type":"Feature","properties":{"id":"rail-ne-314-0","name":"Railroad","usage":"main","gauge":1520,"electrified":null},"geometry":{"type":"LineString","coordinates":[[37.926415,55.667909],[38.691668,55.330833]]}},{"type":"Feature","properties":{"id":"rail-ne-7434-0","name":"Railroad","usage":"main","gauge":null,"electrified":null},"geometry":{"type":"LineString","coordinates":[[14.998055,40.601944],[15.833334,40.637222]]}},{"type":"Feature","properties":{"id":"rail-ne-5663-0","name":"Railroad","usage":"main","gauge":1520,"electrified":null},"geometry":{"type":"LineString","coordinates":[[42.129721,47.561388],[41.85421,48.350579]]}},{"type":"Feature","properties":{"id":"rail-ne-3799-0","name":"Railroad","usage":"main","gauge":1520,"electrified":null},"geometry":{"type":"LineString","coordinates":[[27.467778,50.132778],[28.286389,49.968612]]}},{"type":"Feature","properties":{"id":"rail-ne-1653-0","name":"Railroad","usage":"main","gauge":null,"electrified":null},"geometry":{"type":"LineString","coordinates":[[30.031665,52.880277],[29.24111,53.13611]]}},{"type":"Feature","properties":{"id":"rail-ne-2033-0","name":"Railroad","usage":"main","gauge":1435,"electrified":null},"geometry":{"type":"LineString","coordinates":[[19.301944,52.240277],[19.727777,52.540833],[19.662778,52.843055]]}},{"type":"Feature","properties":{"id":"rail-ne-890-0","name":"Railroad","usage":"main","gauge":null,"electrified":null},"geometry":{"type":"LineString","coordinates":[[24.3825,54.036945],[24.979286,54.613943]]}},{"type":"Feature","properties":{"id":"rail-ne-2919-0","name":"Railroad","usage":"main","gauge":1520,"electrified":null},"geometry":{"type":"LineString","coordinates":[[27.311666,50.806111],[27.521946,50.971389],[27.874723,50.961111],[28.007779,51.123055]]}},{"type":"Feature","properties":{"id":"rail-ne-6514-0","name":"Railroad","usage":"main","gauge":null,"electrified":null},"geometry":{"type":"LineString","coordinates":[[16.879164,45.441112],[17.161112,45.414723],[17.275835,45.644444],[17.531666,45.779167]]}},{"type":"Feature","properties":{"id":"rail-ne-1536-0","name":"Railroad","usage":"main","gauge":1520,"electrified":null},"geometry":{"type":"LineString","coordinates":[[46.061945,53.150557],[45.233889,53.138888]]}},{"type":"Feature","properties":{"id":"rail-ne-2757-0","name":"Railroad","usage":"main","gauge":1520,"electrified":null},"geometry":{"type":"LineString","coordinates":[[31.915556,51.093612],[31.813055,51.308334],[31.256665,51.503611]]}},{"type":"Feature","properties":{"id":"rail-ne-4120-0","name":"Railroad","usage":"main","gauge":1435,"electrified":null},"geometry":{"type":"LineString","coordinates":[[19.928889,49.585833],[20.347777,49.744724],[20.699167,49.604167]]}},{"type":"Feature","properties":{"id":"rail-ne-6139-0","name":"Railroad","usage":"main","gauge":1520,"electrified":null},"geometry":{"type":"LineString","coordinates":[[30.680555,46.449999],[30.813334,46.590279],[30.715556,46.946945],[30.841112,47.177223]]}},{"type":"Feature","properties":{"id":"rail-ne-5254-0","name":"Railroad","usage":"main","gauge":1520,"electrified":null},"geometry":{"type":"LineString","coordinates":[[36.297221,48.087501],[35.511113,48.330554]]}},{"type":"Feature","properties":{"id":"rail-ne-6230-0","name":"Railroad","usage":"main","gauge":1435,"electrified":null},"geometry":{"type":"LineString","coordinates":[[23.060834,46.265834],[23.102222,46.375833],[23.785556,46.548333]]}},{"type":"Feature","properties":{"id":"rail-ne-1213-0","name":"Railroad","usage":"main","gauge":null,"electrified":null},"geometry":{"type":"LineString","coordinates":[[29.520278,53.60639],[30.279444,53.919722]]}},{"type":"Feature","properties":{"id":"rail-ne-4143-0","name":"Railroad","usage":"main","gauge":1435,"electrified":null},"geometry":{"type":"LineString","coordinates":[[21.474411,49.739191],[22.261388,49.514444]]}},{"type":"Feature","properties":{"id":"rail-ne-6035-0","name":"Railroad","usage":"main","gauge":null,"electrified":null},"geometry":{"type":"LineString","coordinates":[[14.361666,46.765555],[14.478057,46.824724],[14.4375,47.207778],[14.735001,47.191666]]}},{"type":"Feature","properties":{"id":"rail-ne-7023-0","name":"Railroad","usage":"main","gauge":null,"electrified":null},"geometry":{"type":"LineString","coordinates":[[26.753055,43.514722],[26.019167,43.861389]]}},{"type":"Feature","properties":{"id":"rail-ne-1801-0","name":"Railroad","usage":"main","gauge":null,"electrified":null},"geometry":{"type":"LineString","coordinates":[[25.783889,52.992221],[25.081665,52.593055]]}},{"type":"Feature","properties":{"id":"rail-ne-7076-0","name":"Railroad","usage":"main","gauge":null,"electrified":null},"geometry":{"type":"LineString","coordinates":[[25.939445,43.818888],[25.958749,43.624183],[25.628115,43.355514],[25.676287,43.17672]]}},{"type":"Feature","properties":{"id":"rail-ne-6279-0","name":"Railroad","usage":"main","gauge":1520,"electrified":null},"geometry":{"type":"LineString","coordinates":[[39.797499,46.143055],[39.076876,46.501806]]}},{"type":"Feature","properties":{"id":"rail-ne-6486-0","name":"Railroad","usage":"main","gauge":null,"electrified":null},"geometry":{"type":"LineString","coordinates":[[15.545277,45.50889],[15.427779,45.646388],[15.181944,45.578611],[15.021667,45.910556]]}},{"type":"Feature","properties":{"id":"rail-ne-6288-0","name":"Railroad","usage":"main","gauge":1435,"electrified":null},"geometry":{"type":"LineString","coordinates":[[27.189166,46.096388],[26.447221,46.406667]]}},{"type":"Feature","properties":{"id":"rail-ne-5024-0","name":"Railroad","usage":"main","gauge":1520,"electrified":null},"geometry":{"type":"LineString","coordinates":[[37.139999,48.290001],[36.342779,48.372222]]}},{"type":"Feature","properties":{"id":"rail-ne-5827-0","name":"Railroad","usage":"main","gauge":1520,"electrified":null},"geometry":{"type":"LineString","coordinates":[[38.884823,47.240581],[38.896944,47.525279],[38.462501,47.798889]]}},{"type":"Feature","properties":{"id":"rail-ne-7540-0","name":"Railroad","usage":"main","gauge":null,"electrified":null},"geometry":{"type":"LineString","coordinates":[[21.61889,39.713611],[21.872222,39.377778],[22.244723,39.323611]]}},{"type":"Feature","properties":{"id":"rail-ne-5414-0","name":"Railroad","usage":"main","gauge":null,"electrified":null},"geometry":{"type":"LineString","coordinates":[[16.236944,47.925278],[15.609724,48.060001],[15.621388,48.214721]]}},{"type":"Feature","properties":{"id":"rail-ne-5225-0","name":"Railroad","usage":"main","gauge":null,"electrified":null},"geometry":{"type":"LineString","coordinates":[[14.832499,48.11111],[15.621388,48.214721]]}},{"type":"Feature","properties":{"id":"rail-ne-6516-0","name":"Railroad","usage":"main","gauge":1435,"electrified":null},"geometry":{"type":"LineString","coordinates":[[22.209167,45.409444],[22.984445,45.586946]]}},{"type":"Feature","properties":{"id":"rail-ne-5530-0","name":"Railroad","usage":"main","gauge":null,"electrified":null},"geometry":{"type":"LineString","coordinates":[[18.101111,47.778334],[17.357779,48.061112]]}},{"type":"Feature","properties":{"id":"rail-ne-356-0","name":"Railroad","usage":"main","gauge":1520,"electrified":null},"geometry":{"type":"LineString","coordinates":[[34.312499,55.205278],[34.320505,56.0]]}},{"type":"Feature","properties":{"id":"rail-ne-4116-0","name":"Railroad","usage":"main","gauge":1520,"electrified":null},"geometry":{"type":"LineString","coordinates":[[34.626945,49.621666],[34.060833,49.654167],[33.897223,49.811944]]}},{"type":"Feature","properties":{"id":"rail-ne-7333-0","name":"Railroad","usage":"main","gauge":null,"electrified":null},"geometry":{"type":"LineString","coordinates":[[15.568333,41.458334],[15.288057,41.887501],[15.016944,41.961111]]}},{"type":"Feature","properties":{"id":"rail-ne-3761-0","name":"Railroad","usage":"main","gauge":1520,"electrified":null},"geometry":{"type":"LineString","coordinates":[[36.180834,49.999999],[36.186112,50.329167],[36.568611,50.590555]]}},{"type":"Feature","properties":{"id":"rail-ne-1819-0","name":"Railroad","usage":"main","gauge":1435,"electrified":null},"geometry":{"type":"LineString","coordinates":[[20.000001,52.794238],[20.761389,52.582223]]}},{"type":"Feature","properties":{"id":"rail-ne-6186-0","name":"Railroad","usage":"main","gauge":null,"electrified":null},"geometry":{"type":"LineString","coordinates":[[17.8275,46.365],[17.890556,46.716389],[18.156389,46.779167],[18.075834,46.917499]]}},{"type":"Feature","properties":{"id":"rail-ne-7315-0","name":"Railroad","usage":"main","gauge":null,"electrified":null},"geometry":{"type":"LineString","coordinates":[[20.943394,41.631449],[21.017222,42.036389],[21.192777,42.11],[21.35611,42.017499]]}},{"type":"Feature","properties":{"id":"rail-ne-5224-0","name":"Railroad","usage":"main","gauge":1520,"electrified":null},"geometry":{"type":"LineString","coordinates":[[37.139999,48.290001],[36.374167,48.111389]]}},{"type":"Feature","properties":{"id":"rail-ne-6231-0","name":"Railroad","usage":"main","gauge":null,"electrified":null},"geometry":{"type":"LineString","coordinates":[[28.893334,46.352501],[28.48,46.472501],[28.194165,46.263889]]}},{"type":"Feature","properties":{"id":"rail-ne-723-0","name":"Railroad","usage":"main","gauge":1520,"electrified":null},"geometry":{"type":"LineString","coordinates":[[37.436668,54.916111],[37.348057,54.813333],[37.674723,54.468889],[37.606112,54.309166]]}},{"type":"Feature","properties":{"id":"rail-ne-2700-0","name":"Railroad","usage":"main","gauge":1520,"electrified":null},"geometry":{"type":"LineString","coordinates":[[33.381389,51.198056],[34.165,51.172222]]}},{"type":"Feature","properties":{"id":"rail-ne-1425-0","name":"Railroad","usage":"main","gauge":1520,"electrified":null},"geometry":{"type":"LineString","coordinates":[[33.056144,53.227092],[33.212778,53.424722],[33.731664,53.532222]]}},{"type":"Feature","properties":{"id":"rail-ne-821-0","name":"Railroad","usage":"main","gauge":1520,"electrified":null},"geometry":{"type":"LineString","coordinates":[[36.05183,54.485153],[35.362433,54.116529]]}},{"type":"Feature","properties":{"id":"rail-ne-7651-0","name":"Railroad","usage":"main","gauge":null,"electrified":null},"geometry":{"type":"LineString","coordinates":[[37.136388,36.173888],[37.5825,36.156388],[37.878887,36.0]]}},{"type":"Feature","properties":{"id":"rail-ne-1235-0","name":"Railroad","usage":"main","gauge":1520,"electrified":null},"geometry":{"type":"LineString","coordinates":[[37.981112,53.563055],[37.2025,53.616666]]}},{"type":"Feature","properties":{"id":"rail-ne-5919-0","name":"Railroad","usage":"main","gauge":1520,"electrified":null},"geometry":{"type":"LineString","coordinates":[[35.175,47.798056],[35.336388,47.553056],[35.327501,47.066112]]}},{"type":"Feature","properties":{"id":"rail-ne-2631-0","name":"Railroad","usage":"main","gauge":1520,"electrified":null},"geometry":{"type":"LineString","coordinates":[[36.781944,51.321388],[37.560279,51.281944]]}},{"type":"Feature","properties":{"id":"rail-ne-7406-0","name":"Railroad","usage":"main","gauge":null,"electrified":null},"geometry":{"type":"LineString","coordinates":[[45.469197,41.130194],[44.815565,40.708324]]}},{"type":"Feature","properties":{"id":"rail-ne-7597-0","name":"Railroad","usage":"main","gauge":null,"electrified":null},"geometry":{"type":"LineString","coordinates":[[21.857778,38.331667],[21.423889,38.100277],[21.263333,37.869722]]}},{"type":"Feature","properties":{"id":"rail-ne-3043-0","name":"Railroad","usage":"main","gauge":1435,"electrified":null},"geometry":{"type":"LineString","coordinates":[[17.297779,51.042778],[17.618887,50.953889],[17.95389,50.669999]]}},{"type":"Feature","properties":{"id":"rail-ne-375-0","name":"Railroad","usage":"main","gauge":1520,"electrified":null},"geometry":{"type":"LineString","coordinates":[[33.541112,55.155554],[34.312499,55.188612]]}},{"type":"Feature","properties":{"id":"rail-ne-2470-0","name":"Railroad","usage":"main","gauge":1520,"electrified":null},"geometry":{"type":"LineString","coordinates":[[26.807223,52.242221],[26.798332,51.810556],[26.584445,51.546944]]}},{"type":"Feature","properties":{"id":"rail-ne-244-1","name":"Railroad","usage":"main","gauge":1520,"electrified":null},"geometry":{"type":"LineString","coordinates":[[47.11471,56.0],[47.375831,55.841666],[47.300276,55.646666],[47.527222,55.535001]]}},{"type":"Feature","properties":{"id":"rail-ne-6888-0","name":"Railroad","usage":"main","gauge":null,"electrified":null},"geometry":{"type":"LineString","coordinates":[[20.442779,44.725277],[20.706944,44.422778],[21.063333,44.340277]]}},{"type":"Feature","properties":{"id":"rail-ne-2162-0","name":"Railroad","usage":"main","gauge":1520,"electrified":null},"geometry":{"type":"LineString","coordinates":[[33.299587,52.46365],[33.945001,52.051111]]}},{"type":"Feature","properties":{"id":"rail-ne-579-0","name":"Railroad","usage":"main","gauge":1520,"electrified":null},"geometry":{"type":"LineString","coordinates":[[23.483611,54.745278],[22.726424,54.639176]]}},{"type":"Feature","properties":{"id":"rail-ne-1456-0","name":"Railroad","usage":"main","gauge":1520,"electrified":null},"geometry":{"type":"LineString","coordinates":[[34.643889,53.206388],[35.04552,53.332232],[35.358222,53.191553]]}},{"type":"Feature","properties":{"id":"rail-ne-7552-0","name":"Railroad","usage":"main","gauge":1435,"electrified":null},"geometry":{"type":"LineString","coordinates":[[30.534243,38.779234],[30.390557,39.127223],[30.103888,39.387222]]}},{"type":"Feature","properties":{"id":"rail-ne-7512-0","name":"Railroad","usage":"main","gauge":1435,"electrified":null},"geometry":{"type":"LineString","coordinates":[[33.645833,40.489444],[33.71111,40.429444],[33.525278,40.346667],[33.578612,40.18],[33.405,39.940556]]}},{"type":"Feature","properties":{"id":"rail-ne-6156-0","name":"Railroad","usage":"main","gauge":1435,"electrified":null},"geometry":{"type":"LineString","coordinates":[[26.447221,46.406667],[26.023611,46.586112],[25.770278,46.428888]]}},{"type":"Feature","properties":{"id":"rail-ne-5909-0","name":"Railroad","usage":"main","gauge":1435,"electrified":null},"geometry":{"type":"LineString","coordinates":[[21.859722,47.098055],[21.140278,47.325556]]}},{"type":"Feature","properties":{"id":"rail-ne-6503-0","name":"Railroad","usage":"main","gauge":null,"electrified":null},"geometry":{"type":"LineString","coordinates":[[16.221113,45.808888],[16.879164,45.441112]]}},{"type":"Feature","properties":{"id":"rail-ne-124-0","name":"Railroad","usage":"main","gauge":null,"electrified":null},"geometry":{"type":"LineString","coordinates":[[23.590554,55.778054],[24.343611,55.743888]]}},{"type":"Feature","properties":{"id":"rail-ne-6027-0","name":"Railroad","usage":"main","gauge":1520,"electrified":null},"geometry":{"type":"LineString","coordinates":[[36.310277,47.211112],[36.271944,47.044445],[36.415833,46.908612],[36.779721,46.785277]]}},{"type":"Feature","properties":{"id":"rail-ne-7382-0","name":"Railroad","usage":"main","gauge":null,"electrified":null},"geometry":{"type":"LineString","coordinates":[[20.085832,41.106112],[20.29333,41.207498],[20.640686,41.062518],[20.640703,40.917348]]}},{"type":"Feature","properties":{"id":"rail-ne-243-0","name":"Railroad","usage":"main","gauge":1520,"electrified":null},"geometry":{"type":"LineString","coordinates":[[47.527222,55.535001],[48.241944,55.762778]]}},{"type":"Feature","properties":{"id":"rail-ne-6285-0","name":"Railroad","usage":"main","gauge":null,"electrified":null},"geometry":{"type":"LineString","coordinates":[[18.968611,46.177222],[19.325556,46.116944],[19.316666,46.281945],[19.491664,46.418612]]}},{"type":"Feature","properties":{"id":"rail-ne-1753-0","name":"Railroad","usage":"main","gauge":1520,"electrified":null},"geometry":{"type":"LineString","coordinates":[[45.005,53.222223],[44.488332,52.68]]}},{"type":"Feature","properties":{"id":"rail-ne-6140-0","name":"Railroad","usage":"main","gauge":1520,"electrified":null},"geometry":{"type":"LineString","coordinates":[[30.0525,46.854445],[30.680555,46.449999]]}},{"type":"Feature","properties":{"id":"rail-ne-6761-0","name":"Railroad","usage":"main","gauge":1520,"electrified":null},"geometry":{"type":"LineString","coordinates":[[34.032501,45.139723],[34.049446,44.899444],[33.602222,44.664722]]}},{"type":"Feature","properties":{"id":"rail-ne-7276-0","name":"Railroad","usage":"main","gauge":null,"electrified":null},"geometry":{"type":"LineString","coordinates":[[25.571667,42.058333],[24.827502,42.0975]]}},{"type":"Feature","properties":{"id":"rail-ne-4334-0","name":"Railroad","usage":"main","gauge":1520,"electrified":null},"geometry":{"type":"LineString","coordinates":[[30.994443,49.646388],[31.544722,49.150277]]}},{"type":"Feature","properties":{"id":"rail-ne-6031-0","name":"Railroad","usage":"main","gauge":1435,"electrified":null},"geometry":{"type":"LineString","coordinates":[[23.75282,46.786801],[23.016389,46.861388]]}},{"type":"Feature","properties":{"id":"rail-ne-1019-0","name":"Railroad","usage":"main","gauge":null,"electrified":null},"geometry":{"type":"LineString","coordinates":[[27.555556,53.892778],[26.933334,54.290277]]}},{"type":"Feature","properties":{"id":"rail-ne-1552-0","name":"Railroad","usage":"main","gauge":1435,"electrified":null},"geometry":{"type":"LineString","coordinates":[[23.142222,53.141944],[23.878171,53.089257]]}},{"type":"Feature","properties":{"id":"rail-ne-6596-0","name":"Railroad","usage":"main","gauge":null,"electrified":null},"geometry":{"type":"LineString","coordinates":[[17.678056,45.184167],[18.414444,45.227777]]}},{"type":"Feature","properties":{"id":"rail-ne-7018-0","name":"Railroad","usage":"main","gauge":null,"electrified":null},"geometry":{"type":"LineString","coordinates":[[20.733611,43.733889],[21.151944,43.575832],[21.421667,43.681111]]}},{"type":"Feature","properties":{"id":"rail-ne-4140-0","name":"Railroad","usage":"main","gauge":1520,"electrified":null},"geometry":{"type":"LineString","coordinates":[[23.887501,49.766944],[23.194722,49.521944]]}},{"type":"Feature","properties":{"id":"rail-ne-404-0","name":"Railroad","usage":"main","gauge":1520,"electrified":null},"geometry":{"type":"LineString","coordinates":[[46.861651,55.074423],[47.458612,55.502501]]}},{"type":"Feature","properties":{"id":"rail-ne-2756-0","name":"Railroad","usage":"main","gauge":1435,"electrified":null},"geometry":{"type":"LineString","coordinates":[[20.236391,51.377777],[20.475556,51.150556],[20.877223,51.108888]]}},{"type":"Feature","properties":{"id":"rail-ne-6580-0","name":"Railroad","usage":"main","gauge":null,"electrified":null},"geometry":{"type":"LineString","coordinates":[[19.845556,45.324443],[20.576667,45.262777]]}},{"type":"Feature","properties":{"id":"rail-ne-5768-0","name":"Railroad","usage":"main","gauge":null,"electrified":null},"geometry":{"type":"LineString","coordinates":[[15.013056,47.343055],[14.3125,47.560556]]}},{"type":"Feature","properties":{"id":"rail-ne-3115-0","name":"Railroad","usage":"main","gauge":1520,"electrified":null},"geometry":{"type":"LineString","coordinates":[[36.568611,50.590555],[36.616666,50.9825],[36.764443,51.104168],[36.675833,51.221667]]}},{"type":"Feature","properties":{"id":"rail-ne-6075-0","name":"Railroad","usage":"main","gauge":1520,"electrified":null},"geometry":{"type":"LineString","coordinates":[[32.046667,46.930277],[32.578611,46.649722],[32.691667,46.716667]]}},{"type":"Feature","properties":{"id":"rail-ne-2422-0","name":"Railroad","usage":"main","gauge":1520,"electrified":null},"geometry":{"type":"LineString","coordinates":[[38.115555,51.804166],[38.233889,51.692778],[38.801669,51.644999]]}},{"type":"Feature","properties":{"id":"rail-ne-1400-0","name":"Railroad","usage":"main","gauge":1435,"electrified":null},"geometry":{"type":"LineString","coordinates":[[15.863611,53.272499],[15.136111,53.355277]]}},{"type":"Feature","properties":{"id":"rail-ne-7398-0","name":"Railroad","usage":"main","gauge":null,"electrified":null},"geometry":{"type":"LineString","coordinates":[[44.550478,40.798482],[43.956787,40.871969],[43.870279,40.769999]]}},{"type":"Feature","properties":{"id":"rail-ne-5355-0","name":"Railroad","usage":"main","gauge":1520,"electrified":null},"geometry":{"type":"LineString","coordinates":[[40.887501,48.016112],[40.157223,48.036944]]}},{"type":"Feature","properties":{"id":"rail-ne-6734-0","name":"Railroad","usage":"main","gauge":null,"electrified":null},"geometry":{"type":"LineString","coordinates":[[18.070555,44.772778],[18.127775,44.915555],[18.491388,45.061112],[18.414444,45.227777]]}},{"type":"Feature","properties":{"id":"rail-ne-640-0","name":"Railroad","usage":"main","gauge":null,"electrified":null},"geometry":{"type":"LineString","coordinates":[[30.407501,54.51361],[30.201669,54.85],[30.174444,55.181667]]}},{"type":"Feature","properties":{"id":"rail-ne-6620-0","name":"Railroad","usage":"main","gauge":1435,"electrified":null},"geometry":{"type":"LineString","coordinates":[[27.253889,45.104445],[27.436111,45.807501]]}},{"type":"Feature","properties":{"id":"rail-ne-7414-0","name":"Railroad","usage":"main","gauge":null,"electrified":null},"geometry":{"type":"LineString","coordinates":[[21.414249,41.263595],[21.346668,41.018334],[21.686111,40.690556]]}},{"type":"Feature","properties":{"id":"rail-ne-6589-0","name":"Railroad","usage":"main","gauge":null,"electrified":null},"geometry":{"type":"LineString","coordinates":[[16.96708,45.332383],[17.678056,45.184167]]}},{"type":"Feature","properties":{"id":"rail-ne-2497-0","name":"Railroad","usage":"main","gauge":1520,"electrified":null},"geometry":{"type":"LineString","coordinates":[[44.49861,51.499445],[44.790553,51.526944],[45.05861,51.866944]]}},{"type":"Feature","properties":{"id":"rail-ne-2239-0","name":"Railroad","usage":"main","gauge":1435,"electrified":null},"geometry":{"type":"LineString","coordinates":[[22.411666,51.929721],[23.131667,52.018332]]}},{"type":"Feature","properties":{"id":"rail-ne-6138-0","name":"Railroad","usage":"main","gauge":1435,"electrified":null},"geometry":{"type":"LineString","coordinates":[[25.1325,46.544445],[24.9225,46.655556],[24.762222,46.496668],[24.500277,46.490001]]}},{"type":"Feature","properties":{"id":"rail-ne-7455-0","name":"Railroad","usage":"main","gauge":null,"electrified":null},"geometry":{"type":"LineString","coordinates":[[17.904442,40.620833],[17.1925,40.487778]]}},{"type":"Feature","properties":{"id":"rail-ne-6284-0","name":"Railroad","usage":"main","gauge":1435,"electrified":null},"geometry":{"type":"LineString","coordinates":[[24.937502,46.23889],[24.225181,46.10816]]}},{"type":"Feature","properties":{"id":"rail-ne-6998-0","name":"Railroad","usage":"main","gauge":1520,"electrified":null},"geometry":{"type":"LineString","coordinates":[[43.491111,44.159722],[43.685,43.923334],[44.067223,43.753055]]}},{"type":"Feature","properties":{"id":"rail-ne-5925-0","name":"Railroad","usage":"main","gauge":1520,"electrified":null},"geometry":{"type":"LineString","coordinates":[[36.017778,47.203888],[35.676112,47.218332],[35.327501,47.066112]]}},{"type":"Feature","properties":{"id":"rail-ne-2699-0","name":"Railroad","usage":"main","gauge":1520,"electrified":null},"geometry":{"type":"LineString","coordinates":[[34.223335,51.161112],[34.895929,51.422856]]}},{"type":"Feature","properties":{"id":"rail-ne-2578-0","name":"Railroad","usage":"main","gauge":1520,"electrified":null},"geometry":{"type":"LineString","coordinates":[[36.781944,51.321388],[36.569445,51.566944],[36.206388,51.720833]]}},{"type":"Feature","properties":{"id":"rail-ne-3033-0","name":"Railroad","usage":"main","gauge":1520,"electrified":null},"geometry":{"type":"LineString","coordinates":[[25.45111,50.828056],[26.154443,50.686111]]}},{"type":"Feature","properties":{"id":"rail-ne-2882-0","name":"Railroad","usage":"main","gauge":1435,"electrified":null},"geometry":{"type":"LineString","coordinates":[[19.66496,51.343361],[19.333889,50.900278],[19.175001,50.865]]}},{"type":"Feature","properties":{"id":"rail-ne-872-0","name":"Railroad","usage":"main","gauge":null,"electrified":null},"geometry":{"type":"LineString","coordinates":[[26.606389,54.220556],[25.909167,54.059444]]}},{"type":"Feature","properties":{"id":"rail-ne-660-0","name":"Railroad","usage":"main","gauge":1435,"electrified":null},"geometry":{"type":"LineString","coordinates":[[17.019444,54.489722],[17.733889,54.526471]]}},{"type":"Feature","properties":{"id":"rail-ne-1978-0","name":"Railroad","usage":"main","gauge":null,"electrified":null},"geometry":{"type":"LineString","coordinates":[[30.900278,52.426666],[30.191387,52.332222]]}},{"type":"Feature","properties":{"id":"rail-ne-5883-0","name":"Railroad","usage":"main","gauge":1435,"electrified":null},"geometry":{"type":"LineString","coordinates":[[23.890001,47.151946],[23.520556,47.354722],[23.248889,47.245001]]}},{"type":"Feature","properties":{"id":"rail-ne-3762-0","name":"Railroad","usage":"main","gauge":1520,"electrified":null},"geometry":{"type":"LineString","coordinates":[[37.389445,49.999999],[37.347222,50.154166],[36.839721,50.377499]]}},{"type":"Feature","properties":{"id":"rail-ne-7623-0","name":"Railroad","usage":"main","gauge":null,"electrified":null},"geometry":{"type":"LineString","coordinates":[[22.132221,37.355833],[22.681944,37.490834],[22.741016,37.626321]]}},{"type":"Feature","properties":{"id":"rail-ne-5287-0","name":"Railroad","usage":"main","gauge":1520,"electrified":null},"geometry":{"type":"LineString","coordinates":[[34.192778,48.470833],[33.844445,48.107222],[33.639167,48.062222]]}},{"type":"Feature","properties":{"id":"rail-ne-2560-0","name":"Railroad","usage":"main","gauge":1435,"electrified":null},"geometry":{"type":"LineString","coordinates":[[21.04442,51.347071],[20.344721,51.478333]]}},{"type":"Feature","properties":{"id":"rail-ne-6738-0","name":"Railroad","usage":"main","gauge":1520,"electrified":null},"geometry":{"type":"LineString","coordinates":[[39.924167,44.747778],[40.616389,44.913333]]}},{"type":"Feature","properties":{"id":"rail-ne-4676-0","name":"Railroad","usage":"main","gauge":1520,"electrified":null},"geometry":{"type":"LineString","coordinates":[[40.111906,48.84548],[40.006386,48.698611],[39.478889,48.655555]]}},{"type":"Feature","properties":{"id":"rail-ne-7223-0","name":"Railroad","usage":"main","gauge":null,"electrified":null},"geometry":{"type":"LineString","coordinates":[[22.476666,42.235001],[22.532501,42.342776],[22.722224,42.306389],[22.709167,42.461389],[22.945277,42.501944]]}},{"type":"Feature","properties":{"id":"rail-ne-6899-0","name":"Railroad","usage":"main","gauge":null,"electrified":null},"geometry":{"type":"LineString","coordinates":[[19.94639,44.286667],[20.248611,44.386666],[20.442779,44.725277]]}},{"type":"Feature","properties":{"id":"rail-ne-6587-0","name":"Railroad","usage":"main","gauge":1520,"electrified":null},"geometry":{"type":"LineString","coordinates":[[36.66611,45.343612],[36.838332,45.398056],[37.023614,45.194167],[37.275833,45.188612]]}},{"type":"Feature","properties":{"id":"rail-ne-1556-0","name":"Railroad","usage":"main","gauge":1435,"electrified":null},"geometry":{"type":"LineString","coordinates":[[20.943056,53.394167],[21.080556,53.197501],[21.531389,53.072221]]}},{"type":"Feature","properties":{"id":"rail-ne-5840-0","name":"Railroad","usage":"main","gauge":null,"electrified":null},"geometry":{"type":"LineString","coordinates":[[27.798333,47.213889],[27.69111,47.376666],[27.738054,47.676944],[27.918055,47.782778]]}},{"type":"Feature","properties":{"id":"rail-ne-6029-0","name":"Railroad","usage":"main","gauge":1435,"electrified":null},"geometry":{"type":"LineString","coordinates":[[26.925278,46.951667],[27.090277,46.989167],[27.235834,46.821112],[27.548611,46.777778]]}},{"type":"Feature","properties":{"id":"rail-ne-1689-0","name":"Railroad","usage":"main","gauge":1520,"electrified":null},"geometry":{"type":"LineString","coordinates":[[32.396388,53.018055],[31.721669,52.806667]]}},{"type":"Feature","properties":{"id":"rail-ne-7003-0","name":"Railroad","usage":"main","gauge":null,"electrified":null},"geometry":{"type":"LineString","coordinates":[[20.040277,43.822221],[20.341557,43.906248],[20.693612,43.730834]]}},{"type":"Feature","properties":{"id":"rail-ne-5836-0","name":"Railroad","usage":"main","gauge":null,"electrified":null},"geometry":{"type":"LineString","coordinates":[[20.261112,47.729721],[20.742223,47.218889]]}},{"type":"Feature","properties":{"id":"rail-ne-1685-0","name":"Railroad","usage":"main","gauge":1435,"electrified":null},"geometry":{"type":"LineString","coordinates":[[24.257501,53.098056],[23.61889,52.808889]]}},{"type":"Feature","properties":{"id":"rail-ne-1725-0","name":"Railroad","usage":"main","gauge":null,"electrified":null},"geometry":{"type":"LineString","coordinates":[[26.773056,52.869166],[26.922778,52.744167],[26.417501,52.755]]}},{"type":"Feature","properties":{"id":"rail-ne-3092-0","name":"Railroad","usage":"main","gauge":1435,"electrified":null},"geometry":{"type":"LineString","coordinates":[[21.275556,50.972779],[21.793611,50.745001],[21.745834,50.620278]]}},{"type":"Feature","properties":{"id":"rail-ne-6420-0","name":"Railroad","usage":"main","gauge":1435,"electrified":null},"geometry":{"type":"LineString","coordinates":[[23.513611,45.988611],[23.94639,45.744166],[24.14,45.801667]]}},{"type":"Feature","properties":{"id":"rail-ne-1027-0","name":"Railroad","usage":"main","gauge":null,"electrified":null},"geometry":{"type":"LineString","coordinates":[[25.295279,53.888055],[25.269444,54.585556]]}},{"type":"Feature","properties":{"id":"rail-ne-262-0","name":"Railroad","usage":"main","gauge":1520,"electrified":null},"geometry":{"type":"LineString","coordinates":[[40.604167,55.497778],[41.301666,55.506943]]}},{"type":"Feature","properties":{"id":"rail-ne-7309-0","name":"Railroad","usage":"main","gauge":null,"electrified":null},"geometry":{"type":"LineString","coordinates":[[22.422901,41.911053],[22.18254,41.74728],[21.7775,41.713889]]}},{"type":"Feature","properties":{"id":"rail-ne-7233-0","name":"Railroad","usage":"main","gauge":null,"electrified":null},"geometry":{"type":"LineString","coordinates":[[25.530279,42.217777],[24.833611,42.189723]]}},{"type":"Feature","properties":{"id":"rail-ne-1609-0","name":"Railroad","usage":"main","gauge":1435,"electrified":null},"geometry":{"type":"LineString","coordinates":[[22.159721,53.063889],[22.850833,52.98361]]}},{"type":"Feature","properties":{"id":"rail-ne-6790-0","name":"Railroad","usage":"main","gauge":1435,"electrified":null},"geometry":{"type":"LineString","coordinates":[[26.664444,44.718055],[27.346389,44.580833]]}},{"type":"Feature","properties":{"id":"rail-ne-2294-0","name":"Railroad","usage":"main","gauge":null,"electrified":null},"geometry":{"type":"LineString","coordinates":[[28.458335,51.823055],[29.151943,51.815278]]}},{"type":"Feature","properties":{"id":"rail-ne-6867-0","name":"Railroad","usage":"main","gauge":1435,"electrified":null},"geometry":{"type":"LineString","coordinates":[[24.267501,44.379166],[24.698332,44.472223],[24.870556,44.656667]]}},{"type":"Feature","properties":{"id":"rail-ne-2184-0","name":"Railroad","usage":"main","gauge":1435,"electrified":null},"geometry":{"type":"LineString","coordinates":[[17.431466,52.031414],[16.746112,52.134167]]}},{"type":"Feature","properties":{"id":"rail-ne-1817-0","name":"Railroad","usage":"main","gauge":1435,"electrified":null},"geometry":{"type":"LineString","coordinates":[[20.761389,52.582223],[20.339444,53.130278]]}},{"type":"Feature","properties":{"id":"rail-ne-5704-0","name":"Railroad","usage":"main","gauge":1520,"electrified":null},"geometry":{"type":"LineString","coordinates":[[36.297221,48.087501],[36.122221,47.874445],[36.247501,47.478055]]}},{"type":"Feature","properties":{"id":"rail-ne-1014-0","name":"Railroad","usage":"main","gauge":1435,"electrified":null},"geometry":{"type":"LineString","coordinates":[[19.065555,54.026666],[19.335278,53.902777],[19.72889,53.927778]]}},{"type":"Feature","properties":{"id":"rail-ne-6600-0","name":"Railroad","usage":"main","gauge":1435,"electrified":null},"geometry":{"type":"LineString","coordinates":[[27.170832,45.704722],[27.053054,45.332499],[26.823609,45.140277]]}},{"type":"Feature","properties":{"id":"rail-ne-3154-0","name":"Railroad","usage":"main","gauge":1435,"electrified":null},"geometry":{"type":"LineString","coordinates":[[21.172221,50.554165],[21.2625,50.646388],[20.703612,50.605001]]}},{"type":"Feature","properties":{"id":"rail-ne-2245-0","name":"Railroad","usage":"main","gauge":1520,"electrified":null},"geometry":{"type":"LineString","coordinates":[[39.597271,51.898896],[39.956527,52.483056]]}},{"type":"Feature","properties":{"id":"rail-ne-6605-0","name":"Railroad","usage":"main","gauge":1435,"electrified":null},"geometry":{"type":"LineString","coordinates":[[26.310555,45.451112],[26.365554,45.250555],[26.639444,45.276388],[26.782221,45.13611]]}},{"type":"Feature","properties":{"id":"rail-ne-6387-0","name":"Railroad","usage":"main","gauge":null,"electrified":null},"geometry":{"type":"LineString","coordinates":[[16.221113,45.808888],[16.807777,46.157778]]}},{"type":"Feature","properties":{"id":"rail-ne-1192-0","name":"Railroad","usage":"main","gauge":1435,"electrified":null},"geometry":{"type":"LineString","coordinates":[[17.381668,53.660277],[16.700556,53.690556]]}},{"type":"Feature","properties":{"id":"rail-ne-5960-0","name":"Railroad","usage":"main","gauge":1520,"electrified":null},"geometry":{"type":"LineString","coordinates":[[32.114999,46.964444],[32.786389,47.075001]]}},{"type":"Feature","properties":{"id":"rail-ne-1852-0","name":"Railroad","usage":"main","gauge":null,"electrified":null},"geometry":{"type":"LineString","coordinates":[[30.339722,52.810277],[30.947224,52.505833]]}},{"type":"Feature","properties":{"id":"rail-ne-3789-0","name":"Railroad","usage":"main","gauge":1520,"electrified":null},"geometry":{"type":"LineString","coordinates":[[32.452778,50.1275],[33.118057,49.991667]]}},{"type":"Feature","properties":{"id":"rail-ne-7155-0","name":"Railroad","usage":"main","gauge":null,"electrified":null},"geometry":{"type":"LineString","coordinates":[[26.992501,42.678055],[26.869444,42.814444],[27.185,42.876944],[27.284723,43.018334]]}},{"type":"Feature","properties":{"id":"rail-ne-2986-0","name":"Railroad","usage":"main","gauge":1520,"electrified":null},"geometry":{"type":"LineString","coordinates":[[28.681666,50.932222],[29.33139,50.741667]]}},{"type":"Feature","properties":{"id":"rail-ne-6966-0","name":"Railroad","usage":"main","gauge":1520,"electrified":null},"geometry":{"type":"LineString","coordinates":[[41.92091,44.621447],[41.901668,44.406389],[42.059314,44.226117],[41.965054,44.02566]]}},{"type":"Feature","properties":{"id":"rail-ne-6750-0","name":"Railroad","usage":"main","gauge":1435,"electrified":null},"geometry":{"type":"LineString","coordinates":[[26.664444,44.718055],[27.238889,45.07361]]}},{"type":"Feature","properties":{"id":"rail-ne-4773-0","name":"Railroad","usage":"main","gauge":1520,"electrified":null},"geometry":{"type":"LineString","coordinates":[[35.2025,48.622499],[34.534721,48.532499]]}},{"type":"Feature","properties":{"id":"rail-ne-573-0","name":"Railroad","usage":"main","gauge":1520,"electrified":null},"geometry":{"type":"LineString","coordinates":[[39.633057,54.649166],[39.047501,54.981389]]}},{"type":"Feature","properties":{"id":"rail-ne-2180-0","name":"Railroad","usage":"main","gauge":1435,"electrified":null},"geometry":{"type":"LineString","coordinates":[[14.825278,52.349167],[15.408331,52.013334]]}},{"type":"Feature","properties":{"id":"rail-ne-1423-0","name":"Railroad","usage":"main","gauge":1435,"electrified":null},"geometry":{"type":"LineString","coordinates":[[20.163611,53.252223],[19.49137,53.279436]]}},{"type":"Feature","properties":{"id":"rail-ne-5611-0","name":"Railroad","usage":"main","gauge":1520,"electrified":null},"geometry":{"type":"LineString","coordinates":[[31.317501,47.648611],[31.299721,47.940557],[31.481667,48.080278],[31.392224,48.20139]]}},{"type":"Feature","properties":{"id":"rail-ne-1959-0","name":"Railroad","usage":"main","gauge":1435,"electrified":null},"geometry":{"type":"LineString","coordinates":[[15.44278,52.443889],[14.905554,52.457221],[14.825278,52.349167]]}},{"type":"Feature","properties":{"id":"rail-ne-6384-0","name":"Railroad","usage":"main","gauge":null,"electrified":null},"geometry":{"type":"LineString","coordinates":[[16.807777,46.157778],[17.390834,45.825834]]}},{"type":"Feature","properties":{"id":"rail-ne-5276-0","name":"Railroad","usage":"main","gauge":1520,"electrified":null},"geometry":{"type":"LineString","coordinates":[[30.595555,48.157501],[30.875279,48.085277],[30.581389,48.327778]]}},{"type":"Feature","properties":{"id":"rail-ne-1431-0","name":"Railroad","usage":"main","gauge":1520,"electrified":null},"geometry":{"type":"LineString","coordinates":[[45.005,53.222223],[45.227779,53.594722],[44.999999,53.654004]]}},{"type":"Feature","properties":{"id":"rail-ne-6385-0","name":"Railroad","usage":"main","gauge":1435,"electrified":null},"geometry":{"type":"LineString","coordinates":[[26.305278,46.036112],[26.148055,46.043334],[26.145833,45.855556],[25.822222,45.860833]]}},{"type":"Feature","properties":{"id":"rail-ne-1799-0","name":"Railroad","usage":"main","gauge":1435,"electrified":null},"geometry":{"type":"LineString","coordinates":[[16.575,52.611945],[15.90639,52.596111]]}},{"type":"Feature","properties":{"id":"rail-ne-1809-0","name":"Railroad","usage":"main","gauge":1520,"electrified":null},"geometry":{"type":"LineString","coordinates":[[38.457804,52.58916],[38.100014,53.153332]]}},{"type":"Feature","properties":{"id":"rail-ne-4093-0","name":"Railroad","usage":"main","gauge":1520,"electrified":null},"geometry":{"type":"LineString","coordinates":[[31.42,49.745834],[32.079166,49.646111]]}},{"type":"Feature","properties":{"id":"rail-ne-5159-0","name":"Railroad","usage":"main","gauge":null,"electrified":null},"geometry":{"type":"LineString","coordinates":[[15.621388,48.214721],[16.287501,48.196111]]}},{"type":"Feature","properties":{"id":"rail-ne-914-0","name":"Railroad","usage":"main","gauge":1520,"electrified":null},"geometry":{"type":"LineString","coordinates":[[44.950277,54.061389],[44.284721,54.074721]]}},{"type":"Feature","properties":{"id":"rail-ne-2148-0","name":"Railroad","usage":"main","gauge":1520,"electrified":null},"geometry":{"type":"LineString","coordinates":[[38.218887,52.071874],[38.661946,52.568334]]}},{"type":"Feature","properties":{"id":"rail-ne-1860-0","name":"Railroad","usage":"main","gauge":1520,"electrified":null},"geometry":{"type":"LineString","coordinates":[[39.956527,52.483056],[40.465566,52.90129]]}},{"type":"Feature","properties":{"id":"rail-ne-7343-0","name":"Railroad","usage":"main","gauge":null,"electrified":null},"geometry":{"type":"LineString","coordinates":[[26.628333,41.364167],[26.451531,41.672853],[26.164443,41.762222]]}},{"type":"Feature","properties":{"id":"rail-ne-7331-0","name":"Railroad","usage":"main","gauge":null,"electrified":null},"geometry":{"type":"LineString","coordinates":[[14.590554,41.462221],[15.016944,41.961111]]}},{"type":"Feature","properties":{"id":"rail-ne-5868-0","name":"Railroad","usage":"main","gauge":null,"electrified":null},"geometry":{"type":"LineString","coordinates":[[19.800556,47.174167],[19.205555,47.449722]]}},{"type":"Feature","properties":{"id":"rail-ne-3472-0","name":"Railroad","usage":"main","gauge":1520,"electrified":null},"geometry":{"type":"LineString","coordinates":[[23.623332,50.231944],[23.734723,50.378055],[24.20639,50.383611]]}},{"type":"Feature","properties":{"id":"rail-ne-4786-0","name":"Railroad","usage":"main","gauge":1520,"electrified":null},"geometry":{"type":"LineString","coordinates":[[25.685834,48.608611],[25.386945,48.689166],[25.085,48.520556]]}},{"type":"Feature","properties":{"id":"rail-ne-4885-0","name":"Railroad","usage":"main","gauge":1520,"electrified":null},"geometry":{"type":"LineString","coordinates":[[27.479722,48.402779],[27.229722,48.499445],[26.849167,48.431112]]}},{"type":"Feature","properties":{"id":"rail-ne-6089-0","name":"Railroad","usage":"main","gauge":null,"electrified":null},"geometry":{"type":"LineString","coordinates":[[14.794446,46.575832],[14.871388,46.873055],[14.735001,47.191666]]}},{"type":"Feature","properties":{"id":"rail-ne-3398-0","name":"Railroad","usage":"main","gauge":1435,"electrified":null},"geometry":{"type":"LineString","coordinates":[[22.987777,50.574167],[23.576112,50.29139]]}},{"type":"Feature","properties":{"id":"rail-ne-6792-0","name":"Railroad","usage":"main","gauge":null,"electrified":null},"geometry":{"type":"LineString","coordinates":[[21.003056,44.586667],[20.637498,44.574444],[20.435827,44.778628]]}},{"type":"Feature","properties":{"id":"rail-ne-341-0","name":"Railroad","usage":"main","gauge":1520,"electrified":null},"geometry":{"type":"LineString","coordinates":[[37.485193,55.242933],[36.862624,55.437597]]}},{"type":"Feature","properties":{"id":"rail-ne-6638-0","name":"Railroad","usage":"main","gauge":1435,"electrified":null},"geometry":{"type":"LineString","coordinates":[[24.308332,45.652778],[24.380834,45.187778],[24.28528,45.033611]]}},{"type":"Feature","properties":{"id":"rail-ne-4762-0","name":"Railroad","usage":"main","gauge":1520,"electrified":null},"geometry":{"type":"LineString","coordinates":[[24.009445,48.541112],[24.198612,48.996111],[24.354167,49.027222]]}},{"type":"Feature","properties":{"id":"rail-ne-6490-0","name":"Railroad","usage":"main","gauge":null,"electrified":null},"geometry":{"type":"LineString","coordinates":[[17.531666,45.779167],[18.120001,45.5]]}},{"type":"Feature","properties":{"id":"rail-ne-5522-0","name":"Railroad","usage":"main","gauge":null,"electrified":null},"geometry":{"type":"LineString","coordinates":[[27.918055,47.782778],[27.834166,48.019445],[27.514444,48.257779]]}},{"type":"Feature","properties":{"id":"rail-ne-1645-0","name":"Railroad","usage":"main","gauge":1435,"electrified":null},"geometry":{"type":"LineString","coordinates":[[16.709722,53.138889],[16.105834,52.899167]]}},{"type":"Feature","properties":{"id":"rail-ne-5675-0","name":"Railroad","usage":"main","gauge":null,"electrified":null},"geometry":{"type":"LineString","coordinates":[[20.963056,47.618333],[21.605002,47.527223]]}},{"type":"Feature","properties":{"id":"rail-ne-1656-0","name":"Railroad","usage":"main","gauge":1435,"electrified":null},"geometry":{"type":"LineString","coordinates":[[16.493889,53.264722],[16.123889,53.099446],[16.026944,52.878055]]}},{"type":"Feature","properties":{"id":"rail-ne-7420-0","name":"Railroad","usage":"main","gauge":null,"electrified":null},"geometry":{"type":"LineString","coordinates":[[46.359742,40.718206],[47.001546,40.640107]]}},{"type":"Feature","properties":{"id":"rail-ne-4531-0","name":"Railroad","usage":"main","gauge":1520,"electrified":null},"geometry":{"type":"LineString","coordinates":[[31.878611,49.218055],[32.412777,48.854723]]}},{"type":"Feature","properties":{"id":"rail-ne-1450-0","name":"Railroad","usage":"main","gauge":1520,"electrified":null},"geometry":{"type":"LineString","coordinates":[[43.017223,53.219722],[42.379169,53.320555]]}},{"type":"Feature","properties":{"id":"rail-ne-7115-0","name":"Railroad","usage":"main","gauge":null,"electrified":null},"geometry":{"type":"LineString","coordinates":[[24.722499,42.8925],[24.715832,43.161111],[25.06,43.314166]]}},{"type":"Feature","properties":{"id":"rail-ne-2906-0","name":"Railroad","usage":"main","gauge":1435,"electrified":null},"geometry":{"type":"LineString","coordinates":[[19.912501,50.819721],[20.236391,51.377777]]}},{"type":"Feature","properties":{"id":"rail-ne-6303-0","name":"Railroad","usage":"main","gauge":null,"electrified":null},"geometry":{"type":"LineString","coordinates":[[15.184723,46.088888],[14.540556,46.063056]]}},{"type":"Feature","properties":{"id":"rail-ne-7054-0","name":"Railroad","usage":"main","gauge":null,"electrified":null},"geometry":{"type":"LineString","coordinates":[[23.853055,43.699723],[23.797223,43.543056],[24.069999,43.485834],[24.085833,43.286947]]}},{"type":"Feature","properties":{"id":"rail-ne-3113-0","name":"Railroad","usage":"main","gauge":1520,"electrified":null},"geometry":{"type":"LineString","coordinates":[[32.354445,50.590834],[31.868611,51.013332]]}},{"type":"Feature","properties":{"id":"rail-ne-2136-0","name":"Railroad","usage":"main","gauge":1435,"electrified":null},"geometry":{"type":"LineString","coordinates":[[19.983333,52.085278],[19.356112,52.228889]]}},{"type":"Feature","properties":{"id":"rail-ne-6670-0","name":"Railroad","usage":"main","gauge":1520,"electrified":null},"geometry":{"type":"LineString","coordinates":[[37.395277,45.117476],[38.019166,44.968055]]}},{"type":"Feature","properties":{"id":"rail-ne-7235-0","name":"Railroad","usage":"main","gauge":null,"electrified":null},"geometry":{"type":"LineString","coordinates":[[24.181667,42.505834],[24.734445,42.180833]]}},{"type":"Feature","properties":{"id":"rail-ne-709-0","name":"Railroad","usage":"main","gauge":1435,"electrified":null},"geometry":{"type":"LineString","coordinates":[[17.766667,54.534999],[17.945556,54.497223],[17.911668,54.34],[18.208055,54.328612]]}},{"type":"Feature","properties":{"id":"rail-ne-6511-0","name":"Railroad","usage":"main","gauge":1435,"electrified":null},"geometry":{"type":"LineString","coordinates":[[27.909446,45.415001],[27.553333,45.598888],[27.436111,45.807501]]}},{"type":"Feature","properties":{"id":"rail-ne-6324-0","name":"Railroad","usage":"main","gauge":1435,"electrified":null},"geometry":{"type":"LineString","coordinates":[[25.51,46.043611],[25.293612,46.013334],[24.937502,46.23889]]}},{"type":"Feature","properties":{"id":"rail-ne-1659-0","name":"Railroad","usage":"main","gauge":1435,"electrified":null},"geometry":{"type":"LineString","coordinates":[[15.996388,52.870279],[15.42111,53.150278]]}},{"type":"Feature","properties":{"id":"rail-ne-5963-0","name":"Railroad","usage":"main","gauge":null,"electrified":null},"geometry":{"type":"LineString","coordinates":[[16.018888,46.9525],[15.710835,47.101667],[15.416666,47.058055]]}},{"type":"Feature","properties":{"id":"rail-ne-2384-0","name":"Railroad","usage":"main","gauge":1435,"electrified":null},"geometry":{"type":"LineString","coordinates":[[16.097501,51.679165],[16.73639,51.704167]]}},{"type":"Feature","properties":{"id":"rail-ne-6759-0","name":"Railroad","usage":"main","gauge":1435,"electrified":null},"geometry":{"type":"LineString","coordinates":[[24.960001,44.844444],[25.573612,44.668333]]}},{"type":"Feature","properties":{"id":"rail-ne-7568-0","name":"Railroad","usage":"main","gauge":null,"electrified":null},"geometry":{"type":"LineString","coordinates":[[48.866944,38.460277],[48.702606,39.076589]]}},{"type":"Feature","properties":{"id":"rail-ne-606-0","name":"Railroad","usage":"main","gauge":1435,"electrified":null},"geometry":{"type":"LineString","coordinates":[[18.352223,54.598889],[18.414722,54.794722],[18.806112,54.61139]]}},{"type":"Feature","properties":{"id":"rail-ne-3265-0","name":"Railroad","usage":"main","gauge":1520,"electrified":null},"geometry":{"type":"LineString","coordinates":[[40.673165,50.797529],[40.166186,50.41238]]}},{"type":"Feature","properties":{"id":"rail-ne-1837-0","name":"Railroad","usage":"main","gauge":1435,"electrified":null},"geometry":{"type":"LineString","coordinates":[[15.275,52.693333],[14.651944,52.569722]]}},{"type":"Feature","properties":{"id":"rail-ne-669-0","name":"Railroad","usage":"main","gauge":1520,"electrified":null},"geometry":{"type":"LineString","coordinates":[[20.440555,54.657222],[19.848334,54.43]]}},{"type":"Feature","properties":{"id":"rail-ne-5773-0","name":"Railroad","usage":"main","gauge":1435,"electrified":null},"geometry":{"type":"LineString","coordinates":[[22.480556,47.690555],[22.521666,47.502222],[22.766112,47.515833],[22.830834,47.333611]]}},{"type":"Feature","properties":{"id":"rail-ne-6396-0","name":"Railroad","usage":"main","gauge":null,"electrified":null},"geometry":{"type":"LineString","coordinates":[[19.668057,46.120557],[19.127222,45.795833]]}},{"type":"Feature","properties":{"id":"rail-ne-1348-0","name":"Railroad","usage":"main","gauge":null,"electrified":null},"geometry":{"type":"LineString","coordinates":[[28.484166,53.364166],[27.893334,53.584999]]}},{"type":"Feature","properties":{"id":"rail-ne-2727-0","name":"Railroad","usage":"main","gauge":1435,"electrified":null},"geometry":{"type":"LineString","coordinates":[[23.216667,51.120556],[22.596944,51.236944]]}},{"type":"Feature","properties":{"id":"rail-ne-7006-0","name":"Railroad","usage":"main","gauge":null,"electrified":null},"geometry":{"type":"LineString","coordinates":[[21.110282,44.156943],[20.743055,43.934722],[20.733611,43.733889]]}},{"type":"Feature","properties":{"id":"rail-ne-2429-0","name":"Railroad","usage":"main","gauge":1435,"electrified":null},"geometry":{"type":"LineString","coordinates":[[18.796113,52.217777],[18.965278,51.611945]]}},{"type":"Feature","properties":{"id":"rail-ne-5826-0","name":"Railroad","usage":"main","gauge":1520,"electrified":null},"geometry":{"type":"LineString","coordinates":[[39.513335,47.241944],[38.884823,47.240581]]}},{"type":"Feature","properties":{"id":"rail-ne-7294-0","name":"Railroad","usage":"main","gauge":null,"electrified":null},"geometry":{"type":"LineString","coordinates":[[41.795277,41.931944],[41.830094,42.03977],[42.329168,42.166389]]}},{"type":"Feature","properties":{"id":"rail-ne-2587-0","name":"Railroad","usage":"main","gauge":1520,"electrified":null},"geometry":{"type":"LineString","coordinates":[[37.834444,51.305834],[38.136111,51.595],[38.115555,51.804166]]}},{"type":"Feature","properties":{"id":"rail-ne-4417-0","name":"Railroad","usage":"main","gauge":null,"electrified":null},"geometry":{"type":"LineString","coordinates":[[19.179723,49.123612],[19.79861,49.019166]]}},{"type":"Feature","properties":{"id":"rail-ne-1791-0","name":"Railroad","usage":"main","gauge":1520,"electrified":null},"geometry":{"type":"LineString","coordinates":[[38.748054,52.615834],[39.374702,52.632882]]}},{"type":"Feature","properties":{"id":"rail-ne-994-0","name":"Railroad","usage":"main","gauge":null,"electrified":null},"geometry":{"type":"LineString","coordinates":[[30.340001,53.919999],[30.254722,54.281946],[30.393334,54.494167]]}},{"type":"Feature","properties":{"id":"rail-ne-6108-0","name":"Railroad","usage":"main","gauge":null,"electrified":null},"geometry":{"type":"LineString","coordinates":[[15.657777,46.558056],[15.034341,46.592123]]}},{"type":"Feature","properties":{"id":"rail-ne-81-0","name":"Railroad","usage":"main","gauge":1520,"electrified":null},"geometry":{"type":"LineString","coordinates":[[39.039165,55.8125],[39.651966,55.930851]]}},{"type":"Feature","properties":{"id":"rail-ne-285-0","name":"Railroad","usage":"main","gauge":1520,"electrified":null},"geometry":{"type":"LineString","coordinates":[[43.171947,55.47],[43.795554,55.448056]]}},{"type":"Feature","properties":{"id":"rail-ne-5184-0","name":"Railroad","usage":"main","gauge":1520,"electrified":null},"geometry":{"type":"LineString","coordinates":[[32.763611,48.158057],[32.859445,48.473056],[32.627222,48.654444]]}},{"type":"Feature","properties":{"id":"rail-ne-2444-0","name":"Railroad","usage":"main","gauge":1435,"electrified":null},"geometry":{"type":"LineString","coordinates":[[22.370002,51.941944],[21.855832,51.589167]]}},{"type":"Feature","properties":{"id":"rail-ne-2263-0","name":"Railroad","usage":"main","gauge":1520,"electrified":null},"geometry":{"type":"LineString","coordinates":[[43.339168,51.870833],[43.827499,52.258056]]}},{"type":"Feature","properties":{"id":"rail-ne-6439-0","name":"Railroad","usage":"main","gauge":null,"electrified":null},"geometry":{"type":"LineString","coordinates":[[14.190277,45.673888],[14.310707,45.810634],[14.23781,45.934757],[14.373712,45.909257],[14.457779,46.042499]]}},{"type":"Feature","properties":{"id":"rail-ne-6254-0","name":"Railroad","usage":"main","gauge":null,"electrified":null},"geometry":{"type":"LineString","coordinates":[[18.601389,46.823333],[18.703333,46.210001]]}},{"type":"Feature","properties":{"id":"rail-ne-3010-0","name":"Railroad","usage":"main","gauge":1520,"electrified":null},"geometry":{"type":"LineString","coordinates":[[35.694166,50.782778],[35.391389,50.711666],[35.100277,50.819167]]}},{"type":"Feature","properties":{"id":"rail-ne-4104-0","name":"Railroad","usage":"main","gauge":1520,"electrified":null},"geometry":{"type":"LineString","coordinates":[[34.626945,49.621666],[35.203611,49.852777]]}},{"type":"Feature","properties":{"id":"rail-ne-4546-0","name":"Railroad","usage":"main","gauge":1520,"electrified":null},"geometry":{"type":"LineString","coordinates":[[44.360001,48.838055],[44.084999,49.041945],[44.007779,49.309722]]}},{"type":"Feature","properties":{"id":"rail-ne-3846-0","name":"Railroad","usage":"main","gauge":1520,"electrified":null},"geometry":{"type":"LineString","coordinates":[[29.215,49.928889],[29.829445,50.009444]]}},{"type":"Feature","properties":{"id":"rail-ne-7550-0","name":"Railroad","usage":"main","gauge":null,"electrified":null},"geometry":{"type":"LineString","coordinates":[[22.38,38.887778],[22.166667,39.121944],[22.289722,39.154445],[22.244723,39.323611]]}},{"type":"Feature","properties":{"id":"rail-ne-2081-0","name":"Railroad","usage":"main","gauge":1435,"electrified":null},"geometry":{"type":"LineString","coordinates":[[21.974445,52.669444],[22.149999,52.581944],[22.241946,52.169167]]}},{"type":"Feature","properties":{"id":"rail-ne-615-0","name":"Railroad","usage":"main","gauge":1520,"electrified":null},"geometry":{"type":"LineString","coordinates":[[22.541944,54.628056],[21.924444,54.596945]]}},{"type":"Feature","properties":{"id":"rail-ne-746-0","name":"Railroad","usage":"main","gauge":1520,"electrified":null},"geometry":{"type":"LineString","coordinates":[[48.344722,54.273611],[48.124999,54.653334],[48.244998,54.786389]]}},{"type":"Feature","properties":{"id":"rail-ne-3657-0","name":"Railroad","usage":"main","gauge":1520,"electrified":null},"geometry":{"type":"LineString","coordinates":[[25.660277,50.331666],[25.097223,50.077499]]}},{"type":"Feature","properties":{"id":"rail-ne-5201-0","name":"Railroad","usage":"main","gauge":1520,"electrified":null},"geometry":{"type":"LineString","coordinates":[[28.317222,48.141945],[28.485556,48.478612],[28.716944,48.546666]]}},{"type":"Feature","properties":{"id":"rail-ne-432-0","name":"Railroad","usage":"main","gauge":null,"electrified":null},"geometry":{"type":"LineString","coordinates":[[27.195556,55.140278],[27.661946,55.128333],[27.763891,55.0175]]}},{"type":"Feature","properties":{"id":"rail-ne-696-0","name":"Railroad","usage":"main","gauge":null,"electrified":null},"geometry":{"type":"LineString","coordinates":[[24.047867,54.399994],[23.4325,54.35639]]}},{"type":"Feature","properties":{"id":"rail-ne-2900-0","name":"Railroad","usage":"main","gauge":1435,"electrified":null},"geometry":{"type":"LineString","coordinates":[[20.614721,50.8775],[20.0,50.830716]]}},{"type":"Feature","properties":{"id":"rail-ne-7542-0","name":"Railroad","usage":"main","gauge":1435,"electrified":null},"geometry":{"type":"LineString","coordinates":[[38.187222,39.347777],[38.028333,39.439166],[37.636946,39.253612]]}},{"type":"Feature","properties":{"id":"rail-ne-7283-0","name":"Railroad","usage":"main","gauge":null,"electrified":null},"geometry":{"type":"LineString","coordinates":[[21.35611,42.017499],[21.100471,42.578117]]}},{"type":"Feature","properties":{"id":"rail-ne-1874-0","name":"Railroad","usage":"main","gauge":1435,"electrified":null},"geometry":{"type":"LineString","coordinates":[[21.458331,52.44611],[21.59139,53.0475]]}},{"type":"Feature","properties":{"id":"rail-ne-1724-0","name":"Railroad","usage":"main","gauge":1435,"electrified":null},"geometry":{"type":"LineString","coordinates":[[15.887568,52.853958],[15.284168,52.733333]]}},{"type":"Feature","properties":{"id":"rail-ne-4895-0","name":"Railroad","usage":"main","gauge":1520,"electrified":null},"geometry":{"type":"LineString","coordinates":[[27.479722,48.402779],[27.779444,48.441666],[27.757501,48.753889]]}},{"type":"Feature","properties":{"id":"rail-ne-3015-0","name":"Railroad","usage":"main","gauge":1520,"electrified":null},"geometry":{"type":"LineString","coordinates":[[23.7475,50.71],[24.340277,50.871111]]}},{"type":"Feature","properties":{"id":"rail-ne-5471-0","name":"Railroad","usage":"main","gauge":null,"electrified":null},"geometry":{"type":"LineString","coordinates":[[14.633333,47.850556],[14.341111,47.938612],[14.517222,48.191666]]}},{"type":"Feature","properties":{"id":"rail-ne-4628-0","name":"Railroad","usage":"main","gauge":1520,"electrified":null},"geometry":{"type":"LineString","coordinates":[[26.600276,48.689445],[26.599999,48.868611],[26.843334,49.0275],[26.80889,49.166666]]}},{"type":"Feature","properties":{"id":"rail-ne-3882-0","name":"Railroad","usage":"main","gauge":1520,"electrified":null},"geometry":{"type":"LineString","coordinates":[[23.623332,50.231944],[24.037224,49.993611],[23.943057,49.898055]]}},{"type":"Feature","properties":{"id":"rail-ne-7058-0","name":"Railroad","usage":"main","gauge":1520,"electrified":null},"geometry":{"type":"LineString","coordinates":[[45.646388,43.306111],[45.035556,43.338889]]}},{"type":"Feature","properties":{"id":"rail-ne-6787-0","name":"Railroad","usage":"main","gauge":1435,"electrified":null},"geometry":{"type":"LineString","coordinates":[[23.289722,45.031111],[23.509999,44.966665],[23.497497,44.585]]}},{"type":"Feature","properties":{"id":"rail-ne-7519-0","name":"Railroad","usage":"main","gauge":null,"electrified":null},"geometry":{"type":"LineString","coordinates":[[48.487477,39.942113],[47.901113,39.772263]]}},{"type":"Feature","properties":{"id":"rail-ne-5630-0","name":"Railroad","usage":"main","gauge":null,"electrified":null},"geometry":{"type":"LineString","coordinates":[[20.963056,47.618333],[21.199443,47.996112],[21.363611,48.009166]]}},{"type":"Feature","properties":{"id":"rail-ne-2100-0","name":"Railroad","usage":"main","gauge":null,"electrified":null},"geometry":{"type":"LineString","coordinates":[[29.339722,52.139168],[29.712779,52.621667]]}},{"type":"Feature","properties":{"id":"rail-ne-4210-0","name":"Railroad","usage":"main","gauge":1520,"electrified":null},"geometry":{"type":"LineString","coordinates":[[36.487776,49.624167],[37.053057,49.395833]]}},{"type":"Feature","properties":{"id":"rail-ne-6419-0","name":"Railroad","usage":"main","gauge":1520,"electrified":null},"geometry":{"type":"LineString","coordinates":[[34.641667,46.22639],[34.793057,46.149166],[34.972501,45.747777]]}},{"type":"Feature","properties":{"id":"rail-ne-4207-0","name":"Railroad","usage":"main","gauge":1520,"electrified":null},"geometry":{"type":"LineString","coordinates":[[24.990554,49.398612],[25.594167,49.483334]]}},{"type":"Feature","properties":{"id":"rail-ne-670-0","name":"Railroad","usage":"main","gauge":1520,"electrified":null},"geometry":{"type":"LineString","coordinates":[[20.441389,54.63611],[19.868055,54.429722]]}},{"type":"Feature","properties":{"id":"rail-ne-4916-0","name":"Railroad","usage":"main","gauge":null,"electrified":null},"geometry":{"type":"LineString","coordinates":[[19.672778,48.815278],[19.939445,48.680277],[20.014446,48.379166]]}},{"type":"Feature","properties":{"id":"rail-ne-6367-0","name":"Railroad","usage":"main","gauge":1435,"electrified":null},"geometry":{"type":"LineString","coordinates":[[25.770278,46.428888],[25.887221,46.250278],[25.822222,45.860833]]}},{"type":"Feature","properties":{"id":"rail-ne-25-1","name":"Railroad","usage":"main","gauge":null,"electrified":null},"geometry":{"type":"LineString","coordinates":[[23.90717,56.0],[23.305277,55.929721]]}},{"type":"Feature","properties":{"id":"rail-ne-6527-0","name":"Railroad","usage":"main","gauge":null,"electrified":null},"geometry":{"type":"LineString","coordinates":[[20.474167,45.3775],[20.14889,45.610555],[20.319721,45.724166]]}},{"type":"Feature","properties":{"id":"rail-ne-5781-0","name":"Railroad","usage":"main","gauge":1520,"electrified":null},"geometry":{"type":"LineString","coordinates":[[47.402502,47.319445],[48.00004,47.415904]]}},{"type":"Feature","properties":{"id":"rail-ne-697-0","name":"Railroad","usage":"main","gauge":null,"electrified":null},"geometry":{"type":"LineString","coordinates":[[23.4325,54.35639],[23.236666,54.440833],[23.483611,54.745278]]}},{"type":"Feature","properties":{"id":"rail-ne-605-0","name":"Railroad","usage":"main","gauge":1435,"electrified":null},"geometry":{"type":"LineString","coordinates":[[17.721544,54.612777],[17.932779,54.770277],[18.230834,54.604167]]}},{"type":"Feature","properties":{"id":"rail-ne-2262-0","name":"Railroad","usage":"main","gauge":1520,"electrified":null},"geometry":{"type":"LineString","coordinates":[[37.032776,52.2375],[36.734999,52.164444],[36.669721,51.873612]]}},{"type":"Feature","properties":{"id":"rail-ne-6105-0","name":"Railroad","usage":"main","gauge":null,"electrified":null},"geometry":{"type":"LineString","coordinates":[[16.165058,46.546629],[15.950279,46.728611],[15.628609,46.710834]]}},{"type":"Feature","properties":{"id":"rail-ne-7544-0","name":"Railroad","usage":"main","gauge":null,"electrified":null},"geometry":{"type":"LineString","coordinates":[[48.702606,39.076589],[48.636267,39.221019],[48.950595,39.535449]]}},{"type":"Feature","properties":{"id":"rail-ne-2296-0","name":"Railroad","usage":"main","gauge":1520,"electrified":null},"geometry":{"type":"LineString","coordinates":[[38.115555,51.804166],[37.517911,51.887384]]}},{"type":"Feature","properties":{"id":"rail-ne-4748-0","name":"Railroad","usage":"main","gauge":1520,"electrified":null},"geometry":{"type":"LineString","coordinates":[[22.283056,48.591111],[21.68028,48.618334]]}},{"type":"Feature","properties":{"id":"rail-ne-4967-0","name":"Railroad","usage":"main","gauge":null,"electrified":null},"geometry":{"type":"LineString","coordinates":[[19.134167,48.574722],[19.45639,48.517499],[19.663335,48.336111]]}},{"type":"Feature","properties":{"id":"rail-ne-4231-0","name":"Railroad","usage":"main","gauge":1520,"electrified":null},"geometry":{"type":"LineString","coordinates":[[28.525833,49.450278],[29.120278,49.353332]]}},{"type":"Feature","properties":{"id":"rail-ne-2309-0","name":"Railroad","usage":"main","gauge":1520,"electrified":null},"geometry":{"type":"LineString","coordinates":[[31.109722,51.774444],[31.063889,52.374444]]}},{"type":"Feature","properties":{"id":"rail-ne-4056-0","name":"Railroad","usage":"main","gauge":1520,"electrified":null},"geometry":{"type":"LineString","coordinates":[[38.081945,50.110555],[37.633333,49.71]]}},{"type":"Feature","properties":{"id":"rail-ne-829-0","name":"Railroad","usage":"main","gauge":1435,"electrified":null},"geometry":{"type":"LineString","coordinates":[[19.830956,54.376538],[19.752499,54.138889],[19.402942,54.160144]]}},{"type":"Feature","properties":{"id":"rail-ne-2577-0","name":"Railroad","usage":"main","gauge":1520,"electrified":null},"geometry":{"type":"LineString","coordinates":[[28.810277,51.323054],[29.151943,51.815278]]}},{"type":"Feature","properties":{"id":"rail-ne-4036-0","name":"Railroad","usage":"main","gauge":1435,"electrified":null},"geometry":{"type":"LineString","coordinates":[[21.992779,50.038889],[21.474411,49.739191]]}},{"type":"Feature","properties":{"id":"rail-ne-970-0","name":"Railroad","usage":"main","gauge":null,"electrified":null},"geometry":{"type":"LineString","coordinates":[[27.746112,53.94361],[28.326111,54.088055]]}},{"type":"Feature","properties":{"id":"rail-ne-3510-0","name":"Railroad","usage":"main","gauge":1520,"electrified":null},"geometry":{"type":"LineString","coordinates":[[27.574167,50.569167],[27.108334,50.195833]]}},{"type":"Feature","properties":{"id":"rail-ne-7632-0","name":"Railroad","usage":"main","gauge":null,"electrified":null},"geometry":{"type":"LineString","coordinates":[[15.035832,37.4525],[14.981667,37.312222],[15.228889,37.25639],[15.287778,37.072777]]}},{"type":"Feature","properties":{"id":"rail-ne-7121-0","name":"Railroad","usage":"main","gauge":null,"electrified":null},"geometry":{"type":"LineString","coordinates":[[23.345001,42.814167],[23.37611,43.077221],[23.699723,43.150279]]}},{"type":"Feature","properties":{"id":"rail-ne-4764-0","name":"Railroad","usage":"main","gauge":1520,"electrified":null},"geometry":{"type":"LineString","coordinates":[[35.806666,48.540834],[35.219445,48.638055]]}},{"type":"Feature","properties":{"id":"rail-ne-1460-0","name":"Railroad","usage":"main","gauge":1435,"electrified":null},"geometry":{"type":"LineString","coordinates":[[22.06465,53.179316],[21.501944,53.369722]]}},{"type":"Feature","properties":{"id":"rail-ne-6520-0","name":"Railroad","usage":"main","gauge":1520,"electrified":null},"geometry":{"type":"LineString","coordinates":[[29.220556,45.857501],[28.856113,45.388611]]}},{"type":"Feature","properties":{"id":"rail-ne-2271-0","name":"Railroad","usage":"main","gauge":1435,"electrified":null},"geometry":{"type":"LineString","coordinates":[[19.983333,52.085278],[19.435555,51.856944]]}},{"type":"Feature","properties":{"id":"rail-ne-7229-0","name":"Railroad","usage":"main","gauge":null,"electrified":null},"geometry":{"type":"LineString","coordinates":[[24.127498,42.202777],[23.908057,42.250834],[23.716214,42.563625]]}},{"type":"Feature","properties":{"id":"rail-ne-2337-0","name":"Railroad","usage":"main","gauge":1520,"electrified":null},"geometry":{"type":"LineString","coordinates":[[39.573223,51.874979],[40.148736,51.739212]]}},{"type":"Feature","properties":{"id":"rail-ne-3290-0","name":"Railroad","usage":"main","gauge":1520,"electrified":null},"geometry":{"type":"LineString","coordinates":[[44.985809,50.383975],[45.018834,50.563073],[44.680556,50.7925]]}},{"type":"Feature","properties":{"id":"rail-ne-5614-0","name":"Railroad","usage":"main","gauge":1435,"electrified":null},"geometry":{"type":"LineString","coordinates":[[22.947224,47.814444],[23.511946,47.641944]]}},{"type":"Feature","properties":{"id":"rail-ne-6954-0","name":"Railroad","usage":"main","gauge":1435,"electrified":null},"geometry":{"type":"LineString","coordinates":[[24.954722,44.129722],[24.364443,44.121111]]}},{"type":"Feature","properties":{"id":"rail-ne-6337-0","name":"Railroad","usage":"main","gauge":null,"electrified":null},"geometry":{"type":"LineString","coordinates":[[17.474128,45.959818],[16.96111,46.251112]]}},{"type":"Feature","properties":{"id":"rail-ne-3217-0","name":"Railroad","usage":"main","gauge":1435,"electrified":null},"geometry":{"type":"LineString","coordinates":[[22.185277,50.483611],[22.769723,50.555555]]}},{"type":"Feature","properties":{"id":"rail-ne-7588-0","name":"Railroad","usage":"main","gauge":null,"electrified":null},"geometry":{"type":"LineString","coordinates":[[23.610555,38.322777],[23.872221,38.146945],[23.676668,37.959446]]}},{"type":"Feature","properties":{"id":"rail-ne-4092-0","name":"Railroad","usage":"main","gauge":1520,"electrified":null},"geometry":{"type":"LineString","coordinates":[[32.408889,50.129999],[32.079166,49.646111]]}},{"type":"Feature","properties":{"id":"rail-ne-6661-0","name":"Railroad","usage":"main","gauge":null,"electrified":null},"geometry":{"type":"LineString","coordinates":[[19.238334,45.110277],[19.810489,44.990855]]}},{"type":"Feature","properties":{"id":"rail-ne-2724-0","name":"Railroad","usage":"main","gauge":1435,"electrified":null},"geometry":{"type":"LineString","coordinates":[[16.457615,51.405093],[16.966944,51.118613]]}},{"type":"Feature","properties":{"id":"rail-ne-1440-0","name":"Railroad","usage":"main","gauge":1435,"electrified":null},"geometry":{"type":"LineString","coordinates":[[16.475556,53.282778],[15.891665,53.271944]]}},{"type":"Feature","properties":{"id":"rail-ne-7033-0","name":"Railroad","usage":"main","gauge":null,"electrified":null},"geometry":{"type":"LineString","coordinates":[[24.536946,43.437777],[25.112236,43.346759]]}},{"type":"Feature","properties":{"id":"rail-ne-1081-0","name":"Railroad","usage":"main","gauge":1435,"electrified":null},"geometry":{"type":"LineString","coordinates":[[15.597778,54.178333],[15.283888,54.057222],[15.252501,53.813334]]}},{"type":"Feature","properties":{"id":"rail-ne-2334-0","name":"Railroad","usage":"main","gauge":1435,"electrified":null},"geometry":{"type":"LineString","coordinates":[[18.505277,52.023611],[18.140832,51.941389],[18.084166,51.741112]]}},{"type":"Feature","properties":{"id":"rail-ne-5817-0","name":"Railroad","usage":"main","gauge":null,"electrified":null},"geometry":{"type":"LineString","coordinates":[[16.629443,47.250832],[16.433611,47.572224],[16.626944,47.640555]]}},{"type":"Feature","properties":{"id":"rail-ne-5649-0","name":"Railroad","usage":"main","gauge":1435,"electrified":null},"geometry":{"type":"LineString","coordinates":[[23.420554,47.589166],[23.173054,47.703612],[22.872778,47.635556]]}},{"type":"Feature","properties":{"id":"rail-ne-7653-0","name":"Railroad","usage":"main","gauge":null,"electrified":null},"geometry":{"type":"LineString","coordinates":[[36.544166,36.0],[37.117499,36.090555]]}},{"type":"Feature","properties":{"id":"rail-ne-851-0","name":"Railroad","usage":"main","gauge":1520,"electrified":null},"geometry":{"type":"LineString","coordinates":[[42.899141,54.111985],[42.334035,54.239562]]}},{"type":"Feature","properties":{"id":"rail-ne-2538-0","name":"Railroad","usage":"main","gauge":1435,"electrified":null},"geometry":{"type":"LineString","coordinates":[[21.180277,51.399721],[21.064723,51.967223]]}},{"type":"Feature","properties":{"id":"rail-ne-4865-0","name":"Railroad","usage":"main","gauge":1520,"electrified":null},"geometry":{"type":"LineString","coordinates":[[33.141111,48.650278],[33.670556,48.42]]}},{"type":"Feature","properties":{"id":"rail-ne-4244-0","name":"Railroad","usage":"main","gauge":1520,"electrified":null},"geometry":{"type":"LineString","coordinates":[[35.379445,49.339167],[34.818054,49.473611]]}},{"type":"Feature","properties":{"id":"rail-ne-6971-0","name":"Railroad","usage":"main","gauge":1435,"electrified":null},"geometry":{"type":"LineString","coordinates":[[25.514723,44.279165],[25.659722,44.030278],[25.935554,43.946944]]}},{"type":"Feature","properties":{"id":"rail-ne-6635-0","name":"Railroad","usage":"main","gauge":1520,"electrified":null},"geometry":{"type":"LineString","coordinates":[[39.002499,45.038056],[38.973612,45.6125]]}},{"type":"Feature","properties":{"id":"rail-ne-36-2","name":"Railroad","usage":"main","gauge":1520,"electrified":null},"geometry":{"type":"LineString","coordinates":[[36.378614,56.0],[36.944331,55.898232]]}},{"type":"Feature","properties":{"id":"rail-ne-4192-0","name":"Railroad","usage":"main","gauge":1520,"electrified":null},"geometry":{"type":"LineString","coordinates":[[29.278333,49.421111],[29.21,49.627223],[28.869166,49.733889]]}},{"type":"Feature","properties":{"id":"rail-ne-5802-0","name":"Railroad","usage":"main","gauge":null,"electrified":null},"geometry":{"type":"LineString","coordinates":[[19.922502,47.676667],[20.197777,47.461946],[20.066112,47.279444]]}},{"type":"Feature","properties":{"id":"rail-ne-5857-0","name":"Railroad","usage":"main","gauge":1435,"electrified":null},"geometry":{"type":"LineString","coordinates":[[26.709444,47.247221],[27.2825,47.217778]]}},{"type":"Feature","properties":{"id":"rail-ne-4267-0","name":"Railroad","usage":"main","gauge":null,"electrified":null},"geometry":{"type":"LineString","coordinates":[[14.674446,49.431112],[14.385001,49.443056],[14.144723,49.294444]]}},{"type":"Feature","properties":{"id":"rail-ne-7318-0","name":"Railroad","usage":"main","gauge":null,"electrified":null},"geometry":{"type":"LineString","coordinates":[[42.871409,41.623789],[43.402588,41.833933]]}},{"type":"Feature","properties":{"id":"rail-ne-2330-0","name":"Railroad","usage":"main","gauge":1435,"electrified":null},"geometry":{"type":"LineString","coordinates":[[20.441666,51.782777],[19.871441,51.803341]]}},{"type":"Feature","properties":{"id":"rail-ne-6283-0","name":"Railroad","usage":"main","gauge":1435,"electrified":null},"geometry":{"type":"LineString","coordinates":[[20.751111,46.159722],[21.319167,46.209166]]}},{"type":"Feature","properties":{"id":"rail-ne-2453-0","name":"Railroad","usage":"main","gauge":1520,"electrified":null},"geometry":{"type":"LineString","coordinates":[[34.264167,51.57861],[33.945001,52.051111]]}},{"type":"Feature","properties":{"id":"rail-ne-4375-0","name":"Railroad","usage":"main","gauge":1520,"electrified":null},"geometry":{"type":"LineString","coordinates":[[37.053057,49.395833],[37.531666,49.088611]]}},{"type":"Feature","properties":{"id":"rail-ne-2979-0","name":"Railroad","usage":"main","gauge":1435,"electrified":null},"geometry":{"type":"LineString","coordinates":[[18.553314,51.238632],[18.849722,50.75361]]}},{"type":"Feature","properties":{"id":"rail-ne-6322-0","name":"Railroad","usage":"main","gauge":null,"electrified":null},"geometry":{"type":"LineString","coordinates":[[16.346667,46.303889],[16.187223,46.059445],[15.913887,46.025554]]}},{"type":"Feature","properties":{"id":"rail-ne-4200-0","name":"Railroad","usage":"main","gauge":1520,"electrified":null},"geometry":{"type":"LineString","coordinates":[[23.971943,49.825834],[24.183612,49.706112],[24.298889,49.405]]}},{"type":"Feature","properties":{"id":"rail-ne-7569-0","name":"Railroad","usage":"main","gauge":1435,"electrified":null},"geometry":{"type":"LineString","coordinates":[[27.457222,38.620833],[27.081389,38.602778],[27.150278,38.4275]]}},{"type":"Feature","properties":{"id":"rail-ne-5138-0","name":"Railroad","usage":"main","gauge":null,"electrified":null},"geometry":{"type":"LineString","coordinates":[[22.074167,48.357501],[21.689167,48.200277],[21.555556,48.263889]]}},{"type":"Feature","properties":{"id":"rail-ne-1834-0","name":"Railroad","usage":"main","gauge":1435,"electrified":null},"geometry":{"type":"LineString","coordinates":[[18.254166,52.766389],[18.293055,52.557501],[17.95972,52.6675]]}},{"type":"Feature","properties":{"id":"rail-ne-5277-0","name":"Railroad","usage":"main","gauge":null,"electrified":null},"geometry":{"type":"LineString","coordinates":[[21.229168,48.507777],[20.873333,48.07111]]}},{"type":"Feature","properties":{"id":"rail-ne-1873-0","name":"Railroad","usage":"main","gauge":1435,"electrified":null},"geometry":{"type":"LineString","coordinates":[[21.974445,52.669444],[21.458331,52.44611]]}},{"type":"Feature","properties":{"id":"rail-ne-3311-0","name":"Railroad","usage":"main","gauge":1520,"electrified":null},"geometry":{"type":"LineString","coordinates":[[40.673165,50.797529],[41.022715,50.357495]]}},{"type":"Feature","properties":{"id":"rail-ne-5798-0","name":"Railroad","usage":"main","gauge":1435,"electrified":null},"geometry":{"type":"LineString","coordinates":[[25.196112,47.361944],[24.6375,47.301111]]}},{"type":"Feature","properties":{"id":"rail-ne-6607-0","name":"Railroad","usage":"main","gauge":1435,"electrified":null},"geometry":{"type":"LineString","coordinates":[[25.71861,45.133333],[25.537779,45.361666],[25.645,45.610001]]}},{"type":"Feature","properties":{"id":"rail-ne-3042-0","name":"Railroad","usage":"main","gauge":1435,"electrified":null},"geometry":{"type":"LineString","coordinates":[[18.68814,50.671129],[18.210833,50.965833]]}},{"type":"Feature","properties":{"id":"rail-ne-1870-0","name":"Railroad","usage":"main","gauge":1520,"electrified":null},"geometry":{"type":"LineString","coordinates":[[32.783334,52.681667],[33.299587,52.46365]]}},{"type":"Feature","properties":{"id":"rail-ne-2091-0","name":"Railroad","usage":"main","gauge":1435,"electrified":null},"geometry":{"type":"LineString","coordinates":[[22.241946,52.169167],[21.682501,52.151388]]}},{"type":"Feature","properties":{"id":"rail-ne-1074-0","name":"Railroad","usage":"main","gauge":1435,"electrified":null},"geometry":{"type":"LineString","coordinates":[[14.280832,53.890833],[14.835834,53.826945]]}},{"type":"Feature","properties":{"id":"rail-ne-6287-0","name":"Railroad","usage":"main","gauge":1435,"electrified":null},"geometry":{"type":"LineString","coordinates":[[26.890834,46.568333],[27.189166,46.096388]]}},{"type":"Feature","properties":{"id":"rail-ne-5852-0","name":"Railroad","usage":"main","gauge":1435,"electrified":null},"geometry":{"type":"LineString","coordinates":[[22.830834,47.333611],[22.718333,47.199445],[22.352777,47.308889]]}},{"type":"Feature","properties":{"id":"rail-ne-4259-0","name":"Railroad","usage":"main","gauge":1435,"electrified":null},"geometry":{"type":"LineString","coordinates":[[20.022777,49.457222],[19.486944,49.307222]]}},{"type":"Feature","properties":{"id":"rail-ne-2637-0","name":"Railroad","usage":"main","gauge":1520,"electrified":null},"geometry":{"type":"LineString","coordinates":[[33.174164,51.23],[33.441388,51.718056]]}},{"type":"Feature","properties":{"id":"rail-ne-7584-0","name":"Railroad","usage":"main","gauge":null,"electrified":null},"geometry":{"type":"LineString","coordinates":[[15.640001,38.095555],[15.639167,38.218888],[15.974721,38.492222]]}},{"type":"Feature","properties":{"id":"rail-ne-3685-0","name":"Railroad","usage":"main","gauge":1435,"electrified":null},"geometry":{"type":"LineString","coordinates":[[21.976944,50.070833],[21.421718,50.053536]]}},{"type":"Feature","properties":{"id":"rail-ne-284-1","name":"Railroad","usage":"main","gauge":1520,"electrified":null},"geometry":{"type":"LineString","coordinates":[[43.855454,56.0],[43.795554,55.448056]]}},{"type":"Feature","properties":{"id":"rail-ne-6098-0","name":"Railroad","usage":"main","gauge":1520,"electrified":null},"geometry":{"type":"LineString","coordinates":[[39.590879,46.555281],[39.55,46.806945],[39.700834,47.066389]]}},{"type":"Feature","properties":{"id":"rail-ne-6091-0","name":"Railroad","usage":"main","gauge":1435,"electrified":null},"geometry":{"type":"LineString","coordinates":[[24.326946,47.016667],[24.489446,46.918889],[24.368056,46.575278]]}},{"type":"Feature","properties":{"id":"rail-ne-254-0","name":"Railroad","usage":"main","gauge":1520,"electrified":null},"geometry":{"type":"LineString","coordinates":[[41.481387,55.500001],[42.030833,55.566944]]}},{"type":"Feature","properties":{"id":"rail-ne-2426-0","name":"Railroad","usage":"main","gauge":1520,"electrified":null},"geometry":{"type":"LineString","coordinates":[[36.080555,51.641111],[35.527778,51.618611]]}},{"type":"Feature","properties":{"id":"rail-ne-6489-0","name":"Railroad","usage":"main","gauge":null,"electrified":null},"geometry":{"type":"LineString","coordinates":[[18.120001,45.5],[18.669999,45.557779]]}},{"type":"Feature","properties":{"id":"rail-ne-7293-0","name":"Railroad","usage":"main","gauge":null,"electrified":null},"geometry":{"type":"LineString","coordinates":[[44.130001,41.953056],[43.577979,41.983004]]}},{"type":"Feature","properties":{"id":"rail-ne-5000-0","name":"Railroad","usage":"main","gauge":null,"electrified":null},"geometry":{"type":"LineString","coordinates":[[18.522778,48.310277],[18.999167,48.588612]]}},{"type":"Feature","properties":{"id":"rail-ne-2634-0","name":"Railroad","usage":"main","gauge":1435,"electrified":null},"geometry":{"type":"LineString","coordinates":[[18.004167,51.289445],[18.553314,51.238632]]}},{"type":"Feature","properties":{"id":"rail-ne-853-0","name":"Railroad","usage":"main","gauge":1520,"electrified":null},"geometry":{"type":"LineString","coordinates":[[37.556389,54.14361],[37.005697,54.159123]]}},{"type":"Feature","properties":{"id":"rail-ne-6424-0","name":"Railroad","usage":"main","gauge":1520,"electrified":null},"geometry":{"type":"LineString","coordinates":[[34.641667,46.22639],[34.403891,45.730555]]}},{"type":"Feature","properties":{"id":"rail-ne-6763-0","name":"Railroad","usage":"main","gauge":1435,"electrified":null},"geometry":{"type":"LineString","coordinates":[[27.296389,45.087779],[27.645276,44.662777]]}},{"type":"Feature","properties":{"id":"rail-ne-5972-0","name":"Railroad","usage":"main","gauge":null,"electrified":null},"geometry":{"type":"LineString","coordinates":[[16.565556,47.010833],[16.018888,46.9525]]}},{"type":"Feature","properties":{"id":"rail-ne-6453-0","name":"Railroad","usage":"main","gauge":null,"electrified":null},"geometry":{"type":"LineString","coordinates":[[19.46389,45.648611],[19.460278,45.895001],[19.691665,46.089444]]}},{"type":"Feature","properties":{"id":"rail-ne-3334-0","name":"Railroad","usage":"main","gauge":1520,"electrified":null},"geometry":{"type":"LineString","coordinates":[[33.989932,50.377159],[33.441389,50.373332]]}},{"type":"Feature","properties":{"id":"rail-ne-3181-0","name":"Railroad","usage":"main","gauge":1520,"electrified":null},"geometry":{"type":"LineString","coordinates":[[29.718889,50.677222],[30.244722,50.521666]]}},{"type":"Feature","properties":{"id":"rail-ne-7319-0","name":"Railroad","usage":"main","gauge":null,"electrified":null},"geometry":{"type":"LineString","coordinates":[[25.38139,41.6425],[25.547778,41.671945],[25.623334,42.043332]]}},{"type":"Feature","properties":{"id":"rail-ne-988-0","name":"Railroad","usage":"main","gauge":1520,"electrified":null},"geometry":{"type":"LineString","coordinates":[[45.589721,53.938611],[45.056944,54.066667]]}},{"type":"Feature","properties":{"id":"rail-ne-1151-0","name":"Railroad","usage":"main","gauge":1520,"electrified":null},"geometry":{"type":"LineString","coordinates":[[32.142501,53.709722],[32.674166,53.841945]]}},{"type":"Feature","properties":{"id":"rail-ne-6438-0","name":"Railroad","usage":"main","gauge":1435,"electrified":null},"geometry":{"type":"LineString","coordinates":[[21.353333,45.780556],[21.892501,45.684444]]}},{"type":"Feature","properties":{"id":"rail-ne-6497-0","name":"Railroad","usage":"main","gauge":1520,"electrified":null},"geometry":{"type":"LineString","coordinates":[[40.130834,45.84],[40.52139,45.456112]]}},{"type":"Feature","properties":{"id":"rail-ne-1063-0","name":"Railroad","usage":"main","gauge":1435,"electrified":null},"geometry":{"type":"LineString","coordinates":[[21.817779,54.027221],[22.33,53.835555]]}},{"type":"Feature","properties":{"id":"rail-ne-6945-0","name":"Railroad","usage":"main","gauge":1435,"electrified":null},"geometry":{"type":"LineString","coordinates":[[25.514723,44.279165],[24.988611,44.129999]]}},{"type":"Feature","properties":{"id":"rail-ne-4639-0","name":"Railroad","usage":"main","gauge":null,"electrified":null},"geometry":{"type":"LineString","coordinates":[[15.969444,48.701667],[16.514442,48.678333]]}},{"type":"Feature","properties":{"id":"rail-ne-7534-0","name":"Railroad","usage":"main","gauge":1435,"electrified":null},"geometry":{"type":"LineString","coordinates":[[30.103888,39.387222],[30.493054,39.769443]]}},{"type":"Feature","properties":{"id":"rail-ne-5280-0","name":"Railroad","usage":"main","gauge":null,"electrified":null},"geometry":{"type":"LineString","coordinates":[[18.934722,48.067222],[19.134167,48.574722]]}},{"type":"Feature","properties":{"id":"rail-ne-6328-0","name":"Railroad","usage":"main","gauge":1520,"electrified":null},"geometry":{"type":"LineString","coordinates":[[28.968332,46.321667],[29.393889,45.980834]]}},{"type":"Feature","properties":{"id":"rail-ne-1803-0","name":"Railroad","usage":"main","gauge":1435,"electrified":null},"geometry":{"type":"LineString","coordinates":[[15.887568,52.853958],[15.484722,52.709166],[15.489998,52.592223]]}},{"type":"Feature","properties":{"id":"rail-ne-7290-0","name":"Railroad","usage":"main","gauge":null,"electrified":null},"geometry":{"type":"LineString","coordinates":[[43.046944,42.105556],[43.577979,41.983004]]}},{"type":"Feature","properties":{"id":"rail-ne-6601-0","name":"Railroad","usage":"main","gauge":1520,"electrified":null},"geometry":{"type":"LineString","coordinates":[[34.333332,45.592499],[34.032501,45.139723]]}},{"type":"Feature","properties":{"id":"rail-ne-6588-0","name":"Railroad","usage":"main","gauge":null,"electrified":null},"geometry":{"type":"LineString","coordinates":[[17.678056,45.184167],[18.120001,45.5]]}},{"type":"Feature","properties":{"id":"rail-ne-7369-1","name":"Railroad","usage":"main","gauge":null,"electrified":null},"geometry":{"type":"LineString","coordinates":[[14.0,41.394305],[14.121387,41.29],[14.06861,41.194722],[14.311852,41.069927]]}},{"type":"Feature","properties":{"id":"rail-ne-2949-0","name":"Railroad","usage":"main","gauge":1520,"electrified":null},"geometry":{"type":"LineString","coordinates":[[32.361944,50.781389],[32.745279,51.165]]}},{"type":"Feature","properties":{"id":"rail-ne-2856-0","name":"Railroad","usage":"main","gauge":1435,"electrified":null},"geometry":{"type":"LineString","coordinates":[[16.447221,50.916944],[16.960833,51.090834]]}},{"type":"Feature","properties":{"id":"rail-ne-6957-0","name":"Railroad","usage":"main","gauge":1435,"electrified":null},"geometry":{"type":"LineString","coordinates":[[26.657776,44.078611],[26.2425,44.427222]]}},{"type":"Feature","properties":{"id":"rail-ne-2537-0","name":"Railroad","usage":"main","gauge":1435,"electrified":null},"geometry":{"type":"LineString","coordinates":[[21.180277,51.399721],[21.710278,51.512224]]}},{"type":"Feature","properties":{"id":"rail-ne-6992-0","name":"Railroad","usage":"main","gauge":null,"electrified":null},"geometry":{"type":"LineString","coordinates":[[20.040277,43.822221],[19.859443,44.194999],[19.94639,44.286667]]}},{"type":"Feature","properties":{"id":"rail-ne-1247-0","name":"Railroad","usage":"main","gauge":1435,"electrified":null},"geometry":{"type":"LineString","coordinates":[[21.531387,53.652223],[20.999166,53.559166]]}},{"type":"Feature","properties":{"id":"rail-ne-1239-0","name":"Railroad","usage":"main","gauge":1435,"electrified":null},"geometry":{"type":"LineString","coordinates":[[20.999166,53.559166],[20.511712,53.791463]]}},{"type":"Feature","properties":{"id":"rail-ne-1525-0","name":"Railroad","usage":"main","gauge":1435,"electrified":null},"geometry":{"type":"LineString","coordinates":[[19.37861,53.275556],[19.048612,53.120278],[18.879999,53.167223]]}},{"type":"Feature","properties":{"id":"rail-ne-2565-0","name":"Railroad","usage":"main","gauge":1435,"electrified":null},"geometry":{"type":"LineString","coordinates":[[17.803098,51.639595],[17.656667,51.402222],[17.402777,51.343888]]}},{"type":"Feature","properties":{"id":"rail-ne-5626-0","name":"Railroad","usage":"main","gauge":1520,"electrified":null},"geometry":{"type":"LineString","coordinates":[[33.203333,47.888333],[33.138889,47.626112],[33.274722,47.858611]]}},{"type":"Feature","properties":{"id":"rail-ne-2502-0","name":"Railroad","usage":"main","gauge":1520,"electrified":null},"geometry":{"type":"LineString","coordinates":[[33.925557,51.499165],[33.894505,51.720715],[33.595288,51.820734]]}},{"type":"Feature","properties":{"id":"rail-ne-4611-0","name":"Railroad","usage":"main","gauge":null,"electrified":null},"geometry":{"type":"LineString","coordinates":[[17.848334,48.760278],[17.572501,48.765834],[17.394721,48.96]]}},{"type":"Feature","properties":{"id":"rail-ne-7034-0","name":"Railroad","usage":"main","gauge":null,"electrified":null},"geometry":{"type":"LineString","coordinates":[[21.421667,43.681111],[21.8425,43.344166]]}},{"type":"Feature","properties":{"id":"rail-ne-5674-0","name":"Railroad","usage":"main","gauge":null,"electrified":null},"geometry":{"type":"LineString","coordinates":[[21.363611,48.009166],[21.605002,47.527223]]}},{"type":"Feature","properties":{"id":"rail-ne-2735-0","name":"Railroad","usage":"main","gauge":1520,"electrified":null},"geometry":{"type":"LineString","coordinates":[[28.584443,51.283611],[28.074166,51.110277]]}},{"type":"Feature","properties":{"id":"rail-ne-5501-0","name":"Railroad","usage":"main","gauge":null,"electrified":null},"geometry":{"type":"LineString","coordinates":[[18.690556,47.805],[18.183887,47.988055]]}},{"type":"Feature","properties":{"id":"rail-ne-7633-0","name":"Railroad","usage":"main","gauge":1435,"electrified":null},"geometry":{"type":"LineString","coordinates":[[36.651112,37.109722],[36.419167,37.186388],[36.153335,37.060276]]}},{"type":"Feature","properties":{"id":"rail-ne-1268-0","name":"Railroad","usage":"main","gauge":null,"electrified":null},"geometry":{"type":"LineString","coordinates":[[30.504166,53.507501],[30.391387,53.510834],[30.305556,53.790555],[30.403334,53.880834]]}},{"type":"Feature","properties":{"id":"rail-ne-4172-0","name":"Railroad","usage":"main","gauge":1520,"electrified":null},"geometry":{"type":"LineString","coordinates":[[36.022222,49.775834],[35.582221,49.467778]]}},{"type":"Feature","properties":{"id":"rail-ne-2545-0","name":"Railroad","usage":"main","gauge":1520,"electrified":null},"geometry":{"type":"LineString","coordinates":[[25.818889,51.665834],[26.158054,51.551944],[26.200001,51.378055]]}},{"type":"Feature","properties":{"id":"rail-ne-452-0","name":"Railroad","usage":"main","gauge":null,"electrified":null},"geometry":{"type":"LineString","coordinates":[[25.786667,54.984445],[26.318891,55.043333]]}},{"type":"Feature","properties":{"id":"rail-ne-3106-0","name":"Railroad","usage":"main","gauge":1435,"electrified":null},"geometry":{"type":"LineString","coordinates":[[22.268332,50.935555],[22.3275,50.848056],[22.097221,50.764722],[22.021112,50.596388]]}},{"type":"Feature","properties":{"id":"rail-ne-1806-0","name":"Railroad","usage":"main","gauge":null,"electrified":null},"geometry":{"type":"LineString","coordinates":[[28.851946,52.590834],[29.161669,53.026945]]}},{"type":"Feature","properties":{"id":"rail-ne-6040-0","name":"Railroad","usage":"main","gauge":null,"electrified":null},"geometry":{"type":"LineString","coordinates":[[17.568333,46.749722],[18.075834,46.917499]]}},{"type":"Feature","properties":{"id":"rail-ne-6286-0","name":"Railroad","usage":"main","gauge":null,"electrified":null},"geometry":{"type":"LineString","coordinates":[[14.471945,46.096389],[14.064167,46.441944]]}},{"type":"Feature","properties":{"id":"rail-ne-4968-0","name":"Railroad","usage":"main","gauge":1520,"electrified":null},"geometry":{"type":"LineString","coordinates":[[29.466944,48.701112],[29.856945,48.335834]]}},{"type":"Feature","properties":{"id":"rail-ne-3701-0","name":"Railroad","usage":"main","gauge":1435,"electrified":null},"geometry":{"type":"LineString","coordinates":[[22.525555,50.064722],[21.992779,50.038889]]}},{"type":"Feature","properties":{"id":"rail-ne-3990-0","name":"Railroad","usage":"main","gauge":1520,"electrified":null},"geometry":{"type":"LineString","coordinates":[[26.429165,49.835],[26.960554,49.795554]]}},{"type":"Feature","properties":{"id":"rail-ne-1662-0","name":"Railroad","usage":"main","gauge":1435,"electrified":null},"geometry":{"type":"LineString","coordinates":[[20.960277,52.926112],[20.62889,52.865833],[20.616944,53.061112]]}},{"type":"Feature","properties":{"id":"rail-ne-5057-0","name":"Railroad","usage":"main","gauge":null,"electrified":null},"geometry":{"type":"LineString","coordinates":[[14.319166,48.293611],[14.544441,48.39611],[14.427221,48.655833]]}},{"type":"Feature","properties":{"id":"rail-ne-1311-0","name":"Railroad","usage":"main","gauge":null,"electrified":null},"geometry":{"type":"LineString","coordinates":[[30.154167,53.4025],[30.279444,53.919722]]}},{"type":"Feature","properties":{"id":"rail-ne-1362-0","name":"Railroad","usage":"main","gauge":1520,"electrified":null},"geometry":{"type":"LineString","coordinates":[[34.871111,53.740556],[34.537499,53.326111]]}},{"type":"Feature","properties":{"id":"rail-ne-6616-0","name":"Railroad","usage":"main","gauge":null,"electrified":null},"geometry":{"type":"LineString","coordinates":[[21.280278,45.118056],[20.805276,45.357499]]}},{"type":"Feature","properties":{"id":"rail-ne-7521-0","name":"Railroad","usage":"main","gauge":1435,"electrified":null},"geometry":{"type":"LineString","coordinates":[[30.0,39.967517],[30.493054,39.769443]]}},{"type":"Feature","properties":{"id":"rail-ne-6539-0","name":"Railroad","usage":"main","gauge":1520,"electrified":null},"geometry":{"type":"LineString","coordinates":[[36.449723,45.36389],[35.919722,45.327501]]}},{"type":"Feature","properties":{"id":"rail-ne-5964-0","name":"Railroad","usage":"main","gauge":1520,"electrified":null},"geometry":{"type":"LineString","coordinates":[[34.403611,46.951389],[34.926666,47.039167]]}},{"type":"Feature","properties":{"id":"rail-ne-2251-0","name":"Railroad","usage":"main","gauge":1520,"electrified":null},"geometry":{"type":"LineString","coordinates":[[37.559444,52.415554],[37.517911,51.887384]]}},{"type":"Feature","properties":{"id":"rail-ne-6810-0","name":"Railroad","usage":"main","gauge":null,"electrified":null},"geometry":{"type":"LineString","coordinates":[[18.58761,44.517199],[18.107793,44.738976]]}},{"type":"Feature","properties":{"id":"rail-ne-4228-0","name":"Railroad","usage":"main","gauge":null,"electrified":null},"geometry":{"type":"LineString","coordinates":[[16.407779,49.359722],[16.179167,49.548055],[15.947499,49.546666]]}},{"type":"Feature","properties":{"id":"rail-ne-6942-0","name":"Railroad","usage":"main","gauge":1435,"electrified":null},"geometry":{"type":"LineString","coordinates":[[24.35,44.137221],[23.850767,44.308399]]}},{"type":"Feature","properties":{"id":"rail-ne-6965-0","name":"Railroad","usage":"main","gauge":null,"electrified":null},"geometry":{"type":"LineString","coordinates":[[21.096686,44.238135],[21.582894,44.033086]]}},{"type":"Feature","properties":{"id":"rail-ne-2901-0","name":"Railroad","usage":"main","gauge":1520,"electrified":null},"geometry":{"type":"LineString","coordinates":[[24.987779,51.080001],[25.45111,50.828056]]}},{"type":"Feature","properties":{"id":"rail-ne-4656-0","name":"Railroad","usage":"main","gauge":1520,"electrified":null},"geometry":{"type":"LineString","coordinates":[[29.466944,48.701112],[29.983054,48.807222]]}},{"type":"Feature","properties":{"id":"rail-ne-6940-0","name":"Railroad","usage":"main","gauge":1435,"electrified":null},"geometry":{"type":"LineString","coordinates":[[24.870556,44.656667],[24.9725,44.140001]]}},{"type":"Feature","properties":{"id":"rail-ne-6058-0","name":"Railroad","usage":"main","gauge":1435,"electrified":null},"geometry":{"type":"LineString","coordinates":[[22.116111,46.772779],[21.593888,46.712223]]}},{"type":"Feature","properties":{"id":"rail-ne-3229-0","name":"Railroad","usage":"main","gauge":1435,"electrified":null},"geometry":{"type":"LineString","coordinates":[[19.425278,50.471388],[18.9,50.490833]]}},{"type":"Feature","properties":{"id":"rail-ne-5146-0","name":"Railroad","usage":"main","gauge":null,"electrified":null},"geometry":{"type":"LineString","coordinates":[[17.727776,48.192223],[17.203332,48.191944]]}},{"type":"Feature","properties":{"id":"rail-ne-7201-0","name":"Railroad","usage":"main","gauge":null,"electrified":null},"geometry":{"type":"LineString","coordinates":[[19.564138,42.892259],[19.277778,42.453055]]}},{"type":"Feature","properties":{"id":"rail-ne-1349-0","name":"Railroad","usage":"main","gauge":1435,"electrified":null},"geometry":{"type":"LineString","coordinates":[[20.943056,53.394167],[20.418888,53.384723]]}},{"type":"Feature","properties":{"id":"rail-ne-6234-0","name":"Railroad","usage":"main","gauge":null,"electrified":null},"geometry":{"type":"LineString","coordinates":[[19.834444,46.696945],[20.113332,46.253332]]}},{"type":"Feature","properties":{"id":"rail-ne-7472-0","name":"Railroad","usage":"main","gauge":1435,"electrified":null},"geometry":{"type":"LineString","coordinates":[[30.365001,40.718611],[30.320001,40.555833],[30.0,40.403334]]}},{"type":"Feature","properties":{"id":"rail-ne-5796-0","name":"Railroad","usage":"main","gauge":null,"electrified":null},"geometry":{"type":"LineString","coordinates":[[19.670277,47.65611],[20.049723,47.295834]]}},{"type":"Feature","properties":{"id":"rail-ne-4366-0","name":"Railroad","usage":"main","gauge":1520,"electrified":null},"geometry":{"type":"LineString","coordinates":[[25.594167,49.483334],[25.95,49.099723]]}},{"type":"Feature","properties":{"id":"rail-ne-800-0","name":"Railroad","usage":"main","gauge":1435,"electrified":null},"geometry":{"type":"LineString","coordinates":[[19.402942,54.160144],[19.475555,54.303056],[19.830956,54.376538]]}},{"type":"Feature","properties":{"id":"rail-ne-5239-0","name":"Railroad","usage":"main","gauge":1520,"electrified":null},"geometry":{"type":"LineString","coordinates":[[25.340556,48.170556],[25.564444,48.221945],[25.828888,48.095278]]}},{"type":"Feature","properties":{"id":"rail-ne-2055-0","name":"Railroad","usage":"main","gauge":1435,"electrified":null},"geometry":{"type":"LineString","coordinates":[[16.884166,52.316388],[16.366492,52.242789]]}},{"type":"Feature","properties":{"id":"rail-ne-1989-0","name":"Railroad","usage":"main","gauge":1435,"electrified":null},"geometry":{"type":"LineString","coordinates":[[17.042777,52.402777],[17.558334,52.316388]]}},{"type":"Feature","properties":{"id":"rail-ne-1877-0","name":"Railroad","usage":"main","gauge":1435,"electrified":null},"geometry":{"type":"LineString","coordinates":[[17.581389,52.525834],[17.066388,52.441111]]}},{"type":"Feature","properties":{"id":"rail-ne-5088-0","name":"Railroad","usage":"main","gauge":1520,"electrified":null},"geometry":{"type":"LineString","coordinates":[[46.724721,48.245555],[46.204165,48.282501]]}},{"type":"Feature","properties":{"id":"rail-ne-7532-0","name":"Railroad","usage":"main","gauge":1435,"electrified":null},"geometry":{"type":"LineString","coordinates":[[29.975444,39.423562],[29.466783,39.538583]]}},{"type":"Feature","properties":{"id":"rail-ne-6495-0","name":"Railroad","usage":"main","gauge":null,"electrified":null},"geometry":{"type":"LineString","coordinates":[[16.381111,45.462983],[15.964723,45.775279]]}},{"type":"Feature","properties":{"id":"rail-ne-5974-0","name":"Railroad","usage":"main","gauge":null,"electrified":null},"geometry":{"type":"LineString","coordinates":[[20.792222,46.943056],[20.943612,47.021388],[21.281111,46.931112]]}},{"type":"Feature","properties":{"id":"rail-ne-5149-0","name":"Railroad","usage":"main","gauge":null,"electrified":null},"geometry":{"type":"LineString","coordinates":[[20.875001,48.591112],[20.688333,48.486389],[20.763611,48.190833]]}},{"type":"Feature","properties":{"id":"rail-ne-6110-0","name":"Railroad","usage":"main","gauge":1435,"electrified":null},"geometry":{"type":"LineString","coordinates":[[24.860277,46.938056],[24.53889,46.530556]]}},{"type":"Feature","properties":{"id":"rail-ne-3949-0","name":"Railroad","usage":"main","gauge":1520,"electrified":null},"geometry":{"type":"LineString","coordinates":[[24.630278,49.916389],[24.116389,49.844722]]}},{"type":"Feature","properties":{"id":"rail-ne-7539-0","name":"Railroad","usage":"main","gauge":null,"electrified":null},"geometry":{"type":"LineString","coordinates":[[22.758334,39.393056],[22.244723,39.323611]]}},{"type":"Feature","properties":{"id":"rail-ne-2474-0","name":"Railroad","usage":"main","gauge":1435,"electrified":null},"geometry":{"type":"LineString","coordinates":[[23.601389,51.530389],[23.705278,52.038056]]}},{"type":"Feature","properties":{"id":"rail-ne-2099-0","name":"Railroad","usage":"main","gauge":null,"electrified":null},"geometry":{"type":"LineString","coordinates":[[29.845279,52.249445],[29.339722,52.139168]]}},{"type":"Feature","properties":{"id":"rail-ne-4325-0","name":"Railroad","usage":"main","gauge":1520,"electrified":null},"geometry":{"type":"LineString","coordinates":[[37.663887,49.655555],[37.525554,49.157222]]}},{"type":"Feature","properties":{"id":"rail-ne-6470-0","name":"Railroad","usage":"main","gauge":null,"electrified":null},"geometry":{"type":"LineString","coordinates":[[19.691665,46.089444],[19.625278,45.577776]]}},{"type":"Feature","properties":{"id":"rail-ne-5597-0","name":"Railroad","usage":"main","gauge":null,"electrified":null},"geometry":{"type":"LineString","coordinates":[[17.618889,47.676112],[17.159999,47.911667]]}},{"type":"Feature","properties":{"id":"rail-ne-4681-0","name":"Railroad","usage":"main","gauge":1520,"electrified":null},"geometry":{"type":"LineString","coordinates":[[36.344167,48.875832],[35.896111,48.624167]]}},{"type":"Feature","properties":{"id":"rail-ne-4480-0","name":"Railroad","usage":"main","gauge":1435,"electrified":null},"geometry":{"type":"LineString","coordinates":[[22.081943,49.253333],[21.897223,49.260556],[21.918331,48.932222]]}},{"type":"Feature","properties":{"id":"rail-ne-7226-0","name":"Railroad","usage":"main","gauge":null,"electrified":null},"geometry":{"type":"LineString","coordinates":[[20.740001,42.210833],[20.538054,42.371111],[20.580833,42.622499]]}},{"type":"Feature","properties":{"id":"rail-ne-2428-0","name":"Railroad","usage":"main","gauge":1435,"electrified":null},"geometry":{"type":"LineString","coordinates":[[20.557221,51.616112],[20.739722,51.670277],[20.864724,51.966945]]}},{"type":"Feature","properties":{"id":"rail-ne-4345-0","name":"Railroad","usage":"main","gauge":1520,"electrified":null},"geometry":{"type":"LineString","coordinates":[[24.280276,49.379722],[24.730556,49.137501]]}},{"type":"Feature","properties":{"id":"rail-ne-6725-0","name":"Railroad","usage":"main","gauge":1435,"electrified":null},"geometry":{"type":"LineString","coordinates":[[25.050556,45.281944],[24.881112,44.910278],[24.960001,44.844444]]}},{"type":"Feature","properties":{"id":"rail-ne-7302-0","name":"Railroad","usage":"main","gauge":null,"electrified":null},"geometry":{"type":"LineString","coordinates":[[44.787777,41.820555],[44.289907,41.935061]]}},{"type":"Feature","properties":{"id":"rail-ne-6163-0","name":"Railroad","usage":"main","gauge":null,"electrified":null},"geometry":{"type":"LineString","coordinates":[[16.173888,46.403888],[15.663054,46.399722]]}},{"type":"Feature","properties":{"id":"rail-ne-5589-0","name":"Railroad","usage":"main","gauge":null,"electrified":null},"geometry":{"type":"LineString","coordinates":[[16.595833,47.684167],[16.499444,47.808611],[16.818056,47.960556]]}},{"type":"Feature","properties":{"id":"rail-ne-1619-0","name":"Railroad","usage":"main","gauge":1435,"electrified":null},"geometry":{"type":"LineString","coordinates":[[15.389443,53.168057],[15.280556,53.015832],[14.962222,52.960555]]}},{"type":"Feature","properties":{"id":"rail-ne-5003-0","name":"Railroad","usage":"main","gauge":1520,"electrified":null},"geometry":{"type":"LineString","coordinates":[[30.073334,48.371111],[30.581389,48.327778]]}},{"type":"Feature","properties":{"id":"rail-ne-2067-0","name":"Railroad","usage":"main","gauge":1435,"electrified":null},"geometry":{"type":"LineString","coordinates":[[17.253057,52.228333],[17.376665,52.243611],[17.011111,52.365278]]}},{"type":"Feature","properties":{"id":"rail-ne-6261-0","name":"Railroad","usage":"main","gauge":1520,"electrified":null},"geometry":{"type":"LineString","coordinates":[[41.532778,46.477777],[41.116389,46.183889]]}},{"type":"Feature","properties":{"id":"rail-ne-4166-0","name":"Railroad","usage":"main","gauge":1435,"electrified":null},"geometry":{"type":"LineString","coordinates":[[19.192776,49.678334],[19.077223,49.488888],[18.789999,49.474445]]}},{"type":"Feature","properties":{"id":"rail-ne-5866-0","name":"Railroad","usage":"main","gauge":null,"electrified":null},"geometry":{"type":"LineString","coordinates":[[18.438611,47.18639],[18.910556,47.378333]]}},{"type":"Feature","properties":{"id":"rail-ne-1601-0","name":"Railroad","usage":"main","gauge":1520,"electrified":null},"geometry":{"type":"LineString","coordinates":[[34.643889,53.206388],[34.673283,52.994342],[34.941496,53.116719]]}},{"type":"Feature","properties":{"id":"rail-ne-1555-0","name":"Railroad","usage":"main","gauge":1435,"electrified":null},"geometry":{"type":"LineString","coordinates":[[21.501944,53.369722],[21.350833,53.380277],[21.531389,53.072221]]}},{"type":"Feature","properties":{"id":"rail-ne-7422-0","name":"Railroad","usage":"main","gauge":null,"electrified":null},"geometry":{"type":"LineString","coordinates":[[15.579444,41.0775],[15.833334,40.637222]]}},{"type":"Feature","properties":{"id":"rail-ne-1170-0","name":"Railroad","usage":"main","gauge":1435,"electrified":null},"geometry":{"type":"LineString","coordinates":[[19.933612,53.696389],[20.437499,53.759445]]}},{"type":"Feature","properties":{"id":"rail-ne-1215-0","name":"Railroad","usage":"main","gauge":1520,"electrified":null},"geometry":{"type":"LineString","coordinates":[[37.093332,53.605557],[36.60243,53.735244]]}},{"type":"Feature","properties":{"id":"rail-ne-1415-0","name":"Railroad","usage":"main","gauge":1520,"electrified":null},"geometry":{"type":"LineString","coordinates":[[40.109165,53.726667],[40.293889,53.254722]]}},{"type":"Feature","properties":{"id":"rail-ne-7371-0","name":"Railroad","usage":"main","gauge":null,"electrified":null},"geometry":{"type":"LineString","coordinates":[[14.331389,41.071112],[14.518887,41.212222],[14.782778,41.146389]]}},{"type":"Feature","properties":{"id":"rail-ne-6413-0","name":"Railroad","usage":"main","gauge":1435,"electrified":null},"geometry":{"type":"LineString","coordinates":[[21.289167,45.775],[21.683609,46.092221]]}},{"type":"Feature","properties":{"id":"rail-ne-3414-0","name":"Railroad","usage":"main","gauge":1435,"electrified":null},"geometry":{"type":"LineString","coordinates":[[20.548332,50.586985],[20.49889,50.458055],[20.651666,50.329445],[20.488485,50.291413]]}},{"type":"Feature","properties":{"id":"rail-ne-370-0","name":"Railroad","usage":"main","gauge":null,"electrified":null},"geometry":{"type":"LineString","coordinates":[[26.334999,55.528611],[25.993613,55.156111]]}},{"type":"Feature","properties":{"id":"rail-ne-4255-0","name":"Railroad","usage":"main","gauge":null,"electrified":null},"geometry":{"type":"LineString","coordinates":[[17.963332,49.462778],[17.481667,49.31139]]}},{"type":"Feature","properties":{"id":"rail-ne-5677-0","name":"Railroad","usage":"main","gauge":null,"electrified":null},"geometry":{"type":"LineString","coordinates":[[22.123611,47.707778],[21.653334,47.524167]]}},{"type":"Feature","properties":{"id":"rail-ne-401-0","name":"Railroad","usage":"main","gauge":1520,"electrified":null},"geometry":{"type":"LineString","coordinates":[[38.713891,55.290001],[38.253888,55.083055]]}},{"type":"Feature","properties":{"id":"rail-ne-380-0","name":"Railroad","usage":"main","gauge":1520,"electrified":null},"geometry":{"type":"LineString","coordinates":[[33.350556,55.135556],[33.262834,55.631046]]}},{"type":"Feature","properties":{"id":"rail-ne-1069-0","name":"Railroad","usage":"main","gauge":1435,"electrified":null},"geometry":{"type":"LineString","coordinates":[[15.980278,53.996112],[16.453333,53.829167]]}},{"type":"Feature","properties":{"id":"rail-ne-7179-0","name":"Railroad","usage":"main","gauge":null,"electrified":null},"geometry":{"type":"LineString","coordinates":[[24.906111,42.605001],[25.406942,42.6175]]}},{"type":"Feature","properties":{"id":"rail-ne-7454-0","name":"Railroad","usage":"main","gauge":null,"electrified":null},"geometry":{"type":"LineString","coordinates":[[16.910834,40.818333],[16.914723,40.629444],[17.1925,40.487778]]}},{"type":"Feature","properties":{"id":"rail-ne-6696-0","name":"Railroad","usage":"main","gauge":1520,"electrified":null},"geometry":{"type":"LineString","coordinates":[[41.108612,45.001666],[40.616389,44.913333]]}},{"type":"Feature","properties":{"id":"rail-ne-787-0","name":"Railroad","usage":"main","gauge":1435,"electrified":null},"geometry":{"type":"LineString","coordinates":[[16.642499,54.358889],[16.174166,54.184166]]}},{"type":"Feature","properties":{"id":"rail-ne-707-0","name":"Railroad","usage":"main","gauge":1520,"electrified":null},"geometry":{"type":"LineString","coordinates":[[21.288612,54.330001],[21.714444,54.591389]]}},{"type":"Feature","properties":{"id":"rail-ne-2977-0","name":"Railroad","usage":"main","gauge":1435,"electrified":null},"geometry":{"type":"LineString","coordinates":[[19.7475,50.786668],[19.248055,50.773889]]}},{"type":"Feature","properties":{"id":"rail-ne-2721-0","name":"Railroad","usage":"main","gauge":1435,"electrified":null},"geometry":{"type":"LineString","coordinates":[[16.849317,51.597316],[17.002499,51.121944]]}},{"type":"Feature","properties":{"id":"rail-ne-4928-0","name":"Railroad","usage":"main","gauge":1520,"electrified":null},"geometry":{"type":"LineString","coordinates":[[22.718333,48.436111],[22.21999,48.435091]]}},{"type":"Feature","properties":{"id":"rail-ne-6267-0","name":"Railroad","usage":"main","gauge":null,"electrified":null},"geometry":{"type":"LineString","coordinates":[[16.82722,46.175556],[16.346667,46.303889]]}},{"type":"Feature","properties":{"id":"rail-ne-4109-0","name":"Railroad","usage":"main","gauge":null,"electrified":null},"geometry":{"type":"LineString","coordinates":[[17.004444,49.964722],[17.29111,49.716944],[17.277302,49.599648]]}},{"type":"Feature","properties":{"id":"rail-ne-5776-0","name":"Railroad","usage":"main","gauge":null,"electrified":null},"geometry":{"type":"LineString","coordinates":[[21.602222,47.505555],[21.140278,47.325556]]}},{"type":"Feature","properties":{"id":"rail-ne-4593-0","name":"Railroad","usage":"main","gauge":null,"electrified":null},"geometry":{"type":"LineString","coordinates":[[14.469722,48.942779],[14.0,48.785167]]}},{"type":"Feature","properties":{"id":"rail-ne-1720-0","name":"Railroad","usage":"main","gauge":1435,"electrified":null},"geometry":{"type":"LineString","coordinates":[[16.975555,52.747501],[16.493137,52.860241]]}},{"type":"Feature","properties":{"id":"rail-ne-5799-0","name":"Railroad","usage":"main","gauge":1435,"electrified":null},"geometry":{"type":"LineString","coordinates":[[24.326667,47.291389],[24.463612,47.628055],[24.35889,47.708055]]}},{"type":"Feature","properties":{"id":"rail-ne-5435-0","name":"Railroad","usage":"main","gauge":1520,"electrified":null},"geometry":{"type":"LineString","coordinates":[[29.320833,47.897501],[28.948055,48.222499]]}},{"type":"Feature","properties":{"id":"rail-ne-4657-0","name":"Railroad","usage":"main","gauge":1520,"electrified":null},"geometry":{"type":"LineString","coordinates":[[44.309308,48.684861],[43.815277,48.668056]]}},{"type":"Feature","properties":{"id":"rail-ne-2003-0","name":"Railroad","usage":"main","gauge":1520,"electrified":null},"geometry":{"type":"LineString","coordinates":[[34.048333,52.285557],[34.357839,52.67031]]}},{"type":"Feature","properties":{"id":"rail-ne-3206-0","name":"Railroad","usage":"main","gauge":1435,"electrified":null},"geometry":{"type":"LineString","coordinates":[[20.692223,50.593333],[21.1825,50.535834]]}},{"type":"Feature","properties":{"id":"rail-ne-1186-0","name":"Railroad","usage":"main","gauge":1435,"electrified":null},"geometry":{"type":"LineString","coordinates":[[17.381668,53.660277],[17.366111,53.795],[17.026706,53.906583]]}},{"type":"Feature","properties":{"id":"rail-ne-6999-0","name":"Railroad","usage":"main","gauge":1520,"electrified":null},"geometry":{"type":"LineString","coordinates":[[44.067223,43.753055],[44.56,43.749443]]}},{"type":"Feature","properties":{"id":"rail-ne-6090-0","name":"Railroad","usage":"main","gauge":null,"electrified":null},"geometry":{"type":"LineString","coordinates":[[14.794446,46.575832],[14.304167,46.623333]]}},{"type":"Feature","properties":{"id":"rail-ne-2680-0","name":"Railroad","usage":"main","gauge":1520,"electrified":null},"geometry":{"type":"LineString","coordinates":[[35.308169,51.627928],[35.213611,51.305833],[35.319172,51.190049]]}},{"type":"Feature","properties":{"id":"rail-ne-1665-0","name":"Railroad","usage":"main","gauge":1435,"electrified":null},"geometry":{"type":"LineString","coordinates":[[19.432778,53.264722],[19.430556,53.064723],[19.637777,52.858611]]}},{"type":"Feature","properties":{"id":"rail-ne-6967-0","name":"Railroad","usage":"main","gauge":1435,"electrified":null},"geometry":{"type":"LineString","coordinates":[[22.59496,44.30044],[22.599166,44.126945],[22.318333,43.976389]]}},{"type":"Feature","properties":{"id":"rail-ne-3155-0","name":"Railroad","usage":"main","gauge":1435,"electrified":null},"geometry":{"type":"LineString","coordinates":[[19.372778,50.553889],[19.715278,50.606112],[19.796945,50.726666]]}},{"type":"Feature","properties":{"id":"rail-ne-2268-0","name":"Railroad","usage":"main","gauge":1435,"electrified":null},"geometry":{"type":"LineString","coordinates":[[16.133612,52.088333],[16.571388,51.864723]]}},{"type":"Feature","properties":{"id":"rail-ne-4879-0","name":"Railroad","usage":"main","gauge":1520,"electrified":null},"geometry":{"type":"LineString","coordinates":[[25.085,48.520556],[25.563614,48.410556]]}},{"type":"Feature","properties":{"id":"rail-ne-1297-0","name":"Railroad","usage":"main","gauge":1435,"electrified":null},"geometry":{"type":"LineString","coordinates":[[15.585833,53.613055],[15.135001,53.418889]]}},{"type":"Feature","properties":{"id":"rail-ne-4580-0","name":"Railroad","usage":"main","gauge":null,"electrified":null},"geometry":{"type":"LineString","coordinates":[[14.483889,48.968889],[14.937499,48.782777]]}},{"type":"Feature","properties":{"id":"rail-ne-383-0","name":"Railroad","usage":"main","gauge":1520,"electrified":null},"geometry":{"type":"LineString","coordinates":[[37.960048,55.126514],[37.485193,55.242933]]}},{"type":"Feature","properties":{"id":"rail-ne-5412-0","name":"Railroad","usage":"main","gauge":1520,"electrified":null},"geometry":{"type":"LineString","coordinates":[[35.511113,48.330554],[35.489723,47.952777],[35.383334,47.928889]]}},{"type":"Feature","properties":{"id":"rail-ne-6956-0","name":"Railroad","usage":"main","gauge":1520,"electrified":null},"geometry":{"type":"LineString","coordinates":[[39.703188,44.07501],[39.662966,44.191166],[39.825557,44.302776],[39.745002,44.449168]]}},{"type":"Feature","properties":{"id":"rail-ne-6740-0","name":"Railroad","usage":"main","gauge":1435,"electrified":null},"geometry":{"type":"LineString","coordinates":[[26.536667,44.74389],[26.083888,44.922777]]}},{"type":"Feature","properties":{"id":"rail-ne-6900-0","name":"Railroad","usage":"main","gauge":1435,"electrified":null},"geometry":{"type":"LineString","coordinates":[[25.964722,44.463055],[25.514723,44.279165]]}},{"type":"Feature","properties":{"id":"rail-ne-7313-0","name":"Railroad","usage":"main","gauge":null,"electrified":null},"geometry":{"type":"LineString","coordinates":[[45.354445,41.718333],[44.869722,41.687221]]}},{"type":"Feature","properties":{"id":"rail-ne-2038-0","name":"Railroad","usage":"main","gauge":1520,"electrified":null},"geometry":{"type":"LineString","coordinates":[[43.877933,52.235816],[44.290639,52.491452]]}},{"type":"Feature","properties":{"id":"rail-ne-1084-0","name":"Railroad","usage":"main","gauge":1435,"electrified":null},"geometry":{"type":"LineString","coordinates":[[20.376387,53.813611],[19.903054,53.919999]]}},{"type":"Feature","properties":{"id":"rail-ne-4605-0","name":"Railroad","usage":"main","gauge":null,"electrified":null},"geometry":{"type":"LineString","coordinates":[[16.378889,48.818056],[16.857222,48.743611]]}},{"type":"Feature","properties":{"id":"rail-ne-6041-0","name":"Railroad","usage":"main","gauge":null,"electrified":null},"geometry":{"type":"LineString","coordinates":[[29.960833,46.748057],[29.483889,46.829723]]}},{"type":"Feature","properties":{"id":"rail-ne-7304-0","name":"Railroad","usage":"main","gauge":1520,"electrified":null},"geometry":{"type":"LineString","coordinates":[[48.208055,42.127779],[48.546014,41.783707]]}},{"type":"Feature","properties":{"id":"rail-ne-5684-0","name":"Railroad","usage":"main","gauge":1435,"electrified":null},"geometry":{"type":"LineString","coordinates":[[22.135554,47.524167],[21.653334,47.524167]]}},{"type":"Feature","properties":{"id":"rail-ne-5829-0","name":"Railroad","usage":"main","gauge":null,"electrified":null},"geometry":{"type":"LineString","coordinates":[[16.453611,47.286668],[16.270556,47.255278],[16.033333,47.4325]]}},{"type":"Feature","properties":{"id":"rail-ne-3622-0","name":"Railroad","usage":"main","gauge":1435,"electrified":null},"geometry":{"type":"LineString","coordinates":[[20.488485,50.291413],[20.052222,50.088611]]}},{"type":"Feature","properties":{"id":"rail-ne-2918-0","name":"Railroad","usage":"main","gauge":1520,"electrified":null},"geometry":{"type":"LineString","coordinates":[[40.185868,50.847632],[40.665254,50.811887]]}},{"type":"Feature","properties":{"id":"rail-ne-3865-0","name":"Railroad","usage":"main","gauge":1520,"electrified":null},"geometry":{"type":"LineString","coordinates":[[35.346112,49.921112],[35.826112,49.947222]]}},{"type":"Feature","properties":{"id":"rail-ne-5962-0","name":"Railroad","usage":"main","gauge":null,"electrified":null},"geometry":{"type":"LineString","coordinates":[[16.018888,46.9525],[16.033333,47.4325]]}},{"type":"Feature","properties":{"id":"rail-ne-1237-0","name":"Railroad","usage":"main","gauge":1435,"electrified":null},"geometry":{"type":"LineString","coordinates":[[15.259167,53.806944],[14.846667,53.561667]]}},{"type":"Feature","properties":{"id":"rail-ne-7516-0","name":"Railroad","usage":"main","gauge":null,"electrified":null},"geometry":{"type":"LineString","coordinates":[[48.954005,39.944798],[49.248992,39.886472],[49.401399,39.979275]]}},{"type":"Feature","properties":{"id":"rail-ne-455-0","name":"Railroad","usage":"main","gauge":1520,"electrified":null},"geometry":{"type":"LineString","coordinates":[[43.69611,54.942222],[44.106396,55.189592]]}},{"type":"Feature","properties":{"id":"rail-ne-6481-0","name":"Railroad","usage":"main","gauge":null,"electrified":null},"geometry":{"type":"LineString","coordinates":[[15.556278,45.525109],[15.964723,45.775279]]}},{"type":"Feature","properties":{"id":"rail-ne-7082-0","name":"Railroad","usage":"main","gauge":null,"electrified":null},"geometry":{"type":"LineString","coordinates":[[23.699723,43.150279],[23.326798,43.4503]]}},{"type":"Feature","properties":{"id":"rail-ne-5784-0","name":"Railroad","usage":"main","gauge":1520,"electrified":null},"geometry":{"type":"LineString","coordinates":[[36.685555,47.317778],[37.137503,47.475277]]}},{"type":"Feature","properties":{"id":"rail-ne-3659-0","name":"Railroad","usage":"main","gauge":1435,"electrified":null},"geometry":{"type":"LineString","coordinates":[[19.472223,50.148333],[19.944568,50.071779]]}},{"type":"Feature","properties":{"id":"rail-ne-1990-0","name":"Railroad","usage":"main","gauge":1435,"electrified":null},"geometry":{"type":"LineString","coordinates":[[16.414167,52.309722],[16.887223,52.38]]}},{"type":"Feature","properties":{"id":"rail-ne-1280-0","name":"Railroad","usage":"main","gauge":1520,"electrified":null},"geometry":{"type":"LineString","coordinates":[[49.522501,53.488888],[50.0,53.473685]]}},{"type":"Feature","properties":{"id":"rail-ne-7645-0","name":"Railroad","usage":"main","gauge":1435,"electrified":null},"geometry":{"type":"LineString","coordinates":[[36.187778,36.583888],[36.153335,37.060276]]}},{"type":"Feature","properties":{"id":"rail-ne-4419-0","name":"Railroad","usage":"main","gauge":null,"electrified":null},"geometry":{"type":"LineString","coordinates":[[19.79861,49.019166],[20.274722,49.054999]]}},{"type":"Feature","properties":{"id":"rail-ne-3397-0","name":"Railroad","usage":"main","gauge":1435,"electrified":null},"geometry":{"type":"LineString","coordinates":[[20.488485,50.291413],[20.016112,50.358611]]}},{"type":"Feature","properties":{"id":"rail-ne-14-0","name":"Railroad","usage":"main","gauge":1520,"electrified":null},"geometry":{"type":"LineString","coordinates":[[41.127776,55.945556],[41.603889,55.974721]]}},{"type":"Feature","properties":{"id":"rail-ne-792-0","name":"Railroad","usage":"main","gauge":1435,"electrified":null},"geometry":{"type":"LineString","coordinates":[[16.073055,54.214722],[15.597778,54.178333]]}},{"type":"Feature","properties":{"id":"rail-ne-6591-0","name":"Railroad","usage":"main","gauge":1520,"electrified":null},"geometry":{"type":"LineString","coordinates":[[41.950278,45.182499],[41.551146,45.441756]]}},{"type":"Feature","properties":{"id":"rail-ne-4292-0","name":"Railroad","usage":"main","gauge":1520,"electrified":null},"geometry":{"type":"LineString","coordinates":[[30.083331,49.25111],[29.863612,49.235555],[29.656666,49.385001]]}},{"type":"Feature","properties":{"id":"rail-ne-1906-0","name":"Railroad","usage":"main","gauge":1520,"electrified":null},"geometry":{"type":"LineString","coordinates":[[37.559444,52.415554],[37.299581,52.813706]]}},{"type":"Feature","properties":{"id":"rail-ne-4637-0","name":"Railroad","usage":"main","gauge":null,"electrified":null},"geometry":{"type":"LineString","coordinates":[[15.752223,48.681666],[15.282223,48.753332]]}},{"type":"Feature","properties":{"id":"rail-ne-2452-0","name":"Railroad","usage":"main","gauge":1435,"electrified":null},"geometry":{"type":"LineString","coordinates":[[21.82,51.581666],[21.5275,51.955833]]}},{"type":"Feature","properties":{"id":"rail-ne-540-0","name":"Railroad","usage":"main","gauge":1520,"electrified":null},"geometry":{"type":"LineString","coordinates":[[20.011945,54.740555],[19.968056,54.94111],[20.2375,54.946389]]}},{"type":"Feature","properties":{"id":"rail-ne-6577-0","name":"Railroad","usage":"main","gauge":null,"electrified":null},"geometry":{"type":"LineString","coordinates":[[16.558582,45.352766],[16.809168,45.222777],[16.96708,45.332383]]}},{"type":"Feature","properties":{"id":"rail-ne-7202-0","name":"Railroad","usage":"main","gauge":null,"electrified":null},"geometry":{"type":"LineString","coordinates":[[26.012223,42.489168],[26.484444,42.458334]]}},{"type":"Feature","properties":{"id":"rail-ne-7520-0","name":"Railroad","usage":"main","gauge":null,"electrified":null},"geometry":{"type":"LineString","coordinates":[[47.901113,39.772263],[47.492303,40.009094]]}},{"type":"Feature","properties":{"id":"rail-ne-3280-0","name":"Railroad","usage":"main","gauge":1435,"electrified":null},"geometry":{"type":"LineString","coordinates":[[21.720834,50.398611],[22.185277,50.483611]]}},{"type":"Feature","properties":{"id":"rail-ne-1541-0","name":"Railroad","usage":"main","gauge":1435,"electrified":null},"geometry":{"type":"LineString","coordinates":[[17.116389,53.098056],[17.586667,53.139444]]}},{"type":"Feature","properties":{"id":"rail-ne-4225-0","name":"Railroad","usage":"main","gauge":1520,"electrified":null},"geometry":{"type":"LineString","coordinates":[[24.770277,49.379722],[24.298889,49.405]]}},{"type":"Feature","properties":{"id":"rail-ne-5544-0","name":"Railroad","usage":"main","gauge":null,"electrified":null},"geometry":{"type":"LineString","coordinates":[[20.42639,47.746389],[20.839167,47.975001]]}},{"type":"Feature","properties":{"id":"rail-ne-3186-0","name":"Railroad","usage":"main","gauge":1435,"electrified":null},"geometry":{"type":"LineString","coordinates":[[21.172221,50.554165],[20.703612,50.605001]]}},{"type":"Feature","properties":{"id":"rail-ne-5489-0","name":"Railroad","usage":"main","gauge":1435,"electrified":null},"geometry":{"type":"LineString","coordinates":[[23.405556,47.923889],[22.947224,47.814444]]}},{"type":"Feature","properties":{"id":"rail-ne-1832-0","name":"Railroad","usage":"main","gauge":1435,"electrified":null},"geometry":{"type":"LineString","coordinates":[[17.144445,52.628889],[17.611026,52.563611]]}},{"type":"Feature","properties":{"id":"rail-ne-1643-0","name":"Railroad","usage":"main","gauge":1435,"electrified":null},"geometry":{"type":"LineString","coordinates":[[14.461668,52.910554],[14.871944,53.141111]]}},{"type":"Feature","properties":{"id":"rail-ne-2813-0","name":"Railroad","usage":"main","gauge":1435,"electrified":null},"geometry":{"type":"LineString","coordinates":[[18.200556,50.976111],[17.739723,51.071111]]}},{"type":"Feature","properties":{"id":"rail-ne-7391-0","name":"Railroad","usage":"main","gauge":null,"electrified":null},"geometry":{"type":"LineString","coordinates":[[16.862778,41.118055],[16.706666,41.013612],[16.910834,40.818333]]}},{"type":"Feature","properties":{"id":"rail-ne-708-0","name":"Railroad","usage":"main","gauge":1520,"electrified":null},"geometry":{"type":"LineString","coordinates":[[21.704444,54.575277],[21.303333,54.329722]]}},{"type":"Feature","properties":{"id":"rail-ne-3744-0","name":"Railroad","usage":"main","gauge":1435,"electrified":null},"geometry":{"type":"LineString","coordinates":[[21.421718,50.053536],[20.954723,50.003889]]}},{"type":"Feature","properties":{"id":"rail-ne-5352-0","name":"Railroad","usage":"main","gauge":1520,"electrified":null},"geometry":{"type":"LineString","coordinates":[[23.266942,48.18],[23.699331,47.997409]]}},{"type":"Feature","properties":{"id":"rail-ne-627-0","name":"Railroad","usage":"main","gauge":1435,"electrified":null},"geometry":{"type":"LineString","coordinates":[[17.766667,54.534999],[18.230834,54.604167]]}},{"type":"Feature","properties":{"id":"rail-ne-6881-0","name":"Railroad","usage":"main","gauge":1520,"electrified":null},"geometry":{"type":"LineString","coordinates":[[39.333055,44.347776],[39.682221,44.66111]]}},{"type":"Feature","properties":{"id":"rail-ne-885-0","name":"Railroad","usage":"main","gauge":1520,"electrified":null},"geometry":{"type":"LineString","coordinates":[[36.455847,54.129199],[35.995246,54.041525]]}},{"type":"Feature","properties":{"id":"rail-ne-471-0","name":"Railroad","usage":"main","gauge":1520,"electrified":null},"geometry":{"type":"LineString","coordinates":[[37.338566,54.911752],[36.87849,55.00115]]}},{"type":"Feature","properties":{"id":"rail-ne-7071-0","name":"Railroad","usage":"main","gauge":1520,"electrified":null},"geometry":{"type":"LineString","coordinates":[[44.588611,43.198055],[45.035556,43.338889]]}},{"type":"Feature","properties":{"id":"rail-ne-3230-0","name":"Railroad","usage":"main","gauge":1435,"electrified":null},"geometry":{"type":"LineString","coordinates":[[20.005557,50.46],[20.452501,50.6]]}},{"type":"Feature","properties":{"id":"rail-ne-4347-0","name":"Railroad","usage":"main","gauge":1520,"electrified":null},"geometry":{"type":"LineString","coordinates":[[35.864444,49.136944],[35.460833,49.374445]]}},{"type":"Feature","properties":{"id":"rail-ne-4494-0","name":"Railroad","usage":"main","gauge":1520,"electrified":null},"geometry":{"type":"LineString","coordinates":[[36.273057,48.909166],[35.864444,49.136944]]}},{"type":"Feature","properties":{"id":"rail-ne-6614-0","name":"Railroad","usage":"main","gauge":1435,"electrified":null},"geometry":{"type":"LineString","coordinates":[[27.433334,45.117778],[27.886388,45.23389]]}},{"type":"Feature","properties":{"id":"rail-ne-2206-0","name":"Railroad","usage":"main","gauge":1435,"electrified":null},"geometry":{"type":"LineString","coordinates":[[21.508056,51.973612],[21.122501,52.236388]]}},{"type":"Feature","properties":{"id":"rail-ne-5783-0","name":"Railroad","usage":"main","gauge":1520,"electrified":null},"geometry":{"type":"LineString","coordinates":[[36.247501,47.478055],[36.685555,47.317778]]}},{"type":"Feature","properties":{"id":"rail-ne-6133-0","name":"Railroad","usage":"main","gauge":1435,"electrified":null},"geometry":{"type":"LineString","coordinates":[[22.469443,46.468889],[22.116111,46.772779]]}},{"type":"Feature","properties":{"id":"rail-ne-2806-0","name":"Railroad","usage":"main","gauge":1520,"electrified":null},"geometry":{"type":"LineString","coordinates":[[28.074166,51.110277],[28.5225,50.984999]]}},{"type":"Feature","properties":{"id":"rail-ne-7614-0","name":"Railroad","usage":"main","gauge":null,"electrified":null},"geometry":{"type":"LineString","coordinates":[[22.741016,37.626321],[22.711957,37.765234],[22.883944,37.79385],[22.936388,37.933333]]}},{"type":"Feature","properties":{"id":"rail-ne-4779-0","name":"Railroad","usage":"main","gauge":1520,"electrified":null},"geometry":{"type":"LineString","coordinates":[[24.741112,48.864723],[25.060833,48.526944]]}},{"type":"Feature","properties":{"id":"rail-ne-1611-0","name":"Railroad","usage":"main","gauge":1435,"electrified":null},"geometry":{"type":"LineString","coordinates":[[18.556668,52.981667],[18.113055,53.121389]]}},{"type":"Feature","properties":{"id":"rail-ne-1260-0","name":"Railroad","usage":"main","gauge":1435,"electrified":null},"geometry":{"type":"LineString","coordinates":[[15.995556,53.5275],[15.53139,53.556667]]}},{"type":"Feature","properties":{"id":"rail-ne-2156-0","name":"Railroad","usage":"main","gauge":1435,"electrified":null},"geometry":{"type":"LineString","coordinates":[[16.092777,52.123334],[15.628889,52.096666]]}},{"type":"Feature","properties":{"id":"rail-ne-2510-0","name":"Railroad","usage":"main","gauge":1520,"electrified":null},"geometry":{"type":"LineString","coordinates":[[40.148736,51.739212],[40.13619,51.618822],[40.448148,51.475332]]}},{"type":"Feature","properties":{"id":"rail-ne-4449-0","name":"Railroad","usage":"main","gauge":null,"electrified":null},"geometry":{"type":"LineString","coordinates":[[21.238609,48.983889],[20.873611,49.269722]]}},{"type":"Feature","properties":{"id":"rail-ne-3332-0","name":"Railroad","usage":"main","gauge":null,"electrified":null},"geometry":{"type":"LineString","coordinates":[[15.917223,50.345833],[15.485278,50.513333]]}},{"type":"Feature","properties":{"id":"rail-ne-2883-0","name":"Railroad","usage":"main","gauge":1435,"electrified":null},"geometry":{"type":"LineString","coordinates":[[19.175001,50.865],[19.145001,51.103056],[18.94139,51.193056]]}},{"type":"Feature","properties":{"id":"rail-ne-7641-0","name":"Railroad","usage":"main","gauge":1435,"electrified":null},"geometry":{"type":"LineString","coordinates":[[35.046113,36.974446],[34.622786,36.788072]]}},{"type":"Feature","properties":{"id":"rail-ne-7089-0","name":"Railroad","usage":"main","gauge":null,"electrified":null},"geometry":{"type":"LineString","coordinates":[[23.699723,43.150279],[24.051665,43.184167],[24.085833,43.286947]]}},{"type":"Feature","properties":{"id":"rail-ne-6823-0","name":"Railroad","usage":"main","gauge":1520,"electrified":null},"geometry":{"type":"LineString","coordinates":[[40.797499,44.488611],[40.616389,44.913333]]}},{"type":"Feature","properties":{"id":"rail-ne-6277-0","name":"Railroad","usage":"main","gauge":1520,"electrified":null},"geometry":{"type":"LineString","coordinates":[[39.797499,46.143055],[39.590879,46.555281]]}},{"type":"Feature","properties":{"id":"rail-ne-7025-0","name":"Railroad","usage":"main","gauge":1520,"electrified":null},"geometry":{"type":"LineString","coordinates":[[43.61873,43.488122],[44.063611,43.608055]]}},{"type":"Feature","properties":{"id":"rail-ne-5926-0","name":"Railroad","usage":"main","gauge":1435,"electrified":null},"geometry":{"type":"LineString","coordinates":[[24.820833,47.177499],[24.528332,47.171111],[24.415278,47.046943]]}},{"type":"Feature","properties":{"id":"rail-ne-7073-0","name":"Railroad","usage":"main","gauge":null,"electrified":null},"geometry":{"type":"LineString","coordinates":[[25.580803,43.182864],[25.148152,43.340057]]}},{"type":"Feature","properties":{"id":"rail-ne-2017-0","name":"Railroad","usage":"main","gauge":1435,"electrified":null},"geometry":{"type":"LineString","coordinates":[[14.825278,52.349167],[15.276946,52.263055]]}},{"type":"Feature","properties":{"id":"rail-ne-6321-0","name":"Railroad","usage":"main","gauge":null,"electrified":null},"geometry":{"type":"LineString","coordinates":[[15.913887,46.025554],[15.851389,46.190557],[15.569445,46.218332]]}},{"type":"Feature","properties":{"id":"rail-ne-2875-0","name":"Railroad","usage":"main","gauge":1520,"electrified":null},"geometry":{"type":"LineString","coordinates":[[26.443889,50.883889],[26.599168,51.316389]]}},{"type":"Feature","properties":{"id":"rail-ne-2317-0","name":"Railroad","usage":"main","gauge":1520,"electrified":null},"geometry":{"type":"LineString","coordinates":[[36.669721,51.873612],[36.224446,51.760555]]}},{"type":"Feature","properties":{"id":"rail-ne-2897-0","name":"Railroad","usage":"main","gauge":1520,"electrified":null},"geometry":{"type":"LineString","coordinates":[[34.445835,50.999167],[34.877778,50.842778]]}},{"type":"Feature","properties":{"id":"rail-ne-1481-0","name":"Railroad","usage":"main","gauge":1435,"electrified":null},"geometry":{"type":"LineString","coordinates":[[15.863611,53.272499],[15.42111,53.150278]]}},{"type":"Feature","properties":{"id":"rail-ne-2903-0","name":"Railroad","usage":"main","gauge":1435,"electrified":null},"geometry":{"type":"LineString","coordinates":[[16.927224,50.97],[16.493333,50.820556]]}},{"type":"Feature","properties":{"id":"rail-ne-5983-0","name":"Railroad","usage":"main","gauge":1435,"electrified":null},"geometry":{"type":"LineString","coordinates":[[24.415278,47.046943],[24.860277,46.938056]]}},{"type":"Feature","properties":{"id":"rail-ne-6542-0","name":"Railroad","usage":"main","gauge":null,"electrified":null},"geometry":{"type":"LineString","coordinates":[[19.845556,45.324443],[20.064166,45.395278],[20.032501,45.620833]]}},{"type":"Feature","properties":{"id":"rail-ne-7200-0","name":"Railroad","usage":"main","gauge":null,"electrified":null},"geometry":{"type":"LineString","coordinates":[[18.945812,42.767218],[19.277778,42.453055]]}},{"type":"Feature","properties":{"id":"rail-ne-2581-0","name":"Railroad","usage":"main","gauge":1435,"electrified":null},"geometry":{"type":"LineString","coordinates":[[22.224443,51.313888],[21.835555,51.553888]]}},{"type":"Feature","properties":{"id":"rail-ne-1064-0","name":"Railroad","usage":"main","gauge":1435,"electrified":null},"geometry":{"type":"LineString","coordinates":[[18.517544,53.968716],[18.081111,53.834722]]}},{"type":"Feature","properties":{"id":"rail-ne-496-0","name":"Railroad","usage":"main","gauge":null,"electrified":null},"geometry":{"type":"LineString","coordinates":[[29.14,54.836666],[28.685833,54.882777]]}},{"type":"Feature","properties":{"id":"rail-ne-7381-0","name":"Railroad","usage":"main","gauge":1435,"electrified":null},"geometry":{"type":"LineString","coordinates":[[28.972221,41.019167],[28.807778,40.967501],[28.604025,41.165013]]}},{"type":"Feature","properties":{"id":"rail-ne-4578-0","name":"Railroad","usage":"main","gauge":null,"electrified":null},"geometry":{"type":"LineString","coordinates":[[14.937499,48.782777],[14.721109,49.184167]]}},{"type":"Feature","properties":{"id":"rail-ne-3582-0","name":"Railroad","usage":"main","gauge":1520,"electrified":null},"geometry":{"type":"LineString","coordinates":[[32.452778,50.1275],[32.375832,50.576665]]}},{"type":"Feature","properties":{"id":"rail-ne-7509-0","name":"Railroad","usage":"main","gauge":null,"electrified":null},"geometry":{"type":"LineString","coordinates":[[49.401399,39.979275],[48.951666,40.051666]]}},{"type":"Feature","properties":{"id":"rail-ne-3357-0","name":"Railroad","usage":"main","gauge":1435,"electrified":null},"geometry":{"type":"LineString","coordinates":[[18.021111,50.495555],[17.598613,50.327222]]}},{"type":"Feature","properties":{"id":"rail-ne-1751-0","name":"Railroad","usage":"main","gauge":1520,"electrified":null},"geometry":{"type":"LineString","coordinates":[[41.476111,52.681111],[41.929291,52.712517]]}},{"type":"Feature","properties":{"id":"rail-ne-751-0","name":"Railroad","usage":"main","gauge":1520,"electrified":null},"geometry":{"type":"LineString","coordinates":[[40.909997,54.3275],[40.461389,54.256388]]}},{"type":"Feature","properties":{"id":"rail-ne-6318-0","name":"Railroad","usage":"main","gauge":1435,"electrified":null},"geometry":{"type":"LineString","coordinates":[[20.879167,46.032499],[21.322778,46.129446]]}},{"type":"Feature","properties":{"id":"rail-ne-7631-0","name":"Railroad","usage":"main","gauge":1435,"electrified":null},"geometry":{"type":"LineString","coordinates":[[36.651112,37.109722],[36.849446,37.369999],[36.975833,37.368335]]}},{"type":"Feature","properties":{"id":"rail-ne-6135-0","name":"Railroad","usage":"main","gauge":null,"electrified":null},"geometry":{"type":"LineString","coordinates":[[16.888054,46.9],[16.980557,46.456665]]}},{"type":"Feature","properties":{"id":"rail-ne-6633-0","name":"Railroad","usage":"main","gauge":null,"electrified":null},"geometry":{"type":"LineString","coordinates":[[14.058335,45.040277],[14.036389,45.150834],[14.186111,45.188057],[14.106944,45.356111]]}},{"type":"Feature","properties":{"id":"rail-ne-7354-0","name":"Railroad","usage":"main","gauge":null,"electrified":null},"geometry":{"type":"LineString","coordinates":[[45.388612,41.272223],[45.031943,41.55111]]}},{"type":"Feature","properties":{"id":"rail-ne-1892-0","name":"Railroad","usage":"main","gauge":1520,"electrified":null},"geometry":{"type":"LineString","coordinates":[[34.475276,52.778888],[34.761387,52.428333]]}},{"type":"Feature","properties":{"id":"rail-ne-3053-0","name":"Railroad","usage":"main","gauge":1520,"electrified":null},"geometry":{"type":"LineString","coordinates":[[35.795025,50.775759],[36.233485,50.664551]]}},{"type":"Feature","properties":{"id":"rail-ne-4313-0","name":"Railroad","usage":"main","gauge":null,"electrified":null},"geometry":{"type":"LineString","coordinates":[[20.873611,49.269722],[20.60861,49.295],[20.468333,49.173055]]}},{"type":"Feature","properties":{"id":"rail-ne-7172-0","name":"Railroad","usage":"main","gauge":null,"electrified":null},"geometry":{"type":"LineString","coordinates":[[21.032345,42.625981],[20.580833,42.622499]]}},{"type":"Feature","properties":{"id":"rail-ne-6618-0","name":"Railroad","usage":"main","gauge":null,"electrified":null},"geometry":{"type":"LineString","coordinates":[[18.831105,45.30339],[19.238334,45.110277]]}},{"type":"Feature","properties":{"id":"rail-ne-867-0","name":"Railroad","usage":"main","gauge":1435,"electrified":null},"geometry":{"type":"LineString","coordinates":[[18.015276,54.110833],[18.464136,54.087799]]}},{"type":"Feature","properties":{"id":"rail-ne-6665-0","name":"Railroad","usage":"main","gauge":1435,"electrified":null},"geometry":{"type":"LineString","coordinates":[[26.782221,45.13611],[26.361944,44.977222]]}},{"type":"Feature","properties":{"id":"rail-ne-3962-0","name":"Railroad","usage":"main","gauge":1435,"electrified":null},"geometry":{"type":"LineString","coordinates":[[19.498335,49.888333],[19.052779,49.833055]]}},{"type":"Feature","properties":{"id":"rail-ne-5099-0","name":"Railroad","usage":"main","gauge":null,"electrified":null},"geometry":{"type":"LineString","coordinates":[[16.456112,48.236389],[16.904444,48.26]]}},{"type":"Feature","properties":{"id":"rail-ne-2620-0","name":"Railroad","usage":"main","gauge":1520,"electrified":null},"geometry":{"type":"LineString","coordinates":[[24.967768,51.631581],[24.706669,51.26639]]}},{"type":"Feature","properties":{"id":"rail-ne-2978-0","name":"Railroad","usage":"main","gauge":1435,"electrified":null},"geometry":{"type":"LineString","coordinates":[[18.94139,51.193056],[18.849722,50.75361]]}},{"type":"Feature","properties":{"id":"rail-ne-827-0","name":"Railroad","usage":"main","gauge":1435,"electrified":null},"geometry":{"type":"LineString","coordinates":[[19.84639,54.375647],[20.120832,54.251666],[20.151944,54.107501]]}},{"type":"Feature","properties":{"id":"rail-ne-3205-0","name":"Railroad","usage":"main","gauge":1520,"electrified":null},"geometry":{"type":"LineString","coordinates":[[34.423471,50.500589],[34.853334,50.626944]]}},{"type":"Feature","properties":{"id":"rail-ne-6640-0","name":"Railroad","usage":"main","gauge":1435,"electrified":null},"geometry":{"type":"LineString","coordinates":[[21.691667,45.032501],[21.553054,45.16611],[21.625554,45.411111]]}},{"type":"Feature","properties":{"id":"rail-ne-5633-0","name":"Railroad","usage":"main","gauge":null,"electrified":null},"geometry":{"type":"LineString","coordinates":[[16.848611,47.608334],[16.954167,47.876111],[16.818056,47.960556]]}},{"type":"Feature","properties":{"id":"rail-ne-5624-0","name":"Railroad","usage":"main","gauge":1520,"electrified":null},"geometry":{"type":"LineString","coordinates":[[40.859614,47.629087],[40.466389,47.841946]]}},{"type":"Feature","properties":{"id":"rail-ne-5006-0","name":"Railroad","usage":"main","gauge":null,"electrified":null},"geometry":{"type":"LineString","coordinates":[[14.303332,48.306111],[14.086111,48.387222],[14.0,48.584467]]}},{"type":"Feature","properties":{"id":"rail-ne-6016-0","name":"Railroad","usage":"main","gauge":null,"electrified":null},"geometry":{"type":"LineString","coordinates":[[19.676665,46.886668],[19.235279,46.815555]]}},{"type":"Feature","properties":{"id":"rail-ne-7183-0","name":"Railroad","usage":"main","gauge":null,"electrified":null},"geometry":{"type":"LineString","coordinates":[[26.992501,42.678055],[26.55875,42.570521]]}},{"type":"Feature","properties":{"id":"rail-ne-552-0","name":"Railroad","usage":"main","gauge":null,"electrified":null},"geometry":{"type":"LineString","coordinates":[[25.786667,54.984445],[25.445833,54.696111]]}},{"type":"Feature","properties":{"id":"rail-ne-2076-0","name":"Railroad","usage":"main","gauge":1435,"electrified":null},"geometry":{"type":"LineString","coordinates":[[20.695832,52.198333],[20.25,52.217222]]}},{"type":"Feature","properties":{"id":"rail-ne-7029-0","name":"Railroad","usage":"main","gauge":null,"electrified":null},"geometry":{"type":"LineString","coordinates":[[24.536946,43.437777],[24.892776,43.70611]]}},{"type":"Feature","properties":{"id":"rail-ne-6295-0","name":"Railroad","usage":"main","gauge":null,"electrified":null},"geometry":{"type":"LineString","coordinates":[[18.703333,46.210001],[18.274999,46.087502]]}},{"type":"Feature","properties":{"id":"rail-ne-7263-0","name":"Railroad","usage":"main","gauge":null,"electrified":null},"geometry":{"type":"LineString","coordinates":[[41.658054,42.128334],[42.075833,42.281389]]}},{"type":"Feature","properties":{"id":"rail-ne-1714-0","name":"Railroad","usage":"main","gauge":null,"electrified":null},"geometry":{"type":"LineString","coordinates":[[26.107222,53.073611],[26.417501,52.755]]}},{"type":"Feature","properties":{"id":"rail-ne-944-0","name":"Railroad","usage":"main","gauge":1435,"electrified":null},"geometry":{"type":"LineString","coordinates":[[22.498334,54.026666],[22.939999,54.072778]]}},{"type":"Feature","properties":{"id":"rail-ne-1295-0","name":"Railroad","usage":"main","gauge":null,"electrified":null},"geometry":{"type":"LineString","coordinates":[[24.116389,53.619167],[24.514722,53.423612]]}},{"type":"Feature","properties":{"id":"rail-ne-1057-0","name":"Railroad","usage":"main","gauge":1520,"electrified":null},"geometry":{"type":"LineString","coordinates":[[39.187222,53.841945],[38.986666,54.237777]]}},{"type":"Feature","properties":{"id":"rail-ne-1160-0","name":"Railroad","usage":"main","gauge":1520,"electrified":null},"geometry":{"type":"LineString","coordinates":[[37.499166,54.033611],[37.500277,53.859444],[37.283334,53.700278]]}},{"type":"Feature","properties":{"id":"rail-ne-5038-0","name":"Railroad","usage":"main","gauge":1520,"electrified":null},"geometry":{"type":"LineString","coordinates":[[46.204165,48.282501],[45.847659,48.545075]]}},{"type":"Feature","properties":{"id":"rail-ne-227-0","name":"Railroad","usage":"main","gauge":null,"electrified":null},"geometry":{"type":"LineString","coordinates":[[14.204562,55.558491],[14.171516,56.0]]}},{"type":"Feature","properties":{"id":"rail-ne-4568-0","name":"Railroad","usage":"main","gauge":1520,"electrified":null},"geometry":{"type":"LineString","coordinates":[[37.130555,48.883889],[36.905555,48.92139],[36.728611,48.800277]]}},{"type":"Feature","properties":{"id":"rail-ne-3326-0","name":"Railroad","usage":"main","gauge":null,"electrified":null},"geometry":{"type":"LineString","coordinates":[[14.088333,50.524444],[14.494168,50.348055]]}},{"type":"Feature","properties":{"id":"rail-ne-486-0","name":"Railroad","usage":"main","gauge":1520,"electrified":null},"geometry":{"type":"LineString","coordinates":[[43.255621,54.903558],[43.69611,54.942222]]}},{"type":"Feature","properties":{"id":"rail-ne-5837-0","name":"Railroad","usage":"main","gauge":1435,"electrified":null},"geometry":{"type":"LineString","coordinates":[[26.896111,47.432777],[27.2825,47.217778]]}},{"type":"Feature","properties":{"id":"rail-ne-782-0","name":"Railroad","usage":"main","gauge":1520,"electrified":null},"geometry":{"type":"LineString","coordinates":[[37.457501,54.248611],[37.018578,54.199283]]}},{"type":"Feature","properties":{"id":"rail-ne-4788-0","name":"Railroad","usage":"main","gauge":1520,"electrified":null},"geometry":{"type":"LineString","coordinates":[[24.619444,48.519723],[25.060833,48.526944]]}},{"type":"Feature","properties":{"id":"rail-ne-6067-0","name":"Railroad","usage":"main","gauge":null,"electrified":null},"geometry":{"type":"LineString","coordinates":[[19.834444,46.696945],[20.274167,46.660278]]}},{"type":"Feature","properties":{"id":"rail-ne-185-0","name":"Railroad","usage":"main","gauge":1520,"electrified":null},"geometry":{"type":"LineString","coordinates":[[39.130831,55.679444],[39.570254,55.640123]]}},{"type":"Feature","properties":{"id":"rail-ne-1475-0","name":"Railroad","usage":"main","gauge":1435,"electrified":null},"geometry":{"type":"LineString","coordinates":[[14.483188,53.397413],[14.114094,53.15647]]}},{"type":"Feature","properties":{"id":"rail-ne-5770-0","name":"Railroad","usage":"main","gauge":1435,"electrified":null},"geometry":{"type":"LineString","coordinates":[[25.473889,47.518056],[25.313055,47.434167],[25.355557,47.345555],[25.196112,47.361944]]}},{"type":"Feature","properties":{"id":"rail-ne-3794-0","name":"Railroad","usage":"main","gauge":1435,"electrified":null},"geometry":{"type":"LineString","coordinates":[[20.620824,49.984524],[20.18226,50.012935]]}},{"type":"Feature","properties":{"id":"rail-ne-4235-0","name":"Railroad","usage":"main","gauge":1520,"electrified":null},"geometry":{"type":"LineString","coordinates":[[23.194722,49.521944],[23.495,49.470556],[23.544166,49.345554]]}},{"type":"Feature","properties":{"id":"rail-ne-1279-0","name":"Railroad","usage":"main","gauge":null,"electrified":null},"geometry":{"type":"LineString","coordinates":[[27.467223,53.479721],[27.893334,53.584999]]}},{"type":"Feature","properties":{"id":"rail-ne-1426-0","name":"Railroad","usage":"main","gauge":1520,"electrified":null},"geometry":{"type":"LineString","coordinates":[[39.916111,53.262777],[39.479166,53.225833]]}},{"type":"Feature","properties":{"id":"rail-ne-1884-0","name":"Railroad","usage":"main","gauge":null,"electrified":null},"geometry":{"type":"LineString","coordinates":[[26.417501,52.755],[26.716666,52.434722]]}},{"type":"Feature","properties":{"id":"rail-ne-7049-0","name":"Railroad","usage":"main","gauge":null,"electrified":null},"geometry":{"type":"LineString","coordinates":[[26.753055,43.514722],[27.137483,43.304654]]}},{"type":"Feature","properties":{"id":"rail-ne-7475-0","name":"Railroad","usage":"main","gauge":null,"electrified":null},"geometry":{"type":"LineString","coordinates":[[17.1925,40.487778],[17.0425,40.528334],[16.811389,40.366391]]}},{"type":"Feature","properties":{"id":"rail-ne-474-0","name":"Railroad","usage":"main","gauge":null,"electrified":null},"geometry":{"type":"LineString","coordinates":[[26.686665,54.935833],[26.411389,54.911389],[26.318891,55.043333]]}},{"type":"Feature","properties":{"id":"rail-ne-1438-0","name":"Railroad","usage":"main","gauge":1520,"electrified":null},"geometry":{"type":"LineString","coordinates":[[43.444443,53.311111],[43.017223,53.219722]]}},{"type":"Feature","properties":{"id":"rail-ne-5722-0","name":"Railroad","usage":"main","gauge":null,"electrified":null},"geometry":{"type":"LineString","coordinates":[[19.022499,47.458612],[18.586667,47.487777]]}},{"type":"Feature","properties":{"id":"rail-ne-5129-0","name":"Railroad","usage":"main","gauge":null,"electrified":null},"geometry":{"type":"LineString","coordinates":[[17.571112,48.364999],[17.164167,48.21]]}},{"type":"Feature","properties":{"id":"rail-ne-1901-0","name":"Railroad","usage":"main","gauge":1435,"electrified":null},"geometry":{"type":"LineString","coordinates":[[21.41111,52.421943],[20.975833,52.428611]]}},{"type":"Feature","properties":{"id":"rail-ne-290-0","name":"Railroad","usage":"main","gauge":1520,"electrified":null},"geometry":{"type":"LineString","coordinates":[[43.871387,55.428613],[44.295833,55.525]]}},{"type":"Feature","properties":{"id":"rail-ne-5556-0","name":"Railroad","usage":"main","gauge":null,"electrified":null},"geometry":{"type":"LineString","coordinates":[[19.944444,47.98611],[20.177223,47.902222],[20.246943,47.728334]]}},{"type":"Feature","properties":{"id":"rail-ne-7267-0","name":"Railroad","usage":"main","gauge":null,"electrified":null},"geometry":{"type":"LineString","coordinates":[[43.413055,42.34],[43.046944,42.105556]]}},{"type":"Feature","properties":{"id":"rail-ne-2533-0","name":"Railroad","usage":"main","gauge":1435,"electrified":null},"geometry":{"type":"LineString","coordinates":[[16.838334,51.614721],[16.457615,51.405093]]}},{"type":"Feature","properties":{"id":"rail-ne-642-0","name":"Railroad","usage":"main","gauge":1520,"electrified":null},"geometry":{"type":"LineString","coordinates":[[38.634159,54.512541],[38.292093,54.77906]]}},{"type":"Feature","properties":{"id":"rail-ne-1771-0","name":"Railroad","usage":"main","gauge":1520,"electrified":null},"geometry":{"type":"LineString","coordinates":[[41.929291,52.712517],[42.357554,52.645521]]}},{"type":"Feature","properties":{"id":"rail-ne-3736-0","name":"Railroad","usage":"main","gauge":1520,"electrified":null},"geometry":{"type":"LineString","coordinates":[[35.868612,50.38028],[35.980002,50.305555],[35.976435,50.007166]]}},{"type":"Feature","properties":{"id":"rail-ne-582-0","name":"Railroad","usage":"main","gauge":1520,"electrified":null},"geometry":{"type":"LineString","coordinates":[[21.86389,55.064999],[21.829444,54.634443]]}},{"type":"Feature","properties":{"id":"rail-ne-6330-0","name":"Railroad","usage":"main","gauge":null,"electrified":null},"geometry":{"type":"LineString","coordinates":[[17.529445,45.974446],[17.698887,46.371667]]}},{"type":"Feature","properties":{"id":"rail-ne-1612-0","name":"Railroad","usage":"main","gauge":null,"electrified":null},"geometry":{"type":"LineString","coordinates":[[30.015277,52.975834],[30.147778,53.386667]]}},{"type":"Feature","properties":{"id":"rail-ne-5666-0","name":"Railroad","usage":"main","gauge":null,"electrified":null},"geometry":{"type":"LineString","coordinates":[[18.713611,47.742777],[19.097778,47.546112]]}},{"type":"Feature","properties":{"id":"rail-ne-4262-0","name":"Railroad","usage":"main","gauge":null,"electrified":null},"geometry":{"type":"LineString","coordinates":[[15.322779,49.299723],[15.225279,49.420277],[14.948888,49.426944]]}},{"type":"Feature","properties":{"id":"rail-ne-2929-0","name":"Railroad","usage":"main","gauge":1435,"electrified":null},"geometry":{"type":"LineString","coordinates":[[18.046113,50.793888],[17.719137,51.074914]]}},{"type":"Feature","properties":{"id":"rail-ne-5876-0","name":"Railroad","usage":"main","gauge":null,"electrified":null},"geometry":{"type":"LineString","coordinates":[[20.742223,47.218889],[20.315557,47.158056]]}},{"type":"Feature","properties":{"id":"rail-ne-3052-0","name":"Railroad","usage":"main","gauge":1435,"electrified":null},"geometry":{"type":"LineString","coordinates":[[17.496943,50.832501],[17.892924,50.66348]]}},{"type":"Feature","properties":{"id":"rail-ne-1351-0","name":"Railroad","usage":"main","gauge":1435,"electrified":null},"geometry":{"type":"LineString","coordinates":[[17.490802,53.365776],[17.060454,53.366822]]}},{"type":"Feature","properties":{"id":"rail-ne-1258-0","name":"Railroad","usage":"main","gauge":1435,"electrified":null},"geometry":{"type":"LineString","coordinates":[[18.146112,53.758888],[18.503839,53.52011]]}},{"type":"Feature","properties":{"id":"rail-ne-2045-0","name":"Railroad","usage":"main","gauge":1435,"electrified":null},"geometry":{"type":"LineString","coordinates":[[17.837007,52.302861],[18.260834,52.230279]]}},{"type":"Feature","properties":{"id":"rail-ne-6561-0","name":"Railroad","usage":"main","gauge":null,"electrified":null},"geometry":{"type":"LineString","coordinates":[[19.215742,45.505513],[19.397584,45.25613],[19.470678,45.352661]]}},{"type":"Feature","properties":{"id":"rail-ne-4364-0","name":"Railroad","usage":"main","gauge":null,"electrified":null},"geometry":{"type":"LineString","coordinates":[[18.733888,49.225556],[18.323056,49.101389]]}},{"type":"Feature","properties":{"id":"rail-ne-4115-0","name":"Railroad","usage":"main","gauge":null,"electrified":null},"geometry":{"type":"LineString","coordinates":[[17.438271,49.920607],[17.445556,49.676667],[17.277302,49.599648]]}},{"type":"Feature","properties":{"id":"rail-ne-4195-0","name":"Railroad","usage":"main","gauge":1435,"electrified":null},"geometry":{"type":"LineString","coordinates":[[22.261388,49.514444],[22.688611,49.475277]]}},{"type":"Feature","properties":{"id":"rail-ne-5227-0","name":"Railroad","usage":"main","gauge":null,"electrified":null},"geometry":{"type":"LineString","coordinates":[[16.867777,48.109443],[16.44,48.141112]]}},{"type":"Feature","properties":{"id":"rail-ne-6906-0","name":"Railroad","usage":"main","gauge":1435,"electrified":null},"geometry":{"type":"LineString","coordinates":[[28.210556,44.267223],[27.811387,44.423612]]}},{"type":"Feature","properties":{"id":"rail-ne-6184-0","name":"Railroad","usage":"main","gauge":null,"electrified":null},"geometry":{"type":"LineString","coordinates":[[17.769723,46.371667],[17.568333,46.749722]]}},{"type":"Feature","properties":{"id":"rail-ne-4213-0","name":"Railroad","usage":"main","gauge":1520,"electrified":null},"geometry":{"type":"LineString","coordinates":[[36.022222,49.775834],[36.192778,49.383611]]}},{"type":"Feature","properties":{"id":"rail-ne-838-0","name":"Railroad","usage":"main","gauge":1435,"electrified":null},"geometry":{"type":"LineString","coordinates":[[19.84639,54.375647],[19.7625,54.129167],[19.598889,54.094999]]}},{"type":"Feature","properties":{"id":"rail-ne-7407-0","name":"Railroad","usage":"main","gauge":null,"electrified":null},"geometry":{"type":"LineString","coordinates":[[19.546391,40.703889],[19.705831,40.9275],[19.661388,41.073334]]}},{"type":"Feature","properties":{"id":"rail-ne-6358-0","name":"Railroad","usage":"main","gauge":null,"electrified":null},"geometry":{"type":"LineString","coordinates":[[15.707993,45.883501],[15.301946,46.015834]]}},{"type":"Feature","properties":{"id":"rail-ne-7322-0","name":"Railroad","usage":"main","gauge":null,"electrified":null},"geometry":{"type":"LineString","coordinates":[[45.768266,41.6129],[45.354445,41.718333]]}},{"type":"Feature","properties":{"id":"rail-ne-3690-0","name":"Railroad","usage":"main","gauge":1520,"electrified":null},"geometry":{"type":"LineString","coordinates":[[29.078056,50.142501],[29.495,50.051666]]}},{"type":"Feature","properties":{"id":"rail-ne-6374-0","name":"Railroad","usage":"main","gauge":1435,"electrified":null},"geometry":{"type":"LineString","coordinates":[[27.402221,45.843055],[27.647222,46.191945]]}},{"type":"Feature","properties":{"id":"rail-ne-532-0","name":"Railroad","usage":"main","gauge":null,"electrified":null},"geometry":{"type":"LineString","coordinates":[[23.899162,54.899284],[23.602501,54.889167],[23.608332,54.760278]]}},{"type":"Feature","properties":{"id":"rail-ne-1343-0","name":"Railroad","usage":"main","gauge":1435,"electrified":null},"geometry":{"type":"LineString","coordinates":[[21.925716,53.409417],[21.501944,53.369722]]}},{"type":"Feature","properties":{"id":"rail-ne-5605-0","name":"Railroad","usage":"main","gauge":null,"electrified":null},"geometry":{"type":"LineString","coordinates":[[19.832777,48.0],[19.694446,47.921388],[19.670277,47.65611]]}},{"type":"Feature","properties":{"id":"rail-ne-5587-0","name":"Railroad","usage":"main","gauge":null,"electrified":null},"geometry":{"type":"LineString","coordinates":[[18.092222,47.749723],[17.671666,47.685833]]}},{"type":"Feature","properties":{"id":"rail-ne-2498-0","name":"Railroad","usage":"main","gauge":1520,"electrified":null},"geometry":{"type":"LineString","coordinates":[[48.452777,51.499444],[48.725002,51.825833]]}},{"type":"Feature","properties":{"id":"rail-ne-7305-0","name":"Railroad","usage":"main","gauge":null,"electrified":null},"geometry":{"type":"LineString","coordinates":[[26.164443,41.762222],[25.831944,42.026945]]}},{"type":"Feature","properties":{"id":"rail-ne-5579-0","name":"Railroad","usage":"main","gauge":1520,"electrified":null},"geometry":{"type":"LineString","coordinates":[[28.993612,47.762501],[29.118888,47.698056],[29.320833,47.897501]]}},{"type":"Feature","properties":{"id":"rail-ne-1784-0","name":"Railroad","usage":"main","gauge":null,"electrified":null},"geometry":{"type":"LineString","coordinates":[[29.712779,52.621667],[30.048889,52.880557]]}},{"type":"Feature","properties":{"id":"rail-ne-7527-0","name":"Railroad","usage":"main","gauge":null,"electrified":null},"geometry":{"type":"LineString","coordinates":[[48.776174,39.921923],[48.950595,39.535449]]}},{"type":"Feature","properties":{"id":"rail-ne-3223-0","name":"Railroad","usage":"main","gauge":null,"electrified":null},"geometry":{"type":"LineString","coordinates":[[14.925554,50.473888],[14.546111,50.662778]]}},{"type":"Feature","properties":{"id":"rail-ne-6192-0","name":"Railroad","usage":"main","gauge":null,"electrified":null},"geometry":{"type":"LineString","coordinates":[[16.867779,46.364444],[16.444722,46.387499]]}},{"type":"Feature","properties":{"id":"rail-ne-6336-0","name":"Railroad","usage":"main","gauge":null,"electrified":null},"geometry":{"type":"LineString","coordinates":[[17.474128,45.959818],[17.465,46.205554],[17.313332,46.296112]]}},{"type":"Feature","properties":{"id":"rail-ne-5734-0","name":"Railroad","usage":"main","gauge":null,"electrified":null},"geometry":{"type":"LineString","coordinates":[[16.033333,47.4325],[16.248611,47.795833]]}},{"type":"Feature","properties":{"id":"rail-ne-2523-0","name":"Railroad","usage":"main","gauge":1520,"electrified":null},"geometry":{"type":"LineString","coordinates":[[34.895929,51.422856],[35.246435,51.657888]]}},{"type":"Feature","properties":{"id":"rail-ne-5661-0","name":"Railroad","usage":"main","gauge":null,"electrified":null},"geometry":{"type":"LineString","coordinates":[[14.743055,47.601111],[14.322501,47.568889]]}},{"type":"Feature","properties":{"id":"rail-ne-5209-0","name":"Railroad","usage":"main","gauge":1520,"electrified":null},"geometry":{"type":"LineString","coordinates":[[40.577527,48.176148],[40.998634,48.166231]]}},{"type":"Feature","properties":{"id":"rail-ne-2815-0","name":"Railroad","usage":"main","gauge":1435,"electrified":null},"geometry":{"type":"LineString","coordinates":[[20.877223,51.108888],[21.275556,50.972779]]}},{"type":"Feature","properties":{"id":"rail-ne-60-0","name":"Railroad","usage":"main","gauge":1520,"electrified":null},"geometry":{"type":"LineString","coordinates":[[37.52639,55.843611],[37.135278,55.999167]]}},{"type":"Feature","properties":{"id":"rail-ne-1150-0","name":"Railroad","usage":"main","gauge":1435,"electrified":null},"geometry":{"type":"LineString","coordinates":[[17.778333,54.101667],[17.621666,53.711111]]}},{"type":"Feature","properties":{"id":"rail-ne-6637-0","name":"Railroad","usage":"main","gauge":1435,"electrified":null},"geometry":{"type":"LineString","coordinates":[[26.823609,45.140277],[27.238889,45.07361]]}},{"type":"Feature","properties":{"id":"rail-ne-7580-0","name":"Railroad","usage":"main","gauge":1435,"electrified":null},"geometry":{"type":"LineString","coordinates":[[27.349444,38.153055],[27.178333,38.182778],[27.150278,38.4275]]}},{"type":"Feature","properties":{"id":"rail-ne-7506-0","name":"Railroad","usage":"main","gauge":1435,"electrified":null},"geometry":{"type":"LineString","coordinates":[[30.000002,40.403334],[30.0,39.983459]]}},{"type":"Feature","properties":{"id":"rail-ne-848-0","name":"Railroad","usage":"main","gauge":null,"electrified":null},"geometry":{"type":"LineString","coordinates":[[28.326111,54.088055],[28.083888,54.160001],[28.099166,54.326389]]}},{"type":"Feature","properties":{"id":"rail-ne-2679-0","name":"Railroad","usage":"main","gauge":1435,"electrified":null},"geometry":{"type":"LineString","coordinates":[[18.965278,51.611945],[18.94139,51.193056]]}},{"type":"Feature","properties":{"id":"rail-ne-7502-0","name":"Railroad","usage":"main","gauge":null,"electrified":null},"geometry":{"type":"LineString","coordinates":[[48.545327,40.226613],[48.929591,40.058246]]}},{"type":"Feature","properties":{"id":"rail-ne-1046-0","name":"Railroad","usage":"main","gauge":1520,"electrified":null},"geometry":{"type":"LineString","coordinates":[[46.116219,53.885487],[45.697222,53.889444]]}},{"type":"Feature","properties":{"id":"rail-ne-6232-0","name":"Railroad","usage":"main","gauge":1435,"electrified":null},"geometry":{"type":"LineString","coordinates":[[21.119446,46.414722],[21.036112,46.263056],[20.794445,46.307778]]}},{"type":"Feature","properties":{"id":"rail-ne-2289-0","name":"Railroad","usage":"main","gauge":1520,"electrified":null},"geometry":{"type":"LineString","coordinates":[[33.595288,51.820734],[33.945001,52.051111]]}},{"type":"Feature","properties":{"id":"rail-ne-2454-0","name":"Railroad","usage":"main","gauge":1520,"electrified":null},"geometry":{"type":"LineString","coordinates":[[43.339168,51.870833],[43.12472,51.741389],[43.113333,51.573611]]}},{"type":"Feature","properties":{"id":"rail-ne-5645-0","name":"Railroad","usage":"main","gauge":1520,"electrified":null},"geometry":{"type":"LineString","coordinates":[[33.717778,47.659444],[34.134444,47.618889]]}},{"type":"Feature","properties":{"id":"rail-ne-6095-0","name":"Railroad","usage":"main","gauge":null,"electrified":null},"geometry":{"type":"LineString","coordinates":[[21.068611,46.678333],[20.667502,46.562222]]}},{"type":"Feature","properties":{"id":"rail-ne-3011-0","name":"Railroad","usage":"main","gauge":1435,"electrified":null},"geometry":{"type":"LineString","coordinates":[[23.137777,50.710555],[23.216667,51.120556]]}},{"type":"Feature","properties":{"id":"rail-ne-6779-0","name":"Railroad","usage":"main","gauge":1435,"electrified":null},"geometry":{"type":"LineString","coordinates":[[24.28528,45.033611],[24.264997,44.616667]]}},{"type":"Feature","properties":{"id":"rail-ne-888-0","name":"Railroad","usage":"main","gauge":1520,"electrified":null},"geometry":{"type":"LineString","coordinates":[[34.808888,54.094445],[35.226113,54.085834]]}},{"type":"Feature","properties":{"id":"rail-ne-4090-0","name":"Railroad","usage":"main","gauge":1435,"electrified":null},"geometry":{"type":"LineString","coordinates":[[19.605279,49.741111],[19.192776,49.678334]]}},{"type":"Feature","properties":{"id":"rail-ne-7308-0","name":"Railroad","usage":"main","gauge":null,"electrified":null},"geometry":{"type":"LineString","coordinates":[[21.440001,41.990831],[21.763055,41.727222]]}},{"type":"Feature","properties":{"id":"rail-ne-7217-0","name":"Railroad","usage":"main","gauge":null,"electrified":null},"geometry":{"type":"LineString","coordinates":[[42.075833,42.281389],[41.796666,42.395833],[41.788602,42.509831]]}},{"type":"Feature","properties":{"id":"rail-ne-6253-0","name":"Railroad","usage":"main","gauge":1435,"electrified":null},"geometry":{"type":"LineString","coordinates":[[28.133423,46.252557],[27.718055,46.266389]]}},{"type":"Feature","properties":{"id":"rail-ne-6505-0","name":"Railroad","usage":"main","gauge":1435,"electrified":null},"geometry":{"type":"LineString","coordinates":[[22.984445,45.586946],[23.372221,45.439167]]}},{"type":"Feature","properties":{"id":"rail-ne-928-0","name":"Railroad","usage":"main","gauge":1435,"electrified":null},"geometry":{"type":"LineString","coordinates":[[21.404443,54.063055],[21.817779,54.027221]]}},{"type":"Feature","properties":{"id":"rail-ne-926-0","name":"Railroad","usage":"main","gauge":1435,"electrified":null},"geometry":{"type":"LineString","coordinates":[[15.978056,54.012778],[15.597778,54.178333]]}},{"type":"Feature","properties":{"id":"rail-ne-1446-0","name":"Railroad","usage":"main","gauge":1435,"electrified":null},"geometry":{"type":"LineString","coordinates":[[18.947502,53.439167],[18.599723,53.215834]]}},{"type":"Feature","properties":{"id":"rail-ne-2375-0","name":"Railroad","usage":"main","gauge":1520,"electrified":null},"geometry":{"type":"LineString","coordinates":[[39.573223,51.874979],[39.209189,51.679384]]}},{"type":"Feature","properties":{"id":"rail-ne-7484-0","name":"Railroad","usage":"main","gauge":null,"electrified":null},"geometry":{"type":"LineString","coordinates":[[21.686111,40.690556],[21.780557,40.288611]]}},{"type":"Feature","properties":{"id":"rail-ne-7184-0","name":"Railroad","usage":"main","gauge":null,"electrified":null},"geometry":{"type":"LineString","coordinates":[[26.992501,42.678055],[27.224721,42.714999],[27.320555,42.565556]]}},{"type":"Feature","properties":{"id":"rail-ne-7538-0","name":"Railroad","usage":"main","gauge":null,"electrified":null},"geometry":{"type":"LineString","coordinates":[[22.429167,39.629167],[22.204444,39.420557],[22.244723,39.323611]]}},{"type":"Feature","properties":{"id":"rail-ne-5218-0","name":"Railroad","usage":"main","gauge":1520,"electrified":null},"geometry":{"type":"LineString","coordinates":[[22.625,48.195278],[23.03111,48.130834]]}},{"type":"Feature","properties":{"id":"rail-ne-1152-0","name":"Railroad","usage":"main","gauge":null,"electrified":null},"geometry":{"type":"LineString","coordinates":[[31.7325,53.736667],[32.142501,53.709722]]}},{"type":"Feature","properties":{"id":"rail-ne-3717-0","name":"Railroad","usage":"main","gauge":1520,"electrified":null},"geometry":{"type":"LineString","coordinates":[[29.495,50.051666],[29.905278,50.067222]]}},{"type":"Feature","properties":{"id":"rail-ne-5761-0","name":"Railroad","usage":"main","gauge":1520,"electrified":null},"geometry":{"type":"LineString","coordinates":[[42.246113,47.395],[41.836555,47.416539]]}},{"type":"Feature","properties":{"id":"rail-ne-4245-0","name":"Railroad","usage":"main","gauge":1435,"electrified":null},"geometry":{"type":"LineString","coordinates":[[20.893055,49.345],[20.645002,49.499722],[20.699167,49.604167]]}},{"type":"Feature","properties":{"id":"rail-ne-6480-0","name":"Railroad","usage":"main","gauge":null,"electrified":null},"geometry":{"type":"LineString","coordinates":[[19.625278,45.577776],[20.032501,45.620833]]}},{"type":"Feature","properties":{"id":"rail-ne-5419-0","name":"Railroad","usage":"main","gauge":1520,"electrified":null},"geometry":{"type":"LineString","coordinates":[[38.193057,47.921667],[38.275279,48.054445],[38.528055,48.039168]]}},{"type":"Feature","properties":{"id":"rail-ne-4543-0","name":"Railroad","usage":"main","gauge":1520,"electrified":null},"geometry":{"type":"LineString","coordinates":[[37.538056,48.846666],[37.130555,48.883889]]}},{"type":"Feature","properties":{"id":"rail-ne-4696-0","name":"Railroad","usage":"main","gauge":1520,"electrified":null},"geometry":{"type":"LineString","coordinates":[[25.685834,48.608611],[25.718334,49.016389]]}},{"type":"Feature","properties":{"id":"rail-ne-4789-0","name":"Railroad","usage":"main","gauge":1520,"electrified":null},"geometry":{"type":"LineString","coordinates":[[24.741112,48.864723],[24.572224,48.628611],[24.619444,48.519723]]}},{"type":"Feature","properties":{"id":"rail-ne-6493-0","name":"Railroad","usage":"main","gauge":1435,"electrified":null},"geometry":{"type":"LineString","coordinates":[[20.879445,45.475278],[21.196388,45.733611]]}},{"type":"Feature","properties":{"id":"rail-ne-4381-0","name":"Railroad","usage":"main","gauge":1520,"electrified":null},"geometry":{"type":"LineString","coordinates":[[28.120556,49.077777],[28.499442,49.228612]]}},{"type":"Feature","properties":{"id":"rail-ne-6475-0","name":"Railroad","usage":"main","gauge":null,"electrified":null},"geometry":{"type":"LineString","coordinates":[[18.703056,45.555834],[18.460556,45.883334]]}},{"type":"Feature","properties":{"id":"rail-ne-4084-0","name":"Railroad","usage":"main","gauge":1435,"electrified":null},"geometry":{"type":"LineString","coordinates":[[20.954723,50.003889],[21.062223,49.878333],[20.9625,49.657778]]}},{"type":"Feature","properties":{"id":"rail-ne-4151-0","name":"Railroad","usage":"main","gauge":1520,"electrified":null},"geometry":{"type":"LineString","coordinates":[[28.589444,49.775833],[28.380556,49.663333],[28.358333,49.494723]]}},{"type":"Feature","properties":{"id":"rail-ne-4975-0","name":"Railroad","usage":"main","gauge":1520,"electrified":null},"geometry":{"type":"LineString","coordinates":[[35.511113,48.330554],[35.132777,48.481388]]}},{"type":"Feature","properties":{"id":"rail-ne-6405-0","name":"Railroad","usage":"main","gauge":1435,"electrified":null},"geometry":{"type":"LineString","coordinates":[[20.805556,45.959999],[21.174166,45.786945]]}},{"type":"Feature","properties":{"id":"rail-ne-6053-0","name":"Railroad","usage":"main","gauge":null,"electrified":null},"geometry":{"type":"LineString","coordinates":[[15.416666,47.058055],[15.628609,46.710834]]}},{"type":"Feature","properties":{"id":"rail-ne-741-0","name":"Railroad","usage":"main","gauge":1520,"electrified":null},"geometry":{"type":"LineString","coordinates":[[33.414105,54.278361],[33.209999,54.375],[33.213889,54.555834]]}},{"type":"Feature","properties":{"id":"rail-ne-3288-0","name":"Railroad","usage":"main","gauge":1435,"electrified":null},"geometry":{"type":"LineString","coordinates":[[16.245557,50.425835],[16.651944,50.41]]}},{"type":"Feature","properties":{"id":"rail-ne-5758-0","name":"Railroad","usage":"main","gauge":null,"electrified":null},"geometry":{"type":"LineString","coordinates":[[15.079443,47.372777],[14.743055,47.601111]]}},{"type":"Feature","properties":{"id":"rail-ne-2812-0","name":"Railroad","usage":"main","gauge":1435,"electrified":null},"geometry":{"type":"LineString","coordinates":[[18.200556,50.976111],[18.196666,51.134445],[18.004167,51.289445]]}},{"type":"Feature","properties":{"id":"rail-ne-6081-0","name":"Railroad","usage":"main","gauge":null,"electrified":null},"geometry":{"type":"LineString","coordinates":[[19.638888,46.825279],[19.296111,46.608611]]}},{"type":"Feature","properties":{"id":"rail-ne-6364-0","name":"Railroad","usage":"main","gauge":1520,"electrified":null},"geometry":{"type":"LineString","coordinates":[[40.091945,45.864444],[39.797499,46.143055]]}},{"type":"Feature","properties":{"id":"rail-ne-7533-0","name":"Railroad","usage":"main","gauge":null,"electrified":null},"geometry":{"type":"LineString","coordinates":[[22.758334,39.393056],[22.429167,39.629167]]}},{"type":"Feature","properties":{"id":"rail-ne-1393-0","name":"Railroad","usage":"main","gauge":1435,"electrified":null},"geometry":{"type":"LineString","coordinates":[[16.102501,53.440555],[16.475556,53.282778]]}},{"type":"Feature","properties":{"id":"rail-ne-4271-0","name":"Railroad","usage":"main","gauge":1520,"electrified":null},"geometry":{"type":"LineString","coordinates":[[23.861944,49.636946],[23.958333,49.458611],[23.861945,49.280834]]}},{"type":"Feature","properties":{"id":"rail-ne-5938-0","name":"Railroad","usage":"main","gauge":1435,"electrified":null},"geometry":{"type":"LineString","coordinates":[[22.353611,47.033611],[21.948889,47.037778]]}},{"type":"Feature","properties":{"id":"rail-ne-357-0","name":"Railroad","usage":"main","gauge":1520,"electrified":null},"geometry":{"type":"LineString","coordinates":[[44.106396,55.189592],[43.795554,55.448056]]}},{"type":"Feature","properties":{"id":"rail-ne-2123-0","name":"Railroad","usage":"main","gauge":null,"electrified":null},"geometry":{"type":"LineString","coordinates":[[23.381666,52.383056],[23.665556,52.095463]]}},{"type":"Feature","properties":{"id":"rail-ne-2689-0","name":"Railroad","usage":"main","gauge":1520,"electrified":null},"geometry":{"type":"LineString","coordinates":[[36.2725,51.205278],[36.675833,51.221667]]}},{"type":"Feature","properties":{"id":"rail-ne-5396-0","name":"Railroad","usage":"main","gauge":null,"electrified":null},"geometry":{"type":"LineString","coordinates":[[19.057777,47.943056],[19.0475,48.060001],[19.332778,48.076667]]}},{"type":"Feature","properties":{"id":"rail-ne-546-0","name":"Railroad","usage":"main","gauge":1520,"electrified":null},"geometry":{"type":"LineString","coordinates":[[20.099442,54.7375],[20.501667,54.710557]]}},{"type":"Feature","properties":{"id":"rail-ne-232-0","name":"Railroad","usage":"main","gauge":1520,"electrified":null},"geometry":{"type":"LineString","coordinates":[[39.542258,55.572258],[39.139845,55.552502]]}},{"type":"Feature","properties":{"id":"rail-ne-7625-0","name":"Railroad","usage":"main","gauge":null,"electrified":null},"geometry":{"type":"LineString","coordinates":[[21.511667,37.649722],[21.701666,37.294445]]}},{"type":"Feature","properties":{"id":"rail-ne-6602-0","name":"Railroad","usage":"main","gauge":1520,"electrified":null},"geometry":{"type":"LineString","coordinates":[[33.629722,45.146943],[34.032501,45.139723]]}},{"type":"Feature","properties":{"id":"rail-ne-6357-0","name":"Railroad","usage":"main","gauge":null,"electrified":null},"geometry":{"type":"LineString","coordinates":[[15.569445,46.218332],[15.729834,46.058218],[15.707993,45.883501]]}},{"type":"Feature","properties":{"id":"rail-ne-5357-0","name":"Railroad","usage":"main","gauge":null,"electrified":null},"geometry":{"type":"LineString","coordinates":[[21.727777,47.989167],[22.069723,48.201112]]}},{"type":"Feature","properties":{"id":"rail-ne-2218-0","name":"Railroad","usage":"main","gauge":1435,"electrified":null},"geometry":{"type":"LineString","coordinates":[[20.129444,51.961388],[20.51472,52.076667]]}},{"type":"Feature","properties":{"id":"rail-ne-2657-0","name":"Railroad","usage":"main","gauge":1435,"electrified":null},"geometry":{"type":"LineString","coordinates":[[19.342222,51.217222],[19.404446,51.344445],[19.66496,51.343361]]}},{"type":"Feature","properties":{"id":"rail-ne-4778-0","name":"Railroad","usage":"main","gauge":null,"electrified":null},"geometry":{"type":"LineString","coordinates":[[20.038889,48.736112],[20.388055,48.537221]]}},{"type":"Feature","properties":{"id":"rail-ne-5930-0","name":"Railroad","usage":"main","gauge":1520,"electrified":null},"geometry":{"type":"LineString","coordinates":[[34.926666,47.039167],[35.327501,47.066112]]}},{"type":"Feature","properties":{"id":"rail-ne-780-0","name":"Railroad","usage":"main","gauge":1520,"electrified":null},"geometry":{"type":"LineString","coordinates":[[49.599444,54.239722],[50.0,54.218648]]}},{"type":"Feature","properties":{"id":"rail-ne-7600-0","name":"Railroad","usage":"main","gauge":1435,"electrified":null},"geometry":{"type":"LineString","coordinates":[[27.496946,37.883334],[27.371667,37.878611],[27.349444,38.153055]]}},{"type":"Feature","properties":{"id":"rail-ne-1726-0","name":"Railroad","usage":"main","gauge":1435,"electrified":null},"geometry":{"type":"LineString","coordinates":[[23.207179,52.728183],[23.091112,53.111666]]}},{"type":"Feature","properties":{"id":"rail-ne-6739-0","name":"Railroad","usage":"main","gauge":1520,"electrified":null},"geometry":{"type":"LineString","coordinates":[[37.918609,44.870555],[37.662777,44.858055],[37.752779,44.744999]]}},{"type":"Feature","properties":{"id":"rail-ne-3686-0","name":"Railroad","usage":"main","gauge":1435,"electrified":null},"geometry":{"type":"LineString","coordinates":[[21.513333,50.443055],[21.421718,50.053536]]}},{"type":"Feature","properties":{"id":"rail-ne-2293-0","name":"Railroad","usage":"main","gauge":null,"electrified":null},"geometry":{"type":"LineString","coordinates":[[29.151943,51.815278],[29.141943,52.07889],[29.269445,52.125556]]}},{"type":"Feature","properties":{"id":"rail-ne-6302-0","name":"Railroad","usage":"main","gauge":1435,"electrified":null},"geometry":{"type":"LineString","coordinates":[[23.178334,46.125555],[23.573055,46.063611]]}},{"type":"Feature","properties":{"id":"rail-ne-2794-0","name":"Railroad","usage":"main","gauge":1520,"electrified":null},"geometry":{"type":"LineString","coordinates":[[39.286666,51.358334],[39.498336,51.019721]]}},{"type":"Feature","properties":{"id":"rail-ne-6892-0","name":"Railroad","usage":"main","gauge":1435,"electrified":null},"geometry":{"type":"LineString","coordinates":[[23.850767,44.308399],[24.245646,44.367593]]}},{"type":"Feature","properties":{"id":"rail-ne-3251-0","name":"Railroad","usage":"main","gauge":1520,"electrified":null},"geometry":{"type":"LineString","coordinates":[[35.795025,50.775759],[35.919165,50.593889],[35.850814,50.428665]]}},{"type":"Feature","properties":{"id":"rail-ne-2255-0","name":"Railroad","usage":"main","gauge":1435,"electrified":null},"geometry":{"type":"LineString","coordinates":[[16.659444,52.085556],[17.002222,51.881389]]}},{"type":"Feature","properties":{"id":"rail-ne-6165-0","name":"Railroad","usage":"main","gauge":1520,"electrified":null},"geometry":{"type":"LineString","coordinates":[[48.080277,46.3975],[48.031944,46.793055]]}},{"type":"Feature","properties":{"id":"rail-ne-4730-0","name":"Railroad","usage":"main","gauge":1520,"electrified":null},"geometry":{"type":"LineString","coordinates":[[29.090278,48.57139],[29.466944,48.701112]]}},{"type":"Feature","properties":{"id":"rail-ne-7344-0","name":"Railroad","usage":"main","gauge":1435,"electrified":null},"geometry":{"type":"LineString","coordinates":[[27.213856,41.727312],[27.076652,41.353327]]}},{"type":"Feature","properties":{"id":"rail-ne-6977-0","name":"Railroad","usage":"main","gauge":null,"electrified":null},"geometry":{"type":"LineString","coordinates":[[21.110282,44.156943],[21.390106,43.873523]]}},{"type":"Feature","properties":{"id":"rail-ne-5791-0","name":"Railroad","usage":"main","gauge":null,"electrified":null},"geometry":{"type":"LineString","coordinates":[[20.747221,47.619167],[20.737778,47.45],[20.912221,47.3025]]}},{"type":"Feature","properties":{"id":"rail-ne-6574-0","name":"Railroad","usage":"main","gauge":null,"electrified":null},"geometry":{"type":"LineString","coordinates":[[18.42722,45.230556],[18.668891,45.546388]]}},{"type":"Feature","properties":{"id":"rail-ne-678-0","name":"Railroad","usage":"main","gauge":1520,"electrified":null},"geometry":{"type":"LineString","coordinates":[[38.228333,54.386667],[38.292093,54.77906]]}},{"type":"Feature","properties":{"id":"rail-ne-3324-0","name":"Railroad","usage":"main","gauge":1435,"electrified":null},"geometry":{"type":"LineString","coordinates":[[19.623612,50.349999],[20.005557,50.46]]}},{"type":"Feature","properties":{"id":"rail-ne-444-0","name":"Railroad","usage":"main","gauge":1520,"electrified":null},"geometry":{"type":"LineString","coordinates":[[44.106396,55.189592],[44.449166,54.988888]]}},{"type":"Feature","properties":{"id":"rail-ne-6147-0","name":"Railroad","usage":"main","gauge":1435,"electrified":null},"geometry":{"type":"LineString","coordinates":[[24.489167,46.501389],[24.093889,46.463056]]}},{"type":"Feature","properties":{"id":"rail-ne-4043-0","name":"Railroad","usage":"main","gauge":1520,"electrified":null},"geometry":{"type":"LineString","coordinates":[[28.869166,49.733889],[29.215,49.928889]]}},{"type":"Feature","properties":{"id":"rail-ne-6054-0","name":"Railroad","usage":"main","gauge":null,"electrified":null},"geometry":{"type":"LineString","coordinates":[[17.250835,46.711111],[17.120833,46.729167],[17.084722,46.992223]]}},{"type":"Feature","properties":{"id":"rail-ne-525-0","name":"Railroad","usage":"main","gauge":1520,"electrified":null},"geometry":{"type":"LineString","coordinates":[[46.335557,54.776666],[46.705276,54.920001]]}},{"type":"Feature","properties":{"id":"rail-ne-6656-0","name":"Railroad","usage":"main","gauge":1520,"electrified":null},"geometry":{"type":"LineString","coordinates":[[40.811001,45.2636],[41.108612,45.001666]]}},{"type":"Feature","properties":{"id":"rail-ne-5486-0","name":"Railroad","usage":"main","gauge":1435,"electrified":null},"geometry":{"type":"LineString","coordinates":[[22.912223,47.823056],[23.135342,48.150512]]}},{"type":"Feature","properties":{"id":"rail-ne-1905-0","name":"Railroad","usage":"main","gauge":1435,"electrified":null},"geometry":{"type":"LineString","coordinates":[[18.035278,52.44611],[17.647222,52.525833]]}},{"type":"Feature","properties":{"id":"rail-ne-1228-0","name":"Railroad","usage":"main","gauge":1435,"electrified":null},"geometry":{"type":"LineString","coordinates":[[19.222777,53.748055],[19.583056,53.583611]]}},{"type":"Feature","properties":{"id":"rail-ne-1728-0","name":"Railroad","usage":"main","gauge":1520,"electrified":null},"geometry":{"type":"LineString","coordinates":[[32.632499,52.850277],[32.256668,52.726112]]}},{"type":"Feature","properties":{"id":"rail-ne-150-0","name":"Railroad","usage":"main","gauge":1520,"electrified":null},"geometry":{"type":"LineString","coordinates":[[39.156787,55.772738],[39.547234,55.707826]]}},{"type":"Feature","properties":{"id":"rail-ne-3016-0","name":"Railroad","usage":"main","gauge":1435,"electrified":null},"geometry":{"type":"LineString","coordinates":[[23.762221,50.734723],[23.367499,50.706667]]}},{"type":"Feature","properties":{"id":"rail-ne-410-0","name":"Railroad","usage":"main","gauge":1520,"electrified":null},"geometry":{"type":"LineString","coordinates":[[40.438612,55.126389],[40.048301,55.062819]]}},{"type":"Feature","properties":{"id":"rail-ne-3743-0","name":"Railroad","usage":"main","gauge":1435,"electrified":null},"geometry":{"type":"LineString","coordinates":[[21.076389,50.303611],[20.949443,50.267223],[20.954723,50.003889]]}},{"type":"Feature","properties":{"id":"rail-ne-3984-0","name":"Railroad","usage":"main","gauge":1435,"electrified":null},"geometry":{"type":"LineString","coordinates":[[22.226111,49.807223],[22.525555,50.064722]]}},{"type":"Feature","properties":{"id":"rail-ne-4321-0","name":"Railroad","usage":"main","gauge":null,"electrified":null},"geometry":{"type":"LineString","coordinates":[[17.161389,49.3325],[16.804722,49.163612]]}},{"type":"Feature","properties":{"id":"rail-ne-4440-0","name":"Railroad","usage":"main","gauge":null,"electrified":null},"geometry":{"type":"LineString","coordinates":[[15.347502,48.990278],[15.490832,49.357777]]}},{"type":"Feature","properties":{"id":"rail-ne-491-0","name":"Railroad","usage":"main","gauge":null,"electrified":null},"geometry":{"type":"LineString","coordinates":[[24.462222,54.856944],[24.072779,54.918055]]}},{"type":"Feature","properties":{"id":"rail-ne-2844-0","name":"Railroad","usage":"main","gauge":1435,"electrified":null},"geometry":{"type":"LineString","coordinates":[[22.538335,51.222779],[22.268332,50.935555]]}},{"type":"Feature","properties":{"id":"rail-ne-5558-0","name":"Railroad","usage":"main","gauge":null,"electrified":null},"geometry":{"type":"LineString","coordinates":[[18.671944,47.738056],[18.278053,47.727501]]}},{"type":"Feature","properties":{"id":"rail-ne-5985-0","name":"Railroad","usage":"main","gauge":null,"electrified":null},"geometry":{"type":"LineString","coordinates":[[16.643612,47.222501],[16.883611,46.91]]}},{"type":"Feature","properties":{"id":"rail-ne-544-0","name":"Railroad","usage":"main","gauge":1520,"electrified":null},"geometry":{"type":"LineString","coordinates":[[20.511112,54.726666],[20.266668,54.815833],[20.2375,54.946389]]}},{"type":"Feature","properties":{"id":"rail-ne-54-0","name":"Railroad","usage":"main","gauge":1520,"electrified":null},"geometry":{"type":"LineString","coordinates":[[49.184442,55.848889],[49.548054,56.0]]}},{"type":"Feature","properties":{"id":"rail-ne-6444-0","name":"Railroad","usage":"main","gauge":1435,"electrified":null},"geometry":{"type":"LineString","coordinates":[[25.5825,45.656666],[25.51,46.043611]]}},{"type":"Feature","properties":{"id":"rail-ne-1169-0","name":"Railroad","usage":"main","gauge":1435,"electrified":null},"geometry":{"type":"LineString","coordinates":[[15.259167,53.806944],[15.634722,53.688888]]}},{"type":"Feature","properties":{"id":"rail-ne-7562-0","name":"Railroad","usage":"main","gauge":1435,"electrified":null},"geometry":{"type":"LineString","coordinates":[[39.041945,38.534445],[39.208889,38.660556],[39.371112,38.573333]]}},{"type":"Feature","properties":{"id":"rail-ne-6069-0","name":"Railroad","usage":"main","gauge":1435,"electrified":null},"geometry":{"type":"LineString","coordinates":[[24.326946,47.016667],[24.172777,46.655277]]}},{"type":"Feature","properties":{"id":"rail-ne-6220-0","name":"Railroad","usage":"main","gauge":null,"electrified":null},"geometry":{"type":"LineString","coordinates":[[17.313332,46.296112],[17.698887,46.371667]]}},{"type":"Feature","properties":{"id":"rail-ne-3040-0","name":"Railroad","usage":"main","gauge":1520,"electrified":null},"geometry":{"type":"LineString","coordinates":[[29.33139,50.741667],[29.718889,50.677222]]}},{"type":"Feature","properties":{"id":"rail-ne-6072-0","name":"Railroad","usage":"main","gauge":null,"electrified":null},"geometry":{"type":"LineString","coordinates":[[21.473056,46.748056],[21.092777,46.651112]]}},{"type":"Feature","properties":{"id":"rail-ne-3541-0","name":"Railroad","usage":"main","gauge":1520,"electrified":null},"geometry":{"type":"LineString","coordinates":[[35.097777,50.35111],[35.441667,50.162222]]}},{"type":"Feature","properties":{"id":"rail-ne-1954-0","name":"Railroad","usage":"main","gauge":1435,"electrified":null},"geometry":{"type":"LineString","coordinates":[[18.123333,52.361666],[18.514458,52.387657]]}},{"type":"Feature","properties":{"id":"rail-ne-2221-0","name":"Railroad","usage":"main","gauge":1435,"electrified":null},"geometry":{"type":"LineString","coordinates":[[20.864724,51.966945],[20.472779,51.969723]]}},{"type":"Feature","properties":{"id":"rail-ne-4569-0","name":"Railroad","usage":"main","gauge":1520,"electrified":null},"geometry":{"type":"LineString","coordinates":[[36.728611,48.800277],[36.344167,48.875832]]}},{"type":"Feature","properties":{"id":"rail-ne-1770-0","name":"Railroad","usage":"main","gauge":1435,"electrified":null},"geometry":{"type":"LineString","coordinates":[[16.439444,52.694445],[16.828611,52.649445]]}},{"type":"Feature","properties":{"id":"rail-ne-4341-0","name":"Railroad","usage":"main","gauge":1435,"electrified":null},"geometry":{"type":"LineString","coordinates":[[22.456944,49.140833],[22.081943,49.253333]]}},{"type":"Feature","properties":{"id":"rail-ne-6227-0","name":"Railroad","usage":"main","gauge":null,"electrified":null},"geometry":{"type":"LineString","coordinates":[[18.526667,46.274167],[18.144442,46.358612]]}},{"type":"Feature","properties":{"id":"rail-ne-1062-0","name":"Railroad","usage":"main","gauge":1520,"electrified":null},"geometry":{"type":"LineString","coordinates":[[39.187222,53.841945],[38.800832,53.903612]]}},{"type":"Feature","properties":{"id":"rail-ne-1179-0","name":"Railroad","usage":"main","gauge":null,"electrified":null},"geometry":{"type":"LineString","coordinates":[[24.960556,53.678333],[25.293335,53.883889]]}},{"type":"Feature","properties":{"id":"rail-ne-1855-0","name":"Railroad","usage":"main","gauge":1435,"electrified":null},"geometry":{"type":"LineString","coordinates":[[18.57614,52.681285],[18.921944,52.498888]]}},{"type":"Feature","properties":{"id":"rail-ne-911-0","name":"Railroad","usage":"main","gauge":1435,"electrified":null},"geometry":{"type":"LineString","coordinates":[[22.299685,54.310019],[22.429167,54.273611],[22.498334,54.026666]]}},{"type":"Feature","properties":{"id":"rail-ne-1323-0","name":"Railroad","usage":"main","gauge":1435,"electrified":null},"geometry":{"type":"LineString","coordinates":[[19.193889,53.396945],[19.552499,53.552501]]}},{"type":"Feature","properties":{"id":"rail-ne-5846-0","name":"Railroad","usage":"main","gauge":1520,"electrified":null},"geometry":{"type":"LineString","coordinates":[[36.310277,47.211112],[36.685555,47.317778]]}},{"type":"Feature","properties":{"id":"rail-ne-6025-0","name":"Railroad","usage":"main","gauge":1435,"electrified":null},"geometry":{"type":"LineString","coordinates":[[23.75282,46.786801],[23.890001,47.151946]]}},{"type":"Feature","properties":{"id":"rail-ne-5692-0","name":"Railroad","usage":"main","gauge":1435,"electrified":null},"geometry":{"type":"LineString","coordinates":[[26.245279,47.67139],[26.090557,47.496112],[25.940554,47.539445]]}},{"type":"Feature","properties":{"id":"rail-ne-7174-0","name":"Railroad","usage":"main","gauge":null,"electrified":null},"geometry":{"type":"LineString","coordinates":[[23.050834,42.604166],[23.06361,42.813056],[23.236389,42.763335]]}},{"type":"Feature","properties":{"id":"rail-ne-6448-0","name":"Railroad","usage":"main","gauge":1435,"electrified":null},"geometry":{"type":"LineString","coordinates":[[24.674444,45.784167],[24.308332,45.652778]]}},{"type":"Feature","properties":{"id":"rail-ne-4327-0","name":"Railroad","usage":"main","gauge":null,"electrified":null},"geometry":{"type":"LineString","coordinates":[[19.486944,49.307222],[19.129167,49.154723]]}},{"type":"Feature","properties":{"id":"rail-ne-4711-0","name":"Railroad","usage":"main","gauge":1520,"electrified":null},"geometry":{"type":"LineString","coordinates":[[22.444721,48.850277],[22.501668,48.739722],[22.283056,48.591111]]}},{"type":"Feature","properties":{"id":"rail-ne-7488-0","name":"Railroad","usage":"main","gauge":null,"electrified":null},"geometry":{"type":"LineString","coordinates":[[48.175554,40.345279],[48.545327,40.226613]]}},{"type":"Feature","properties":{"id":"rail-ne-1663-0","name":"Railroad","usage":"main","gauge":1435,"electrified":null},"geometry":{"type":"LineString","coordinates":[[16.756947,53.145],[16.493137,52.860241]]}},{"type":"Feature","properties":{"id":"rail-ne-677-0","name":"Railroad","usage":"main","gauge":1520,"electrified":null},"geometry":{"type":"LineString","coordinates":[[22.59611,54.629444],[22.615835,54.511389],[22.378009,54.386894]]}},{"type":"Feature","properties":{"id":"rail-ne-2845-0","name":"Railroad","usage":"main","gauge":1520,"electrified":null},"geometry":{"type":"LineString","coordinates":[[24.390555,50.934166],[24.650555,51.222223]]}},{"type":"Feature","properties":{"id":"rail-ne-7522-0","name":"Railroad","usage":"main","gauge":1435,"electrified":null},"geometry":{"type":"LineString","coordinates":[[36.4675,39.853888],[36.679446,39.850556],[36.753886,39.691112]]}},{"type":"Feature","properties":{"id":"rail-ne-2252-0","name":"Railroad","usage":"main","gauge":1435,"electrified":null},"geometry":{"type":"LineString","coordinates":[[17.491943,51.973888],[17.114202,51.886203]]}},{"type":"Feature","properties":{"id":"rail-ne-5610-0","name":"Railroad","usage":"main","gauge":1520,"electrified":null},"geometry":{"type":"LineString","coordinates":[[34.637777,47.651667],[34.967777,47.855]]}},{"type":"Feature","properties":{"id":"rail-ne-7272-0","name":"Railroad","usage":"main","gauge":null,"electrified":null},"geometry":{"type":"LineString","coordinates":[[19.080001,42.079445],[19.255598,42.424807]]}}]}