{"type":"FeatureCollection","note":"Natural Earth physical. Shared by every scenario regardless of era.","features":[{"type":"Feature","properties":{"name":"Abay","width":1.0},"geometry":{"type":"MultiLineString","coordinates":[[[37.113,11.855],[37.264,11.903],[37.387,11.632]]]}},{"type":"Feature","properties":{"name":"Al Furat","width":1.0},"geometry":{"type":"MultiLineString","coordinates":[[[38.561,35.863],[38.246,35.951],[38.079,36.074],[38.184,36.342]]]}},{"type":"Feature","properties":{"name":"Albert Nile","width":1.0},"geometry":{"type":"MultiLineString","coordinates":[[[31.367,2.193],[31.383,2.306],[31.475,2.4]]]}},{"type":"Feature","properties":{"name":"Amur","width":1.0},"geometry":{"type":"MultiLineString","coordinates":[[[137.07,50.454],[137.101,50.298],[137.057,50.216],[136.872,50.098],[136.771,49.915],[136.81,49.759]],[[140.114,51.764],[139.858,51.579]]]}},{"type":"Feature","properties":{"name":"Angara","width":1.0},"geometry":{"type":"MultiLineString","coordinates":[[[106.497,52.383],[106.438,52.415],[106.221,52.36],[105.556,51.908],[105.141,51.816],[104.866,51.872]],[[103.374,53.107],[103.384,53.594],[103.087,54.032],[103.058,54.218],[103.251,54.481],[103.192,54.696],[103.107,54.774],[103.133,54.892],[103.329,55.18],[103.151,55.777],[103.071,55.828],[102.892,56.127],[102.544,56.195],[101.863,56.072],[101.777,56.166],[101.803,56.291]],[[102.674,57.943],[102.651,57.789],[102.371,57.446],[102.358,57.004]]]}},{"type":"Feature","properties":{"name":"Columbia","width":1.0},"geometry":{"type":"MultiLineString","coordinates":[[[-118.072,48.664],[-118.198,48.404],[-118.168,48.232]],[[-118.092,49.802],[-118.13,49.664],[-118.097,49.484],[-117.907,49.342]],[[-117.906,50.682],[-117.917,50.465],[-117.827,50.159],[-117.88,50.103]],[[-117.517,51.659],[-117.873,51.87]],[[-118.527,52.102],[-118.366,52.09]]]}},{"type":"Feature","properties":{"name":"Dnipro","width":1.0},"geometry":{"type":"MultiLineString","coordinates":[[[33.54,46.831],[33.859,47.149],[33.998,47.411],[34.155,47.49],[34.448,47.542],[35.088,47.528],[35.149,47.657],[35.106,47.842]],[[33.194,49.094],[31.886,49.555]],[[31.44,50.0],[31.48,49.933],[31.467,49.754]],[[30.508,51.217],[30.479,50.749],[30.515,50.597]]]}},{"type":"Feature","properties":{"name":"El Bahr el Azraq","width":1.0},"geometry":{"type":"MultiLineString","coordinates":[[[34.38,11.783],[34.409,11.639],[34.509,11.517],[34.778,11.296]]]}},{"type":"Feature","properties":{"name":"Ertis","width":1.0},"geometry":{"type":"MultiLineString","coordinates":[[[83.364,49.644],[83.959,49.379],[84.204,49.162],[83.533,48.889],[83.45,48.668],[83.524,48.455],[83.587,48.404],[83.516,48.222],[84.285,47.734],[84.357,47.732]]]}},{"type":"Feature","properties":{"name":"Firat","width":1.0},"geometry":{"type":"MultiLineString","coordinates":[[[38.768,38.813],[38.813,38.875],[38.74,39.078]]]}},{"type":"Feature","properties":{"name":"Huang","width":1.0},"geometry":{"type":"MultiLineString","coordinates":[[[97.288,34.835],[97.248,34.889],[97.072,34.931]],[[97.763,35.088],[97.714,34.962],[97.546,34.876]]]}},{"type":"Feature","properties":{"name":"Indus","width":1.0},"geometry":{"type":"MultiLineString","coordinates":[[[72.782,34.623],[72.848,34.258],[72.802,34.148],[72.707,34.086]]]}},{"type":"Feature","properties":{"name":"La Grande Rivière","width":1.0},"geometry":{"type":"MultiLineString","coordinates":[[[-70.843,53.427],[-70.948,53.439],[-71.117,53.591]],[[-72.034,53.598],[-71.871,53.584],[-71.817,53.646]],[[-74.433,53.685],[-74.852,53.628],[-75.802,53.664],[-75.895,53.71],[-77.04,53.677],[-77.42,53.798]]]}},{"type":"Feature","properties":{"name":"Mackenzie","width":1.0},"geometry":{"type":"MultiLineString","coordinates":[[[-117.668,61.308],[-117.221,61.15],[-116.335,61.051],[-115.81,61.073],[-115.072,61.299],[-114.569,61.339],[-113.704,61.246]]]}},{"type":"Feature","properties":{"name":"Madison","width":1.0},"geometry":{"type":"MultiLineString","coordinates":[[[-111.1,44.757],[-111.309,44.868]]]}},{"type":"Feature","properties":{"name":"Missouri","width":1.0},"geometry":{"type":"MultiLineString","coordinates":[[[-99.365,43.991],[-99.328,43.894],[-99.442,43.674],[-99.313,43.515],[-98.882,43.192],[-98.56,43.06]],[[-111.516,46.362],[-111.54,46.469],[-111.697,46.662]],[[-100.777,46.713],[-100.569,46.513],[-100.614,46.196],[-100.4,45.822],[-100.369,45.674],[-100.433,45.613],[-100.433,45.535],[-100.342,45.448],[-100.297,45.316],[-100.321,45.053],[-100.402,44.993],[-100.444,44.854],[-100.505,44.8],[-100.697,44.776],[-100.562,44.504],[-100.394,44.434]],[[-101.4,47.506],[-101.428,47.552],[-101.772,47.533],[-102.161,47.598],[-102.269,47.669],[-102.345,47.799],[-102.59,47.824],[-102.614,48.038],[-102.873,48.137],[-103.179,48.136],[-103.414,48.036],[-103.631,48.115],[-103.772,48.027]],[[-106.406,48.02],[-106.6,47.822],[-106.879,47.707],[-107.385,47.694],[-107.888,47.502],[-107.94,47.581],[-108.196,47.602]]]}},{"type":"Feature","properties":{"name":"Murray","width":1.0},"geometry":{"type":"MultiLineString","coordinates":[[[147.043,-36.108],[147.1,-36.05],[147.272,-36.049]],[[146.028,-36.015],[146.216,-36.056]]]}},{"type":"Feature","properties":{"name":"Niger","width":1.0},"geometry":{"type":"MultiLineString","coordinates":[[[4.626,9.865],[4.529,10.239],[4.537,10.425],[4.657,10.609]],[[-3.98,15.281],[-4.166,15.365],[-4.304,15.507]]]}},{"type":"Feature","properties":{"name":"Nile","width":1.0},"geometry":{"type":"MultiLineString","coordinates":[[[32.879,23.988],[32.914,23.332],[32.576,22.806],[32.418,22.672],[32.326,22.653],[32.137,22.733],[32.042,22.699],[31.4,22.093],[31.28,21.845],[31.091,21.609]]]}},{"type":"Feature","properties":{"name":"Ob","width":1.0},"geometry":{"type":"MultiLineString","coordinates":[[[83.025,54.845],[82.312,54.491],[81.741,54.269],[81.391,54.052],[81.327,53.991],[81.334,53.886]]]}},{"type":"Feature","properties":{"name":"Paranaíba","width":1.0},"geometry":{"type":"MultiLineString","coordinates":[[[-50.49,-19.02],[-50.458,-18.877],[-50.247,-18.69],[-49.789,-18.615]],[[-48.227,-18.34],[-48.952,-18.326],[-49.108,-18.388]],[[-47.447,-18.171],[-47.929,-18.445],[-48.017,-18.434]]]}},{"type":"Feature","properties":{"name":"Paraná","width":1.0},"geometry":{"type":"MultiLineString","coordinates":[[[-54.611,-25.433],[-54.436,-25.121],[-54.281,-24.306],[-54.318,-24.128],[-54.267,-24.066]],[[-51.936,-21.423],[-52.048,-21.511],[-52.123,-21.718],[-52.403,-22.069],[-52.961,-22.455]],[[-50.997,-19.668],[-50.994,-20.102],[-51.064,-20.223],[-51.397,-20.442]]]}},{"type":"Feature","properties":{"name":"Peace","width":1.0},"geometry":{"type":"MultiLineString","coordinates":[[[-122.222,56.021],[-122.482,56.112],[-122.691,56.124],[-123.152,56.005],[-123.912,56.011],[-124.309,56.256],[-124.836,56.757]],[[-113.823,58.71],[-113.714,58.669]]]}},{"type":"Feature","properties":{"name":"Rhein","width":1.0},"geometry":{"type":"MultiLineString","coordinates":[[[9.128,47.671],[8.881,47.656]],[[9.183,47.671],[9.554,47.511]]]}},{"type":"Feature","properties":{"name":"Rio Grande","width":1.0},"geometry":{"type":"MultiLineString","coordinates":[[[-99.457,27.057],[-99.23,26.762],[-99.172,26.564]],[[-101.039,29.46],[-101.304,29.634]],[[-107.293,32.91],[-107.281,33.114]],[[-107.181,33.173],[-107.17,33.356]]]}},{"type":"Feature","properties":{"name":"Saskatchewan","width":1.0},"geometry":{"type":"MultiLineString","coordinates":[[[-99.23,53.185],[-98.082,53.436],[-97.914,53.519]],[[-100.323,53.593],[-100.163,53.503],[-99.976,53.268],[-99.852,53.212],[-99.543,53.227],[-99.33,53.159]],[[-103.421,53.652],[-103.697,53.586],[-103.891,53.481]],[[-102.437,53.982],[-102.381,53.966]]]}},{"type":"Feature","properties":{"name":"Shire","width":1.0},"geometry":{"type":"MultiLineString","coordinates":[[[35.257,-14.504],[35.278,-14.758]]]}},{"type":"Feature","properties":{"name":"Shishhid Gol","width":1.0},"geometry":{"type":"MultiLineString","coordinates":[[[99.427,51.349],[99.31,51.41]]]}},{"type":"Feature","properties":{"name":"Snake","width":1.0},"geometry":{"type":"MultiLineString","coordinates":[[[-113.316,42.654],[-113.472,42.675]],[[-112.864,42.813],[-112.64,43.023]],[[-111.048,43.207],[-111.186,43.338]]]}},{"type":"Feature","properties":{"name":"Sukhona","width":1.0},"geometry":{"type":"MultiLineString","coordinates":[[[39.053,59.868],[39.686,59.53],[39.799,59.525]]]}},{"type":"Feature","properties":{"name":"São  Francisco","width":1.0},"geometry":{"type":"MultiLineString","coordinates":[[[-45.089,-19.051],[-45.202,-18.591],[-45.324,-18.459],[-45.336,-18.38],[-45.262,-18.203]],[[-43.15,-11.143],[-43.057,-10.988],[-42.633,-10.638],[-42.5,-10.427],[-42.404,-10.09],[-42.301,-10.019],[-42.128,-9.768],[-41.91,-9.696],[-41.335,-9.676],[-41.003,-9.406],[-40.818,-9.438]]]}},{"type":"Feature","properties":{"name":"Teslin","width":1.0},"geometry":{"type":"MultiLineString","coordinates":[[[-132.095,59.607],[-132.353,59.921],[-132.545,60.069],[-133.245,60.449]]]}},{"type":"Feature","properties":{"name":"Tocantins","width":1.0},"geometry":{"type":"MultiLineString","coordinates":[[[-49.687,-3.835],[-49.546,-4.546],[-49.28,-5.218],[-49.115,-5.335],[-48.937,-5.303]]]}},{"type":"Feature","properties":{"name":"Ural","width":1.0},"geometry":{"type":"MultiLineString","coordinates":[[[58.835,52.197],[58.74,51.786],[58.631,51.695]]]}},{"type":"Feature","properties":{"name":"Vaal","width":1.0},"geometry":{"type":"MultiLineString","coordinates":[[[26.091,-27.603],[26.037,-27.699],[25.865,-27.594],[25.622,-27.668]],[[28.497,-26.991],[28.124,-26.867]]]}},{"type":"Feature","properties":{"name":"Verkhniy Yenisey","width":1.0},"geometry":{"type":"MultiLineString","coordinates":[[[91.511,53.735],[91.454,53.83],[91.551,54.079],[91.269,54.479],[90.939,54.722],[90.988,54.926],[91.062,55.004],[91.855,55.176],[92.182,55.291],[92.408,55.503]]]}},{"type":"Feature","properties":{"name":"Victoria Nile","width":1.0},"geometry":{"type":"MultiLineString","coordinates":[[[33.187,0.428],[33.259,0.379],[33.232,0.294],[32.744,-0.545],[32.292,-0.789],[31.768,-0.936]],[[32.545,1.522],[32.614,1.454],[32.835,1.405],[32.893,1.311]],[[32.241,1.666],[32.475,1.552]]]}},{"type":"Feature","properties":{"name":"Volga","width":1.0},"geometry":{"type":"MultiLineString","coordinates":[[[45.664,50.222],[45.831,50.357],[45.836,50.457],[45.675,50.696],[45.981,50.824],[46.044,50.925],[45.836,51.188],[45.87,51.322],[45.979,51.465],[46.365,51.746],[46.775,51.748]],[[49.059,55.483],[49.285,55.234],[49.248,55.113],[49.023,55.036],[48.9,54.91],[48.878,54.736],[48.782,54.617],[48.507,54.489],[48.458,54.257],[48.833,53.978],[48.964,53.827],[49.006,53.579],[49.104,53.483],[49.905,53.457]],[[43.432,56.675],[43.344,56.733],[43.089,57.119],[43.178,57.329],[42.724,57.431],[42.576,57.415]],[[37.151,56.753],[36.882,56.783],[36.52,56.643],[36.375,56.706]],[[37.761,57.291],[37.944,57.312],[38.079,57.382],[38.301,57.572]],[[41.343,57.493],[41.206,57.517],[40.838,57.799],[40.494,57.755],[40.007,57.567]],[[38.437,58.018],[38.326,58.083],[38.319,58.15],[38.408,58.288],[38.704,58.113]]]}},{"type":"Feature","properties":{"name":"Zambezi","width":1.0},"geometry":{"type":"MultiLineString","coordinates":[[[27.021,-17.958],[27.932,-16.896],[28.761,-16.532]],[[32.708,-15.579],[32.497,-15.565],[31.924,-15.667],[31.329,-15.662],[31.213,-15.704],[30.796,-15.642]]]}},{"type":"Feature","properties":{"name":"Abay","width":1.0},"geometry":{"type":"MultiLineString","coordinates":[[[37.179,11.036],[36.981,11.287],[37.05,11.58],[37.18,11.755],[37.113,11.855]]]}},{"type":"Feature","properties":{"name":"Abay","width":1.0},"geometry":{"type":"MultiLineString","coordinates":[[[37.387,11.634],[37.393,11.571],[37.56,11.504],[37.812,11.288],[38.462,11.037],[38.5,10.949],[38.503,10.505],[38.478,10.314],[38.376,10.136],[37.839,9.911],[37.66,9.884],[37.49,10.021],[37.308,10.04],[37.212,10.125],[37.159,10.266],[36.677,10.36],[36.483,10.469],[36.32,10.232],[36.207,10.155],[36.055,10.143],[35.72,9.998],[35.353,10.155]]]}},{"type":"Feature","properties":{"name":"Al Furat","width":1.0},"geometry":{"type":"MultiLineString","coordinates":[[[38.56,35.863],[38.916,35.913],[39.227,35.881],[39.833,35.683],[40.004,35.473],[40.377,35.225],[40.475,35.016],[40.928,34.581],[40.946,34.458],[40.993,34.428]],[[38.026,36.836],[38.056,36.741],[38.272,36.558],[38.184,36.342]]]}},{"type":"Feature","properties":{"name":"Albert Nile","width":1.0},"geometry":{"type":"MultiLineString","coordinates":[[[32.016,3.614],[31.935,3.528],[31.724,3.499],[31.404,2.951],[31.388,2.804],[31.515,2.476],[31.475,2.401]]]}},{"type":"Feature","properties":{"name":"Aldan","width":1.0},"geometry":{"type":"MultiLineString","coordinates":[[[123.566,56.528],[123.101,56.558],[123.063,56.625],[123.193,56.953],[123.555,57.341],[123.598,57.454],[123.505,57.539],[123.546,57.651],[123.757,57.669],[123.81,57.718],[123.719,57.977],[123.746,58.074],[123.955,58.214],[124.021,58.315],[124.298,58.366],[124.445,58.628],[124.578,58.72],[125.032,58.86],[125.152,58.988],[125.304,59.035],[125.339,59.065],[125.335,59.316],[125.527,59.281],[125.735,59.15],[126.265,58.955],[127.068,58.742],[127.657,58.85],[127.761,58.825],[127.928,58.689],[128.157,58.818],[128.329,58.754],[128.432,58.826],[128.569,58.694],[128.688,58.648],[128.712,58.588],[128.999,58.518],[129.326,58.545],[129.658,58.5],[130.234,58.645],[130.586,58.628],[130.602,58.835],[130.65,58.865],[130.998,58.938],[131.21,58.899],[131.362,58.965],[131.648,58.97],[131.887,59.067],[131.95,59.157],[132.209,59.177],[132.638,59.372],[132.96,59.406],[133.058,59.459],[133.179,59.635],[133.291,59.646],[134.198,60.267],[134.554,60.444],[134.705,60.46],[135.104,60.392],[135.13,60.446],[134.927,60.629],[134.924,60.685],[135.362,60.946],[135.506,61.187],[135.462,61.313],[135.504,61.357],[135.383,61.424],[135.383,61.47],[135.533,61.614],[135.215,61.718],[135.53,61.843],[135.599,61.982],[135.709,62.036],[135.715,62.212],[135.826,62.261],[135.834,62.315],[135.489,62.677],[135.252,62.622],[134.898,62.647],[134.332,62.83],[134.184,62.911],[134.194,62.962],[133.972,63.007],[133.946,63.074],[133.803,63.132],[133.224,63.092],[133.146,63.177],[133.209,63.219],[133.23,63.345],[132.018,63.318],[131.343,63.386],[131.007,63.313],[130.431,63.339],[129.384,63.49]]]}},{"type":"Feature","properties":{"name":"Allegheny","width":1.0},"geometry":{"type":"MultiLineString","coordinates":[[[-77.86,41.832],[-77.999,41.781],[-78.197,41.79],[-78.33,41.878],[-78.351,42.013],[-78.42,42.059],[-78.797,42.128],[-78.955,41.985],[-78.977,41.899],[-79.308,41.789],[-79.417,41.65],[-79.452,41.506],[-79.699,41.447],[-79.81,41.374],[-79.816,41.264],[-79.682,41.155],[-79.62,40.992],[-79.515,40.906],[-79.698,40.637],[-79.991,40.448]]]}},{"type":"Feature","properties":{"name":"Amazonas","width":1.0},"geometry":{"type":"MultiLineString","coordinates":[[[-52.664,-1.552],[-53.358,-1.838],[-53.843,-1.958],[-54.045,-2.141],[-54.064,-2.267],[-54.187,-2.358],[-54.468,-2.44],[-54.639,-2.419],[-54.694,-2.184],[-54.794,-2.12],[-54.873,-2.089],[-55.15,-2.18],[-55.375,-2.083],[-55.555,-1.924],[-55.669,-1.927],[-56.129,-2.08],[-56.549,-2.527],[-56.676,-2.575],[-57.05,-2.523],[-57.143,-2.551],[-57.506,-2.396],[-57.74,-2.662],[-58.035,-2.848],[-58.268,-3.214],[-58.549,-3.205],[-58.689,-3.342],[-58.805,-3.347],[-59.584,-3.109],[-59.837,-3.092],[-59.957,-3.237],[-60.105,-3.306],[-60.598,-3.319],[-60.747,-3.398],[-60.858,-3.538],[-61.036,-3.61],[-61.28,-3.614],[-61.468,-3.676],[-61.717,-3.883],[-61.893,-3.947],[-62.393,-3.716],[-62.543,-3.851],[-62.863,-3.938],[-63.097,-4.078],[-63.152,-4.072],[-63.283,-3.923],[-63.45,-3.871],[-63.854,-3.843],[-64.458,-3.524],[-65.18,-2.835],[-65.48,-2.615],[-65.761,-2.603],[-65.901,-2.493],[-66.153,-2.442],[-66.334,-2.537],[-66.531,-2.429],[-66.641,-2.659],[-66.706,-2.692],[-66.925,-2.727],[-67.258,-2.619],[-67.384,-2.623],[-67.455,-2.707],[-67.736,-2.838],[-67.846,-2.928],[-67.988,-3.326],[-68.596,-3.345],[-69.352,-3.553],[-69.425,-3.974],[-69.478,-4.049],[-69.434,-4.161],[-69.556,-4.299],[-69.847,-4.331],[-69.948,-4.285],[-70.017,-4.162],[-70.168,-4.05],[-70.24,-3.883],[-70.339,-3.814],[-71.058,-3.985],[-71.283,-3.869],[-71.521,-3.826],[-71.689,-3.65],[-71.789,-3.359],[-72.293,-3.503],[-72.891,-3.467],[-73.094,-3.562],[-73.18,-3.643],[-73.211,-3.783],[-73.192,-4.099],[-73.366,-4.133],[-73.489,-4.445]]]}},{"type":"Feature","properties":{"name":"Amur","width":1.0},"geometry":{"type":"MultiLineString","coordinates":[[[136.81,49.759],[136.825,49.595],[136.394,49.367],[136.271,49.171],[136.275,49.086],[136.162,48.987],[135.745,48.764],[135.445,48.768],[135.185,48.705],[135.077,48.645],[135.032,48.482],[134.965,48.421],[134.206,48.36],[133.842,48.274],[133.468,48.097],[133.144,48.106],[132.707,47.947],[132.476,47.715],[131.557,47.682],[131.319,47.728],[131.003,47.691],[130.849,47.929],[130.733,48.019],[130.712,48.128],[130.804,48.341],[130.552,48.603],[130.617,48.773],[130.553,48.861],[130.196,48.892],[129.671,49.278],[129.534,49.323],[129.498,49.389],[129.065,49.375],[128.819,49.464],[128.77,49.495],[128.769,49.577],[128.704,49.6],[128.237,49.559],[127.814,49.622],[127.502,49.873],[127.512,50.072],[127.59,50.209]],[[139.858,51.579],[139.602,51.544],[139.283,51.374],[138.918,51.35],[138.825,51.248],[138.675,51.207],[138.068,50.856],[137.708,50.714],[137.187,50.607],[137.054,50.493],[137.07,50.454]],[[140.114,51.764],[140.206,51.814],[140.215,52.046],[140.385,52.226],[140.405,52.468],[140.178,52.61],[139.996,52.822],[139.801,52.922],[139.757,53.032],[139.863,53.153],[140.003,53.215],[140.176,53.22],[140.614,53.091],[140.84,53.088]]]}},{"type":"Feature","properties":{"name":"Angara","width":1.0},"geometry":{"type":"MultiLineString","coordinates":[[[104.867,51.87],[103.973,52.54],[103.945,52.61],[103.71,52.799],[103.698,52.873],[103.39,53.032],[103.374,53.107]],[[101.803,56.291],[101.817,56.561],[101.77,56.687],[101.668,56.76],[101.449,56.808],[101.391,56.848],[101.387,56.919],[101.612,57.002],[102.239,56.894],[102.316,56.92],[102.358,57.004]],[[102.674,57.943],[102.795,58.122],[102.84,58.373],[102.659,58.698],[102.462,58.836]],[[102.489,58.829],[102.462,58.836]],[[102.462,58.836],[102.101,58.933]],[[102.462,58.836],[102.101,58.933]],[[102.101,58.933],[101.276,58.941],[100.98,58.899],[100.954,58.83],[100.817,58.758],[100.437,58.627],[100.441,58.439],[100.251,58.346],[99.113,58.717],[98.788,58.652],[98.565,58.476],[98.322,58.446],[96.984,58.393],[96.765,58.491],[96.514,58.527],[95.777,58.522],[95.418,58.425],[94.975,58.203],[94.599,58.14],[93.73,58.129],[93.467,58.168],[92.998,58.1]],[[102.101,58.933],[101.948,58.973]]]}},{"type":"Feature","properties":{"name":"Araguaia","width":1.0},"geometry":{"type":"MultiLineString","coordinates":[[[-53.115,-17.855],[-53.202,-17.302],[-53.024,-16.91],[-52.68,-16.576],[-52.615,-16.427],[-52.434,-16.218],[-52.417,-16.082],[-52.257,-15.936],[-51.847,-15.747],[-51.59,-15.142],[-51.471,-15.044],[-51.189,-14.977],[-50.978,-14.463],[-50.941,-14.201],[-50.868,-14.095],[-50.861,-13.807],[-50.598,-13.249],[-50.566,-13.015],[-50.484,-12.844],[-50.566,-12.82],[-50.655,-12.667],[-50.653,-11.922],[-50.717,-11.749],[-50.666,-11.652],[-50.708,-11.346],[-50.61,-11.001],[-50.599,-10.69],[-49.979,-9.22],[-49.502,-8.704],[-49.283,-8.301],[-49.172,-7.867],[-49.334,-7.649],[-49.34,-7.51],[-49.24,-7.335],[-49.21,-7.006],[-49.08,-6.856],[-48.653,-6.596],[-48.58,-6.414],[-48.41,-6.358],[-48.39,-6.142],[-48.319,-6.112],[-48.307,-5.966],[-48.254,-5.945],[-48.259,-5.724],[-48.159,-5.619],[-48.357,-5.424],[-48.937,-5.303]]]}},{"type":"Feature","properties":{"name":"Argun’","width":1.0},"geometry":{"type":"MultiLineString","coordinates":[[[121.405,53.317],[120.985,53.285],[120.704,53.172],[120.044,52.718],[120.068,52.633],[120.173,52.602],[120.36,52.627],[120.656,52.567],[120.699,52.494],[120.65,52.396],[120.665,52.3],[120.744,52.205],[120.75,52.097],[120.682,51.973],[120.511,51.849],[120.067,51.601],[119.813,51.267],[119.746,51.108],[119.512,50.863],[119.446,50.703],[119.164,50.406],[119.302,50.354],[119.346,50.279],[119.26,50.066],[118.756,49.963],[118.452,49.845],[117.873,49.513]]]}},{"type":"Feature","properties":{"name":"Arkansas","width":1.0},"geometry":{"type":"MultiLineString","coordinates":[[[-91.077,33.797],[-91.217,33.955],[-91.973,34.275],[-92.109,34.448],[-92.155,34.673],[-92.447,34.877],[-92.558,34.993],[-92.595,35.119],[-92.713,35.095],[-92.831,35.161],[-93.05,35.185],[-93.358,35.363],[-93.521,35.415],[-93.797,35.421],[-93.958,35.494],[-94.139,35.434],[-94.162,35.373],[-94.358,35.43],[-94.529,35.314],[-94.666,35.3],[-95.229,35.605],[-95.29,35.78],[-95.63,35.816],[-95.643,35.875],[-95.864,35.967],[-96.004,36.11],[-96.26,36.174],[-96.316,36.256],[-96.521,36.312],[-96.54,36.382],[-96.711,36.473],[-96.742,36.539],[-96.921,36.469],[-96.986,36.486],[-96.94,36.579],[-97.053,36.664],[-96.838,36.782],[-96.986,37.058],[-97.135,37.189],[-97.344,37.69],[-97.695,37.925],[-98.633,38.346],[-98.854,38.308],[-99.011,38.223],[-99.474,37.805],[-99.698,37.697],[-100.776,37.935],[-101.627,37.95],[-102.095,38.066],[-102.559,38.118],[-103.594,38.048],[-104.237,38.238],[-104.826,38.298],[-104.94,38.371],[-105.283,38.459],[-105.654,38.4],[-105.832,38.425],[-106.089,38.611],[-106.135,38.802],[-106.381,39.222]]]}},{"type":"Feature","properties":{"name":"Ayeyarwady","width":1.0},"geometry":{"type":"MultiLineString","coordinates":[[[97.519,25.701],[97.449,25.417],[97.394,25.337],[97.292,25.31],[97.249,25.216],[97.29,25.1],[97.239,25.091],[97.055,24.835],[97.183,24.214],[96.991,24.145],[96.647,24.341],[96.479,24.317],[96.331,24.148],[96.28,23.946],[96.085,23.653],[95.917,22.723],[96.02,22.23],[96.009,21.907],[95.879,21.875],[95.578,21.921],[95.481,21.871],[95.315,21.458],[94.82,21.146],[94.82,21.03],[94.74,20.854],[94.761,20.702],[94.956,20.071],[95.14,19.845],[95.169,19.71],[95.177,19.277],[95.136,19.087],[95.189,18.852],[95.067,18.588],[95.4,18.181],[95.485,17.698],[95.655,17.39],[95.611,17.332],[95.6,16.902],[95.331,16.721],[95.236,16.52],[94.893,16.183]]]}},{"type":"Feature","properties":{"name":"Bafing","width":1.0},"geometry":{"type":"MultiLineString","coordinates":[[[-12.088,10.59],[-12.006,10.529],[-11.835,10.549],[-11.728,10.792],[-11.621,10.812],[-11.58,11.073],[-11.509,11.188],[-11.198,11.413],[-11.059,11.6],[-10.869,11.595],[-10.59,11.99],[-10.341,12.231],[-10.37,12.292],[-10.238,12.636],[-10.223,12.797],[-10.43,13.212],[-10.804,13.297],[-10.734,13.454],[-10.892,13.778]]]}},{"type":"Feature","properties":{"name":"Bahr el Jebel","width":1.0},"geometry":{"type":"MultiLineString","coordinates":[[[32.016,3.614],[31.588,4.101],[31.517,4.326],[31.525,4.606],[31.635,4.817],[31.77,5.3],[31.774,5.702],[31.46,6.357],[31.148,6.83]]]}},{"type":"Feature","properties":{"name":"Bahr el Jebel","width":1.0},"geometry":{"type":"MultiLineString","coordinates":[[[31.148,6.83],[30.922,6.983],[30.77,7.153],[30.547,7.521],[30.508,7.88],[30.329,8.141],[30.339,8.485],[30.2,8.933],[30.35,9.237],[30.37,9.395],[30.46,9.489],[30.846,9.52],[31.125,9.433]]]}},{"type":"Feature","properties":{"name":"Barwon","width":1.0},"geometry":{"type":"MultiLineString","coordinates":[[[150.47,-28.65],[150.341,-28.564],[149.677,-28.612],[149.512,-28.579],[148.887,-29.05],[148.641,-29.528],[148.254,-29.879],[147.978,-30.013],[147.415,-30.125]]]}},{"type":"Feature","properties":{"name":"Benue","width":1.0},"geometry":{"type":"MultiLineString","coordinates":[[[11.924,9.491],[11.783,9.497],[11.249,9.23],[11.038,9.061],[10.788,8.745],[10.401,8.684],[10.218,8.59],[9.977,8.327],[9.141,7.892],[8.807,7.788],[8.437,7.799],[7.829,7.99],[7.422,8.019],[7.156,7.968],[6.776,7.793]]]}},{"type":"Feature","properties":{"name":"Borcea","width":1.0},"geometry":{"type":"MultiLineString","coordinates":[[[27.267,44.138],[27.769,44.363],[27.93,44.486],[27.877,44.744]]]}},{"type":"Feature","properties":{"name":"Braco Menor","width":1.0},"geometry":{"type":"MultiLineString","coordinates":[[[-50.484,-12.846],[-50.392,-12.617],[-50.105,-12.313],[-50.06,-12.093],[-49.948,-12.071],[-49.897,-11.945],[-49.935,-11.816],[-49.889,-11.399],[-49.974,-10.998],[-49.963,-10.191],[-50.048,-9.96],[-50.158,-9.873],[-50.175,-9.73]]]}},{"type":"Feature","properties":{"name":"Brahmaputra","width":1.0},"geometry":{"type":"MultiLineString","coordinates":[[[89.739,24.33],[89.708,23.962],[89.744,23.859],[89.994,23.621],[90.267,23.459]],[[89.739,24.33],[89.809,24.172],[90.214,23.869],[90.244,23.735],[90.355,23.709],[90.562,23.537]],[[95.396,28.003],[95.444,27.884],[95.369,27.806],[94.801,27.487],[94.652,27.322],[94.518,27.072],[94.193,26.885],[94.023,26.867],[93.752,26.732],[93.245,26.718],[92.312,26.495],[91.966,26.27],[91.644,26.164],[91.436,26.151],[91.152,26.205],[90.76,26.155],[90.58,26.204],[90.356,26.174],[90.088,26.065],[89.89,25.901],[89.699,25.49],[89.68,25.168],[89.613,24.948],[89.729,24.649],[89.739,24.33]]]}},{"type":"Feature","properties":{"name":"Bratul Chillia","width":1.0},"geometry":{"type":"MultiLineString","coordinates":[[[29.706,45.26],[29.568,45.371],[29.404,45.42],[29.224,45.403],[28.894,45.29],[28.782,45.31],[28.761,45.234],[28.883,45.18]]]}},{"type":"Feature","properties":{"name":"Bratul Sfintu Gheorghe","width":1.0},"geometry":{"type":"MultiLineString","coordinates":[[[28.883,45.18],[29.205,45.08],[29.348,44.97],[29.605,44.915]]]}},{"type":"Feature","properties":{"name":"Bratul Sulina","width":1.0},"geometry":{"type":"MultiLineString","coordinates":[[[28.883,45.18],[29.679,45.152]]]}},{"type":"Feature","properties":{"name":"Bykovskaya Protoka","width":1.0},"geometry":{"type":"MultiLineString","coordinates":[[[126.69,72.294],[126.657,72.423],[126.729,72.524],[127.726,72.413]]]}},{"type":"Feature","properties":{"name":"Bénoué","width":1.0},"geometry":{"type":"MultiLineString","coordinates":[[[13.524,7.777],[13.674,7.855],[13.736,8.071],[13.998,8.312],[13.93,8.506],[13.966,8.726],[13.925,8.833],[13.681,9.054],[13.565,9.244],[13.475,9.314],[13.197,9.199],[12.821,9.375],[12.581,9.277],[12.456,9.307],[12.342,9.443],[12.195,9.506],[11.924,9.491]]]}},{"type":"Feature","properties":{"name":"Chang Jiang","width":1.0},"geometry":{"type":"MultiLineString","coordinates":[[[103.851,28.668],[103.942,28.627],[104.335,28.636],[104.753,28.817],[104.985,28.79],[105.091,28.724],[105.577,28.922],[105.785,28.906],[105.861,28.837],[105.865,29.025],[106.146,29.125],[106.157,29.195],[106.253,29.274],[106.518,29.426],[106.572,29.589],[106.802,29.588],[107.084,29.787],[107.15,29.721],[107.345,29.718],[107.458,29.856],[107.634,29.873],[107.842,30.043],[108.308,30.58],[108.496,30.892],[109.545,31.034],[110.285,31.045],[111.159,30.829],[111.507,30.407],[111.538,30.287],[111.818,30.426],[111.969,30.323],[112.247,30.278],[112.215,30.125],[112.363,30.018],[112.41,29.738],[112.544,29.792],[112.629,29.752],[112.707,29.799],[112.782,29.744],[112.942,29.74],[112.924,29.53],[113.128,29.463]]]}},{"type":"Feature","properties":{"name":"Columbia","width":1.0},"geometry":{"type":"MultiLineString","coordinates":[[[-122.15,45.594],[-122.65,45.627],[-122.726,45.674],[-122.942,46.115],[-123.121,46.179],[-123.221,46.154]],[[-118.168,48.232],[-118.232,48.086],[-118.368,47.996],[-118.375,47.849],[-118.854,47.93],[-118.983,47.982],[-119.052,48.082],[-119.228,48.101],[-119.681,48.03],[-119.801,48.085],[-119.864,48.066],[-119.894,47.891],[-119.969,47.813],[-120.14,47.763],[-120.262,47.575],[-120.248,47.429],[-120.068,47.329],[-120.01,47.219],[-119.939,46.78],[-119.838,46.674],[-119.506,46.716],[-119.417,46.679],[-119.311,46.569],[-119.201,46.269],[-119.036,46.206],[-118.925,46.08],[-118.959,46.038],[-119.177,45.945],[-119.429,45.934],[-120.351,45.725],[-121.045,45.639],[-121.663,45.718],[-122.15,45.594]],[[-117.907,49.342],[-117.721,49.331],[-117.676,49.275],[-117.701,49.098],[-117.648,49.055],[-118.021,48.766],[-118.074,48.663]],[[-117.88,50.103],[-117.95,49.971],[-118.074,49.881],[-118.092,49.802]],[[-115.865,50.287],[-116.365,50.89],[-116.762,51.12],[-117.183,51.471],[-117.425,51.558],[-117.517,51.659]],[[-117.873,51.87],[-118.366,52.09]],[[-118.527,52.102],[-118.581,52.052],[-118.672,51.696],[-118.237,51.214],[-118.208,51.0],[-117.906,50.683]]]}},{"type":"Feature","properties":{"name":"Congo","width":1.0},"geometry":{"type":"MultiLineString","coordinates":[[[26.441,-8.272],[26.742,-8.193],[26.838,-8.011],[26.973,-7.9],[26.839,-7.72],[27.049,-6.991],[26.984,-6.815],[26.97,-6.422],[26.906,-6.173],[26.93,-5.61]],[[24.292,0.782],[24.178,0.924],[23.734,1.123],[23.461,1.342],[22.968,1.873],[22.735,1.95],[22.557,2.101],[22.396,2.161],[21.721,2.158],[21.304,2.041],[20.418,1.972],[19.902,1.864],[19.143,1.574],[18.436,0.944],[18.109,-0.124],[17.543,-0.775],[17.279,-1.0],[16.88,-1.226],[16.541,-1.84],[16.215,-2.178],[16.217,-3.03],[16.147,-3.464],[15.872,-3.934],[15.526,-4.088],[15.481,-4.172],[15.106,-4.461],[14.779,-4.846],[14.634,-4.885],[14.494,-4.852],[14.133,-4.945],[14.054,-4.991],[13.938,-5.205],[13.832,-5.301],[13.574,-5.316],[13.564,-5.655],[13.399,-5.841],[13.303,-5.882],[13.068,-5.865]]]}},{"type":"Feature","properties":{"name":"Damietta Branch","width":1.0},"geometry":{"type":"MultiLineString","coordinates":[[[31.163,30.151],[31.078,30.325],[31.25,30.623],[31.245,30.932],[31.42,31.128],[31.671,31.278],[31.839,31.526]]]}},{"type":"Feature","properties":{"name":"Danube","width":1.0},"geometry":{"type":"MultiLineString","coordinates":[[[17.206,48.061],[17.762,47.77],[19.0,47.819],[19.103,47.779],[19.124,47.709],[19.06,47.481],[18.959,47.365],[18.884,47.151],[18.983,46.74],[18.874,46.586],[18.916,46.271],[18.727,46.014],[18.947,45.656],[18.918,45.601],[19.064,45.515],[19.005,45.4],[19.273,45.278],[19.699,45.233],[19.863,45.269],[20.253,45.15],[20.315,45.099],[20.353,44.911],[20.636,44.828],[20.731,44.693],[21.36,44.827],[21.636,44.71],[21.909,44.666],[22.093,44.542],[22.498,44.706],[22.642,44.651],[22.734,44.57],[22.554,44.54],[22.495,44.435],[22.688,44.248],[23.028,44.078],[22.868,43.948],[22.868,43.865],[22.919,43.834],[23.225,43.874],[24.227,43.763],[24.431,43.794],[25.16,43.686],[25.497,43.671],[25.686,43.712],[26.216,44.007],[26.489,44.084],[27.087,44.167],[27.412,44.138],[28.022,44.343],[28.083,44.476],[27.992,44.664],[27.83,44.796],[28.011,45.358],[28.212,45.45],[28.451,45.292],[28.761,45.234]]]}},{"type":"Feature","properties":{"name":"Darling","width":1.0},"geometry":{"type":"MultiLineString","coordinates":[[[147.415,-30.125],[147.201,-30.107],[146.656,-29.928],[146.043,-29.983],[145.528,-30.378],[145.157,-30.479],[144.728,-30.838],[144.411,-30.965],[144.27,-31.102],[144.107,-31.173],[144.022,-31.25],[144.017,-31.333],[143.904,-31.403],[143.411,-31.575],[143.298,-31.737],[143.04,-31.903],[142.978,-32.09],[142.538,-32.333],[142.404,-32.505],[142.397,-32.951],[142.326,-33.143],[142.368,-33.239],[142.575,-33.435],[142.449,-33.632],[142.002,-33.867],[141.918,-34.038],[141.926,-34.117]]]}},{"type":"Feature","properties":{"name":"Dicle","width":1.0},"geometry":{"type":"MultiLineString","coordinates":[[[39.643,38.416],[40.018,38.348],[40.178,38.179],[40.171,38.106],[40.235,38.091],[40.252,37.903],[40.427,37.832],[41.8,37.709],[41.841,37.481],[42.226,37.322],[42.377,37.062]]]}},{"type":"Feature","properties":{"name":"Dihang","width":1.0},"geometry":{"type":"MultiLineString","coordinates":[[[94.356,29.31],[94.526,29.439],[94.844,29.521],[94.909,29.689],[95.069,29.752],[95.171,29.876],[95.294,29.85],[95.36,29.781],[95.418,29.531],[95.385,29.41],[94.944,29.09],[94.809,28.846],[94.961,28.751],[95.097,28.506],[95.003,28.258],[95.022,28.202],[95.291,28.127],[95.396,28.003]]]}},{"type":"Feature","properties":{"name":"Dnepre","width":1.0},"geometry":{"type":"MultiLineString","coordinates":[[[33.735,55.874],[33.891,55.713],[33.768,55.57],[33.622,55.556],[33.585,55.498],[33.57,55.287],[33.391,54.917]]]}},{"type":"Feature","properties":{"name":"Dnipro","width":1.0},"geometry":{"type":"MultiLineString","coordinates":[[[32.578,46.616],[33.067,46.759],[33.54,46.831]],[[35.105,47.84],[35.13,47.972],[35.077,48.081],[35.194,48.199],[35.113,48.394],[33.717,48.942],[33.194,49.094]],[[31.888,49.554],[31.462,49.757]],[[31.44,50.0],[31.244,49.979],[30.856,50.126],[30.625,50.312],[30.515,50.597]],[[33.391,54.917],[32.978,55.001],[32.738,54.916],[32.512,54.694],[32.006,54.777],[30.718,54.613],[30.413,54.495],[30.304,54.326],[30.407,53.899],[30.324,53.879],[30.261,53.666],[30.371,53.297],[30.279,53.25],[30.251,53.12],[30.162,53.124],[30.038,53.051],[30.034,52.954],[30.081,52.809],[30.258,52.606],[30.351,52.409],[30.546,52.306],[30.525,52.272],[30.584,52.197],[30.796,51.996],[30.773,51.894],[30.551,51.658],[30.611,51.33],[30.508,51.217]]]}},{"type":"Feature","properties":{"name":"Donau","width":1.0},"geometry":{"type":"MultiLineString","coordinates":[[[8.22,48.047],[8.49,47.931],[8.696,47.936],[8.979,48.053],[9.421,48.116],[9.589,48.244],[10.385,48.516],[10.712,48.679],[11.684,48.794],[11.766,48.871],[12.024,48.958],[12.033,49.027],[12.361,48.992],[12.507,48.924]],[[17.206,48.061],[17.029,48.167],[16.659,48.161],[16.486,48.213],[16.36,48.327],[16.209,48.38],[15.573,48.424],[15.147,48.198],[14.583,48.219],[14.037,48.352],[13.872,48.462],[13.487,48.582],[13.2,48.636],[12.909,48.836],[12.507,48.931]]]}},{"type":"Feature","properties":{"name":"El Bahr el Abyad","width":1.0},"geometry":{"type":"MultiLineString","coordinates":[[[31.125,9.433],[31.346,9.366],[31.518,9.376],[31.746,9.657],[32.036,9.834],[32.267,10.148],[32.244,10.369],[32.106,10.51],[32.511,10.908],[32.645,11.103],[32.764,11.795],[32.73,12.19],[32.796,13.004],[32.586,13.424],[32.587,13.638],[32.5,13.704],[32.295,14.032],[32.172,14.465],[32.196,14.637],[32.37,14.902],[32.44,15.13],[32.49,15.635]]]}},{"type":"Feature","properties":{"name":"El Bahr el Azraq","width":1.0},"geometry":{"type":"MultiLineString","coordinates":[[[35.353,10.155],[35.242,10.517],[35.147,10.573],[35.161,11.14],[34.993,11.249],[34.778,11.296]],[[34.38,11.783],[34.324,12.048],[34.341,12.308],[34.157,12.534],[34.154,12.729],[34.0,12.902],[33.93,13.258],[33.692,13.381],[33.593,13.573],[33.574,13.839],[33.657,14.109],[33.566,14.344],[33.134,15.16],[32.49,15.635]]]}},{"type":"Feature","properties":{"name":"Ertis","width":1.0},"geometry":{"type":"MultiLineString","coordinates":[[[85.267,47.994],[84.999,47.928],[84.6,47.744],[84.357,47.732]],[[83.364,49.644],[83.128,49.682],[82.15,50.219],[81.775,50.228],[81.482,50.325],[81.089,50.382],[80.426,50.373],[80.139,50.473],[79.702,50.517],[79.313,50.662],[78.9,50.651],[78.348,50.858],[78.171,50.993],[77.96,51.335],[77.521,51.56],[77.441,51.651],[77.451,51.771],[77.334,51.886],[76.96,52.108],[76.9,52.303],[76.78,52.411],[76.775,52.552],[76.654,52.64],[76.659,52.736],[76.494,52.83],[76.461,52.899],[76.314,52.905],[76.242,52.98],[75.855,53.078],[75.568,53.282],[75.457,53.455],[75.05,53.71],[75.062,53.953],[74.994,53.986]]]}},{"type":"Feature","properties":{"name":"Ertix","width":1.0},"geometry":{"type":"MultiLineString","coordinates":[[[90.325,47.65],[90.253,47.43],[89.406,46.99],[89.233,47.005],[88.515,47.233],[87.559,47.427],[87.331,47.555],[87.1,47.591],[86.433,47.878],[86.154,47.876],[85.521,48.016],[85.267,47.994]]]}},{"type":"Feature","properties":{"name":"Euphrates","width":1.0},"geometry":{"type":"MultiLineString","coordinates":[[[45.463,31.305],[45.541,31.229],[46.121,31.086],[46.483,30.903],[47.442,31.004],[47.468,30.968]],[[40.993,34.428],[41.177,34.393],[41.276,34.443],[41.502,34.436],[41.827,34.509],[41.99,34.446],[42.122,34.302],[42.366,34.329],[42.332,34.231],[42.375,34.114],[42.51,34.001],[42.563,33.87],[42.73,33.865],[42.724,33.752],[42.877,33.577],[43.032,33.503],[43.106,33.526],[43.65,33.384],[43.872,33.199],[44.029,33.16],[44.122,33.053],[44.254,32.828],[44.255,32.496],[44.448,31.981],[44.475,31.762],[44.548,31.648],[44.77,31.479],[45.467,31.305]]]}},{"type":"Feature","properties":{"name":"Firat","width":1.0},"geometry":{"type":"MultiLineString","coordinates":[[[38.768,38.813],[38.45,38.714],[38.367,38.551],[39.075,38.34],[39.149,38.19],[39.248,38.154],[39.239,38.102],[38.978,37.887],[38.924,37.745],[38.841,37.713],[38.813,37.645],[38.439,37.495],[37.92,37.384],[37.855,37.292],[37.862,37.116],[37.991,36.996],[38.026,36.836]],[[41.455,40.18],[41.328,40.016],[40.985,39.944],[40.396,39.942],[40.169,39.895],[40.24,39.694],[40.122,39.568],[39.415,39.683],[38.488,39.445],[38.426,39.342],[38.718,39.144],[38.74,39.078]]]}},{"type":"Feature","properties":{"name":"Ganges","width":1.0},"geometry":{"type":"MultiLineString","coordinates":[[[89.483,22.276],[89.425,22.496],[89.3,22.619]],[[89.3,22.619],[89.255,22.445],[89.379,22.058],[89.354,21.721]],[[88.44,22.986],[88.344,22.629],[88.118,22.41],[88.087,22.218]],[[88.44,22.986],[88.682,22.954],[88.82,22.858],[88.823,22.748],[88.91,22.659],[89.05,22.275],[89.051,22.093]],[[90.074,23.573],[90.127,23.252],[90.299,23.088],[90.435,22.752]],[[89.109,23.992],[89.219,23.808],[89.447,23.64],[89.509,23.499],[89.598,23.443],[89.638,23.252],[90.008,22.685],[89.985,22.466]],[[89.109,23.992],[89.497,23.844],[89.749,23.848]],[[88.397,24.389],[88.643,24.059],[88.636,24.012],[88.864,23.856],[88.868,23.752],[88.764,23.531],[88.989,23.333],[89.113,23.04],[89.113,22.893],[89.3,22.619]],[[88.397,24.389],[88.642,24.326],[88.724,24.275],[88.77,24.144],[88.926,24.155],[89.109,23.992]],[[87.92,24.825],[87.94,24.666],[88.175,24.389],[88.238,24.234],[88.227,23.831],[88.183,23.7],[88.345,23.53],[88.375,23.255],[88.486,23.134],[88.44,22.986]],[[87.92,24.825],[88.145,24.486],[88.287,24.48],[88.397,24.389]],[[79.841,30.888],[79.865,30.679],[79.745,30.543],[79.47,30.516],[79.232,30.301],[78.777,30.26],[78.614,30.116],[78.281,30.093],[78.17,29.889],[78.183,29.768],[78.04,29.606],[78.022,29.492],[78.106,29.181],[78.098,28.882],[78.284,28.352],[78.43,28.146],[78.855,27.893],[79.112,27.82],[79.255,27.68],[79.519,27.568],[79.733,27.217],[79.922,27.126],[80.094,26.837],[80.652,26.138],[80.76,26.066],[80.978,26.053],[81.123,25.989],[81.458,25.646],[81.686,25.518],[81.907,25.487],[81.903,25.413],[82.042,25.312],[82.513,25.184],[82.62,25.22],[82.879,25.142],[83.139,25.344],[83.17,25.51],[83.489,25.444],[83.518,25.534],[83.6,25.584],[83.67,25.607],[83.866,25.522],[84.171,25.722],[84.226,25.694],[84.428,25.747],[84.634,25.708],[84.827,25.747],[85.119,25.683],[85.338,25.544],[85.555,25.544],[85.697,25.474],[85.786,25.495],[86.098,25.324],[86.237,25.303],[86.571,25.448],[86.668,25.276],[86.841,25.327],[87.219,25.267],[87.275,25.34],[87.444,25.394],[87.779,25.193],[87.78,25.124],[87.942,24.956],[87.92,24.825]]]}},{"type":"Feature","properties":{"name":"Gharraf Canal","width":1.0},"geometry":{"type":"MultiLineString","coordinates":[[[45.809,32.502],[45.901,32.431],[45.989,32.219],[45.986,31.922],[46.089,31.773],[46.154,31.457],[46.405,31.112],[46.366,30.964]]]}},{"type":"Feature","properties":{"name":"Grande","width":1.0},"geometry":{"type":"MultiLineString","coordinates":[[[-44.45,-22.155],[-44.208,-21.948],[-44.062,-21.734],[-44.171,-21.524],[-44.387,-21.465]],[[-44.616,-21.318],[-44.686,-21.236],[-44.915,-21.13],[-45.076,-21.175],[-45.205,-21.093]],[[-46.326,-20.668],[-46.587,-20.623]],[[-47.073,-20.284],[-47.46,-20.001],[-47.656,-20.023],[-47.819,-19.981],[-47.862,-20.056],[-48.051,-20.12],[-48.178,-20.083],[-48.361,-20.139],[-48.812,-20.159],[-48.918,-20.429],[-48.995,-20.214],[-49.04,-20.187],[-49.2,-20.294],[-49.284,-20.149],[-49.259,-20.017],[-49.385,-19.98]],[[-50.364,-19.859],[-50.489,-19.791],[-50.584,-19.821]],[[-63.757,-19.028],[-63.565,-19.049],[-63.497,-18.928],[-63.195,-18.756],[-62.949,-18.425],[-62.773,-17.799],[-62.738,-17.243],[-62.922,-17.121],[-63.059,-16.88],[-63.259,-16.732],[-63.601,-16.585],[-63.804,-16.449],[-63.965,-16.237],[-64.664,-15.86]],[[-66.323,-17.577],[-65.96,-17.952],[-65.793,-18.009],[-65.642,-18.129],[-65.19,-18.626],[-65.051,-18.63],[-64.863,-18.503],[-64.529,-18.651],[-64.437,-18.618],[-64.342,-18.686],[-63.985,-19.165],[-63.842,-19.027],[-63.751,-19.028]]]}},{"type":"Feature","properties":{"name":"Guaporé","width":1.0},"geometry":{"type":"MultiLineString","coordinates":[[[-65.031,-11.913],[-65.09,-11.741],[-65.186,-11.75],[-65.175,-11.647],[-65.322,-11.439],[-65.39,-11.246],[-65.324,-11.025],[-65.44,-10.586],[-65.395,-10.392]]]}},{"type":"Feature","properties":{"name":"Hailar","width":1.0},"geometry":{"type":"MultiLineString","coordinates":[[[117.873,49.513],[117.912,49.429],[118.057,49.319],[118.44,49.437],[118.524,49.405],[118.617,49.262],[118.747,49.212],[119.232,49.199],[119.45,49.275],[120.118,49.225],[120.518,49.256],[120.911,49.368],[122.287,49.849]]]}},{"type":"Feature","properties":{"name":"Heilong Jiang","width":1.0},"geometry":{"type":"MultiLineString","coordinates":[[[127.59,50.209],[127.337,50.35],[127.306,50.454],[127.347,50.621],[127.307,50.708],[126.925,51.1],[126.805,51.506],[126.709,51.566],[126.701,51.703],[126.511,51.926],[126.342,52.362],[126.194,52.519],[126.016,52.61],[126.048,52.739],[125.872,52.872],[125.728,52.891],[125.649,53.042],[125.075,53.204],[124.812,53.134],[124.466,53.23],[124.22,53.37],[123.608,53.547],[123.154,53.545],[122.516,53.457],[122.338,53.485],[121.405,53.317]]]}},{"type":"Feature","properties":{"name":"Hongshui","width":1.0},"geometry":{"type":"MultiLineString","coordinates":[[[106.944,25.225],[107.019,25.061],[107.156,25.009],[107.277,24.875],[107.362,24.603],[107.608,24.281],[107.494,24.087],[107.512,24.031],[107.601,23.954],[107.674,23.961],[107.902,23.722],[108.453,24.035],[108.833,23.836],[108.919,23.662],[109.192,23.723],[109.322,23.7],[109.469,23.847],[109.529,23.796]]]}},{"type":"Feature","properties":{"name":"Huang","width":1.0},"geometry":{"type":"MultiLineString","coordinates":[[[97.288,34.835],[97.547,34.876]],[[97.763,35.088],[97.934,35.082],[98.197,34.874],[98.382,34.798],[98.4,34.674],[98.348,34.593],[98.563,34.39],[98.713,34.38],[98.72,34.43],[98.809,34.473],[99.001,34.428],[99.123,33.915],[99.324,33.748],[99.391,33.809],[99.721,33.791],[100.191,33.604],[100.33,33.757],[100.74,33.928],[100.942,33.777],[101.009,33.764],[101.026,33.839],[101.123,33.827],[101.481,33.678],[101.663,33.679],[101.809,33.611],[102.066,33.356],[102.482,33.484],[102.206,33.897],[101.328,34.273],[101.087,34.513],[100.912,34.593],[100.878,34.677],[100.63,34.708],[100.376,34.827],[100.22,35.241],[100.259,35.282],[100.166,35.424],[100.172,35.543],[100.255,35.695],[100.898,36.142],[101.343,36.065],[101.763,36.152],[101.993,35.997],[102.064,35.886],[102.185,35.845],[102.61,35.86],[102.948,35.806],[103.177,35.812],[103.299,35.878],[103.317,35.931],[103.232,35.97],[103.388,36.139],[103.56,36.158],[103.995,36.075],[104.072,36.229],[104.179,36.322],[104.713,36.628],[104.625,36.798],[104.327,36.946],[104.353,37.174],[104.576,37.307],[104.998,37.461],[105.8,37.565],[105.905,37.661],[106.037,37.916],[106.457,38.378],[106.64,38.78],[106.871,39.075],[106.759,39.483],[106.768,39.76],[106.718,40.016],[107.149,40.396],[107.239,40.592],[107.745,40.837],[108.07,40.875],[108.389,40.816],[108.651,40.632],[108.884,40.547],[109.309,40.49],[109.635,40.532],[109.687,40.494],[110.08,40.524],[110.303,40.484],[110.675,40.302],[110.996,40.286],[111.125,40.235],[111.407,40.013],[111.378,39.789],[111.433,39.576],[111.373,39.488],[111.168,39.4],[111.199,39.24],[110.98,38.956],[110.891,38.557],[110.503,38.113],[110.511,38.008],[110.782,37.614],[110.664,37.434],[110.61,37.217],[110.384,37.005],[110.579,35.534],[110.316,35.135],[110.27,34.637],[110.465,34.597],[110.795,34.645],[111.101,34.795],[111.589,34.899],[111.844,35.074],[112.857,34.809],[113.399,34.974],[113.9,34.895],[113.965,34.931],[114.473,34.91],[114.681,34.928],[114.831,35.02]],[[96.164,35.13],[96.748,35.053],[97.072,34.931]]]}},{"type":"Feature","properties":{"name":"Huang","width":1.0},"geometry":{"type":"MultiLineString","coordinates":[[[114.838,35.02],[114.905,35.229],[115.014,35.33],[115.34,35.503],[115.463,35.681],[115.871,35.88],[115.883,35.939],[116.116,36.143],[116.581,36.44],[116.735,36.656],[117.024,36.773],[117.352,37.082],[117.608,37.228],[118.128,37.347],[118.385,37.604],[118.946,37.824],[119.036,37.809]]]}},{"type":"Feature","properties":{"name":"Ideriyn","width":1.0},"geometry":{"type":"MultiLineString","coordinates":[[[98.007,47.999],[97.617,48.075],[97.452,48.141],[97.413,48.202],[97.443,48.435],[97.711,48.673],[98.05,48.736],[98.547,48.73],[99.179,48.638],[99.588,48.725],[100.613,49.098],[100.7,49.263]]]}},{"type":"Feature","properties":{"name":"Indaiá","width":1.0},"geometry":{"type":"MultiLineString","coordinates":[[[-46.499,-20.321],[-46.002,-20.337],[-45.896,-20.173],[-45.714,-20.133],[-45.64,-20.068],[-45.506,-19.841],[-45.496,-19.688],[-45.352,-19.383],[-45.121,-19.161],[-45.089,-19.051]]]}},{"type":"Feature","properties":{"name":"Indus","width":1.0},"geometry":{"type":"MultiLineString","coordinates":[[[67.86,23.903],[67.925,24.001]],[[67.646,23.92],[67.711,23.957],[67.713,24.066]],[[67.925,24.001],[68.017,23.991],[68.037,23.848]],[[67.925,24.001],[67.924,24.056],[67.713,24.066]],[[67.713,24.066],[67.661,24.105]],[[79.735,32.444],[79.43,32.745]],[[79.437,32.738],[79.341,32.881],[79.044,33.133],[78.907,33.189],[78.809,33.165],[78.64,33.208],[78.245,33.398],[78.077,33.62],[77.53,34.106],[76.967,34.288],[76.285,34.708],[76.222,34.789],[76.209,34.924],[75.902,35.21],[75.863,35.297],[75.568,35.357],[75.264,35.59],[74.83,35.694],[74.701,35.836],[74.654,35.826],[74.632,35.601],[74.575,35.5],[74.461,35.445],[74.22,35.408],[73.423,35.538],[73.302,35.471],[73.28,35.33],[73.175,35.204],[72.885,35.004],[72.872,34.939],[72.955,34.845],[72.814,34.726],[72.782,34.623]],[[72.707,34.086],[72.652,34.032],[72.297,33.959],[72.197,33.772],[72.038,33.757],[71.914,33.504],[71.762,33.372],[71.72,33.111],[71.651,32.994],[71.425,32.838],[71.273,32.311],[70.861,31.569],[70.801,31.3],[70.829,30.92],[70.77,30.811],[70.824,30.6],[70.792,30.212],[70.827,30.004],[70.792,29.825],[70.657,29.55],[70.702,29.353],[70.612,29.023],[70.397,28.915],[69.962,28.576],[69.829,28.531],[69.535,28.246],[68.942,27.981],[68.928,27.853],[68.883,27.823],[68.938,27.719],[68.826,27.678],[68.669,27.771],[68.573,27.688],[68.337,27.603],[68.297,27.371],[68.194,27.342],[68.175,27.208],[68.121,27.193],[68.109,27.117],[67.911,26.91],[67.891,26.487],[67.926,26.302],[68.117,26.14],[68.379,25.795],[68.341,25.765],[68.398,25.621],[68.342,25.539],[68.313,25.226],[68.352,25.139],[68.245,24.979],[68.214,24.997],[68.068,24.87],[67.936,24.43],[67.85,24.396],[67.787,24.239],[67.627,24.078],[67.454,24.04]]]}},{"type":"Feature","properties":{"name":"Irrawaddy Delta","width":1.0},"geometry":{"type":"MultiLineString","coordinates":[[[94.703,16.512],[94.742,16.908],[94.954,17.257],[94.948,17.315],[95.042,17.371],[95.304,17.766],[95.52,17.908],[95.575,17.904],[95.633,17.81],[95.952,17.074],[96.09,16.847],[96.189,16.768]],[[95.481,16.814],[95.323,16.328],[95.099,15.958],[95.078,15.839]],[[95.6,16.902],[95.649,16.768],[95.872,16.593],[95.867,16.44],[96.043,16.34]],[[95.472,17.744],[95.356,17.666],[95.296,17.554],[95.335,17.379],[95.263,17.302],[95.186,17.078],[95.175,16.903],[95.222,16.796],[95.176,16.674],[94.656,15.989]]]}},{"type":"Feature","properties":{"name":"Irtysh","width":1.0},"geometry":{"type":"MultiLineString","coordinates":[[[74.994,53.986],[74.918,54.003],[74.872,54.128],[74.558,54.4],[74.125,54.586],[73.728,54.694]],[[73.722,54.694],[73.539,54.805],[73.347,54.85],[73.346,54.96],[73.157,55.097],[73.17,55.193],[72.993,55.266],[73.662,55.618],[74.272,55.739],[74.469,55.833],[74.672,56.011],[74.709,56.058],[74.681,56.264],[74.729,56.289],[74.749,56.396],[74.678,56.478],[74.656,56.607],[74.59,56.627],[74.597,56.757],[74.511,56.893],[74.117,57.053],[74.142,57.096],[74.049,57.163],[73.77,57.179],[73.599,57.272],[73.441,57.278],[72.903,57.458],[72.78,57.442],[72.334,57.565],[71.527,57.645],[71.4,57.719],[71.108,57.71],[70.468,57.847],[70.373,57.957],[70.294,57.977],[70.137,57.959],[69.974,58.015],[69.649,57.96],[69.197,58.032],[68.818,58.014],[68.464,58.149],[68.226,58.168]],[[68.861,61.124],[69.011,61.019],[69.362,60.959],[69.516,60.885],[69.623,60.755],[69.83,60.65],[69.769,60.512],[69.778,60.38],[69.874,60.259],[69.721,60.126],[69.888,60.005],[69.888,59.866],[69.757,59.766],[69.498,59.727],[69.334,59.65],[69.284,59.577],[69.133,59.561],[68.997,59.452],[68.925,59.451],[68.905,59.354],[68.799,59.24],[68.882,59.161],[68.856,59.021],[68.801,59.002],[68.812,58.935],[68.697,58.853],[68.705,58.788],[68.569,58.753],[68.549,58.521],[68.399,58.5],[68.328,58.383],[68.219,58.328],[68.222,58.166]]]}},{"type":"Feature","properties":{"name":"Jinsha","width":1.0},"geometry":{"type":"MultiLineString","coordinates":[[[99.399,28.12],[99.431,27.842],[99.6,27.426],[99.996,26.904],[100.041,26.94],[100.109,27.221],[100.232,27.399],[100.219,27.554],[100.298,27.795],[100.39,27.837],[100.55,27.301],[100.45,27.169],[100.486,27.05],[100.408,26.797],[100.459,26.236],[100.798,26.178],[100.961,26.211],[101.2,26.357],[101.349,26.381],[101.59,26.593],[101.734,26.599],[101.841,26.554],[101.94,26.363],[101.852,26.016],[102.027,25.994],[102.331,26.266],[102.489,26.341],[102.583,26.37],[102.635,26.252],[102.686,26.237],[102.99,26.395],[103.042,26.523],[102.897,27.013],[102.903,27.313],[102.969,27.412],[103.147,27.434],[103.479,27.814],[103.535,27.922],[103.532,27.992],[103.444,28.065],[103.484,28.161],[103.589,28.25],[103.702,28.229],[103.841,28.298],[103.809,28.565],[103.851,28.668]],[[98.542,31.69],[98.799,31.438],[98.855,31.323],[98.797,31.261],[98.638,31.28],[98.615,31.206],[98.947,30.711],[98.919,30.68],[99.039,29.849],[99.014,29.551],[99.096,29.25],[99.146,28.641],[99.221,28.36],[99.399,28.126]]]}},{"type":"Feature","properties":{"name":"Kagera","width":1.0},"geometry":{"type":"MultiLineString","coordinates":[[[29.593,-2.984],[29.901,-3.091],[29.909,-3.16],[30.021,-3.256],[30.01,-3.365],[30.391,-3.088],[30.47,-2.92],[30.441,-2.769],[30.774,-2.463],[30.877,-2.143],[30.819,-1.967],[30.813,-1.563],[30.711,-1.397],[30.632,-1.367],[30.508,-1.208],[30.477,-1.083],[30.809,-0.995],[31.125,-1.2],[31.409,-1.239],[31.512,-1.213],[31.645,-1.006],[31.768,-0.936]]]}},{"type":"Feature","properties":{"name":"Kasai","width":1.0},"geometry":{"type":"MultiLineString","coordinates":[[[22.237,-11.249],[22.178,-10.892],[22.307,-10.691],[22.275,-10.259],[22.198,-10.041],[21.857,-9.594],[21.813,-9.469],[21.905,-8.693],[21.896,-8.341],[21.801,-8.112],[21.78,-7.865],[21.842,-7.421],[21.692,-7.109],[21.547,-6.964],[20.939,-6.535],[20.783,-6.366],[20.58,-5.993],[20.638,-5.876],[20.835,-5.712],[21.038,-5.339],[21.055,-4.8],[20.966,-4.611],[20.522,-4.309],[20.403,-4.3],[20.285,-4.39],[19.742,-4.081],[18.74,-3.626],[18.51,-3.599],[18.292,-3.457],[18.13,-3.412],[17.796,-3.391],[17.06,-3.059],[16.364,-3.073],[16.191,-3.194]]]}},{"type":"Feature","properties":{"name":"Kibali","width":1.0},"geometry":{"type":"MultiLineString","coordinates":[[[30.371,2.333],[30.439,2.663],[30.363,2.825],[29.571,3.094],[29.44,3.3],[29.347,3.303],[29.033,3.598],[28.814,3.564],[28.586,3.596]]]}},{"type":"Feature","properties":{"name":"Kolyma","width":1.0},"geometry":{"type":"MultiLineString","coordinates":[[[145.216,61.856],[145.801,61.877],[146.096,61.78],[146.344,61.59],[146.657,61.455],[147.052,61.522],[147.119,61.497],[147.371,61.59],[147.433,61.708],[147.412,61.873],[147.355,61.985],[147.26,62.045],[147.255,62.14],[147.342,62.271],[147.464,62.331],[147.924,62.229],[148.12,62.095],[148.524,62.107],[148.663,61.98],[148.622,61.913],[148.727,61.785],[148.758,61.659],[149.027,61.7],[149.379,61.66],[149.501,61.674],[149.606,61.859],[149.915,62.02],[150.19,62.092],[150.429,62.088],[150.714,62.197],[150.817,62.449],[150.763,62.593],[150.845,62.672],[151.41,62.619],[151.618,62.559],[151.742,62.454],[151.942,62.565],[152.084,62.427],[152.271,62.435],[152.27,62.525],[152.505,62.823],[152.461,62.929],[152.543,63.063],[152.583,63.312],[152.908,63.456],[153.158,63.67],[153.437,63.819],[154.315,64.033],[154.517,64.127],[154.542,64.213],[154.372,64.227],[154.383,64.295],[154.175,64.406],[154.08,64.512],[154.031,64.671],[153.835,64.734],[153.222,64.716],[152.487,64.839],[151.964,65.042],[151.758,65.195],[151.549,65.265],[151.21,65.532],[151.15,65.628],[150.768,65.887],[150.744,65.986],[150.798,66.149],[151.037,66.162],[151.105,66.235],[151.634,66.232],[151.798,66.421],[151.778,66.447],[152.4,66.647],[152.439,66.673],[152.392,66.751],[153.007,67.061],[153.025,67.109],[153.625,67.214],[153.52,67.346],[153.535,67.407],[153.644,67.463],[154.865,67.62],[155.354,67.646],[155.804,67.61],[156.217,67.657],[156.354,67.753],[156.132,67.874],[156.146,67.944],[156.667,67.939],[157.432,68.093],[157.654,68.175],[157.671,68.265],[157.772,68.36],[157.956,68.46],[158.019,68.545],[157.963,68.616],[158.015,68.656],[158.175,68.666],[158.446,68.771],[158.549,68.789],[158.667,68.741],[159.157,68.783],[159.215,68.67],[159.395,68.632],[160.559,68.512],[160.856,68.538]]]}},{"type":"Feature","properties":{"name":"Kyzyl-Khem","width":1.0},"geometry":{"type":"MultiLineString","coordinates":[[[98.0,51.514],[97.703,51.48],[97.298,51.36],[96.099,51.383],[95.78,51.295]]]}},{"type":"Feature","properties":{"name":"La Grande Rivière","width":1.0},"geometry":{"type":"MultiLineString","coordinates":[[[-70.48,53.406],[-70.42,53.408],[-70.362,53.487],[-70.845,53.428]],[[-71.117,53.591],[-71.277,53.664],[-71.452,53.678],[-71.816,53.646]],[[-72.036,53.598],[-72.094,53.602],[-72.113,53.659],[-72.28,53.621],[-72.503,53.691],[-72.692,53.679],[-73.328,53.916],[-73.962,53.748],[-74.439,53.684]],[[-77.42,53.798],[-78.39,53.762],[-78.946,53.832]]]}},{"type":"Feature","properties":{"name":"Lancang","width":1.0},"geometry":{"type":"MultiLineString","coordinates":[[[96.941,31.966],[97.207,31.463],[97.188,31.134],[97.332,30.979],[97.378,30.785],[97.963,30.162],[98.161,29.81],[98.307,29.68],[98.411,29.427],[98.619,29.126],[98.593,29.009],[98.809,28.478],[98.938,27.959],[99.012,27.856],[99.005,27.623],[99.175,27.071],[99.114,26.531],[99.139,26.021],[99.31,25.644],[99.341,25.315],[99.939,24.762],[100.106,24.687],[100.332,24.75],[100.511,24.545],[100.529,24.211],[100.485,24.108],[100.416,24.078],[100.356,23.854],[100.185,23.62],[100.067,23.278],[100.106,23.149],[100.313,22.887],[100.415,22.636],[100.567,22.502],[100.622,22.288],[100.77,22.047],[100.984,21.845],[101.166,21.789],[101.147,21.582],[101.08,21.469],[100.703,21.251],[100.536,20.992],[100.522,20.922],[100.623,20.86],[100.326,20.796],[100.249,20.73],[100.115,20.258],[100.318,20.386],[100.492,20.184],[100.553,20.17],[100.597,19.893],[100.653,19.825],[100.857,19.878],[101.484,19.823],[102.137,20.087],[102.233,20.011],[101.823,19.604],[101.886,19.372],[101.819,19.181],[101.826,18.698],[101.77,18.568],[101.408,18.119],[101.459,17.902],[101.564,17.821]]]}},{"type":"Feature","properties":{"name":"Lek","width":1.0},"geometry":{"type":"MultiLineString","coordinates":[[[5.331,51.963],[5.161,51.994],[4.426,51.896],[4.085,51.994]]]}},{"type":"Feature","properties":{"name":"Lena","width":1.0},"geometry":{"type":"MultiLineString","coordinates":[[[120.648,60.403],[120.343,60.396],[120.069,60.262],[119.874,60.229],[119.599,60.252],[119.355,60.191],[119.142,60.046],[118.678,59.917],[118.323,59.725],[117.447,59.986],[117.129,60.134],[116.884,60.381],[116.321,60.505],[115.798,60.717],[115.503,60.775],[114.893,60.745],[114.743,60.692],[114.311,60.369],[113.823,60.125],[113.519,59.912],[113.24,59.779],[112.836,59.674],[112.643,59.545],[112.543,59.363],[112.394,59.274],[111.846,59.187],[111.323,58.93],[111.117,58.739],[110.993,58.758],[110.805,58.659],[109.97,58.606],[109.798,58.539],[109.694,58.359],[109.498,58.231],[109.085,58.264],[108.721,58.113],[108.332,57.825],[108.034,57.759],[108.029,57.702],[107.904,57.635],[107.918,57.57],[107.872,57.523],[107.471,57.292],[107.318,57.264],[107.149,57.326],[106.989,57.31],[106.865,57.083],[106.558,57.026],[106.348,57.051],[105.986,56.833],[105.672,56.742],[106.173,56.671],[106.292,56.56],[106.201,56.411],[105.695,56.266],[105.676,56.217],[105.821,56.07],[105.852,55.976],[105.811,55.869],[105.613,55.633],[105.45,55.326],[105.076,55.008],[105.108,54.85],[105.234,54.754],[105.185,54.456],[105.221,54.384],[105.457,54.238],[105.665,54.022],[105.806,54.006],[106.056,53.858],[107.119,53.858],[107.234,53.999],[107.657,54.265],[107.783,54.294],[108.107,54.2],[108.088,54.082],[107.98,54.004]],[[126.69,72.294],[126.897,72.05],[127.168,71.845],[127.142,71.784],[127.258,71.412],[127.25,71.294],[127.507,70.999],[127.414,70.742],[127.091,70.606],[126.789,70.541],[126.231,70.527],[125.801,70.449],[125.77,70.414],[125.99,70.309],[126.019,70.235],[125.919,70.145],[125.201,69.904],[125.079,69.826],[124.722,69.4],[124.026,69.03],[123.927,68.634],[123.774,68.349],[123.689,68.259],[123.31,68.092],[123.15,67.929],[123.057,67.685],[123.095,67.455],[123.398,66.997],[123.588,66.581],[123.738,66.461],[124.028,66.022],[124.211,65.873],[124.285,65.733],[124.268,65.504],[124.466,65.184],[124.79,64.992],[125.359,64.818],[125.503,64.665],[126.506,64.378],[127.292,63.965],[128.078,63.697],[128.291,63.561],[129.38,63.49],[129.586,63.305],[129.637,63.199],[129.622,63.034],[130.009,62.479],[130.037,62.322],[129.934,62.24],[129.788,61.893],[129.476,61.631],[128.751,61.323],[128.481,61.266],[127.047,61.103],[126.322,61.071],[125.578,60.857],[124.147,60.599],[122.297,60.575],[121.425,60.642],[120.864,60.537],[120.7,60.473],[120.654,60.407]]]}},{"type":"Feature","properties":{"name":"Lualaba","width":1.0},"geometry":{"type":"MultiLineString","coordinates":[[[26.249,-11.743],[26.166,-11.672],[26.03,-11.68],[25.886,-11.623],[25.782,-11.417],[25.602,-11.247],[25.566,-11.054],[25.684,-10.969],[25.735,-10.731],[25.61,-10.507],[25.417,-10.462],[25.413,-10.137],[25.547,-9.811],[25.489,-9.587],[25.561,-9.266],[25.611,-9.229],[25.729,-9.276],[25.966,-9.137],[26.037,-8.996],[26.031,-8.792],[26.284,-8.544],[26.268,-8.474],[26.341,-8.313],[26.441,-8.272]]]}},{"type":"Feature","properties":{"name":"Lualaba","width":1.0},"geometry":{"type":"MultiLineString","coordinates":[[[26.93,-5.61],[27.014,-5.286],[26.879,-4.731],[26.199,-4.25],[26.065,-4.11],[26.012,-3.958],[26.012,-3.649],[25.93,-3.519],[25.904,-3.363],[25.946,-2.89],[25.876,-2.745]],[[25.876,-2.752],[25.788,-2.457],[25.818,-1.286],[25.423,-0.545],[25.554,-0.036],[25.489,0.235],[25.255,0.459],[24.791,0.577],[24.472,0.753],[24.292,0.782]]]}},{"type":"Feature","properties":{"name":"Mackenzie","width":1.0},"geometry":{"type":"MultiLineString","coordinates":[[[-117.668,61.308],[-117.706,61.367],[-118.143,61.47],[-118.323,61.455],[-118.402,61.369],[-118.7,61.3],[-119.22,61.248],[-119.773,61.304],[-120.673,61.567],[-120.714,61.603],[-120.713,61.792],[-121.363,61.88],[-121.589,61.974],[-122.235,62.118],[-123.139,62.204],[-123.388,62.31],[-123.204,62.709],[-123.218,62.889],[-123.311,63.113],[-123.683,63.379],[-123.83,63.63],[-124.084,63.897],[-124.39,63.999],[-124.438,64.046],[-124.448,64.232],[-124.789,64.405],[-124.906,64.526],[-124.943,64.707],[-125.039,64.724],[-125.153,64.826],[-126.027,64.956],[-126.459,65.177],[-127.061,65.295],[-128.03,65.608],[-128.715,65.681],[-129.065,65.95],[-129.102,66.04],[-129.038,66.155],[-128.748,66.251],[-128.666,66.292],[-128.678,66.327],[-129.411,66.644],[-130.118,66.86],[-130.306,67.258],[-130.375,67.296],[-130.705,67.34],[-130.956,67.461],[-131.16,67.489],[-133.02,67.245],[-133.64,67.479],[-133.887,67.526],[-134.199,67.718],[-134.213,67.803],[-134.448,68.073],[-134.366,68.292],[-134.099,68.429],[-134.103,68.576],[-134.244,68.706]],[[-134.244,68.706],[-134.391,68.706],[-134.836,68.964]],[[-134.244,68.706],[-134.626,69.017],[-134.174,69.253]],[[-134.836,68.964],[-135.034,68.908],[-135.322,68.936],[-135.638,68.892]],[[-134.836,68.964],[-135.037,69.062],[-135.076,69.11],[-135.02,69.139],[-135.039,69.181],[-135.255,69.324]]]}},{"type":"Feature","properties":{"name":"Madeira","width":1.0},"geometry":{"type":"MultiLineString","coordinates":[[[-65.395,-10.392],[-65.299,-10.147],[-65.309,-9.873],[-65.422,-9.611],[-65.361,-9.556],[-64.863,-9.554],[-64.802,-9.372],[-64.627,-9.231],[-64.423,-9.181],[-64.127,-8.976],[-63.849,-8.619],[-63.547,-8.555],[-63.545,-8.466],[-63.343,-8.186],[-63.245,-8.215],[-62.888,-8.034],[-62.867,-7.945],[-62.98,-7.577],[-62.98,-7.351],[-62.898,-7.123],[-62.615,-6.823],[-62.367,-6.723],[-62.367,-6.598],[-62.234,-6.278],[-62.184,-6.23],[-61.844,-6.21],[-61.609,-5.896],[-61.62,-5.856],[-61.385,-5.827],[-61.117,-5.615],[-60.865,-5.529],[-60.734,-5.448],[-60.725,-5.37],[-60.647,-5.293],[-60.388,-5.147],[-60.26,-4.977],[-59.966,-4.851],[-59.786,-4.432],[-59.489,-4.318],[-59.328,-4.045],[-59.083,-3.798],[-59.09,-3.72],[-58.997,-3.596],[-58.689,-3.342]]]}},{"type":"Feature","properties":{"name":"Madison","width":1.0},"geometry":{"type":"MultiLineString","coordinates":[[[-110.744,44.727],[-110.933,44.653],[-111.054,44.689],[-111.1,44.757]],[[-111.309,44.868],[-111.406,44.843],[-111.553,44.892],[-111.719,45.263],[-111.493,45.722],[-111.39,46.085],[-111.516,46.36]]]}},{"type":"Feature","properties":{"name":"Magdalena","width":1.0},"geometry":{"type":"MultiLineString","coordinates":[[[-76.507,1.943],[-76.179,1.898],[-75.791,2.118],[-75.69,2.198],[-75.376,2.774],[-75.266,3.19],[-74.82,4.194],[-74.824,4.274],[-74.869,4.278],[-74.861,4.422],[-74.579,6.162],[-74.433,6.363],[-74.386,6.573],[-74.317,6.667],[-74.053,6.848],[-73.9,7.078],[-73.925,7.195],[-73.83,7.846],[-73.852,8.071],[-73.79,8.15]],[[-73.796,8.15],[-73.784,8.535],[-73.843,8.827],[-73.942,8.992],[-74.083,9.03],[-74.456,9.261],[-74.507,9.249],[-74.786,9.441],[-74.854,9.81],[-74.823,9.986],[-74.912,10.13],[-74.727,10.684],[-74.728,10.841],[-74.845,11.11]]]}},{"type":"Feature","properties":{"name":"Malyy Yenisey","width":1.0},"geometry":{"type":"MultiLineString","coordinates":[[[95.78,51.295],[95.558,51.476],[95.23,51.585],[94.465,51.734]]]}},{"type":"Feature","properties":{"name":"Mamoré","width":1.0},"geometry":{"type":"MultiLineString","coordinates":[[[-64.664,-15.86],[-65.021,-15.083],[-64.996,-14.981],[-65.087,-14.717],[-65.025,-14.615],[-64.976,-14.327],[-65.062,-14.086],[-65.199,-13.949],[-65.201,-13.855],[-65.304,-13.694],[-65.302,-13.533],[-65.183,-13.144],[-65.029,-12.937],[-65.053,-12.694],[-65.169,-12.39],[-65.173,-12.165],[-65.122,-12.111],[-65.114,-11.986],[-65.031,-11.913]]]}},{"type":"Feature","properties":{"name":"Maquan","width":1.0},"geometry":{"type":"MultiLineString","coordinates":[[[82.4,30.411],[82.825,30.371],[83.164,30.126],[83.925,29.761],[84.063,29.586],[84.392,29.525],[84.501,29.452],[84.517,29.335],[84.634,29.254],[85.014,29.221],[85.226,29.313],[85.592,29.204],[86.295,29.225],[87.472,29.126],[87.66,29.152]]]}},{"type":"Feature","properties":{"name":"Mekong","width":1.0},"geometry":{"type":"MultiLineString","coordinates":[[[104.951,11.591],[104.951,11.508],[105.041,11.428],[105.105,10.879],[105.311,10.535],[105.831,10.001]],[[104.951,11.591],[105.266,11.356],[105.21,10.89],[105.377,10.641],[105.697,10.39],[106.136,10.222]],[[101.564,17.821],[101.687,17.889],[101.775,18.033],[101.947,18.081],[102.101,18.211],[102.553,17.965],[102.661,17.818],[102.807,17.946],[103.051,18.029],[103.091,18.138]],[[103.09,18.137],[103.091,18.138]],[[103.091,18.138],[103.092,18.141]],[[103.091,18.138],[103.263,18.278],[103.288,18.408],[103.488,18.418],[103.792,18.316],[103.95,18.319],[104.428,17.699],[104.74,17.462],[104.816,17.3],[104.744,16.884],[104.751,16.648],[104.819,16.466],[105.047,16.16],[105.406,15.987],[105.399,15.83],[105.622,15.7],[105.616,15.488],[105.52,15.331],[105.666,15.273],[105.907,14.944],[105.926,14.826],[105.832,14.158],[105.855,14.07],[105.981,13.948],[106.021,13.698],[105.918,13.405],[106.023,13.196],[105.985,12.289],[105.636,12.284],[105.389,11.936],[105.168,11.92],[105.0,11.822],[104.951,11.591]]]}},{"type":"Feature","properties":{"name":"Mississippi","width":1.0},"geometry":{"type":"MultiLineString","coordinates":[[[-89.376,28.981],[-89.257,29.155],[-89.016,29.203]],[[-89.261,29.155],[-89.289,29.178]],[[-89.289,29.178],[-89.181,29.336]],[[-89.289,29.178],[-89.666,29.416],[-89.973,29.689],[-90.012,29.811],[-89.933,29.914],[-90.25,29.943],[-90.464,30.032],[-90.849,30.04],[-91.11,30.209],[-91.226,30.368],[-91.218,30.479],[-91.338,30.706],[-91.529,30.756],[-91.546,30.908],[-91.66,30.972],[-91.596,31.11],[-91.618,31.277],[-91.529,31.345],[-91.506,31.519],[-91.373,31.774],[-91.157,31.971],[-90.938,32.277],[-91.104,32.49],[-91.15,32.625],[-91.094,32.694],[-91.136,32.809],[-91.096,32.938],[-91.153,33.041],[-91.107,33.218],[-91.163,33.294],[-91.141,33.439],[-91.215,33.583],[-91.173,33.617],[-91.207,33.676],[-91.053,33.828],[-91.06,33.989],[-90.915,34.049],[-90.91,34.189],[-90.762,34.356],[-90.635,34.414],[-90.539,34.728],[-90.32,34.899],[-90.256,35.046],[-90.142,35.114],[-90.066,35.414],[-89.927,35.592],[-89.943,35.679],[-89.689,35.921],[-89.709,35.983],[-89.634,36.168],[-89.675,36.221],[-89.584,36.272],[-89.612,36.322],[-89.541,36.427],[-89.55,36.553],[-89.471,36.489],[-89.397,36.588],[-89.203,36.626],[-89.13,36.811],[-89.154,36.992],[-89.272,37.08],[-89.29,37.013],[-89.352,37.036],[-89.487,37.213],[-89.462,37.434],[-89.523,37.645],[-89.823,37.884],[-90.174,38.069],[-90.366,38.254],[-90.134,38.847],[-90.478,38.948],[-90.577,38.91],[-90.664,38.987],[-90.737,39.182],[-90.919,39.387],[-91.379,39.749],[-91.502,40.098],[-91.5,40.226],[-91.442,40.379],[-91.391,40.397],[-91.394,40.537],[-91.102,40.75],[-90.954,41.016],[-91.067,41.206],[-91.048,41.369],[-90.437,41.56],[-90.177,41.884],[-90.149,42.054],[-90.59,42.445],[-90.688,42.61],[-91.07,42.789],[-91.161,43.102],[-91.117,43.331],[-91.238,43.44],[-91.278,43.797],[-91.383,43.991],[-91.841,44.194],[-92.055,44.4],[-92.963,44.79],[-93.119,44.937],[-93.175,44.913],[-93.408,45.202],[-94.133,45.496],[-94.202,45.662],[-94.371,45.853],[-94.394,46.194],[-94.057,46.543],[-93.692,46.586],[-93.486,46.725],[-93.309,47.023],[-93.509,47.211],[-93.798,47.242],[-93.795,47.29],[-93.976,47.336],[-94.094,47.433]],[[-95.026,47.156],[-94.877,47.451],[-94.794,47.482],[-94.637,47.44]],[[-94.508,47.457],[-94.326,47.406]]]}},{"type":"Feature","properties":{"name":"Missouri","width":1.0},"geometry":{"type":"MultiLineString","coordinates":[[[-98.56,43.06],[-97.965,42.806],[-97.698,42.875],[-97.239,42.861],[-96.805,42.701],[-96.558,42.525],[-96.451,42.506],[-96.295,42.133],[-96.087,41.821],[-96.059,41.546],[-95.944,41.461],[-95.95,41.367],[-95.892,41.316],[-95.826,40.676],[-95.662,40.363],[-95.464,40.198],[-95.362,40.01],[-95.116,39.872],[-94.93,39.861],[-94.899,39.741],[-95.075,39.597],[-95.058,39.509],[-94.778,39.194],[-94.622,39.124],[-94.504,39.124],[-94.334,39.204],[-94.028,39.154],[-93.501,39.27],[-93.418,39.24],[-93.243,39.361],[-93.108,39.359],[-92.877,39.192],[-92.922,39.141],[-92.909,39.03],[-92.654,38.976],[-92.503,38.89],[-92.293,38.659],[-92.124,38.586],[-91.619,38.706],[-91.433,38.707],[-90.872,38.579],[-90.598,38.681],[-90.404,38.835],[-90.133,38.819]],[[-100.394,44.436],[-100.345,44.374],[-99.922,44.245],[-99.883,44.142],[-99.685,44.113],[-99.647,44.132],[-99.684,44.205],[-99.626,44.208],[-99.51,44.06],[-99.364,43.991]],[[-111.699,46.663],[-111.885,46.786],[-111.976,46.997],[-111.959,47.096],[-111.616,47.342],[-111.293,47.439],[-111.237,47.541],[-111.137,47.567],[-110.856,47.784],[-110.167,48.043],[-109.995,47.816],[-109.886,47.762],[-108.935,47.795],[-108.788,47.677],[-108.191,47.602]],[[-101.4,47.506],[-101.362,47.339],[-100.979,47.231],[-100.892,46.904],[-100.777,46.714]],[[-106.406,48.021],[-106.367,48.058],[-105.956,48.033],[-105.125,48.083],[-104.75,48.15],[-103.835,47.994],[-103.772,48.027]]]}},{"type":"Feature","properties":{"name":"Murray","width":1.0},"geometry":{"type":"MultiLineString","coordinates":[[[148.005,-36.967],[148.197,-36.625],[147.975,-36.046],[147.762,-35.956],[147.458,-35.954],[147.323,-36.07],[147.272,-36.049]],[[147.045,-36.108],[146.47,-35.994],[146.216,-36.056]],[[146.028,-36.015],[145.815,-35.977],[145.588,-35.863],[145.224,-35.846],[144.962,-35.923],[144.965,-36.075],[144.916,-36.107],[144.668,-36.088],[144.163,-35.634],[143.714,-35.411],[143.585,-35.327],[143.54,-35.234],[143.404,-35.168],[143.325,-34.788],[142.857,-34.655],[142.774,-34.588],[142.619,-34.783],[142.571,-34.775],[142.426,-34.593],[142.373,-34.333],[142.158,-34.173],[141.761,-34.112],[141.586,-34.191],[141.47,-34.183],[140.948,-33.999],[140.763,-34.096],[140.773,-34.189],[140.533,-34.433],[140.452,-34.394],[140.352,-34.223],[140.248,-34.175],[139.979,-34.176],[139.886,-34.074],[139.721,-34.077],[139.657,-34.148],[139.607,-34.383],[139.645,-34.631],[139.57,-34.787],[139.617,-34.852],[139.4,-34.884],[139.289,-34.981],[139.355,-35.048],[139.31,-35.168],[139.435,-35.297],[139.303,-35.399]]]}},{"type":"Feature","properties":{"name":"Nanpan","width":1.0},"geometry":{"type":"MultiLineString","coordinates":[[[103.922,25.879],[103.836,25.725],[103.883,25.341],[103.81,25.129],[103.488,24.939],[103.392,25.0],[103.219,24.994],[103.064,24.677],[103.105,24.52],[103.08,24.321],[103.169,23.87],[103.232,23.802],[103.61,23.916],[103.623,24.153],[103.746,24.204],[103.987,24.442],[104.353,24.562],[104.537,24.741],[104.681,24.659],[104.8,24.673],[105.208,24.991],[105.45,24.905],[105.583,24.79],[105.994,24.664],[106.154,24.783],[106.166,24.928],[106.231,24.979],[106.742,25.189],[106.944,25.225]]]}},{"type":"Feature","properties":{"name":"Nederrijn","width":1.0},"geometry":{"type":"MultiLineString","coordinates":[[[6.039,51.872],[5.922,51.961],[5.331,51.963]]]}},{"type":"Feature","properties":{"name":"Negro","width":1.0},"geometry":{"type":"MultiLineString","coordinates":[[[-68.014,-38.975],[-67.757,-39.052],[-67.18,-39.123],[-66.373,-39.117],[-65.765,-39.261],[-65.629,-39.331],[-65.366,-39.74],[-65.234,-39.83],[-64.899,-39.91],[-64.622,-40.062],[-64.371,-40.074],[-64.172,-40.166],[-63.574,-40.534],[-63.388,-40.709],[-63.174,-40.743],[-63.028,-40.826],[-62.798,-41.047]],[[-70.336,2.058],[-69.683,2.159],[-69.401,2.262],[-68.81,2.215],[-68.603,2.36],[-68.497,2.379],[-68.385,2.321],[-68.277,2.372],[-68.113,2.606],[-67.859,2.794],[-67.766,2.833],[-67.619,2.794],[-67.568,2.69],[-67.211,2.39],[-67.131,2.0],[-66.884,1.358],[-66.877,0.938],[-67.137,0.889],[-67.231,0.768],[-67.32,0.403],[-67.277,0.156],[-67.077,-0.122],[-66.373,-0.377],[-65.84,-0.264],[-65.447,-0.316],[-65.005,-0.457],[-64.152,-0.314],[-63.796,-0.32],[-63.633,-0.382],[-63.025,-0.702],[-62.879,-0.874],[-62.432,-1.146],[-61.933,-1.377],[-61.62,-1.449],[-61.471,-1.642],[-61.435,-1.814],[-61.355,-1.926],[-61.092,-2.218],[-60.903,-2.553],[-60.571,-2.922],[-60.36,-3.065],[-59.976,-3.158],[-59.897,-3.128]]]}},{"type":"Feature","properties":{"name":"Neuquén","width":1.0},"geometry":{"type":"MultiLineString","coordinates":[[[-70.803,-36.529],[-70.648,-37.077],[-70.698,-37.227],[-70.675,-37.325],[-70.199,-37.42],[-70.04,-37.615],[-69.931,-37.67],[-69.809,-38.078],[-69.604,-38.435],[-69.452,-38.538],[-69.224,-38.597],[-68.849,-38.371],[-68.769,-38.366],[-68.351,-38.614],[-68.014,-38.975]]]}},{"type":"Feature","properties":{"name":"Niagara","width":1.0},"geometry":{"type":"MultiLineString","coordinates":[[[-79.059,43.278],[-79.066,43.106]]]}},{"type":"Feature","properties":{"name":"Niger","width":1.0},"geometry":{"type":"MultiLineString","coordinates":[[[6.266,4.991],[6.078,4.71],[6.077,4.291]],[[6.266,4.991],[6.271,4.432]],[[6.455,5.363],[6.302,5.316],[6.09,5.124],[5.738,5.191],[5.476,5.154]],[[6.455,5.363],[6.33,5.221],[6.354,5.153],[6.266,5.095],[6.266,4.991]],[[6.557,5.542],[6.587,5.301],[6.443,5.065],[6.573,4.908],[6.709,4.607],[6.715,4.342]],[[-10.732,9.09],[-10.622,9.235],[-10.583,9.453],[-10.656,9.566],[-10.642,9.75],[-10.816,10.248],[-10.796,10.294],[-10.668,10.331],[-10.644,10.403],[-10.433,10.503],[-10.174,10.472],[-9.97,10.608],[-9.658,10.678],[-9.535,10.781],[-9.343,11.065],[-9.136,11.154],[-9.14,11.352],[-9.089,11.419],[-8.852,11.505],[-8.433,11.905],[-8.175,12.243],[-8.051,12.539],[-7.964,12.627],[-7.837,12.636],[-7.666,12.747],[-7.279,13.104],[-6.949,13.325],[-6.367,13.409],[-6.021,13.71],[-5.785,13.745],[-5.595,13.887],[-5.214,14.008],[-5.164,14.079],[-4.996,14.155],[-4.414,14.313],[-4.201,14.551],[-4.117,14.772],[-3.948,14.964],[-3.921,15.073],[-3.979,15.281],[-3.82,15.395],[-3.923,15.504],[-3.787,15.62],[-3.861,15.642],[-3.748,15.684],[-3.682,15.872],[-3.503,16.047]],[[4.626,9.865],[4.586,9.473],[4.764,9.18],[5.057,9.15],[5.159,9.055],[5.604,8.883],[5.802,8.742],[6.291,8.71],[6.716,8.144],[6.771,8.006],[6.776,7.793],[6.66,6.743],[6.741,6.202],[6.707,5.978],[6.455,5.363]],[[-4.304,15.507],[-4.338,15.621],[-4.185,15.865],[-3.961,15.925],[-3.689,16.113],[-3.467,16.161]],[[-3.503,16.047],[-3.467,16.161]],[[-3.467,16.161],[-3.222,16.408]],[[-3.222,16.408],[-3.206,16.225],[-3.329,16.101],[-3.503,16.047]],[[-3.222,16.408],[-3.028,16.65],[-2.197,16.837],[-2.043,16.835],[-1.448,17.035],[-1.118,17.048],[-0.705,16.95],[-0.457,16.955],[-0.346,16.873],[-0.089,16.426],[0.003,16.17],[0.144,15.983],[0.397,15.775],[0.548,15.51],[0.739,15.41],[0.675,14.988],[0.855,14.861],[1.076,14.498],[1.362,14.28],[1.671,13.747],[2.125,13.476],[2.31,13.299],[2.515,12.552],[2.718,12.519],[3.299,11.927],[3.45,11.852],[3.595,11.696],[4.022,11.484],[4.241,11.261],[4.62,11.045],[4.705,10.837],[4.656,10.607]]]}},{"type":"Feature","properties":{"name":"Nile","width":1.0},"geometry":{"type":"MultiLineString","coordinates":[[[32.49,15.635],[32.535,16.04],[32.629,16.256],[32.929,16.508],[33.165,16.566],[33.519,16.738],[33.706,16.944],[33.74,17.246],[33.925,17.55],[33.969,17.792],[33.942,18.107],[33.9,18.278],[33.718,18.455],[33.675,18.662],[33.59,18.741],[33.539,19.173],[33.413,19.308],[33.38,19.423],[33.018,19.511],[32.62,19.161],[32.546,19.152],[32.306,18.89],[32.076,18.812],[32.005,18.606],[31.921,18.58],[31.474,18.077],[31.146,18.002],[30.809,18.154],[30.511,18.794],[30.458,19.471],[30.35,19.786],[30.37,19.857],[30.575,19.967],[30.591,20.214],[30.539,20.329],[30.366,20.417],[30.317,20.616],[30.37,20.774],[30.576,20.9],[30.709,21.121],[30.699,21.177],[30.97,21.399],[31.091,21.609]],[[32.879,23.988],[32.921,24.77],[32.871,25.037],[32.54,25.35],[32.493,25.565],[32.704,25.754],[32.764,25.879],[32.734,26.129],[32.678,26.163],[32.362,26.067],[32.229,26.077],[32.154,26.171],[32.015,26.2],[31.812,26.509],[31.706,26.564],[31.695,26.632],[31.341,27.057],[30.969,27.356],[30.868,27.5],[30.863,27.985],[30.74,28.23],[30.899,28.791],[31.219,29.282],[31.287,29.783],[31.238,30.121]]]}},{"type":"Feature","properties":{"name":"Nmai","width":1.0},"geometry":{"type":"MultiLineString","coordinates":[[[97.983,28.425],[98.297,28.132],[98.335,28.008],[98.302,27.73],[98.215,27.679],[98.04,27.707],[98.087,27.494],[98.362,26.974],[98.354,26.701],[98.055,25.815],[97.86,25.641],[97.775,25.62],[97.641,25.706],[97.519,25.701]]]}},{"type":"Feature","properties":{"name":"North Saskatchewan","width":1.0},"geometry":{"type":"MultiLineString","coordinates":[[[-117.132,52.014],[-117.011,52.077],[-116.838,51.993],[-116.534,52.022],[-116.438,52.079],[-116.448,52.176],[-116.39,52.276],[-116.262,52.379],[-116.053,52.437],[-115.576,52.44],[-115.398,52.387],[-114.975,52.363],[-115.057,52.644],[-115.218,52.895],[-115.211,53.01],[-115.159,53.05],[-115.014,53.083],[-114.841,53.276],[-114.729,53.321],[-114.596,53.314],[-114.388,53.392],[-113.947,53.333],[-113.691,53.389],[-113.651,53.451],[-113.306,53.628],[-112.834,54.023],[-112.732,54.032],[-112.193,54.022],[-111.802,53.902],[-111.726,53.812],[-111.578,53.774],[-111.094,53.772],[-110.986,53.825],[-110.712,53.849],[-110.302,53.668],[-109.613,53.549],[-109.543,53.428],[-109.135,53.308],[-108.897,53.082],[-108.343,52.819],[-108.328,52.734]],[[-108.334,52.734],[-107.357,52.338],[-107.18,52.343],[-106.962,52.441],[-106.895,52.568],[-106.691,52.764],[-106.15,53.171],[-105.065,53.24]]]}},{"type":"Feature","properties":{"name":"Nu","width":1.0},"geometry":{"type":"MultiLineString","coordinates":[[[96.596,30.448],[96.675,30.443],[96.717,30.333],[96.854,30.245],[97.29,30.032],[97.546,29.536],[97.819,29.367],[98.163,28.87],[98.343,28.715],[98.474,28.22],[98.682,27.913],[98.676,27.817],[98.816,27.581],[98.869,27.341],[98.895,26.656],[98.856,25.173],[98.927,24.828],[99.03,24.677],[99.016,24.383],[99.089,24.317],[99.058,24.248],[98.922,24.175],[98.473,24.026],[98.42,23.933],[98.598,23.667],[98.635,23.417],[98.721,23.357],[98.723,23.294],[98.474,23.173],[98.548,23.068],[98.513,22.988],[98.628,22.918],[98.558,22.812],[98.626,22.432],[98.587,22.251],[98.742,22.065],[98.605,21.905],[98.574,21.79],[98.624,21.651],[98.595,21.483],[98.773,21.077],[98.724,21.02],[98.508,20.951]]]}},{"type":"Feature","properties":{"name":"Nu","width":1.0},"geometry":{"type":"MultiLineString","coordinates":[[[91.518,31.943],[91.546,31.815],[91.691,31.696],[91.794,31.478],[91.863,31.418],[92.032,31.396],[92.134,31.299],[92.221,31.304],[92.428,31.486],[92.869,31.563],[93.687,31.504],[94.106,31.523],[94.528,31.468],[94.575,31.443],[94.531,31.251],[94.71,31.091],[95.181,31.188],[95.399,31.136],[95.563,30.985],[95.962,30.978],[96.157,30.921],[96.34,30.835],[96.554,30.437],[96.596,30.448]]]}},{"type":"Feature","properties":{"name":"Ob","width":1.0},"geometry":{"type":"MultiLineString","coordinates":[[[85.056,52.434],[84.589,52.422],[84.003,52.332],[83.831,52.362],[83.728,52.414],[83.694,52.489],[83.658,53.04],[83.817,53.109],[83.86,53.175],[83.838,53.353],[83.712,53.419],[83.228,53.503],[82.897,53.437],[82.581,53.446],[82.237,53.684],[81.836,53.789],[81.42,53.808],[81.334,53.886]],[[70.354,61.301],[70.979,61.298],[71.257,61.195],[71.447,61.253],[72.347,61.293],[74.002,61.177],[74.223,61.207],[74.429,61.168],[74.645,61.215],[75.333,61.124],[75.714,61.01],[75.994,61.04],[76.308,60.93],[76.517,60.925],[77.215,60.674],[77.602,60.662],[77.807,60.483],[77.949,60.422],[78.293,60.405],[78.563,60.196],[78.836,60.141],[78.962,60.055],[78.979,59.884],[79.13,59.805],[79.148,59.689],[79.283,59.558],[79.623,59.46],[79.665,59.412],[80.093,59.424],[80.158,59.385],[80.152,59.289],[80.228,59.265],[80.467,59.328],[80.516,59.243],[80.802,59.108],[81.256,59.118],[81.568,58.831],[81.554,58.718],[81.775,58.736],[81.902,58.66],[81.908,58.61],[82.172,58.549],[82.435,58.369],[82.884,58.313],[82.961,58.193],[83.16,58.127],[83.41,57.776],[83.777,57.699],[83.997,57.306],[84.344,57.21],[84.436,56.911],[84.401,56.792],[84.064,56.458],[84.024,56.227],[83.925,56.121],[83.879,55.929],[83.645,55.629],[83.323,55.475],[82.888,55.404],[82.877,55.173],[82.837,55.129],[83.053,54.915],[83.025,54.845]]]}},{"type":"Feature","properties":{"name":"Ob","width":1.0},"geometry":{"type":"MultiLineString","coordinates":[[[68.857,61.124],[69.01,61.198],[69.189,61.196],[69.408,61.272],[70.021,61.252],[70.354,61.301]]]}},{"type":"Feature","properties":{"name":"Ob","width":1.0},"geometry":{"type":"MultiLineString","coordinates":[[[68.857,61.124],[68.589,61.095],[68.348,61.181],[68.309,61.256],[68.353,61.416],[68.325,61.451],[67.586,61.712],[67.292,62.087],[67.043,62.2],[66.511,62.318],[66.39,62.42],[65.988,62.482],[65.68,62.622],[65.258,62.879],[65.14,63.072],[65.211,63.206],[65.527,63.395],[65.557,63.496],[65.767,63.584],[65.709,63.734],[65.805,63.809],[65.806,64.076],[66.031,64.154],[65.895,64.262],[65.92,64.37],[65.876,64.426],[65.69,64.537],[65.688,64.659],[65.501,64.756],[65.565,64.982],[65.257,65.099],[65.362,65.283],[65.606,65.468],[65.667,65.685],[65.831,65.842],[65.877,65.933],[65.821,66.137],[66.3,66.411],[66.451,66.571],[66.663,66.627],[67.153,66.583],[67.315,66.641]],[[67.315,66.641],[68.197,66.538],[68.655,66.752]],[[67.315,66.641],[67.692,66.783],[68.105,66.814],[68.655,66.752]],[[68.655,66.752],[69.013,66.788]]]}},{"type":"Feature","properties":{"name":"Oder","width":1.0},"geometry":{"type":"MultiLineString","coordinates":[[[17.618,49.739],[17.946,49.637],[18.142,49.73],[18.307,49.886],[18.317,49.972],[18.231,50.137],[18.252,50.22],[17.958,50.532],[17.88,50.722],[17.45,50.882],[16.869,51.229],[16.475,51.245],[16.44,51.315],[16.462,51.518],[16.408,51.595],[16.223,51.677],[15.847,51.743],[15.769,51.811],[15.758,51.961],[15.682,52.011],[14.705,52.11],[14.68,52.25],[14.555,52.36],[14.619,52.528],[14.514,52.646],[14.129,52.878],[14.139,52.933],[14.369,53.106],[14.581,53.445],[14.618,53.526],[14.584,53.639]]]}},{"type":"Feature","properties":{"name":"Ohio","width":1.0},"geometry":{"type":"MultiLineString","coordinates":[[[-85.186,38.694],[-85.405,38.73],[-85.459,38.53],[-85.706,38.301],[-85.788,38.285],[-86.021,37.984],[-86.208,38.037],[-86.361,38.179],[-86.457,38.12],[-86.599,37.875],[-86.869,37.976],[-87.141,37.805],[-87.457,37.938],[-87.587,37.956],[-87.643,37.833],[-87.714,37.9],[-87.892,37.913],[-87.938,37.794],[-88.022,37.8],[-88.129,37.7],[-88.108,37.534],[-88.191,37.465],[-88.495,37.364],[-88.472,37.088],[-88.873,37.186],[-89.046,37.183],[-89.135,37.102],[-89.154,36.992]],[[-79.991,40.448],[-80.344,40.686],[-80.638,40.603],[-80.602,40.364],[-80.874,39.664],[-81.263,39.387],[-81.44,39.393],[-81.657,39.272],[-81.803,39.086],[-81.78,38.947],[-81.897,38.894],[-82.001,39.011],[-82.072,38.963],[-82.204,38.768],[-82.18,38.638],[-82.387,38.434],[-82.621,38.451],[-82.845,38.628],[-82.88,38.71],[-83.203,38.639],[-83.357,38.627],[-83.538,38.7],[-83.69,38.65],[-84.227,38.865],[-84.43,39.091],[-84.707,39.129],[-84.861,39.04],[-84.864,38.933],[-84.79,38.868],[-84.801,38.819],[-85.186,38.694]]]}},{"type":"Feature","properties":{"name":"Olenekskaya Protoka","width":1.0},"geometry":{"type":"MultiLineString","coordinates":[[[126.69,72.294],[126.475,72.353],[126.019,72.304],[125.786,72.34],[124.614,72.665],[123.607,72.793],[123.189,72.773],[122.752,72.907]]]}},{"type":"Feature","properties":{"name":"Orange","width":1.0},"geometry":{"type":"MultiLineString","coordinates":[[[25.506,-30.612],[25.212,-30.473],[24.978,-30.263]],[[24.731,-29.979],[24.358,-29.678],[23.984,-29.506],[23.628,-29.074],[23.539,-29.205],[23.376,-29.211],[23.014,-29.431],[22.981,-29.512],[22.852,-29.558],[22.863,-29.624],[22.812,-29.669],[22.638,-29.493],[22.266,-29.268],[22.122,-28.918],[22.056,-28.854],[21.908,-28.825],[21.745,-28.544],[21.586,-28.408],[21.362,-28.417],[20.97,-28.714],[20.827,-28.748],[20.602,-28.747],[20.21,-28.514],[20.057,-28.453],[19.878,-28.449],[19.54,-28.575],[19.483,-28.662],[19.313,-28.733],[19.246,-28.902],[19.162,-28.939],[18.839,-28.869],[18.103,-28.872],[17.448,-28.698],[17.348,-28.501],[17.386,-28.353],[17.359,-28.269],[17.205,-28.199],[17.149,-28.082],[17.056,-28.031],[16.875,-28.128],[16.756,-28.452],[16.448,-28.618]],[[29.057,-29.082],[29.017,-29.218],[28.809,-29.359],[28.721,-29.55],[28.773,-29.802],[28.666,-29.91],[28.686,-29.984],[28.645,-30.018],[28.454,-30.045],[28.209,-30.006],[28.025,-30.049],[27.925,-30.101],[27.835,-30.25],[27.713,-30.282],[27.657,-30.374],[27.39,-30.326],[27.283,-30.476],[27.082,-30.522],[26.988,-30.609],[26.796,-30.678],[26.684,-30.679],[26.18,-30.509],[25.972,-30.545]]]}},{"type":"Feature","properties":{"name":"Orinoco","width":1.0},"geometry":{"type":"MultiLineString","coordinates":[[[-63.436,2.374],[-63.641,2.312],[-63.849,2.156],[-63.991,2.153],[-65.022,2.456],[-65.196,2.587],[-65.246,2.818],[-65.537,3.142],[-65.942,3.162],[-66.011,3.13],[-66.036,3.052],[-66.129,3.024],[-66.413,3.091],[-66.801,3.606],[-66.946,3.706],[-67.015,3.896],[-67.116,3.948],[-67.48,3.981],[-67.732,4.087],[-67.855,4.507],[-67.825,5.27],[-67.642,5.559],[-67.575,5.833],[-67.474,5.93],[-67.439,6.026],[-67.472,6.12],[-67.119,6.557],[-67.071,7.033],[-66.959,7.151],[-66.563,7.396],[-66.461,7.542],[-66.297,7.629],[-65.912,7.714],[-65.641,7.892],[-65.221,7.857],[-64.838,7.67],[-64.51,7.824],[-64.545,7.943],[-64.481,7.999],[-64.288,8.065],[-63.993,7.974],[-63.727,8.136],[-63.558,8.145],[-63.249,8.273],[-62.791,8.334],[-62.429,8.553],[-62.152,8.642]],[[-62.152,8.642],[-61.88,8.582],[-61.619,8.597],[-61.099,8.941]],[[-62.063,9.036],[-62.039,8.828],[-62.152,8.642]],[[-61.736,9.631],[-61.924,9.152],[-62.063,9.036]],[[-62.3,9.788],[-62.414,9.562],[-62.388,9.421],[-62.063,9.036]]]}},{"type":"Feature","properties":{"name":"Paranaíba","width":1.0},"geometry":{"type":"MultiLineString","coordinates":[[[-46.314,-19.171],[-46.561,-18.852],[-46.517,-18.793],[-46.519,-18.652],[-46.586,-18.448],[-46.867,-18.284],[-47.071,-18.277],[-47.319,-18.083],[-47.447,-18.171]],[[-48.018,-18.434],[-48.227,-18.34]],[[-49.108,-18.388],[-49.179,-18.405],[-49.337,-18.585],[-49.417,-18.603],[-49.553,-18.51],[-49.678,-18.6],[-49.789,-18.615]]]}},{"type":"Feature","properties":{"name":"Paraná","width":1.0},"geometry":{"type":"MultiLineString","coordinates":[[[-59.182,-33.806],[-58.591,-34.038],[-58.429,-33.991]],[[-60.39,-33.173],[-59.854,-33.534],[-59.182,-33.806]],[[-60.39,-33.173],[-60.111,-33.249],[-59.823,-33.25],[-59.664,-33.315],[-59.328,-33.604],[-59.182,-33.806]],[[-60.391,-33.173],[-60.39,-33.173]],[[-58.605,-27.314],[-58.878,-27.512],[-58.824,-27.718],[-58.862,-27.971],[-59.035,-28.142],[-59.087,-28.288],[-59.122,-28.735],[-59.205,-29.032],[-59.44,-29.17],[-59.565,-29.335],[-59.65,-29.73],[-59.614,-30.11],[-59.654,-30.717],[-60.302,-31.554],[-60.448,-31.666],[-60.581,-31.699],[-60.702,-31.871],[-60.678,-32.136],[-60.744,-32.645],[-60.541,-33.053],[-60.39,-33.173]],[[-54.611,-25.433],[-54.632,-26.006],[-54.755,-26.533],[-54.826,-26.652],[-54.934,-26.703],[-55.136,-26.931],[-55.427,-27.009],[-55.565,-27.15],[-55.633,-27.357],[-55.715,-27.415],[-55.951,-27.326],[-56.164,-27.321],[-56.37,-27.537],[-56.437,-27.554],[-56.603,-27.468],[-56.716,-27.494],[-56.974,-27.436],[-57.112,-27.47],[-58.168,-27.273],[-58.605,-27.314]],[[-53.786,-23.333],[-53.908,-23.407],[-53.996,-23.57],[-54.125,-23.978],[-54.267,-24.066],[-54.067,-24.004],[-53.858,-23.423],[-53.786,-23.333]],[[-52.961,-22.455],[-53.116,-22.64],[-53.481,-22.852],[-53.62,-23.001],[-53.786,-23.333]],[[-51.397,-20.441],[-51.534,-20.558],[-51.692,-20.944],[-51.866,-21.183],[-51.873,-21.33],[-51.936,-21.423]],[[-50.49,-19.02],[-50.792,-19.238],[-50.864,-19.438],[-50.964,-19.511],[-50.997,-19.668]],[[-55.075,-14.319],[-55.432,-14.357],[-56.173,-14.68],[-56.316,-14.778],[-56.497,-15.037],[-56.497,-15.104],[-56.337,-15.239],[-56.205,-15.531],[-56.117,-15.609],[-56.122,-15.845],[-55.89,-16.069],[-55.963,-16.195],[-55.947,-16.309],[-56.031,-16.413],[-56.273,-16.483],[-56.382,-16.565],[-56.62,-16.872],[-56.59,-17.067],[-56.888,-17.518],[-57.08,-17.734],[-57.37,-17.876],[-57.432,-18.045],[-57.386,-18.321],[-57.407,-18.497],[-57.496,-18.573],[-57.567,-18.769],[-57.688,-18.919],[-57.588,-19.019],[-57.365,-19.07],[-57.309,-19.351],[-57.458,-19.652],[-57.649,-19.752],[-57.835,-19.97],[-58.149,-20.177],[-58.148,-20.25],[-57.988,-20.498],[-57.966,-20.687],[-57.875,-20.715],[-57.921,-20.803],[-57.822,-21.009],[-57.927,-21.464],[-57.918,-21.789],[-57.981,-22.09],[-57.97,-22.215],[-57.862,-22.356],[-57.788,-22.589],[-57.903,-22.751],[-57.792,-22.898],[-57.79,-22.98],[-57.476,-23.348],[-57.459,-23.499],[-57.293,-23.779],[-57.327,-23.875],[-57.299,-23.972],[-57.172,-24.132],[-57.073,-24.478],[-57.124,-24.724],[-57.237,-24.915],[-57.221,-24.984],[-57.499,-25.11],[-57.635,-25.245],[-57.572,-25.534],[-57.755,-25.697],[-57.891,-26.007],[-58.111,-26.18],[-58.203,-26.381],[-58.191,-26.63],[-58.323,-26.858],[-58.436,-26.922],[-58.619,-27.132],[-58.605,-27.314]]]}},{"type":"Feature","properties":{"name":"Peace","width":1.0},"geometry":{"type":"MultiLineString","coordinates":[[[-122.222,56.021],[-122.17,55.972],[-122.048,55.974],[-121.365,56.24],[-121.039,56.238],[-120.244,56.122],[-119.735,56.18],[-119.145,56.316],[-118.978,56.267],[-118.917,56.07],[-118.716,55.956],[-118.068,55.949],[-117.739,56.023],[-117.273,56.288],[-117.128,56.536],[-117.319,56.843],[-117.213,57.117],[-117.097,57.229],[-117.133,57.309],[-117.054,57.6],[-117.106,57.752],[-117.083,57.886],[-117.148,57.971],[-117.116,58.024],[-116.956,58.099],[-116.592,58.115],[-116.573,58.162],[-116.644,58.292],[-116.495,58.306],[-116.455,58.259],[-116.003,58.45],[-114.968,58.37],[-114.086,58.664],[-113.823,58.71]],[[-113.714,58.669],[-113.127,58.832],[-113.134,58.865],[-112.692,59.152],[-112.102,59.078],[-111.944,59.099],[-112.059,58.963],[-112.03,58.941],[-111.539,58.927],[-111.411,59.005]]]}},{"type":"Feature","properties":{"name":"Pechora","width":1.0},"geometry":{"type":"MultiLineString","coordinates":[[[59.287,62.058],[59.076,62.022],[58.89,62.057],[58.777,61.996],[58.438,62.073],[58.234,62.067],[57.909,61.913],[57.828,61.806],[57.229,61.699],[57.009,61.728],[56.857,61.803],[56.796,61.984],[56.641,62.1],[56.726,62.344],[56.706,62.489],[56.625,62.595],[56.213,62.753],[56.201,62.884],[55.941,63.191],[56.419,63.313],[56.47,63.416],[56.541,63.442],[56.467,63.539],[56.712,63.763],[57.47,63.912],[57.603,64.09],[57.565,64.231],[57.773,64.411],[57.879,64.74],[57.844,64.806],[57.503,64.988],[57.256,65.06],[57.265,65.108],[57.068,65.147],[57.016,65.241],[57.047,65.421],[56.967,65.568],[56.777,65.683],[56.744,65.789],[56.837,65.971],[56.491,66.257],[56.283,66.325],[55.998,66.326],[55.412,66.2],[55.264,66.142],[55.093,65.91],[54.836,65.752],[54.588,65.686],[54.315,65.516],[54.103,65.458],[52.959,65.332],[52.153,65.466],[52.239,65.759],[52.567,66.02],[52.451,66.354],[52.504,66.474],[52.484,66.599],[52.373,66.71],[52.381,67.115],[52.287,67.145],[52.132,67.318],[52.234,67.43],[52.126,67.507],[52.128,67.557],[52.627,67.699]],[[52.627,67.699],[53.107,67.864]],[[52.627,67.699],[53.025,67.684],[53.184,67.734],[53.291,67.824],[54.067,68.081],[54.233,68.266]],[[53.107,67.864],[53.215,67.933],[53.085,67.965],[53.027,68.011],[53.043,68.069],[53.227,68.196],[53.262,68.27]],[[53.914,68.231],[53.749,68.175],[53.495,67.987],[53.107,67.864]]]}},{"type":"Feature","properties":{"name":"Quan","width":1.0},"geometry":{"type":"MultiLineString","coordinates":[[[109.529,23.796],[109.543,23.729],[109.651,23.665],[109.717,23.502],[110.089,23.405]]]}},{"type":"Feature","properties":{"name":"Rhein","width":1.0},"geometry":{"type":"MultiLineString","coordinates":[[[8.751,46.676],[9.416,46.835]],[[9.409,46.835],[9.534,46.963],[9.484,47.173],[9.626,47.467],[9.554,47.511]],[[9.128,47.671],[9.183,47.671]]]}},{"type":"Feature","properties":{"name":"Rhin","width":1.0},"geometry":{"type":"MultiLineString","coordinates":[[[8.881,47.656],[8.7,47.686],[8.482,47.576],[8.198,47.607],[7.927,47.564],[7.565,47.607],[7.529,47.674],[7.608,48.003],[7.584,48.064],[7.838,48.636],[8.23,48.965]]]}},{"type":"Feature","properties":{"name":"Rhine","width":1.0},"geometry":{"type":"MultiLineString","coordinates":[[[8.23,48.965],[8.498,49.397],[8.381,49.611],[8.437,49.767],[8.357,49.911],[8.243,50.023],[7.962,49.991],[7.803,50.042],[7.607,50.222],[7.608,50.367],[7.257,50.559],[7.025,50.805],[6.938,51.04],[6.758,51.187],[6.69,51.303],[6.687,51.524],[6.593,51.592],[6.596,51.637],[6.08,51.869],[5.622,51.888],[5.25,51.813],[4.985,51.824]]]}},{"type":"Feature","properties":{"name":"Rio Grande","width":1.0},"geometry":{"type":"MultiLineString","coordinates":[[[-99.172,26.564],[-99.108,26.447],[-99.015,26.399],[-98.765,26.34],[-98.275,26.111],[-97.801,26.042],[-97.376,25.872],[-97.282,25.942],[-97.146,25.961]],[[-101.039,29.46],[-100.659,29.069],[-100.332,28.503],[-100.296,28.328],[-100.112,28.173],[-99.754,27.73],[-99.505,27.548],[-99.457,27.057]],[[-106.566,31.82],[-106.436,31.764],[-106.148,31.451],[-104.918,30.583],[-104.681,30.134],[-104.622,29.854],[-104.401,29.574],[-103.99,29.323],[-103.258,29.001],[-103.09,29.042],[-102.892,29.216],[-102.734,29.644],[-102.615,29.752],[-102.476,29.769],[-102.343,29.865],[-101.991,29.796],[-101.546,29.808],[-101.38,29.743],[-101.304,29.634]],[[-107.293,32.91],[-107.24,32.743],[-106.975,32.584],[-106.889,32.479],[-106.566,31.82]],[[-107.181,33.173],[-107.28,33.116]],[[-107.427,37.776],[-107.067,37.744],[-106.924,37.809],[-106.814,37.792],[-106.688,37.716],[-106.196,37.647],[-105.879,37.525],[-105.735,37.335],[-105.752,37.119],[-105.703,36.823],[-105.761,36.339],[-106.073,36.048],[-106.692,35.089],[-106.716,34.781],[-106.878,34.269],[-106.874,33.928],[-106.928,33.749],[-107.123,33.494],[-107.17,33.356]]]}},{"type":"Feature","properties":{"name":"Rosetta Branch","width":1.0},"geometry":{"type":"MultiLineString","coordinates":[[[31.238,30.121],[31.053,30.192],[30.855,30.354],[30.747,31.011],[30.569,31.17],[30.395,31.458]]]}},{"type":"Feature","properties":{"name":"Salween","width":1.0},"geometry":{"type":"MultiLineString","coordinates":[[[98.508,20.951],[98.502,20.828],[98.679,20.272],[98.552,20.149],[98.141,19.99],[97.943,19.961],[97.771,19.85],[97.531,19.331],[97.457,18.852],[97.353,18.843],[97.332,18.778],[97.381,18.494],[97.524,18.296],[97.632,18.29],[97.74,17.935],[97.699,17.834],[97.749,17.444],[97.659,17.251],[97.609,16.947],[97.622,16.652],[97.668,16.552]]]}},{"type":"Feature","properties":{"name":"Saskatchewan","width":1.0},"geometry":{"type":"MultiLineString","coordinates":[[[-99.33,53.159],[-99.23,53.185]],[[-105.065,53.24],[-104.819,53.157],[-104.027,53.344],[-103.894,53.482]],[[-103.421,53.653],[-103.045,53.809],[-103.05,53.922],[-102.9,54.059],[-102.434,53.982]],[[-102.381,53.966],[-102.188,53.904],[-101.872,53.885],[-101.62,53.942],[-101.516,54.021],[-101.265,53.862],[-101.043,53.859],[-101.056,53.817],[-100.953,53.69],[-100.366,53.654],[-100.323,53.591]]]}},{"type":"Feature","properties":{"name":"Seine","width":1.0},"geometry":{"type":"MultiLineString","coordinates":[[[4.708,47.578],[4.584,47.74],[4.565,47.891],[4.408,48.082],[4.214,48.19],[3.858,48.517],[3.763,48.551],[3.038,48.393],[2.819,48.409],[2.499,48.582],[2.405,48.699],[2.404,48.811],[2.25,48.908],[1.976,48.996],[1.718,48.992],[1.668,49.047],[1.497,49.084],[1.354,49.211],[1.244,49.221],[1.189,49.307],[1.092,49.312],[0.785,49.471],[0.439,49.473]]]}},{"type":"Feature","properties":{"name":"Selenge (Selenga)","width":1.0},"geometry":{"type":"MultiLineString","coordinates":[[[100.7,49.263],[101.37,49.455],[102.148,49.356],[103.444,49.361],[103.765,49.446],[104.342,49.513],[104.477,49.596],[105.6,49.958],[106.155,50.254],[106.083,50.375],[106.271,50.559],[106.3,50.929],[106.679,51.091],[106.992,51.317],[107.063,51.424],[107.269,51.514],[107.391,51.609],[107.554,51.853],[107.462,52.125],[107.162,52.132],[106.753,52.055],[106.615,52.145]],[[106.615,52.145],[106.583,52.214],[106.614,52.266],[106.752,52.316]],[[106.615,52.145],[106.499,52.234],[106.497,52.383]]]}},{"type":"Feature","properties":{"name":"Shatt al Arab","width":1.0},"geometry":{"type":"MultiLineString","coordinates":[[[47.468,30.968],[47.702,30.754],[47.845,30.512],[48.066,30.458],[48.331,30.285],[48.435,30.038],[48.547,29.962]]]}},{"type":"Feature","properties":{"name":"Shiquan","width":1.0},"geometry":{"type":"MultiLineString","coordinates":[[[81.64,31.45],[81.5,31.4],[81.225,31.602],[81.191,31.667],[81.213,31.828],[81.366,32.002],[81.282,32.08],[81.188,32.325],[81.029,32.42],[80.535,32.553],[80.08,32.525],[79.735,32.444]]]}},{"type":"Feature","properties":{"name":"Shire","width":1.0},"geometry":{"type":"MultiLineString","coordinates":[[[35.278,-14.758],[35.293,-14.921],[35.251,-15.057],[35.107,-15.303],[34.874,-15.445],[34.743,-15.685],[34.795,-15.991],[34.889,-16.13],[34.934,-16.323],[35.23,-16.639],[35.281,-16.808],[35.291,-17.705]],[[35.257,-14.504],[35.236,-14.401]]]}},{"type":"Feature","properties":{"name":"Shishhid Gol","width":1.0},"geometry":{"type":"MultiLineString","coordinates":[[[98.809,50.627],[99.063,50.552],[99.207,50.751],[99.403,50.898],[99.491,51.149],[99.444,51.2],[99.466,51.329],[99.424,51.349]],[[99.31,51.41],[99.004,51.473],[98.262,51.442],[98.0,51.514]]]}},{"type":"Feature","properties":{"name":"Slave","width":1.0},"geometry":{"type":"MultiLineString","coordinates":[[[-111.411,59.005],[-111.384,59.153],[-111.474,59.234],[-111.394,59.346],[-111.442,59.411],[-111.425,59.582],[-111.45,59.683],[-111.631,59.922],[-111.799,60.005],[-112.07,60.029],[-112.206,60.097],[-112.33,60.232],[-112.56,60.346],[-112.456,60.381],[-112.511,60.52],[-112.838,60.643],[-112.978,60.801],[-113.186,60.784],[-113.247,60.911],[-113.134,61.054],[-113.181,61.087],[-113.16,61.158],[-113.215,61.24],[-113.704,61.246]]]}},{"type":"Feature","properties":{"name":"Snake","width":1.0},"geometry":{"type":"MultiLineString","coordinates":[[[-113.474,42.675],[-113.785,42.538],[-114.284,42.554],[-114.813,42.707],[-114.908,42.871],[-115.176,42.985],[-115.386,42.953],[-115.974,42.978],[-116.257,43.129],[-116.439,43.304],[-116.606,43.364],[-116.785,43.562],[-117.064,43.734],[-116.912,44.199],[-117.14,44.29],[-117.197,44.344],[-117.202,44.436],[-116.856,44.906],[-116.477,45.641],[-116.521,45.722],[-116.869,45.958],[-117.029,46.433],[-117.214,46.468],[-117.393,46.664],[-117.615,46.715],[-118.035,46.586],[-118.386,46.59],[-118.546,46.527],[-118.827,46.291],[-119.036,46.206]],[[-112.864,42.812],[-113.022,42.686],[-113.316,42.654]],[[-111.188,43.339],[-111.348,43.448],[-111.425,43.561],[-111.586,43.635],[-111.894,43.73],[-112.043,43.708],[-112.033,43.568],[-112.159,43.343],[-112.639,43.024]],[[-110.631,43.837],[-110.837,43.478],[-110.738,43.378],[-110.754,43.274],[-110.983,43.19],[-111.048,43.207]]]}},{"type":"Feature","properties":{"name":"St. Clair","width":1.0},"geometry":{"type":"MultiLineString","coordinates":[[[-82.417,43.017],[-82.488,42.74],[-82.545,42.625],[-82.645,42.558]]]}},{"type":"Feature","properties":{"name":"St. Lawrence","width":1.0},"geometry":{"type":"MultiLineString","coordinates":[[[-74.709,45.004],[-74.857,45.004],[-75.179,44.899],[-75.792,44.497]]]}},{"type":"Feature","properties":{"name":"Sukhona","width":1.0},"geometry":{"type":"MultiLineString","coordinates":[[[39.798,59.525],[40.215,59.447],[40.26,59.323],[40.35,59.302],[40.917,59.418],[41.155,59.391],[41.558,59.43],[41.9,59.512],[42.044,59.628],[42.462,59.7],[42.853,59.982],[43.731,60.19],[44.492,60.474],[46.34,60.749]],[[39.053,59.868],[38.928,59.939],[38.656,59.93]]]}},{"type":"Feature","properties":{"name":"Severnaya Dvina","width":1.0},"geometry":{"type":"MultiLineString","coordinates":[[[46.34,60.749],[46.547,60.982],[46.617,61.186],[46.591,61.287],[46.255,61.472],[45.291,61.84],[45.063,62.13],[44.826,62.29],[43.907,62.442],[42.657,62.934],[42.605,63.002],[42.212,63.073],[42.077,63.141],[42.016,63.329],[41.872,63.483],[41.885,63.553],[41.448,63.732],[41.633,63.88],[41.752,64.052],[41.742,64.102],[41.857,64.157],[41.856,64.244],[40.949,64.416],[40.53,64.555],[40.408,64.755]]]}},{"type":"Feature","properties":{"name":"São  Francisco","width":1.0},"geometry":{"type":"MultiLineString","coordinates":[[[-45.262,-18.204],[-45.086,-17.797],[-45.028,-17.77],[-45.007,-17.514],[-44.823,-17.13],[-45.089,-16.483],[-45.038,-16.316],[-45.049,-15.991],[-44.922,-15.959],[-44.271,-15.458],[-43.971,-14.926],[-43.532,-13.613],[-43.479,-13.556],[-43.443,-13.008],[-43.238,-12.698],[-43.235,-12.222],[-43.348,-11.931],[-43.37,-11.691],[-43.15,-11.143]],[[-40.818,-9.438],[-40.671,-9.474],[-40.413,-9.397],[-40.32,-9.293],[-40.273,-9.145],[-39.949,-9.022],[-39.885,-8.853],[-39.738,-8.791],[-39.601,-8.62],[-39.327,-8.566],[-39.257,-8.64],[-38.668,-8.896],[-38.505,-8.835],[-38.482,-8.96],[-38.294,-9.043],[-38.221,-9.348],[-37.938,-9.538],[-37.019,-9.957],[-36.88,-10.154],[-36.647,-10.255],[-36.58,-10.371],[-36.412,-10.49]]]}},{"type":"Feature","properties":{"name":"Sénégal","width":1.0},"geometry":{"type":"MultiLineString","coordinates":[[[-10.892,13.778],[-11.011,13.856],[-11.129,14.045],[-11.246,14.105],[-11.253,14.267],[-11.371,14.418],[-12.409,14.889],[-12.46,14.975],[-12.859,15.243],[-12.931,15.453],[-13.206,15.617],[-13.41,16.059],[-13.507,16.135],[-13.868,16.148],[-13.975,16.311],[-14.3,16.58],[-14.534,16.656],[-14.96,16.679],[-15.091,16.657],[-15.121,16.604],[-15.768,16.485],[-16.239,16.531],[-16.441,16.205],[-16.535,15.838]]]}},{"type":"Feature","properties":{"name":"Teslin","width":1.0},"geometry":{"type":"MultiLineString","coordinates":[[[-131.208,59.087],[-131.513,59.084],[-131.861,59.178],[-131.997,59.364],[-132.095,59.607]],[[-133.245,60.449],[-134.288,61.089],[-134.647,61.352],[-134.737,61.517],[-134.913,61.57]]]}},{"type":"Feature","properties":{"name":"Tigris","width":1.0},"geometry":{"type":"MultiLineString","coordinates":[[[42.377,37.062],[42.559,36.832],[42.895,36.691],[42.771,36.54],[43.169,36.334],[43.258,36.205],[43.346,35.946],[43.312,35.718],[43.261,35.657],[43.262,35.47],[43.568,35.006],[43.538,34.957],[43.785,34.453],[43.854,34.194],[43.96,34.098],[44.403,33.974],[44.417,33.739],[44.31,33.531],[44.397,33.293],[44.675,33.024],[45.027,32.891],[45.08,32.803],[45.225,32.778],[45.384,32.604],[45.809,32.502],[46.137,32.632],[46.692,32.443],[46.735,32.321],[46.713,32.149],[46.827,32.079],[46.94,31.917],[47.139,31.826],[47.221,31.627],[47.363,31.459],[47.434,31.286],[47.441,30.999]]]}},{"type":"Feature","properties":{"name":"Tocantins","width":1.0},"geometry":{"type":"MultiLineString","coordinates":[[[-49.179,-15.926],[-49.258,-15.768],[-49.35,-15.725],[-49.55,-15.479],[-49.592,-15.348],[-49.564,-15.242],[-49.252,-14.845],[-49.009,-14.629],[-49.014,-14.33],[-48.973,-14.243],[-48.796,-14.125],[-48.546,-14.129],[-48.384,-13.996],[-48.325,-13.828],[-48.216,-13.82],[-48.116,-13.691],[-48.1,-13.591],[-48.185,-13.467],[-48.198,-13.329],[-48.181,-12.897],[-48.284,-12.619],[-48.238,-12.512],[-48.256,-12.37],[-48.42,-12.23],[-48.524,-12.029],[-48.648,-11.536],[-48.516,-11.384],[-48.489,-11.257],[-48.541,-11.11],[-48.417,-10.732],[-48.454,-10.43],[-48.345,-10.001],[-48.379,-9.402],[-48.127,-8.722],[-48.106,-8.467],[-48.162,-8.142],[-48.011,-8.072],[-47.941,-7.877],[-47.647,-7.627],[-47.63,-7.532],[-47.495,-7.356],[-47.546,-7.288],[-47.669,-7.28],[-47.716,-7.185],[-47.537,-7.027],[-47.406,-6.421],[-47.397,-6.072],[-47.52,-5.506],[-47.763,-5.407],[-47.953,-5.256],[-48.378,-5.17],[-48.723,-5.355]],[[-49.687,-3.835],[-49.649,-3.361],[-49.717,-2.736],[-49.635,-2.652]]]}},{"type":"Feature","properties":{"name":"Tongtian","width":1.0},"geometry":{"type":"MultiLineString","coordinates":[[[92.993,34.1],[93.095,34.195],[93.707,34.239],[94.01,34.501],[94.485,34.719],[94.661,34.741],[94.865,34.694],[95.518,34.355],[95.596,34.229],[96.023,33.824],[96.231,33.735],[96.418,33.715],[96.702,33.516],[96.757,33.373],[97.011,33.31],[97.085,33.144],[97.337,32.906],[97.413,32.749],[98.209,32.33],[98.395,32.051],[98.454,31.782],[98.542,31.69]]]}},{"type":"Feature","properties":{"name":"Tuotuo","width":1.0},"geometry":{"type":"MultiLineString","coordinates":[[[90.795,34.3],[91.647,34.281],[92.037,34.165],[92.309,34.24],[92.493,34.22],[92.79,34.091],[92.993,34.1]]]}},{"type":"Feature","properties":{"name":"Ubangi","width":1.0},"geometry":{"type":"MultiLineString","coordinates":[[[18.597,3.679],[18.622,3.304],[18.072,2.013],[18.058,1.535],[17.902,1.118],[17.925,0.537],[17.888,0.234],[17.724,-0.278],[17.753,-0.549]]]}},{"type":"Feature","properties":{"name":"Ucayali","width":1.0},"geometry":{"type":"MultiLineString","coordinates":[[[-71.669,-15.336],[-71.658,-15.217],[-71.604,-15.164],[-71.596,-14.936],[-71.457,-14.693],[-71.549,-14.207],[-71.672,-14.13],[-71.799,-13.892],[-71.914,-13.81],[-72.232,-13.738],[-72.786,-13.446],[-73.221,-13.422],[-73.562,-13.061],[-73.64,-12.76],[-74.031,-12.168],[-74.055,-12.007],[-73.989,-11.909],[-74.031,-11.718],[-74.257,-11.188],[-74.101,-11.155],[-73.763,-11.28],[-73.719,-11.272],[-73.719,-11.195],[-73.763,-11.048],[-73.753,-10.787],[-73.804,-10.684],[-74.003,-10.509],[-74.03,-10.403],[-74.013,-10.233],[-74.051,-10.173],[-74.004,-10.074],[-74.071,-9.961],[-73.963,-9.859],[-74.098,-9.829],[-74.151,-9.767],[-74.212,-9.501],[-74.379,-9.367],[-74.392,-9.192],[-74.539,-8.849],[-74.508,-8.732],[-74.405,-8.62],[-74.286,-8.583],[-74.269,-8.479],[-74.496,-8.446],[-74.532,-8.26],[-74.639,-8.131],[-74.634,-8.03],[-74.743,-7.962],[-74.737,-7.917],[-74.816,-7.883],[-74.899,-7.922],[-74.95,-7.879],[-75.013,-7.676],[-74.983,-7.438],[-75.123,-7.279],[-75.255,-7.237],[-75.28,-7.159],[-75.151,-7.05],[-75.166,-6.96],[-75.091,-6.827],[-75.106,-6.587],[-75.178,-6.454],[-75.18,-6.157],[-74.8,-5.98],[-74.697,-5.975],[-74.555,-5.758],[-74.307,-5.739],[-74.177,-5.579],[-74.049,-5.032],[-73.9,-5.058],[-73.714,-4.887],[-73.702,-4.771],[-73.563,-4.696],[-73.489,-4.445]]]}},{"type":"Feature","properties":{"name":"Uele","width":1.0},"geometry":{"type":"MultiLineString","coordinates":[[[28.586,3.596],[28.43,3.647],[28.29,3.622],[28.08,3.74],[27.56,3.643],[27.228,3.851],[27.185,3.84],[27.18,3.698],[27.089,3.544],[26.879,3.515],[26.785,3.864],[26.656,4.012],[26.235,3.68],[25.916,3.705],[25.762,3.543],[25.619,3.576],[25.313,3.531],[25.031,3.402],[24.949,3.462],[24.461,3.533],[24.081,3.709],[23.733,3.745],[23.545,3.845],[23.415,3.824],[23.049,3.885],[22.85,3.851],[22.668,3.909],[22.422,4.135],[21.687,4.281],[21.538,4.245],[21.126,4.332],[20.956,4.413],[20.558,4.463],[20.226,4.83],[19.807,5.089],[19.501,5.127],[19.323,5.071],[19.069,4.891],[18.832,4.523],[18.7,4.383],[18.594,4.346],[18.567,4.258],[18.634,3.954],[18.597,3.679]]]}},{"type":"Feature","properties":{"name":"Ural","width":1.0},"geometry":{"type":"MultiLineString","coordinates":[[[58.631,51.695],[58.628,51.619],[58.751,51.425],[58.713,51.287],[58.181,51.072],[57.801,51.096],[57.248,51.275],[56.224,51.472],[55.709,51.696],[55.119,51.766],[53.406,51.551],[53.038,51.464],[52.728,51.498],[52.512,51.391],[52.225,51.421],[52.012,51.391],[51.395,51.148],[51.183,50.826],[51.11,50.312],[51.329,50.122],[51.347,49.913],[51.948,49.206],[51.85,49.001],[51.876,48.815],[51.804,48.623],[51.606,48.469],[51.633,48.386],[51.569,48.167],[51.64,48.016],[51.623,47.716],[51.674,47.579],[51.879,47.397],[51.872,47.31],[51.934,47.204],[51.724,46.944]],[[59.426,54.52],[59.194,54.325],[59.095,54.093],[59.19,53.863],[59.169,53.746],[59.254,53.64],[59.021,53.464],[59.13,53.217],[58.974,53.071],[58.905,52.936],[58.904,52.811],[58.99,52.569],[59.083,52.513],[59.08,52.47],[58.834,52.196]]]}},{"type":"Feature","properties":{"name":"Vaal","width":1.0},"geometry":{"type":"MultiLineString","coordinates":[[[25.622,-27.668],[25.366,-27.758],[24.99,-28.07],[24.774,-28.149],[24.676,-28.496],[24.582,-28.581],[24.424,-28.556],[24.297,-28.432],[24.216,-28.473],[24.04,-28.723],[23.992,-28.882],[23.883,-28.989],[23.628,-29.073]],[[28.124,-26.867],[28.0,-26.717],[27.909,-26.694],[27.81,-26.75],[27.557,-26.772],[27.506,-26.84],[27.212,-26.936],[26.943,-26.89],[26.507,-27.115],[26.45,-27.177],[26.466,-27.362],[26.228,-27.46],[26.091,-27.603]],[[30.135,-26.383],[30.21,-26.479],[30.188,-26.56],[30.049,-26.709],[29.839,-26.811],[29.473,-26.867],[29.461,-26.909],[29.269,-26.933],[29.104,-27.042],[28.665,-26.976],[28.531,-27.043],[28.496,-26.99]]]}},{"type":"Feature","properties":{"name":"Verkhniy Yenisey","width":1.0},"geometry":{"type":"MultiLineString","coordinates":[[[94.465,51.734],[94.07,51.604],[93.646,51.566],[92.769,51.581],[92.152,51.796],[92.035,51.905],[92.068,52.012],[92.444,52.303],[92.307,52.565],[91.769,52.616],[91.748,52.662],[91.367,52.714],[91.501,53.012],[91.468,53.136],[91.788,53.23],[91.955,53.398],[91.634,53.57],[91.559,53.66],[91.578,53.709],[91.511,53.735]],[[92.998,58.1],[92.989,58.049],[93.113,58.024],[93.22,57.897],[93.305,57.637],[93.262,57.419],[93.293,57.332],[93.453,57.183],[93.383,56.993],[93.457,56.861],[93.657,56.726],[93.741,56.596],[93.735,56.48],[93.55,56.317],[93.162,56.131],[93.148,56.085],[92.3,55.923],[92.266,55.865],[92.301,55.813],[92.406,55.768],[92.493,55.658],[92.408,55.503]]]}},{"type":"Feature","properties":{"name":"Victoria Nile","width":1.0},"geometry":{"type":"MultiLineString","coordinates":[[[32.893,1.311],[33.085,0.589],[33.187,0.428]],[[32.475,1.552],[32.545,1.522]],[[31.366,2.193],[31.751,2.324],[31.948,2.333],[32.247,2.245],[32.333,2.1],[32.344,1.914],[32.104,1.699],[32.138,1.652],[32.241,1.666]]]}},{"type":"Feature","properties":{"name":"Volga","width":1.0},"geometry":{"type":"MultiLineString","coordinates":[[[47.842,46.735],[48.114,46.683],[48.22,46.605],[48.314,46.401],[48.684,46.086]],[[45.664,50.222],[45.414,50.056],[45.36,49.832],[45.107,49.513],[44.976,49.195],[44.528,48.598],[44.865,48.466],[45.337,48.42],[45.559,48.451],[45.865,48.353],[46.078,48.218],[46.155,48.11],[46.147,47.994],[46.193,47.918],[46.498,47.756],[46.875,47.444],[47.009,47.403],[47.082,47.316],[47.086,47.214],[47.463,47.029],[47.585,46.942],[47.612,46.855],[47.69,46.855],[47.8,46.773],[48.002,46.506],[47.998,46.37],[47.561,45.79],[47.65,45.657]],[[49.905,53.457],[50.042,53.455],[50.108,53.405],[50.129,53.236],[50.048,53.193],[49.856,53.213],[49.428,53.152],[49.119,53.23],[48.524,53.105],[48.491,53.057],[48.561,52.919],[48.505,52.816],[48.334,52.688],[47.901,52.125],[47.273,51.981],[46.775,51.748]],[[43.432,56.675],[43.657,56.496],[44.167,56.274],[44.258,56.18],[44.566,56.086],[45.281,56.137],[45.443,56.104],[45.806,56.201],[46.025,56.172],[46.492,56.336],[46.68,56.309],[46.857,56.205],[47.166,56.151],[47.829,56.145],[48.067,55.925],[48.809,55.784],[49.003,55.693],[49.059,55.483]],[[37.148,56.752],[37.477,56.935],[37.558,57.106],[37.761,57.291]],[[32.598,57.25],[32.729,56.945],[33.057,56.933],[33.528,56.829],[33.956,56.565],[33.98,56.509],[33.857,56.423],[34.668,56.209],[34.903,56.337],[34.937,56.546],[35.223,56.613],[35.334,56.703],[35.672,56.835],[36.066,56.846],[36.344,56.758],[36.375,56.706]],[[41.344,57.493],[41.715,57.448],[42.173,57.485],[42.576,57.415]],[[40.007,57.567],[39.853,57.669],[39.79,57.77],[39.517,57.909],[38.704,58.113]],[[38.301,57.572],[38.48,57.872],[38.437,58.018]]]}},{"type":"Feature","properties":{"name":"Waal","width":1.0},"geometry":{"type":"MultiLineString","coordinates":[[[4.985,51.824],[4.581,51.719],[3.979,51.848]]]}},{"type":"Feature","properties":{"name":"Weir","width":1.0},"geometry":{"type":"MultiLineString","coordinates":[[[151.863,-28.739],[151.673,-28.824],[151.528,-29.035],[151.393,-29.139],[151.231,-28.898],[151.118,-28.851],[150.982,-28.71],[150.712,-28.639],[150.47,-28.65]]]}},{"type":"Feature","properties":{"name":"Xi","width":1.0},"geometry":{"type":"MultiLineString","coordinates":[[[113.035,22.795],[113.264,22.363],[113.416,22.178]],[[113.035,22.795],[113.552,22.587]],[[112.98,23.041],[113.445,23.055]],[[112.805,23.148],[112.891,22.918],[113.035,22.795]],[[112.805,23.148],[112.912,23.113],[113.09,22.907],[113.338,22.889]],[[111.301,23.481],[111.433,23.449],[111.542,23.249],[111.707,23.161],[112.137,23.09],[112.271,23.142],[112.427,23.076],[112.643,23.165],[112.805,23.148]]]}},{"type":"Feature","properties":{"name":"Xun","width":1.0},"geometry":{"type":"MultiLineString","coordinates":[[[110.089,23.408],[110.201,23.545],[110.334,23.555],[110.622,23.45],[110.814,23.447],[110.868,23.397],[111.301,23.481]]]}},{"type":"Feature","properties":{"name":"Yangtze","width":1.0},"geometry":{"type":"MultiLineString","coordinates":[[[113.128,29.463],[113.696,29.949],[113.86,29.972],[113.995,30.05],[114.011,30.124],[113.885,30.246],[114.032,30.253],[114.396,30.664],[114.841,30.565],[114.833,30.482],[114.885,30.423],[115.058,30.336],[115.102,30.229],[115.504,29.879],[115.751,29.828],[115.843,29.764],[116.212,29.785]],[[116.198,29.751],[116.212,29.785]],[[116.212,29.785],[116.451,29.868],[116.776,30.097],[116.896,30.272],[116.9,30.399],[117.212,30.552],[117.247,30.674],[117.605,30.776],[117.725,30.886],[117.844,31.124],[117.916,31.104],[117.999,31.202],[118.312,31.341],[118.395,31.653],[118.692,32.074],[118.961,32.203],[119.643,32.235],[119.771,32.207],[120.074,31.96]]]}},{"type":"Feature","properties":{"name":"Yarlung","width":1.0},"geometry":{"type":"MultiLineString","coordinates":[[[87.66,29.152],[87.747,29.288],[87.917,29.38],[88.43,29.336],[90.082,29.36],[90.392,29.274],[90.746,29.34],[90.786,29.308],[90.897,29.337],[92.076,29.281],[92.465,29.231],[92.695,29.101],[92.895,29.069],[93.117,29.107],[93.25,29.013],[93.427,29.14],[93.932,29.171],[94.356,29.31]]]}},{"type":"Feature","properties":{"name":"Yenisey","width":1.0},"geometry":{"type":"MultiLineString","coordinates":[[[83.11,70.11],[83.464,69.976],[83.551,69.891],[83.791,69.79],[84.183,69.67],[84.487,69.647],[85.098,69.788],[85.413,69.721],[85.85,69.567],[85.953,69.49],[86.051,69.119],[85.955,68.933],[85.992,68.841],[86.287,68.666],[86.345,68.456],[86.524,68.302],[86.536,68.214],[86.437,68.114],[86.48,67.928],[86.286,67.66],[86.288,67.573],[86.353,67.488],[86.568,67.42],[86.618,67.359],[86.598,67.255],[86.698,67.093],[86.73,66.845],[86.63,66.747],[86.286,66.585],[86.741,66.601],[87.032,66.557],[87.458,66.387],[87.514,66.32],[87.275,66.19],[87.914,66.062],[87.93,66.004],[87.765,65.91],[87.772,65.854],[88.029,65.694],[87.822,64.878],[87.54,64.516],[87.577,64.373],[87.558,64.039],[87.602,63.975],[87.347,63.678],[87.377,63.607],[87.277,63.357],[88.024,63.093],[88.434,62.854],[88.595,62.635],[89.014,62.388],[89.083,62.179],[89.325,61.894],[89.706,61.751],[89.843,61.586],[90.15,61.573],[90.174,61.537],[90.124,61.494],[89.806,61.405],[89.685,61.337],[89.637,61.244],[89.751,60.935],[89.947,60.751],[90.056,60.459],[90.166,60.381],[90.172,60.307],[90.495,60.115],[90.698,59.927],[90.858,59.707],[90.882,59.597],[91.345,59.217],[91.678,59.051],[91.718,58.919],[92.045,58.835],[91.982,58.727],[92.048,58.707],[92.139,58.498],[92.275,58.451],[92.539,58.199],[92.998,58.1]]]}},{"type":"Feature","properties":{"name":"Yukon","width":1.0},"geometry":{"type":"MultiLineString","coordinates":[[[-134.916,61.568],[-134.87,61.628],[-134.964,61.816],[-134.961,61.912],[-135.419,62.024],[-135.928,62.046],[-136.307,62.121],[-136.378,62.197],[-136.354,62.275],[-136.583,62.428],[-137.356,62.781],[-137.733,62.82],[-138.398,62.801],[-139.418,63.011],[-139.532,63.071],[-139.564,63.161],[-139.472,63.288],[-139.506,63.353],[-139.646,63.427],[-139.76,63.609],[-139.721,63.932],[-139.482,64.057],[-139.587,64.227],[-140.453,64.405],[-140.479,64.526],[-140.589,64.528],[-140.746,64.627],[-141.065,64.726],[-141.164,64.802],[-141.129,64.888],[-141.187,64.943],[-141.373,64.966],[-141.404,65.086],[-141.768,65.183],[-142.002,65.3],[-142.576,65.392],[-143.227,65.359],[-143.589,65.427],[-143.698,65.518],[-144.085,65.655],[-144.017,65.876],[-144.048,65.914],[-144.874,66.386],[-145.219,66.537],[-145.828,66.611]],[[-163.259,62.016],[-163.242,61.886],[-163.388,61.829],[-163.774,61.777],[-163.86,61.851],[-163.959,61.839],[-164.026,61.891],[-164.264,61.789],[-164.831,61.739],[-164.869,61.665],[-164.743,61.591],[-165.188,61.392],[-165.201,61.286],[-165.244,61.269]],[[-163.259,62.016],[-163.904,62.134],[-163.948,62.248],[-163.861,62.448],[-163.93,62.532],[-164.222,62.71],[-164.482,62.745],[-164.589,62.709]],[[-145.828,66.611],[-147.015,66.445],[-147.596,66.321],[-147.585,66.284],[-148.364,66.225],[-148.764,66.067],[-148.971,66.077],[-149.284,65.905],[-149.92,65.89],[-150.058,65.83],[-149.827,65.755],[-149.858,65.679],[-149.93,65.65],[-150.041,65.669],[-150.324,65.52],[-150.549,65.505],[-151.401,65.26],[-152.048,65.165],[-152.349,65.124],[-153.007,65.191],[-153.215,65.124],[-153.74,65.084],[-154.402,64.927],[-155.134,64.867],[-155.575,64.756],[-156.733,64.664],[-157.036,64.795],[-157.913,64.858],[-158.286,64.643],[-158.679,64.343],[-158.674,64.138],[-158.734,64.058],[-159.203,63.848],[-159.458,63.575],[-159.448,63.437],[-159.502,63.372],[-159.642,63.301],[-159.826,63.035],[-160.019,62.916],[-160.17,62.66],[-160.17,62.586],[-159.975,62.371],[-159.956,62.28],[-159.744,62.214],[-159.782,62.114],[-159.952,62.071],[-160.093,61.973],[-161.067,61.907],[-161.339,61.805],[-161.401,61.673],[-161.92,61.576],[-162.135,61.863],[-162.249,61.923],[-162.367,61.924],[-162.527,62.006],[-162.691,61.923],[-163.043,61.908],[-163.259,62.016]],[[-145.828,66.611],[-145.833,66.611]],[[-145.825,66.611],[-145.828,66.611]]]}},{"type":"Feature","properties":{"name":"Za","width":1.0},"geometry":{"type":"MultiLineString","coordinates":[[[94.084,33.156],[94.61,33.205],[94.916,33.14],[95.026,33.083],[95.106,32.966],[95.581,32.815],[95.882,32.587],[96.183,32.562],[96.381,32.433],[96.585,32.155],[96.941,31.966]]]}},{"type":"Feature","properties":{"name":"Zambezi","width":1.0},"geometry":{"type":"MultiLineString","coordinates":[[[36.039,-18.337],[36.14,-18.536],[36.125,-18.842]],[[36.039,-18.337],[36.498,-18.576]],[[28.761,-16.532],[28.833,-16.424],[28.876,-16.036],[29.288,-15.777],[29.73,-15.645],[30.796,-15.642]],[[32.707,-15.58],[32.925,-15.586],[33.028,-15.634],[33.984,-16.599],[34.795,-16.923],[35.187,-17.636],[35.48,-17.92],[35.846,-18.146],[36.039,-18.337]],[[24.266,-11.379],[24.327,-11.311],[24.308,-11.141],[24.226,-11.101],[24.022,-11.126],[22.915,-11.823],[22.76,-11.952],[22.553,-12.346],[22.544,-12.522],[22.687,-13.038],[23.023,-13.355],[23.221,-13.747],[23.218,-14.324],[23.034,-14.784],[22.969,-15.077],[22.982,-15.278],[23.125,-15.482],[23.099,-15.666],[23.246,-16.013],[23.292,-16.264],[23.492,-16.549],[24.077,-17.14],[24.238,-17.478],[24.932,-17.543],[25.259,-17.794],[25.452,-17.845],[25.64,-17.824],[25.863,-17.952],[26.333,-17.929],[26.578,-18.023],[26.78,-18.042],[27.021,-17.958]]]}}]}