{"type":"FeatureCollection","note":"Natural Earth public domain. Theatre clip of major highways / railroads. Gauge inferred from host nation.","features":[{"type":"Feature","properties":{"id":"road-ne-0-0","name":null,"class":"strategic"},"geometry":{"type":"LineString","coordinates":[[23.842465,42.906192],[23.739764,42.771894],[23.458946,42.707294]]}},{"type":"Feature","properties":{"id":"road-ne-1-0","name":"65","class":"strategic"},"geometry":{"type":"LineString","coordinates":[[17.101428,48.106275],[17.180857,48.023941],[17.189225,47.876267]]}},{"type":"Feature","properties":{"id":"road-ne-2-0","name":null,"class":"strategic"},"geometry":{"type":"LineString","coordinates":[[21.106162,47.842153],[21.245938,47.790276],[21.448325,47.898784],[21.803303,47.889789],[21.816989,47.981229]]}},{"type":"Feature","properties":{"id":"road-ne-3-0","name":null,"class":"strategic"},"geometry":{"type":"LineString","coordinates":[[21.106594,47.844918],[20.85882,47.891761]]}},{"type":"Feature","properties":{"id":"road-ne-4-0","name":"85","class":"strategic"},"geometry":{"type":"LineString","coordinates":[[23.8239,55.056127],[23.861007,54.986936]]}},{"type":"Feature","properties":{"id":"road-ne-5-0","name":"70","class":"strategic"},"geometry":{"type":"LineString","coordinates":[[14.462863,46.035181],[14.552158,46.016572]]}},{"type":"Feature","properties":{"id":"road-ne-6-0","name":"50","class":"strategic"},"geometry":{"type":"LineString","coordinates":[[14.441425,50.098401],[14.754288,49.905433]]}},{"type":"Feature","properties":{"id":"road-ne-7-0","name":"50","class":"strategic"},"geometry":{"type":"LineString","coordinates":[[14.0,49.8933410757431],[14.335185,50.064412]]}},{"type":"Feature","properties":{"id":"road-ne-8-0","name":"28","class":"strategic"},"geometry":{"type":"LineString","coordinates":[[14.0,53.267302915601284],[14.690132,53.363211]]}},{"type":"Feature","properties":{"id":"road-ne-9-0","name":"30","class":"strategic"},"geometry":{"type":"LineString","coordinates":[[14.0,52.331247490605975],[14.505529,52.341676]]}},{"type":"Feature","properties":{"id":"road-ne-10-0","name":"22","class":"strategic"},"geometry":{"type":"LineString","coordinates":[[14.059122,55.958385],[14.09385907390855,56.0]]}},{"type":"Feature","properties":{"id":"road-ne-11-0","name":"462","class":"strategic"},"geometry":{"type":"LineString","coordinates":[[18.691663,49.743443],[18.331364,49.651119]]}},{"type":"Feature","properties":{"id":"road-ne-12-0","name":"442","class":"strategic"},"geometry":{"type":"LineString","coordinates":[[17.712896,49.56278],[17.56045,49.541013]]}},{"type":"Feature","properties":{"id":"road-ne-13-0","name":"67","class":"strategic"},"geometry":{"type":"LineString","coordinates":[[14.639675,50.130742],[15.627081,50.143109],[15.799367,50.242678]]}},{"type":"Feature","properties":{"id":"road-ne-14-0","name":"40","class":"strategic"},"geometry":{"type":"LineString","coordinates":[[19.160473,50.223844],[19.259718,50.150891],[19.423067,50.169126],[19.584436,50.096354],[19.799682,50.096284]]}},{"type":"Feature","properties":{"id":"road-ne-15-0","name":null,"class":"strategic"},"geometry":{"type":"LineString","coordinates":[[19.030924,50.257104],[19.154934,50.224089]]}},{"type":"Feature","properties":{"id":"road-ne-16-0","name":"40","class":"strategic"},"geometry":{"type":"LineString","coordinates":[[18.539231,50.355261],[18.624727,50.265224],[19.03111,50.260435]]}},{"type":"Feature","properties":{"id":"road-ne-17-0","name":"40","class":"strategic"},"geometry":{"type":"LineString","coordinates":[[16.962233,51.042211],[16.819155,51.053446],[16.711347,51.00637]]}},{"type":"Feature","properties":{"id":"road-ne-18-0","name":"40","class":"strategic"},"geometry":{"type":"LineString","coordinates":[[16.71732,51.012344],[16.175242,51.153945]]}},{"type":"Feature","properties":{"id":"road-ne-19-0","name":"40","class":"strategic"},"geometry":{"type":"LineString","coordinates":[[16.175242,51.153945],[15.786327,51.294509]]}},{"type":"Feature","properties":{"id":"road-ne-20-0","name":"36","class":"strategic"},"geometry":{"type":"LineString","coordinates":[[15.589884,51.359618],[14.808239,51.665238]]}},{"type":"Feature","properties":{"id":"road-ne-21-0","name":"36","class":"strategic"},"geometry":{"type":"LineString","coordinates":[[14.740297,51.672402],[14.201319,51.721887],[14.0,51.8175979609558]]}},{"type":"Feature","properties":{"id":"road-ne-22-0","name":"40","class":"strategic"},"geometry":{"type":"LineString","coordinates":[[16.968206,51.042211],[17.276112,50.833734],[17.506362,50.77439],[18.030109,50.494398],[18.318452,50.464003],[18.533258,50.355261]]}},{"type":"Feature","properties":{"id":"road-ne-23-0","name":"75","class":"strategic"},"geometry":{"type":"LineString","coordinates":[[21.492939,43.743926],[21.786771,43.471129],[21.862478,43.143276]]}},{"type":"Feature","properties":{"id":"road-ne-24-0","name":"59","class":"strategic"},"geometry":{"type":"LineString","coordinates":[[15.456811,46.988365],[15.724191,47.102036],[15.970959,47.084419]]}},{"type":"Feature","properties":{"id":"road-ne-25-0","name":null,"class":"strategic"},"geometry":{"type":"LineString","coordinates":[[17.04636,49.32772],[16.837105,49.190316]]}},{"type":"Feature","properties":{"id":"road-ne-26-0","name":null,"class":"strategic"},"geometry":{"type":"LineString","coordinates":[[16.837105,49.190316],[16.63573,49.145593]]}},{"type":"Feature","properties":{"id":"road-ne-27-0","name":"60","class":"strategic"},"geometry":{"type":"LineString","coordinates":[[17.227262,47.869885],[16.917569,47.95849],[16.730895,48.06561]]}},{"type":"Feature","properties":{"id":"road-ne-28-0","name":"60","class":"strategic"},"geometry":{"type":"LineString","coordinates":[[16.723294,48.061445],[16.419935,48.150347]]}},{"type":"Feature","properties":{"id":"road-ne-29-0","name":null,"class":"strategic"},"geometry":{"type":"LineString","coordinates":[[14.0,48.19152352694572],[14.331965,48.238782]]}},{"type":"Feature","properties":{"id":"road-ne-30-0","name":"60","class":"strategic"},"geometry":{"type":"LineString","coordinates":[[14.292088,48.234676],[14.469212,48.2191],[14.639795,48.116711],[15.312876,48.214678],[16.418646,48.151047]]}},{"type":"Feature","properties":{"id":"road-ne-31-0","name":"50","class":"strategic"},"geometry":{"type":"LineString","coordinates":[[14.714116,49.92515],[15.063804,49.726882],[15.17156,49.606668],[15.587898,49.454934]]}},{"type":"Feature","properties":{"id":"road-ne-32-0","name":"50","class":"strategic"},"geometry":{"type":"LineString","coordinates":[[15.582359,49.459239],[15.958554,49.384054],[16.620012,49.147192]]}},{"type":"Feature","properties":{"id":"road-ne-33-0","name":"65","class":"strategic"},"geometry":{"type":"LineString","coordinates":[[16.609798,49.160565],[16.722964,48.956247],[16.932365,48.790209]]}},{"type":"Feature","properties":{"id":"road-ne-34-0","name":"65","class":"strategic"},"geometry":{"type":"LineString","coordinates":[[16.932365,48.790209],[17.043245,48.542386],[17.018611,48.253337],[17.104514,48.161115],[17.093982,48.104099]]}},{"type":"Feature","properties":{"id":"road-ne-35-0","name":"60","class":"strategic"},"geometry":{"type":"LineString","coordinates":[[19.142075,47.46139],[18.54937,47.508023],[18.334689,47.614501],[18.02945,47.672253],[17.615492,47.663257],[17.225066,47.870293]]}},{"type":"Feature","properties":{"id":"road-ne-36-0","name":"59","class":"strategic"},"geometry":{"type":"LineString","coordinates":[[15.972245,47.088083],[16.018414,47.238761],[16.10118,47.302019],[16.109845,47.516761],[16.175186,47.588379],[16.112943,47.689584],[16.202851,47.792848],[16.237108,47.959225],[16.325859,48.043279],[16.325194,48.133395]]}},{"type":"Feature","properties":{"id":"road-ne-37-0","name":"75","class":"strategic"},"geometry":{"type":"LineString","coordinates":[[20.462304,44.808278],[20.602733,44.685519],[20.649136,44.580061],[20.893202,44.586729],[21.007296,44.537698],[21.114116,44.156376],[21.253189,44.023361]]}},{"type":"Feature","properties":{"id":"road-ne-38-0","name":"75","class":"strategic"},"geometry":{"type":"LineString","coordinates":[[21.24936,44.024341],[21.299274,43.954969],[21.397133,43.936693],[21.492939,43.743926]]}},{"type":"Feature","properties":{"id":"road-ne-39-0","name":"75","class":"strategic"},"geometry":{"type":"LineString","coordinates":[[19.831475,46.114079],[19.988842,46.179064],[20.041203,46.305003],[19.788138,46.743324],[19.640283,46.890684]]}},{"type":"Feature","properties":{"id":"road-ne-40-0","name":"75","class":"strategic"},"geometry":{"type":"LineString","coordinates":[[19.640283,46.890684],[19.580312,47.033936],[19.134199,47.462055]]}},{"type":"Feature","properties":{"id":"road-ne-41-0","name":"75","class":"strategic"},"geometry":{"type":"LineString","coordinates":[[19.898633,45.289073],[19.747239,45.36954],[19.688843,45.805919],[19.720823,46.013171],[19.845061,46.10919]]}},{"type":"Feature","properties":{"id":"road-ne-42-0","name":"75","class":"strategic"},"geometry":{"type":"LineString","coordinates":[[19.89919,45.285766],[20.057402,45.223138],[20.101719,45.1097],[20.456975,44.813085]]}},{"type":"Feature","properties":{"id":"road-ne-43-0","name":"70","class":"strategic"},"geometry":{"type":"LineString","coordinates":[[16.517209,45.648159],[16.928031,45.3393],[17.294158,45.249295]]}},{"type":"Feature","properties":{"id":"road-ne-44-0","name":"70","class":"strategic"},"geometry":{"type":"LineString","coordinates":[[17.294158,45.249295],[17.784531,45.15096],[18.1221,45.183569],[18.571931,45.120008]]}},{"type":"Feature","properties":{"id":"road-ne-45-0","name":"70","class":"strategic"},"geometry":{"type":"LineString","coordinates":[[18.571931,45.120008],[18.876914,45.049831],[19.327602,45.042982]]}},{"type":"Feature","properties":{"id":"road-ne-46-0","name":"70","class":"strategic"},"geometry":{"type":"LineString","coordinates":[[19.327602,45.042982],[19.497462,45.033451],[20.266699,44.817402],[20.456975,44.813085]]}},{"type":"Feature","properties":{"id":"road-ne-47-0","name":null,"class":"strategic"},"geometry":{"type":"LineString","coordinates":[[16.205229,45.787241],[16.517594,45.648421]]}},{"type":"Feature","properties":{"id":"road-ne-48-0","name":"65","class":"strategic"},"geometry":{"type":"LineString","coordinates":[[15.354912,45.440172],[15.538523,45.518107]]}},{"type":"Feature","properties":{"id":"road-ne-49-0","name":"65","class":"strategic"},"geometry":{"type":"LineString","coordinates":[[15.532783,45.518271],[15.691218,45.653479],[15.925677,45.752391]]}},{"type":"Feature","properties":{"id":"road-ne-50-0","name":"71","class":"strategic"},"geometry":{"type":"LineString","coordinates":[[18.957375,47.458123],[18.513051,47.182421]]}},{"type":"Feature","properties":{"id":"road-ne-51-0","name":"71","class":"strategic"},"geometry":{"type":"LineString","coordinates":[[18.513051,47.182421],[18.218842,47.017661],[18.102278,46.897771],[17.382506,46.682918]]}},{"type":"Feature","properties":{"id":"road-ne-52-0","name":"71","class":"strategic"},"geometry":{"type":"LineString","coordinates":[[17.38635,46.684558],[17.120702,46.494643],[16.764046,46.424618]]}},{"type":"Feature","properties":{"id":"road-ne-53-0","name":"65","class":"strategic"},"geometry":{"type":"LineString","coordinates":[[16.792105,46.433905],[16.601342,46.415319],[16.513184,46.310153],[16.416199,46.274318],[16.39066,46.155368],[16.299244,46.108],[16.267778,45.930499],[16.131479,45.808941]]}},{"type":"Feature","properties":{"id":"road-ne-54-0","name":"65","class":"strategic"},"geometry":{"type":"LineString","coordinates":[[16.131479,45.821956],[16.085132,45.746826],[15.999552,45.732324]]}},{"type":"Feature","properties":{"id":"road-ne-55-0","name":"71","class":"strategic"},"geometry":{"type":"LineString","coordinates":[[20.85882,47.891761],[20.461554,47.735575],[19.677001,47.685973]]}},{"type":"Feature","properties":{"id":"road-ne-56-0","name":"71","class":"strategic"},"geometry":{"type":"LineString","coordinates":[[19.677001,47.685973],[19.316361,47.58961]]}},{"type":"Feature","properties":{"id":"road-ne-57-0","name":"70","class":"strategic"},"geometry":{"type":"LineString","coordinates":[[15.932808,45.763644],[15.474731,45.912019],[15.171793,45.833733],[14.548947,46.018515]]}},{"type":"Feature","properties":{"id":"road-ne-58-0","name":"66","class":"strategic"},"geometry":{"type":"LineString","coordinates":[[14.439438,46.629799],[14.790328,46.705663],[14.869033,46.948487],[15.14787,46.998299],[15.456811,46.988365]]}},{"type":"Feature","properties":{"id":"road-ne-59-0","name":"61","class":"strategic"},"geometry":{"type":"LineString","coordinates":[[14.041201,45.740748],[14.272344,45.786791],[14.292088,45.96186],[14.462332,46.036435]]}},{"type":"Feature","properties":{"id":"road-ne-60-0","name":"45","class":"strategic"},"geometry":{"type":"LineString","coordinates":[[14.278738,41.089146],[14.321372,40.86339],[14.37704,40.806963],[14.547541,40.720167],[14.825751,40.700053]]}},{"type":"Feature","properties":{"id":"road-ne-61-0","name":"45","class":"strategic"},"geometry":{"type":"LineString","coordinates":[[14.821971,40.699627],[14.992758,40.61965],[15.388139,40.597617]]}},{"type":"Feature","properties":{"id":"road-ne-62-0","name":"45","class":"strategic"},"geometry":{"type":"LineString","coordinates":[[15.388139,40.597617],[15.53654,40.503389],[15.690223,40.212374],[15.935599,40.028608],[15.984049,39.903247],[16.216111,39.862132],[16.26209,39.729607]]}},{"type":"Feature","properties":{"id":"road-ne-63-0","name":"45","class":"strategic"},"geometry":{"type":"LineString","coordinates":[[16.26209,39.729607],[16.196633,39.485605],[16.250365,39.411012],[16.225535,39.312835],[16.322677,39.174389],[16.152788,39.009056],[16.296948,38.877208]]}},{"type":"Feature","properties":{"id":"road-ne-64-0","name":"45","class":"strategic"},"geometry":{"type":"LineString","coordinates":[[16.296377,38.877284],[16.178937,38.737625],[16.13196,38.58785],[15.805915,38.271892],[15.687677,38.220709]]}},{"type":"Feature","properties":{"id":"road-ne-65-0","name":"45","class":"strategic"},"geometry":{"type":"LineString","coordinates":[[14.282229,41.089146],[14.111757,41.214898],[14.08765,41.338101],[14.0,41.39026559985122]]}},{"type":"Feature","properties":{"id":"road-ne-66-0","name":"80","class":"strategic"},"geometry":{"type":"LineString","coordinates":[[14.0,42.255953968591854],[14.127502,42.310868],[14.181111,42.389019]]}},{"type":"Feature","properties":{"id":"road-ne-67-0","name":"842","class":"strategic"},"geometry":{"type":"LineString","coordinates":[[16.028439,41.275566],[15.929282,41.213819],[15.683415,41.199183],[15.31112,41.072899],[14.919221,41.076878],[14.79386,40.923137]]}},{"type":"Feature","properties":{"id":"road-ne-68-0","name":"842","class":"strategic"},"geometry":{"type":"LineString","coordinates":[[14.799833,40.92911],[14.573608,40.908658]]}},{"type":"Feature","properties":{"id":"road-ne-69-0","name":"55","class":"strategic"},"geometry":{"type":"LineString","coordinates":[[14.0,42.60579229733246],[14.180729,42.389813]]}},{"type":"Feature","properties":{"id":"road-ne-70-0","name":"55","class":"strategic"},"geometry":{"type":"LineString","coordinates":[[16.016492,41.271588],[16.84736,41.096356]]}},{"type":"Feature","properties":{"id":"road-ne-71-0","name":"45","class":"strategic"},"geometry":{"type":"LineString","coordinates":[[15.050285,37.448742],[15.035144,37.512186],[15.1211,37.585939],[15.201804,37.781483],[15.515382,38.128896],[15.540545,38.223124]]}},{"type":"Feature","properties":{"id":"road-ne-72-0","name":"90","class":"strategic"},"geometry":{"type":"LineString","coordinates":[[15.5455,38.227499],[15.483619,38.243103],[15.093044,38.105229],[14.75626,38.130138],[14.586241,38.032369],[14.0,38.00921982906087]]}},{"type":"Feature","properties":{"id":"road-ne-73-0","name":"932","class":"strategic"},"geometry":{"type":"LineString","coordinates":[[14.142751,37.5302],[14.26605,37.582083],[14.665865,37.572551],[14.916272,37.459603],[15.047126,37.461109]]}},{"type":"Feature","properties":{"id":"road-ne-74-0","name":"932","class":"strategic"},"geometry":{"type":"LineString","coordinates":[[14.0,37.71911475089821],[14.144372,37.636299],[14.144355,37.541785]]}},{"type":"Feature","properties":{"id":"road-ne-75-0","name":"65","class":"strategic"},"geometry":{"type":"LineString","coordinates":[[15.108459,44.967176],[15.411529,44.700872],[15.473568,44.523756],[15.623739,44.454449],[15.669739,44.286427],[15.546092,44.231651]]}},{"type":"Feature","properties":{"id":"road-ne-76-0","name":"65","class":"strategic"},"geometry":{"type":"LineString","coordinates":[[15.491444,44.093234],[15.896877,43.83351],[15.9977,43.70875],[16.341105,43.593574],[16.610503,43.587005],[16.796933,43.478555],[17.050835,43.412059],[17.263611,43.196057]]}},{"type":"Feature","properties":{"id":"road-ne-77-0","name":null,"class":"strategic"},"geometry":{"type":"LineString","coordinates":[[15.110454,44.967182],[15.28428,45.171634],[15.295632,45.415193]]}},{"type":"Feature","properties":{"id":"road-ne-78-0","name":"65","class":"strategic"},"geometry":{"type":"LineString","coordinates":[[15.564876,44.233564],[15.427947,44.1851],[15.481405,44.097458]]}},{"type":"Feature","properties":{"id":"road-ne-79-0","name":"853","class":"strategic"},"geometry":{"type":"LineString","coordinates":[[19.573081,40.755208],[19.667111,40.922197],[19.627752,41.077706]]}},{"type":"Feature","properties":{"id":"road-ne-80-0","name":"853","class":"strategic"},"geometry":{"type":"LineString","coordinates":[[19.522686,41.275607],[19.709427,41.483238]]}},{"type":"Feature","properties":{"id":"road-ne-81-0","name":"55","class":"strategic"},"geometry":{"type":"LineString","coordinates":[[21.798756,38.292811],[21.719115,38.169357]]}},{"type":"Feature","properties":{"id":"road-ne-82-0","name":null,"class":"strategic"},"geometry":{"type":"LineString","coordinates":[[21.603128,40.2289],[21.402334,40.056609],[21.378679,39.940079],[21.251191,39.776229]]}},{"type":"Feature","properties":{"id":"road-ne-83-0","name":"90","class":"strategic"},"geometry":{"type":"LineString","coordinates":[[22.619719,40.545046],[22.480448,40.617853],[22.248179,40.521216],[22.133286,40.363916],[21.837117,40.347396],[21.603128,40.2289]]}},{"type":"Feature","properties":{"id":"road-ne-84-0","name":"92","class":"strategic"},"geometry":{"type":"LineString","coordinates":[[20.265567,39.489502],[20.396266,39.450551],[20.461534,39.507218],[20.910703,39.591051]]}},{"type":"Feature","properties":{"id":"road-ne-85-0","name":"75","class":"strategic"},"geometry":{"type":"LineString","coordinates":[[23.562219,38.371399],[23.866432,38.231722],[23.856267,38.134],[23.658611,37.937015]]}},{"type":"Feature","properties":{"id":"road-ne-86-0","name":"65","class":"strategic"},"geometry":{"type":"LineString","coordinates":[[22.02177,37.2375],[22.132408,37.361648],[22.27893,37.396485],[22.467909,37.64967],[22.881951,37.894582]]}},{"type":"Feature","properties":{"id":"road-ne-87-0","name":"92","class":"strategic"},"geometry":{"type":"LineString","coordinates":[[20.910703,39.591051],[20.980824,39.716879],[21.251191,39.776229]]}},{"type":"Feature","properties":{"id":"road-ne-88-0","name":"94","class":"strategic"},"geometry":{"type":"LineString","coordinates":[[23.502723,38.042811],[22.882905,37.887355]]}},{"type":"Feature","properties":{"id":"road-ne-89-0","name":"75","class":"strategic"},"geometry":{"type":"LineString","coordinates":[[22.477872,38.812888],[23.001558,38.734936],[23.066172,38.623598],[23.210195,38.610729],[23.151344,38.483408],[23.247967,38.379595],[23.562219,38.371399]]}},{"type":"Feature","properties":{"id":"road-ne-90-0","name":"65","class":"strategic"},"geometry":{"type":"LineString","coordinates":[[20.892809,41.809539],[20.98344,42.016668]]}},{"type":"Feature","properties":{"id":"road-ne-91-0","name":"75","class":"strategic"},"geometry":{"type":"LineString","coordinates":[[21.72363,42.187158],[21.621547,41.932655]]}},{"type":"Feature","properties":{"id":"road-ne-92-0","name":"75","class":"strategic"},"geometry":{"type":"LineString","coordinates":[[21.615573,41.938628],[21.808644,41.745301],[21.866474,41.601214],[22.024369,41.552656],[22.209308,41.404118],[22.417076,41.394487],[22.489215,41.174746],[22.607168,41.084415]]}},{"type":"Feature","properties":{"id":"road-ne-93-0","name":"65","class":"strategic"},"geometry":{"type":"LineString","coordinates":[[20.98344,42.016668],[21.170304,41.965748],[21.376634,42.040177]]}},{"type":"Feature","properties":{"id":"road-ne-94-0","name":null,"class":"strategic"},"geometry":{"type":"LineString","coordinates":[[21.364687,42.040177],[21.615573,41.938628]]}},{"type":"Feature","properties":{"id":"road-ne-95-0","name":null,"class":"strategic"},"geometry":{"type":"LineString","coordinates":[[22.493421,39.783555],[22.511412,39.557082]]}},{"type":"Feature","properties":{"id":"road-ne-96-0","name":"90","class":"strategic"},"geometry":{"type":"LineString","coordinates":[[22.897185,40.682482],[22.746031,40.60506]]}},{"type":"Feature","properties":{"id":"road-ne-97-0","name":"75","class":"strategic"},"geometry":{"type":"LineString","coordinates":[[22.746031,40.60506],[22.619719,40.545046]]}},{"type":"Feature","properties":{"id":"road-ne-98-0","name":"75","class":"strategic"},"geometry":{"type":"LineString","coordinates":[[22.595224,40.540834],[22.530718,40.141987],[22.555941,40.019169],[22.642061,39.951052],[22.607171,39.895698]]}},{"type":"Feature","properties":{"id":"road-ne-99-0","name":"90","class":"strategic"},"geometry":{"type":"LineString","coordinates":[[22.857214,40.675459],[23.100788,40.743267],[23.249784,40.697142],[23.418616,40.730486],[23.636482,40.691921],[23.774598,40.79571],[23.992219,40.790775],[24.435056,40.982871]]}},{"type":"Feature","properties":{"id":"road-ne-100-0","name":"85","class":"strategic"},"geometry":{"type":"LineString","coordinates":[[24.423109,40.970924],[24.971502,41.120302],[25.280857,41.118511]]}},{"type":"Feature","properties":{"id":"road-ne-101-0","name":"90","class":"strategic"},"geometry":{"type":"LineString","coordinates":[[25.480759,41.039468],[25.796297,40.857358],[25.987676,40.925908],[26.264055,40.93898]]}},{"type":"Feature","properties":{"id":"road-ne-102-0","name":"90","class":"strategic"},"geometry":{"type":"LineString","coordinates":[[25.280857,41.118511],[25.417728,41.099658],[25.48423,41.039421]]}},{"type":"Feature","properties":{"id":"road-ne-103-0","name":"87","class":"strategic"},"geometry":{"type":"LineString","coordinates":[[27.03744,38.540348],[27.247865,38.428159]]}},{"type":"Feature","properties":{"id":"road-ne-104-0","name":"87","class":"strategic"},"geometry":{"type":"LineString","coordinates":[[27.230644,38.432196],[27.236017,38.247893],[27.540402,37.905258],[27.882489,37.827392]]}},{"type":"Feature","properties":{"id":"road-ne-105-0","name":"80","class":"strategic"},"geometry":{"type":"LineString","coordinates":[[30.360376,40.696524],[30.201838,40.698017],[29.964415,40.784982],[29.505117,40.791936],[29.313446,40.937534],[29.138092,40.995052],[29.033678,41.117905],[28.722375,41.04977],[28.569001,41.117403],[28.419548,41.055142],[27.410642,41.457011],[27.084831,41.504431]]}},{"type":"Feature","properties":{"id":"road-ne-106-0","name":"80","class":"strategic"},"geometry":{"type":"LineString","coordinates":[[27.084831,41.504431],[26.536286,41.668328]]}},{"type":"Feature","properties":{"id":"road-ne-107-0","name":"80","class":"strategic"},"geometry":{"type":"LineString","coordinates":[[26.231078,41.77336],[25.900542,41.924686]]}},{"type":"Feature","properties":{"id":"road-ne-108-0","name":"80","class":"strategic"},"geometry":{"type":"LineString","coordinates":[[23.904186,42.380281],[23.729176,42.531601],[23.449817,42.640932]]}},{"type":"Feature","properties":{"id":"road-ne-109-0","name":"83","class":"strategic"},"geometry":{"type":"LineString","coordinates":[[24.142355,43.055669],[24.090297,42.991956],[23.839513,42.902482]]}},{"type":"Feature","properties":{"id":"road-ne-110-0","name":"70","class":"strategic"},"geometry":{"type":"LineString","coordinates":[[26.974012,43.301935],[27.136976,43.323793],[27.785624,43.247048],[27.85786,43.193059]]}},{"type":"Feature","properties":{"id":"road-ne-111-0","name":"70","class":"strategic"},"geometry":{"type":"LineString","coordinates":[[24.872257,44.874838],[25.13533,44.717171],[25.412566,44.632714],[25.555585,44.505824],[25.979906,44.425328]]}},{"type":"Feature","properties":{"id":"road-ne-112-0","name":"60","class":"strategic"},"geometry":{"type":"LineString","coordinates":[[26.907843,44.440548],[27.819697,44.411217],[28.040062,44.32914]]}},{"type":"Feature","properties":{"id":"road-ne-113-0","name":null,"class":"strategic"},"geometry":{"type":"LineString","coordinates":[[26.236824,44.445996],[26.91405,44.435543]]}},{"type":"Feature","properties":{"id":"road-ne-114-0","name":"68","class":"strategic"},"geometry":{"type":"LineString","coordinates":[[24.052561,45.797665],[24.166763,45.802793],[24.248116,45.707445]]}},{"type":"Feature","properties":{"id":"road-ne-115-0","name":"30","class":"strategic"},"geometry":{"type":"LineString","coordinates":[[18.612949,52.155577],[18.080309,52.190971],[17.572082,52.327119],[16.900506,52.370316]]}},{"type":"Feature","properties":{"id":"road-ne-116-0","name":"30","class":"strategic"},"geometry":{"type":"LineString","coordinates":[[16.108404,52.378071],[16.906459,52.371917]]}},{"type":"Feature","properties":{"id":"road-ne-117-0","name":"75","class":"strategic"},"geometry":{"type":"LineString","coordinates":[[18.67264,54.042896],[18.61689,53.465457]]}},{"type":"Feature","properties":{"id":"road-ne-118-0","name":"85","class":"strategic"},"geometry":{"type":"LineString","coordinates":[[24.218342,54.876076],[24.496768,54.827997]]}},{"type":"Feature","properties":{"id":"road-ne-119-0","name":"30","class":"strategic"},"geometry":{"type":"LineString","coordinates":[[28.601908,54.213748],[28.647281,54.267482],[29.002936,54.308742],[29.156222,54.38453],[30.347838,54.600471]]}},{"type":"Feature","properties":{"id":"road-ne-120-0","name":"30","class":"strategic"},"geometry":{"type":"LineString","coordinates":[[26.012614,53.159862],[26.383612,53.299909],[26.732454,53.533379],[26.97043,53.557154],[27.144869,53.693234]]}},{"type":"Feature","properties":{"id":"road-ne-121-0","name":"55","class":"strategic"},"geometry":{"type":"LineString","coordinates":[[14.0,48.058851243354084],[14.071783,48.106152]]}},{"type":"Feature","properties":{"id":"road-ne-122-0","name":"55","class":"strategic"},"geometry":{"type":"LineString","coordinates":[[14.071783,48.106152],[14.297489,48.233404]]}},{"type":"Feature","properties":{"id":"road-ne-123-0","name":"61","class":"strategic"},"geometry":{"type":"LineString","coordinates":[[14.0,46.567450262215424],[14.017561,46.447462],[14.470291,46.206399],[14.443656,46.092168]]}},{"type":"Feature","properties":{"id":"road-ne-124-0","name":null,"class":"strategic"},"geometry":{"type":"LineString","coordinates":[[27.757489,53.886526],[27.692527,53.967384],[27.517255,54.000375],[27.408058,53.964155],[27.41189,53.869501]]}},{"type":"Feature","properties":{"id":"road-ne-125-0","name":null,"class":"strategic"},"geometry":{"type":"LineString","coordinates":[[19.318272,47.58793],[19.335548,47.449175],[19.248559,47.352934]]}},{"type":"Feature","properties":{"id":"road-ne-126-0","name":"30","class":"primary"},"geometry":{"type":"LineString","coordinates":[[27.144869,53.693234],[27.341364,53.789907],[27.408489,53.878672]]}},{"type":"Feature","properties":{"id":"road-ne-127-0","name":null,"class":"primary"},"geometry":{"type":"LineString","coordinates":[[26.060793,44.976662],[25.962709,44.966996]]}},{"type":"Feature","properties":{"id":"road-ne-128-0","name":"28","class":"primary"},"geometry":{"type":"LineString","coordinates":[[25.253528,54.68963],[25.60409,54.571587]]}},{"type":"Feature","properties":{"id":"road-ne-129-0","name":"28","class":"primary"},"geometry":{"type":"LineString","coordinates":[[25.60409,54.571587],[26.105863,54.399131],[26.463134,54.166058],[27.395195,53.934329]]}},{"type":"Feature","properties":{"id":"road-ne-130-0","name":"85","class":"primary"},"geometry":{"type":"LineString","coordinates":[[24.003985,54.939273],[24.218342,54.876076]]}},{"type":"Feature","properties":{"id":"road-ne-131-0","name":"85","class":"primary"},"geometry":{"type":"LineString","coordinates":[[24.496768,54.827997],[24.912106,54.754915],[25.110246,54.64841]]}},{"type":"Feature","properties":{"id":"road-ne-132-0","name":null,"class":"primary"},"geometry":{"type":"LineString","coordinates":[[25.110246,54.64841],[25.352487,54.59639],[25.427015,54.65817],[25.386834,54.71192]]}},{"type":"Feature","properties":{"id":"road-ne-133-0","name":null,"class":"primary"},"geometry":{"type":"LineString","coordinates":[[23.183215,53.147163],[23.311773,52.998811],[23.193826,52.849425],[23.171315,52.725087],[22.910885,52.567087],[22.869152,52.336537],[22.744593,52.198808],[22.73784,52.017705]]}},{"type":"Feature","properties":{"id":"road-ne-134-0","name":"77","class":"primary"},"geometry":{"type":"LineString","coordinates":[[20.400965,52.625183],[20.578527,52.467099],[20.750755,52.389263]]}},{"type":"Feature","properties":{"id":"road-ne-135-0","name":"77","class":"primary"},"geometry":{"type":"LineString","coordinates":[[20.750755,52.389263],[20.903475,52.330718],[20.914684,52.246862]]}},{"type":"Feature","properties":{"id":"road-ne-136-0","name":"67","class":"primary"},"geometry":{"type":"LineString","coordinates":[[24.08286,54.981814],[23.894654,54.84191],[23.298263,54.566018],[23.144889,54.301908]]}},{"type":"Feature","properties":{"id":"road-ne-137-0","name":"67","class":"primary"},"geometry":{"type":"LineString","coordinates":[[23.14941,54.302914],[22.915954,54.101032],[23.03986,53.859022]]}},{"type":"Feature","properties":{"id":"road-ne-138-0","name":"67","class":"primary"},"geometry":{"type":"LineString","coordinates":[[24.37255316391173,56.0],[24.328233,55.793017],[24.260845,55.735079]]}},{"type":"Feature","properties":{"id":"road-ne-139-0","name":"67","class":"primary"},"geometry":{"type":"LineString","coordinates":[[24.35806,55.797194],[24.309064,55.487883],[24.179585,55.41364],[23.980885,55.161969],[23.820155,55.055024]]}},{"type":"Feature","properties":{"id":"road-ne-140-0","name":"67","class":"primary"},"geometry":{"type":"LineString","coordinates":[[23.089031,53.784038],[23.114094,53.332057],[23.178201,53.249426],[23.183215,53.147163]]}},{"type":"Feature","properties":{"id":"road-ne-141-0","name":"30","class":"primary"},"geometry":{"type":"LineString","coordinates":[[21.029755,52.232858],[21.12634,52.225727]]}},{"type":"Feature","properties":{"id":"road-ne-142-0","name":"30","class":"primary"},"geometry":{"type":"LineString","coordinates":[[21.52012,52.19665],[21.973653,52.193433],[22.742286,52.023192]]}},{"type":"Feature","properties":{"id":"road-ne-143-0","name":"30","class":"primary"},"geometry":{"type":"LineString","coordinates":[[22.742286,52.023192],[23.586375,52.054083]]}},{"type":"Feature","properties":{"id":"road-ne-144-0","name":"30","class":"primary"},"geometry":{"type":"LineString","coordinates":[[23.586375,52.054083],[24.350202,52.201002],[24.413145,52.252039]]}},{"type":"Feature","properties":{"id":"road-ne-145-0","name":"30","class":"primary"},"geometry":{"type":"LineString","coordinates":[[24.411162,52.238899],[25.407193,52.733117],[25.794466,53.03959]]}},{"type":"Feature","properties":{"id":"road-ne-146-0","name":"77","class":"primary"},"geometry":{"type":"LineString","coordinates":[[20.208182,53.600051],[20.27241,53.593231],[20.425177,53.325046],[20.39715,53.112684],[20.264193,52.843469],[20.395175,52.62845]]}},{"type":"Feature","properties":{"id":"road-ne-147-0","name":"30","class":"primary"},"geometry":{"type":"LineString","coordinates":[[18.598966,52.153278],[18.797471,52.245313],[19.242256,52.258362],[19.622251,52.213208],[19.925079,52.117437]]}},{"type":"Feature","properties":{"id":"road-ne-148-0","name":"30","class":"primary"},"geometry":{"type":"LineString","coordinates":[[19.925079,52.117437],[20.076422,52.119041],[20.314306,52.23763],[20.623305,52.201719],[21.03927,52.234223]]}},{"type":"Feature","properties":{"id":"road-ne-149-0","name":null,"class":"primary"},"geometry":{"type":"LineString","coordinates":[[22.84611,43.993505],[23.000245,43.994345],[23.616917,44.16631],[23.798411,44.281807]]}},{"type":"Feature","properties":{"id":"road-ne-150-0","name":"761","class":"primary"},"geometry":{"type":"LineString","coordinates":[[21.78888,43.787263],[21.929108,43.818623],[22.061505,43.925796],[22.293563,43.912863]]}},{"type":"Feature","properties":{"id":"road-ne-151-0","name":"81","class":"primary"},"geometry":{"type":"LineString","coordinates":[[24.546569,45.003017],[24.872257,44.874838]]}},{"type":"Feature","properties":{"id":"road-ne-152-0","name":"68","class":"primary"},"geometry":{"type":"LineString","coordinates":[[22.641128,45.920874],[22.85062,45.928848],[22.965087,45.853987],[23.151052,45.846789],[23.479112,45.994702],[23.570893,45.954796]]}},{"type":"Feature","properties":{"id":"road-ne-153-0","name":"68","class":"primary"},"geometry":{"type":"LineString","coordinates":[[23.566906,45.962758],[23.920415,45.798843],[24.052561,45.797665]]}},{"type":"Feature","properties":{"id":"road-ne-154-0","name":"81","class":"primary"},"geometry":{"type":"LineString","coordinates":[[24.248116,45.707445],[24.216481,45.591528],[24.27733,45.451431],[24.266503,45.292107],[24.364634,45.111911],[24.554525,44.99705]]}},{"type":"Feature","properties":{"id":"road-ne-155-0","name":"40","class":"primary"},"geometry":{"type":"LineString","coordinates":[[23.956466,49.82393],[23.582458,49.76694],[23.016354,49.76426]]}},{"type":"Feature","properties":{"id":"road-ne-156-0","name":"40","class":"primary"},"geometry":{"type":"LineString","coordinates":[[23.016354,49.76426],[22.815677,49.762323]]}},{"type":"Feature","properties":{"id":"road-ne-157-0","name":"40","class":"primary"},"geometry":{"type":"LineString","coordinates":[[22.815677,49.762323],[22.824719,49.90433],[22.777415,49.975945]]}},{"type":"Feature","properties":{"id":"road-ne-158-0","name":"40","class":"primary"},"geometry":{"type":"LineString","coordinates":[[22.777415,49.975945],[22.38897,50.082616],[21.975236,50.047522]]}},{"type":"Feature","properties":{"id":"road-ne-159-0","name":"40","class":"primary"},"geometry":{"type":"LineString","coordinates":[[21.983911,50.051865],[21.539919,50.065509],[21.300507,49.977718],[21.172953,50.024468],[20.770317,49.961052],[20.517891,49.991932],[20.388251,49.955204],[20.265567,49.996852]]}},{"type":"Feature","properties":{"id":"road-ne-160-0","name":"75","class":"primary"},"geometry":{"type":"LineString","coordinates":[[22.033562,42.907429],[22.141788,42.839189],[22.061633,42.751611],[22.057614,42.657435]]}},{"type":"Feature","properties":{"id":"road-ne-161-0","name":"75","class":"primary"},"geometry":{"type":"LineString","coordinates":[[22.057614,42.657435],[21.722227,42.40007]]}},{"type":"Feature","properties":{"id":"road-ne-162-0","name":"80","class":"primary"},"geometry":{"type":"LineString","coordinates":[[26.231078,41.77336],[26.298192,41.739088]]}},{"type":"Feature","properties":{"id":"road-ne-163-0","name":"80","class":"primary"},"geometry":{"type":"LineString","coordinates":[[26.461372,41.707436],[26.537715,41.6738]]}},{"type":"Feature","properties":{"id":"road-ne-164-0","name":"80","class":"primary"},"geometry":{"type":"LineString","coordinates":[[25.900542,41.924686],[25.645088,41.93329],[25.108402,42.129599],[24.766479,42.159069]]}},{"type":"Feature","properties":{"id":"road-ne-165-0","name":"87","class":"primary"},"geometry":{"type":"LineString","coordinates":[[27.095068,41.49627],[27.293401,41.785027]]}},{"type":"Feature","properties":{"id":"road-ne-166-0","name":"87","class":"primary"},"geometry":{"type":"LineString","coordinates":[[27.670033,42.663006],[27.850305,42.809537],[27.85923,42.893708],[27.784859,42.967741],[27.854161,43.065236],[27.85891,43.195054]]}},{"type":"Feature","properties":{"id":"road-ne-167-0","name":"87","class":"primary"},"geometry":{"type":"LineString","coordinates":[[28.151418,43.429338],[28.437468,43.47887],[28.526382,43.548347],[28.600648,44.190192]]}},{"type":"Feature","properties":{"id":"road-ne-168-0","name":"70","class":"primary"},"geometry":{"type":"LineString","coordinates":[[26.08971,44.351914],[25.989736,44.155979],[25.974236,43.950174],[25.925795,43.917087],[25.968088,43.808141]]}},{"type":"Feature","properties":{"id":"road-ne-169-0","name":"70","class":"primary"},"geometry":{"type":"LineString","coordinates":[[25.964267,43.814301],[26.224638,43.624713],[26.573597,43.51992],[26.975774,43.302565]]}},{"type":"Feature","properties":{"id":"road-ne-170-0","name":"85","class":"primary"},"geometry":{"type":"LineString","coordinates":[[25.953743,43.831072],[25.78417,43.480667],[25.622081,43.435253]]}},{"type":"Feature","properties":{"id":"road-ne-171-0","name":"83","class":"primary"},"geometry":{"type":"LineString","coordinates":[[25.622081,43.435253],[25.282502,43.407054],[24.53804,43.44174],[24.202627,43.283857],[24.142355,43.055669]]}},{"type":"Feature","properties":{"id":"road-ne-172-0","name":"60","class":"strategic"},"geometry":{"type":"LineString","coordinates":[[28.040062,44.32914],[28.315379,44.269382],[28.518635,44.163574],[28.61655,44.198919],[28.550783,44.298153]]}},{"type":"Feature","properties":{"id":"road-ne-173-0","name":"75","class":"primary"},"geometry":{"type":"LineString","coordinates":[[22.626687,40.969589],[22.613145,41.084421]]}},{"type":"Feature","properties":{"id":"road-ne-174-0","name":"87","class":"primary"},"geometry":{"type":"LineString","coordinates":[[27.487504,42.428453],[27.422991,42.055175],[27.487504,41.980442]]}},{"type":"Feature","properties":{"id":"road-ne-175-0","name":null,"class":"primary"},"geometry":{"type":"LineString","coordinates":[[19.708038,41.454776],[19.884694,41.283307],[19.876276,41.234761],[19.945651,41.214227]]}},{"type":"Feature","properties":{"id":"road-ne-176-0","name":"852","class":"primary"},"geometry":{"type":"LineString","coordinates":[[20.345868,41.165389],[20.162224,41.162006],[20.037058,41.095469]]}},{"type":"Feature","properties":{"id":"road-ne-177-0","name":"852","class":"primary"},"geometry":{"type":"LineString","coordinates":[[20.340043,41.165389],[20.529593,41.058135],[20.603999,41.0686]]}},{"type":"Feature","properties":{"id":"road-ne-178-0","name":null,"class":"primary"},"geometry":{"type":"LineString","coordinates":[[22.61115,39.901666],[22.493421,39.783555]]}},{"type":"Feature","properties":{"id":"road-ne-179-0","name":"65","class":"primary"},"geometry":{"type":"LineString","coordinates":[[22.442559,38.89458],[22.477872,38.812888]]}},{"type":"Feature","properties":{"id":"road-ne-180-0","name":"90","class":"primary"},"geometry":{"type":"LineString","coordinates":[[20.84745,39.671646],[20.647094,39.854094]]}},{"type":"Feature","properties":{"id":"road-ne-181-0","name":"853","class":"primary"},"geometry":{"type":"LineString","coordinates":[[19.460422,40.629678],[19.507145,40.437115],[19.485984,40.308994],[19.753257,40.103032]]}},{"type":"Feature","properties":{"id":"road-ne-182-0","name":"853","class":"primary"},"geometry":{"type":"LineString","coordinates":[[20.261279,39.943958],[20.631373,39.901007],[20.647094,39.854094]]}},{"type":"Feature","properties":{"id":"road-ne-183-0","name":"853","class":"primary"},"geometry":{"type":"LineString","coordinates":[[19.627752,41.077706],[19.522686,41.275607]]}},{"type":"Feature","properties":{"id":"road-ne-184-0","name":"853","class":"primary"},"geometry":{"type":"LineString","coordinates":[[19.709427,41.483238],[19.647411,41.847188],[19.438593,42.236975],[19.448565,42.324892]]}},{"type":"Feature","properties":{"id":"road-ne-185-0","name":"65","class":"primary"},"geometry":{"type":"LineString","coordinates":[[22.88593,37.898567],[22.5268,38.096351],[22.138959,38.187493],[21.971751,38.299251],[21.788804,38.300779]]}},{"type":"Feature","properties":{"id":"road-ne-186-0","name":"55","class":"primary"},"geometry":{"type":"LineString","coordinates":[[21.619552,38.125378],[21.42413,38.085162],[21.278973,37.944529],[21.278022,37.834521],[21.576673,37.595232],[21.671365,37.451075],[21.71411,37.273457],[22.001111,37.238643]]}},{"type":"Feature","properties":{"id":"road-ne-187-0","name":"55","class":"primary"},"geometry":{"type":"LineString","coordinates":[[20.265567,39.441714],[20.507324,39.273336],[20.527461,39.187893],[20.719552,38.999676]]}},{"type":"Feature","properties":{"id":"road-ne-188-0","name":"55","class":"primary"},"geometry":{"type":"LineString","coordinates":[[21.376634,38.462063],[21.447187,38.367817],[21.735043,38.388392]]}},{"type":"Feature","properties":{"id":"road-ne-189-0","name":"65","class":"primary"},"geometry":{"type":"LineString","coordinates":[[21.743009,38.388386],[21.946892,38.425312],[22.165008,38.361226],[22.349544,38.364177],[22.414051,38.486482],[22.378595,38.630102],[22.477872,38.812888]]}},{"type":"Feature","properties":{"id":"road-ne-190-0","name":"65","class":"primary"},"geometry":{"type":"LineString","coordinates":[[18.154709,42.629458],[18.558421,42.448439],[18.670902,42.449617],[18.811518,42.293957],[18.888488,42.295701],[18.926513,42.22245],[19.021208,42.184311],[19.213584,42.314246],[19.278196,42.447867]]}},{"type":"Feature","properties":{"id":"road-ne-191-0","name":"65","class":"primary"},"geometry":{"type":"LineString","coordinates":[[17.581608,42.922695],[18.154709,42.624307]]}},{"type":"Feature","properties":{"id":"road-ne-192-0","name":"55","class":"primary"},"geometry":{"type":"LineString","coordinates":[[21.161589,38.874233],[21.071336,38.843957],[20.982676,38.903645],[20.80318,38.910074]]}},{"type":"Feature","properties":{"id":"road-ne-193-0","name":"65","class":"primary"},"geometry":{"type":"LineString","coordinates":[[22.457006,39.599498],[22.504441,39.557082]]}},{"type":"Feature","properties":{"id":"road-ne-194-0","name":"65","class":"primary"},"geometry":{"type":"LineString","coordinates":[[22.511412,39.557082],[22.379117,39.323597]]}},{"type":"Feature","properties":{"id":"road-ne-195-0","name":"65","class":"primary"},"geometry":{"type":"LineString","coordinates":[[22.379117,39.323597],[22.290308,39.238592],[22.302465,39.112974],[22.459724,38.897334]]}},{"type":"Feature","properties":{"id":"road-ne-196-0","name":"90","class":"primary"},"geometry":{"type":"LineString","coordinates":[[26.264055,40.93898],[26.545683,40.877332]]}},{"type":"Feature","properties":{"id":"road-ne-197-0","name":"84","class":"primary"},"geometry":{"type":"LineString","coordinates":[[26.537721,40.881322],[27.007187,40.875337],[27.636829,41.005494],[27.91522,40.977236],[28.218258,41.112293]]}},{"type":"Feature","properties":{"id":"road-ne-198-0","name":null,"class":"primary"},"geometry":{"type":"LineString","coordinates":[[23.703868,37.992002],[23.518833,38.044608]]}},{"type":"Feature","properties":{"id":"road-ne-199-0","name":"68","class":"primary"},"geometry":{"type":"LineString","coordinates":[[20.682801,46.165203],[20.889402,46.147994],[21.286399,46.212729],[21.411376,46.17764]]}},{"type":"Feature","properties":{"id":"road-ne-200-0","name":"68","class":"primary"},"geometry":{"type":"LineString","coordinates":[[21.411376,46.17764],[21.983491,46.118582],[22.137573,46.035618],[22.368725,46.047653],[22.654944,45.918961]]}},{"type":"Feature","properties":{"id":"road-ne-201-0","name":"75","class":"primary"},"geometry":{"type":"LineString","coordinates":[[19.716007,51.442434],[19.644731,51.412517],[19.392608,51.073831],[19.216472,50.943532]]}},{"type":"Feature","properties":{"id":"road-ne-202-0","name":"75","class":"primary"},"geometry":{"type":"LineString","coordinates":[[19.090425,50.801641],[19.212321,50.487972]]}},{"type":"Feature","properties":{"id":"road-ne-203-0","name":"75","class":"primary"},"geometry":{"type":"LineString","coordinates":[[19.234561,50.37027],[19.165213,50.219274]]}},{"type":"Feature","properties":{"id":"road-ne-204-0","name":"462","class":"primary"},"geometry":{"type":"LineString","coordinates":[[17.207837,49.574823],[17.045862,49.324836]]}},{"type":"Feature","properties":{"id":"road-ne-205-0","name":"442","class":"primary"},"geometry":{"type":"LineString","coordinates":[[17.56045,49.541013],[17.392245,49.601681]]}},{"type":"Feature","properties":{"id":"road-ne-206-0","name":"462","class":"primary"},"geometry":{"type":"LineString","coordinates":[[19.007155,49.861451],[18.691663,49.743443]]}},{"type":"Feature","properties":{"id":"road-ne-207-0","name":"462","class":"primary"},"geometry":{"type":"LineString","coordinates":[[18.331364,49.651119],[17.963085,49.552887],[17.781206,49.592464]]}},{"type":"Feature","properties":{"id":"road-ne-208-0","name":"22","class":"primary"},"geometry":{"type":"LineString","coordinates":[[14.0,55.93784875391079],[14.077302,55.965694]]}},{"type":"Feature","properties":{"id":"road-ne-209-0","name":"28","class":"primary"},"geometry":{"type":"LineString","coordinates":[[14.692311,53.359921],[14.787055,53.451305],[14.818748,53.604043]]}},{"type":"Feature","properties":{"id":"road-ne-210-0","name":"28","class":"primary"},"geometry":{"type":"LineString","coordinates":[[16.948297,54.445102],[17.305034,54.452721],[17.729714,54.521226],[17.878115,54.591207],[18.252962,54.614976],[18.524922,54.479636]]}},{"type":"Feature","properties":{"id":"road-ne-211-0","name":"28","class":"primary"},"geometry":{"type":"LineString","coordinates":[[18.730027,54.336807],[19.423306,54.136473]]}},{"type":"Feature","properties":{"id":"road-ne-212-0","name":"28","class":"primary"},"geometry":{"type":"LineString","coordinates":[[14.810882,53.612359],[15.124676,53.66871],[15.348072,53.867218],[15.884329,54.03626],[16.268936,54.233204],[16.960244,54.445102]]}},{"type":"Feature","properties":{"id":"road-ne-213-0","name":null,"class":"primary"},"geometry":{"type":"LineString","coordinates":[[18.680606,54.034924],[18.723642,54.073314],[19.140561,54.038383],[19.42928,54.136473]]}},{"type":"Feature","properties":{"id":"road-ne-214-0","name":"67","class":"primary"},"geometry":{"type":"LineString","coordinates":[[16.075014,50.396212],[16.224164,50.444589],[16.431567,50.406082],[16.747033,50.499683],[16.821874,50.612266],[16.878178,50.90499]]}},{"type":"Feature","properties":{"id":"road-ne-215-0","name":"67","class":"primary"},"geometry":{"type":"LineString","coordinates":[[16.878178,50.90499],[16.97418,51.054158]]}},{"type":"Feature","properties":{"id":"road-ne-216-0","name":"75","class":"primary"},"geometry":{"type":"LineString","coordinates":[[18.621883,53.468838],[18.395868,53.407709]]}},{"type":"Feature","properties":{"id":"road-ne-217-0","name":"261","class":"primary"},"geometry":{"type":"LineString","coordinates":[[18.401841,53.407709],[18.045964,53.137879],[17.717108,52.98666],[17.599003,52.543783],[17.014851,52.443021],[16.980153,52.358369]]}},{"type":"Feature","properties":{"id":"road-ne-218-0","name":"67","class":"primary"},"geometry":{"type":"LineString","coordinates":[[15.794339,50.243833],[15.91116,50.361045],[16.078158,50.397075]]}},{"type":"Feature","properties":{"id":"road-ne-219-0","name":"30","class":"primary"},"geometry":{"type":"LineString","coordinates":[[14.505529,52.341676],[15.297522,52.30832],[15.551421,52.252529],[15.721534,52.339944],[16.108404,52.378071]]}},{"type":"Feature","properties":{"id":"road-ne-220-0","name":"261","class":"primary"},"geometry":{"type":"LineString","coordinates":[[16.694692,52.26881],[16.693811,52.14272],[16.565382,52.042705],[16.550538,51.930148],[16.687336,51.736788],[16.833368,51.649983],[16.937362,51.394766],[17.045573,51.3079],[17.020011,51.197887]]}},{"type":"Feature","properties":{"id":"road-ne-221-0","name":null,"class":"primary"},"geometry":{"type":"LineString","coordinates":[[25.988161,48.188877],[25.892585,48.352156]]}},{"type":"Feature","properties":{"id":"road-ne-222-0","name":null,"class":"primary"},"geometry":{"type":"LineString","coordinates":[[26.035948,48.284453],[25.983949,48.12993],[26.053437,48.002252],[26.053927,47.8126],[26.246403,47.682432],[26.258956,47.615429]]}},{"type":"Feature","properties":{"id":"road-ne-223-0","name":"58","class":"primary"},"geometry":{"type":"LineString","coordinates":[[27.966881,47.748012],[27.589531,47.978638]]}},{"type":"Feature","properties":{"id":"road-ne-224-0","name":"58","class":"primary"},"geometry":{"type":"LineString","coordinates":[[27.589531,47.978638],[27.497829,48.076938],[27.157306,48.268253],[27.104005,48.346585]]}},{"type":"Feature","properties":{"id":"road-ne-225-0","name":"58","class":"primary"},"geometry":{"type":"LineString","coordinates":[[27.104005,48.346585],[26.853673,48.274874],[26.672614,48.297374],[26.366146,48.236356],[26.040977,48.283665],[25.781084,48.391975]]}},{"type":"Feature","properties":{"id":"road-ne-226-0","name":"58","class":"primary"},"geometry":{"type":"LineString","coordinates":[[25.785062,48.391975],[25.102464,48.532603]]}},{"type":"Feature","properties":{"id":"road-ne-227-0","name":"58","class":"primary"},"geometry":{"type":"LineString","coordinates":[[24.957018,48.58609],[24.612277,48.54098]]}},{"type":"Feature","properties":{"id":"road-ne-228-0","name":"58","class":"primary"},"geometry":{"type":"LineString","coordinates":[[23.304175,48.190353],[23.143513,48.19887],[22.935234,48.294393],[22.719611,48.474297],[22.531794,48.472407],[22.48048,48.537491],[22.342057,48.577392],[22.325642,48.641117]]}},{"type":"Feature","properties":{"id":"road-ne-229-0","name":"50","class":"primary"},"geometry":{"type":"LineString","coordinates":[[28.847065,48.957621],[28.533965,49.289248],[28.368598,49.252258],[27.976909,49.38821],[27.647796,49.381012],[27.440393,49.428806],[27.333138,49.383526],[27.036319,49.438268],[26.70156,49.395981],[26.397665,49.504107],[25.83292,49.555048]]}},{"type":"Feature","properties":{"id":"road-ne-230-0","name":"50","class":"primary"},"geometry":{"type":"LineString","coordinates":[[25.83292,49.555048],[25.619858,49.549252],[25.268706,49.622512],[24.852861,49.806284],[24.490369,49.754209],[24.148329,49.809682]]}},{"type":"Feature","properties":{"id":"road-ne-231-0","name":"471","class":"primary"},"geometry":{"type":"LineString","coordinates":[[24.669748,50.384781],[24.768631,50.516874],[25.097867,50.594293],[25.402538,50.745999]]}},{"type":"Feature","properties":{"id":"road-ne-232-0","name":"40","class":"primary"},"geometry":{"type":"LineString","coordinates":[[25.393858,50.745999],[25.774463,50.779658],[26.289355,50.646001]]}},{"type":"Feature","properties":{"id":"road-ne-233-0","name":"40","class":"primary"},"geometry":{"type":"LineString","coordinates":[[26.282442,50.64767],[27.549613,50.607107]]}},{"type":"Feature","properties":{"id":"road-ne-234-0","name":"40","class":"primary"},"geometry":{"type":"LineString","coordinates":[[27.544812,50.602017],[28.16277,50.456938],[28.332483,50.338472],[28.581753,50.293522],[30.303795,50.464965],[30.662747,50.374952]]}},{"type":"Feature","properties":{"id":"road-ne-235-0","name":null,"class":"primary"},"geometry":{"type":"LineString","coordinates":[[28.783749,45.178261],[28.5713,45.183698],[28.188309,45.336931],[28.007197,45.281793]]}},{"type":"Feature","properties":{"id":"road-ne-236-0","name":"584","class":"primary"},"geometry":{"type":"LineString","coordinates":[[28.02507,45.286857],[27.972178,45.328624],[28.009857,45.428202]]}},{"type":"Feature","properties":{"id":"road-ne-237-0","name":null,"class":"primary"},"geometry":{"type":"LineString","coordinates":[[25.769131,49.001273],[25.695717,48.771367],[25.800083,48.560563],[25.761367,48.453314],[25.78683,48.393264]]}},{"type":"Feature","properties":{"id":"road-ne-238-0","name":null,"class":"primary"},"geometry":{"type":"LineString","coordinates":[[25.613056,49.546761],[25.63317,49.359516],[25.90543,49.120705],[25.810729,48.979325],[25.761168,49.009236]]}},{"type":"Feature","properties":{"id":"road-ne-239-0","name":null,"class":"primary"},"geometry":{"type":"LineString","coordinates":[[28.844884,48.956271],[29.400674,48.812863],[29.92046,48.793986],[30.260791,48.721327]]}},{"type":"Feature","properties":{"id":"road-ne-240-0","name":"87","class":"primary"},"geometry":{"type":"LineString","coordinates":[[27.88754,45.425495],[27.579492,45.601351],[27.417811,45.875157]]}},{"type":"Feature","properties":{"id":"road-ne-241-0","name":null,"class":"primary"},"geometry":{"type":"LineString","coordinates":[[27.411634,45.861285],[27.215361,45.832281]]}},{"type":"Feature","properties":{"id":"road-ne-242-0","name":null,"class":"primary"},"geometry":{"type":"LineString","coordinates":[[23.694056,52.060736],[24.180845,51.881018]]}},{"type":"Feature","properties":{"id":"road-ne-243-0","name":"40????","class":"primary"},"geometry":{"type":"LineString","coordinates":[[24.703092,51.222051],[25.115484,51.045332],[25.259659,50.803447],[25.378632,50.806504],[25.432382,50.683709],[25.759745,50.458397],[25.766185,50.189783],[25.692357,50.109491],[25.770665,50.059784],[25.77287,49.891523],[25.667179,49.57464]]}},{"type":"Feature","properties":{"id":"road-ne-244-0","name":"85","class":"primary"},"geometry":{"type":"LineString","coordinates":[[24.180845,51.881018],[24.333262,51.806286]]}},{"type":"Feature","properties":{"id":"road-ne-245-0","name":"85","class":"primary"},"geometry":{"type":"LineString","coordinates":[[24.333262,51.806286],[24.502654,51.701592]]}},{"type":"Feature","properties":{"id":"road-ne-246-0","name":"85","class":"primary"},"geometry":{"type":"LineString","coordinates":[[24.502654,51.701592],[24.579773,51.61747],[24.585256,51.447818],[24.714328,51.218496]]}},{"type":"Feature","properties":{"id":"road-ne-247-0","name":"951","class":"primary"},"geometry":{"type":"LineString","coordinates":[[20.903434,39.597654],[20.84745,39.671646]]}},{"type":"Feature","properties":{"id":"road-ne-248-0","name":"87","class":"primary"},"geometry":{"type":"LineString","coordinates":[[26.633296,40.881322],[26.669726,40.789632],[26.857809,40.620974],[26.613702,40.389899]]}},{"type":"Feature","properties":{"id":"road-ne-249-0","name":"87","class":"primary"},"geometry":{"type":"LineString","coordinates":[[26.423029,40.26456],[26.378414,40.200357],[26.429545,40.139701]]}},{"type":"Feature","properties":{"id":"road-ne-250-0","name":"96","class":"primary"},"geometry":{"type":"LineString","coordinates":[[27.236618,38.444143],[28.198348,38.509851]]}},{"type":"Feature","properties":{"id":"road-ne-251-0","name":"96","class":"primary"},"geometry":{"type":"LineString","coordinates":[[28.206153,38.511607],[28.650512,38.54057],[29.020536,38.653646],[29.459545,38.685368]]}},{"type":"Feature","properties":{"id":"road-ne-252-0","name":"90","class":"primary"},"geometry":{"type":"LineString","coordinates":[[28.363371,40.188865],[28.314306,40.235562],[28.103291,40.250858],[27.946213,40.349712],[27.758306,40.269367]]}},{"type":"Feature","properties":{"id":"road-ne-253-0","name":"90","class":"primary"},"geometry":{"type":"LineString","coordinates":[[27.597278,40.288752],[27.46536,40.306585],[27.227027,40.248052],[26.974315,40.357674],[26.713355,40.334667]]}},{"type":"Feature","properties":{"id":"road-ne-254-0","name":"87","class":"primary"},"geometry":{"type":"LineString","coordinates":[[26.418251,40.148573],[26.28946,39.950241],[26.425467,39.62863],[26.601527,39.564217],[26.990638,39.573679],[26.978335,39.518371],[26.707755,39.28652],[26.932729,39.100549],[27.079989,39.073277],[27.055278,38.880574],[26.962374,38.778331]]}},{"type":"Feature","properties":{"id":"road-ne-255-0","name":"87","class":"primary"},"geometry":{"type":"LineString","coordinates":[[26.962374,38.778331],[27.075905,38.649767],[27.03744,38.540348]]}},{"type":"Feature","properties":{"id":"road-ne-256-0","name":"871","class":"primary"},"geometry":{"type":"LineString","coordinates":[[21.717126,42.151678],[22.250614,42.164179],[22.592824,42.242377]]}},{"type":"Feature","properties":{"id":"road-ne-257-0","name":"871","class":"primary"},"geometry":{"type":"LineString","coordinates":[[22.592824,42.242377],[22.76053,42.301371],[22.94992,42.489192],[22.977993,42.576985],[23.030827,42.585321]]}},{"type":"Feature","properties":{"id":"road-ne-258-0","name":"55","class":"primary"},"geometry":{"type":"LineString","coordinates":[[20.821477,38.904847],[20.730618,39.002126]]}},{"type":"Feature","properties":{"id":"road-ne-259-0","name":"87","class":"primary"},"geometry":{"type":"LineString","coordinates":[[28.550783,44.298153],[28.53337,44.432083],[28.678303,44.691072],[28.779712,45.199331]]}},{"type":"Feature","properties":{"id":"road-ne-260-0","name":"581","class":"primary"},"geometry":{"type":"LineString","coordinates":[[28.811621,47.034006],[29.018272,46.916543],[29.85313,46.826579],[30.378645,46.547203],[30.601343,46.494258]]}},{"type":"Feature","properties":{"id":"road-ne-261-0","name":"577","class":"primary"},"geometry":{"type":"LineString","coordinates":[[26.060017,44.97476],[26.292814,44.970157],[26.806527,45.1434]]}},{"type":"Feature","properties":{"id":"road-ne-262-0","name":"85","class":"primary"},"geometry":{"type":"LineString","coordinates":[[26.808511,45.13843],[27.036594,45.384527],[27.184,45.683078],[27.213085,45.864925],[27.17361,46.126031],[26.931183,46.410303],[26.924002,46.580028]]}},{"type":"Feature","properties":{"id":"road-ne-263-0","name":"271","class":"primary"},"geometry":{"type":"LineString","coordinates":[[27.75694,53.899623],[27.870944,53.693328],[28.634797,53.335671]]}},{"type":"Feature","properties":{"id":"road-ne-264-0","name":null,"class":"primary"},"geometry":{"type":"LineString","coordinates":[[28.555835,50.882193],[28.698114,50.362395],[28.616812,49.980422],[28.662144,49.687048],[28.497815,49.474738],[28.480694,49.280665]]}},{"type":"Feature","properties":{"id":"road-ne-265-0","name":"583","class":"primary"},"geometry":{"type":"LineString","coordinates":[[28.883309,47.112875],[28.658411,47.170148],[28.573855,47.2973],[28.434837,47.388542],[28.201026,47.427445],[28.019441,47.574606],[27.895649,47.609852],[27.813263,47.700808],[27.855865,47.798612]]}},{"type":"Feature","properties":{"id":"road-ne-266-0","name":"473","class":"primary"},"geometry":{"type":"LineString","coordinates":[[23.819787,49.805701],[23.746312,49.736408],[23.01601,49.462036],[22.982611,49.284835],[23.038064,49.16319],[22.977655,49.061868],[22.872343,48.989542],[22.655846,48.991452],[22.447156,48.863597]]}},{"type":"Feature","properties":{"id":"road-ne-267-0","name":"65","class":"primary"},"geometry":{"type":"LineString","coordinates":[[14.335185,50.064412],[14.639675,50.130742]]}},{"type":"Feature","properties":{"id":"road-ne-268-0","name":"581","class":"primary"},"geometry":{"type":"LineString","coordinates":[[27.409849,45.867188],[27.45262,46.060784],[27.754467,46.351968],[27.856705,46.574282],[28.006975,46.683776],[28.092517,46.678012],[28.178555,46.808589]]}},{"type":"Feature","properties":{"id":"road-ne-269-0","name":"581","class":"primary"},"geometry":{"type":"LineString","coordinates":[[28.178555,46.808589],[28.262662,46.949549],[28.28704,47.110996],[28.386571,47.091408],[28.453388,47.131361],[28.653027,47.006647],[28.732823,47.021161]]}},{"type":"Feature","properties":{"id":"road-ne-270-0","name":"581","class":"primary"},"geometry":{"type":"LineString","coordinates":[[28.747914,47.0579],[28.726861,47.022532]]}},{"type":"Feature","properties":{"id":"road-ne-271-0","name":"581","class":"primary"},"geometry":{"type":"LineString","coordinates":[[28.726861,47.022532],[28.794856,46.987753],[28.871356,47.093741]]}},{"type":"Feature","properties":{"id":"road-ne-272-0","name":"85","class":"primary"},"geometry":{"type":"LineString","coordinates":[[26.920017,46.580028],[26.88021,47.030039]]}},{"type":"Feature","properties":{"id":"road-ne-273-0","name":"85","class":"primary"},"geometry":{"type":"LineString","coordinates":[[26.250994,47.635338],[26.313931,47.425252],[26.560745,47.272899],[26.719328,47.077343],[26.880198,47.030028]]}},{"type":"Feature","properties":{"id":"road-ne-274-0","name":null,"class":"primary"},"geometry":{"type":"LineString","coordinates":[[22.242789,50.928715],[22.346937,50.996217],[22.384411,51.16087],[22.516268,51.278187]]}},{"type":"Feature","properties":{"id":"road-ne-275-0","name":null,"class":"primary"},"geometry":{"type":"LineString","coordinates":[[28.36648,37.040025],[28.358594,37.18942],[28.160594,37.303395]]}},{"type":"Feature","properties":{"id":"road-ne-276-0","name":null,"class":"primary"},"geometry":{"type":"LineString","coordinates":[[28.162507,37.291261],[28.149679,37.443894],[28.042081,37.662037],[27.875442,37.72904],[27.816045,37.834848]]}},{"type":"Feature","properties":{"id":"road-ne-277-0","name":null,"class":"primary"},"geometry":{"type":"LineString","coordinates":[[22.247508,50.926338],[22.397851,50.700296],[22.158647,50.512596]]}},{"type":"Feature","properties":{"id":"road-ne-278-0","name":null,"class":"primary"},"geometry":{"type":"LineString","coordinates":[[22.124256,50.261715],[21.985929,50.050613]]}},{"type":"Feature","properties":{"id":"road-ne-279-0","name":null,"class":"primary"},"geometry":{"type":"LineString","coordinates":[[25.313157,44.662535],[25.456212,44.936189],[25.789216,44.908707],[25.966116,44.971569]]}},{"type":"Feature","properties":{"id":"road-ne-280-0","name":"574","class":"primary"},"geometry":{"type":"LineString","coordinates":[[24.877093,44.883554],[24.802553,44.723576],[24.299031,44.420597],[24.114804,44.340667],[23.774966,44.32823]]}},{"type":"Feature","properties":{"id":"road-ne-281-0","name":"573","class":"primary"},"geometry":{"type":"LineString","coordinates":[[21.819057,47.978131],[21.882992,48.064245],[21.988624,48.084499],[22.17781,48.422735],[22.385306,48.679741]]}},{"type":"Feature","properties":{"id":"road-ne-282-0","name":"77","class":"primary"},"geometry":{"type":"LineString","coordinates":[[23.39369918073298,56.0],[23.337934,55.949646]]}},{"type":"Feature","properties":{"id":"road-ne-283-0","name":"77","class":"primary"},"geometry":{"type":"LineString","coordinates":[[23.337934,55.949646],[23.0941,55.846755],[22.864115,55.559445],[21.952941,55.09923]]}},{"type":"Feature","properties":{"id":"road-ne-284-0","name":"77","class":"primary"},"geometry":{"type":"LineString","coordinates":[[21.96254,55.108937],[21.375223,54.73698]]}},{"type":"Feature","properties":{"id":"road-ne-285-0","name":"28","class":"primary"},"geometry":{"type":"LineString","coordinates":[[20.498533,54.703954],[20.629098,54.771488],[20.985882,54.771541]]}},{"type":"Feature","properties":{"id":"road-ne-286-0","name":"28","class":"primary"},"geometry":{"type":"LineString","coordinates":[[20.985882,54.771541],[21.208085,54.722892],[21.918106,54.714603],[22.310384,54.768423],[22.897891,54.717429]]}},{"type":"Feature","properties":{"id":"road-ne-287-0","name":null,"class":"primary"},"geometry":{"type":"LineString","coordinates":[[20.729098,54.32857],[20.486355,54.452499],[20.44756,54.603965],[20.496541,54.699973]]}},{"type":"Feature","properties":{"id":"road-ne-288-0","name":"262","class":"primary"},"geometry":{"type":"LineString","coordinates":[[26.7012903462359,56.0],[26.389434,55.845542]]}},{"type":"Feature","properties":{"id":"road-ne-289-0","name":"262","class":"primary"},"geometry":{"type":"LineString","coordinates":[[26.397163,55.85286],[26.336238,55.778521],[25.676781,55.518955],[25.108303,55.39798],[24.35278,55.125834],[23.983568,54.939273]]}},{"type":"Feature","properties":{"id":"road-ne-290-0","name":"28","class":"primary"},"geometry":{"type":"LineString","coordinates":[[22.897891,54.717429],[23.301886,54.575457]]}},{"type":"Feature","properties":{"id":"road-ne-291-0","name":null,"class":"primary"},"geometry":{"type":"LineString","coordinates":[[20.272742,53.594077],[20.492457,53.772893],[20.419545,54.044561],[20.82325,54.233356],[20.729098,54.32857]]}},{"type":"Feature","properties":{"id":"road-ne-292-0","name":null,"class":"primary"},"geometry":{"type":"LineString","coordinates":[[26.191259,44.34594],[26.241147,44.428822]]}},{"type":"Feature","properties":{"id":"road-ne-293-0","name":null,"class":"primary"},"geometry":{"type":"LineString","coordinates":[[26.241147,44.428822],[26.145064,44.537354],[25.987939,44.50611]]}},{"type":"Feature","properties":{"id":"road-ne-294-0","name":null,"class":"primary"},"geometry":{"type":"LineString","coordinates":[[20.608048,41.016717],[20.610982,41.158821],[20.728019,41.172996]]}},{"type":"Feature","properties":{"id":"road-ne-295-0","name":"65","class":"primary"},"geometry":{"type":"LineString","coordinates":[[20.731493,41.168049],[20.823551,41.457261],[20.955093,41.541963],[20.823603,41.719114],[20.892809,41.809539]]}},{"type":"Feature","properties":{"id":"road-ne-296-0","name":"67","class":"primary"},"geometry":{"type":"LineString","coordinates":[[23.864679,54.995394],[23.98673,54.924296]]}},{"type":"Feature","properties":{"id":"road-ne-297-0","name":"67","class":"primary"},"geometry":{"type":"LineString","coordinates":[[21.03927,52.234223],[20.921699,52.130898],[20.489546,51.96572]]}},{"type":"Feature","properties":{"id":"road-ne-298-0","name":"67","class":"primary"},"geometry":{"type":"LineString","coordinates":[[20.489546,51.96572],[20.280711,51.818337],[20.18914,51.661],[19.713201,51.435169]]}},{"type":"Feature","properties":{"id":"road-ne-299-0","name":null,"class":"primary"},"geometry":{"type":"LineString","coordinates":[[23.422837,42.618281],[23.247421,42.664855]]}},{"type":"Feature","properties":{"id":"road-ne-300-0","name":null,"class":"primary"},"geometry":{"type":"LineString","coordinates":[[23.247421,42.664855],[23.243242,42.728883],[23.342233,42.807122],[23.458946,42.707294]]}},{"type":"Feature","properties":{"id":"road-ne-301-0","name":null,"class":"primary"},"geometry":{"type":"LineString","coordinates":[[23.458946,42.707294],[23.422837,42.618281]]}},{"type":"Feature","properties":{"id":"road-ne-302-0","name":"762","class":"primary"},"geometry":{"type":"LineString","coordinates":[[19.259345,42.423448],[19.353594,42.314403],[19.460451,42.326823]]}},{"type":"Feature","properties":{"id":"road-ne-303-0","name":null,"class":"primary"},"geometry":{"type":"LineString","coordinates":[[24.125333,49.914297],[24.162947,49.84753],[24.112138,49.778817],[23.981031,49.773865],[23.911536,49.823644]]}},{"type":"Feature","properties":{"id":"road-ne-304-0","name":null,"class":"primary"},"geometry":{"type":"LineString","coordinates":[[23.03996,53.858835],[22.935712,53.813905]]}},{"type":"Feature","properties":{"id":"road-ne-305-0","name":"87","class":"primary"},"geometry":{"type":"LineString","coordinates":[[28.023204,45.429124],[27.88754,45.425495]]}},{"type":"Feature","properties":{"id":"road-ne-306-0","name":null,"class":"primary"},"geometry":{"type":"LineString","coordinates":[[14.270918,46.653028],[14.259248,46.618791],[14.332592,46.591724],[14.447941,46.638287]]}},{"type":"Feature","properties":{"id":"road-ne-307-0","name":"65","class":"primary"},"geometry":{"type":"LineString","coordinates":[[15.282081,45.410445],[15.359249,45.444518]]}},{"type":"Feature","properties":{"id":"road-ne-308-0","name":null,"class":"primary"},"geometry":{"type":"LineString","coordinates":[[15.999552,45.732324],[15.928821,45.75966]]}},{"type":"Feature","properties":{"id":"road-ne-309-0","name":null,"class":"primary"},"geometry":{"type":"LineString","coordinates":[[16.132409,45.812482],[16.213909,45.782912]]}},{"type":"Feature","properties":{"id":"road-ne-310-0","name":"55","class":"primary"},"geometry":{"type":"LineString","coordinates":[[14.043809,50.504547],[14.334412,50.303112],[14.470128,50.156275],[14.447398,50.086454]]}},{"type":"Feature","properties":{"id":"road-ne-311-0","name":"462","class":"primary"},"geometry":{"type":"LineString","coordinates":[[17.781206,49.592464],[17.712902,49.562777]]}},{"type":"Feature","properties":{"id":"road-ne-312-0","name":"442","class":"primary"},"geometry":{"type":"LineString","coordinates":[[17.392245,49.601681],[17.198381,49.57074]]}},{"type":"Feature","properties":{"id":"road-ne-313-0","name":"61","class":"primary"},"geometry":{"type":"LineString","coordinates":[[14.015572,45.731484],[14.0,45.682749569968436]]}},{"type":"Feature","properties":{"id":"road-ne-314-0","name":"66","class":"primary"},"geometry":{"type":"LineString","coordinates":[[14.0,46.62866532572977],[14.260234,46.639757]]}},{"type":"Feature","properties":{"id":"road-ne-315-0","name":"842","class":"primary"},"geometry":{"type":"LineString","coordinates":[[14.573608,40.908658],[14.324799,40.85611]]}},{"type":"Feature","properties":{"id":"road-ne-316-0","name":"30","class":"primary"},"geometry":{"type":"LineString","coordinates":[[25.794466,53.03959],[26.012614,53.159862]]}},{"type":"Feature","properties":{"id":"road-ne-317-0","name":"73","class":"primary"},"geometry":{"type":"LineString","coordinates":[[18.032349,44.122145],[18.244298,43.94809]]}},{"type":"Feature","properties":{"id":"road-ne-318-0","name":"73","class":"primary"},"geometry":{"type":"LineString","coordinates":[[17.942904,44.132464],[18.035473,44.122932]]}},{"type":"Feature","properties":{"id":"road-ne-319-0","name":"79","class":"primary"},"geometry":{"type":"LineString","coordinates":[[23.792907,44.271272],[23.78992,44.325033]]}},{"type":"Feature","properties":{"id":"road-ne-320-0","name":null,"class":"primary"},"geometry":{"type":"LineString","coordinates":[[28.353658,37.046348],[28.704606,36.966786],[28.853984,36.774263],[29.329412,36.619081],[29.350121,36.546326],[29.255094,36.419133],[29.446123,36.23525],[29.596142,36.222008]]}},{"type":"Feature","properties":{"id":"road-ne-321-0","name":"90","class":"primary"},"geometry":{"type":"LineString","coordinates":[[28.750294,40.232167],[28.493323,40.2437],[28.363838,40.199826]]}},{"type":"Feature","properties":{"id":"road-ne-322-0","name":null,"class":"primary"},"geometry":{"type":"LineString","coordinates":[[18.364393,43.828855],[18.248217,43.84978],[18.16292,43.788383]]}},{"type":"Feature","properties":{"id":"road-ne-323-0","name":"73","class":"primary"},"geometry":{"type":"LineString","coordinates":[[18.5089,45.127825],[18.496207,45.071835],[18.353508,44.980961],[18.191725,44.973716],[18.065089,44.890303],[18.027131,44.789658],[18.07372,44.495149],[17.881312,44.25691],[17.942904,44.132464]]}},{"type":"Feature","properties":{"id":"road-ne-324-0","name":"73","class":"primary"},"geometry":{"type":"LineString","coordinates":[[18.170165,43.788406],[18.074694,43.791818],[17.967271,43.66945],[17.773489,43.667367],[17.744117,43.558182],[17.874061,43.41987],[17.841174,43.227791],[17.738785,43.105446]]}},{"type":"Feature","properties":{"id":"road-ne-325-0","name":"73","class":"primary"},"geometry":{"type":"LineString","coordinates":[[17.73649,43.107278],[17.711286,43.05662],[17.563565,43.013849]]}},{"type":"Feature","properties":{"id":"road-ne-326-0","name":"61","class":"primary"},"geometry":{"type":"LineString","coordinates":[[14.452762,46.095371],[14.462863,46.035181]]}},{"type":"Feature","properties":{"id":"road-ne-327-0","name":"87","class":"primary"},"geometry":{"type":"LineString","coordinates":[[26.843838,41.59062],[26.795374,41.369316],[26.684211,41.291474],[26.636493,40.868255]]}},{"type":"Feature","properties":{"id":"road-ne-328-0","name":"85","class":"primary"},"geometry":{"type":"LineString","coordinates":[[25.958293,43.93377],[26.017386,43.867934],[25.953743,43.831072]]}},{"type":"Feature","properties":{"id":"road-ne-329-0","name":"84","class":"primary"},"geometry":{"type":"LineString","coordinates":[[28.192374,41.090394],[28.444631,41.034136]]}},{"type":"Feature","properties":{"id":"road-ne-330-0","name":"84","class":"primary"},"geometry":{"type":"LineString","coordinates":[[28.592603,41.030636],[28.7819,40.997817]]}},{"type":"Feature","properties":{"id":"road-ne-331-0","name":null,"class":"primary"},"geometry":{"type":"LineString","coordinates":[[14.447941,46.638287],[14.270918,46.653028]]}},{"type":"Feature","properties":{"id":"road-ne-332-0","name":"71","class":"primary"},"geometry":{"type":"LineString","coordinates":[[19.314436,47.590648],[19.092222,47.459057]]}},{"type":"Feature","properties":{"id":"road-ne-333-0","name":null,"class":"primary"},"geometry":{"type":"LineString","coordinates":[[14.578645,46.100802],[14.452762,46.095371]]}},{"type":"Feature","properties":{"id":"road-ne-334-0","name":"55","class":"strategic"},"geometry":{"type":"LineString","coordinates":[[14.476338,48.382653],[14.305951,48.298984],[14.304034,48.222729]]}},{"type":"Feature","properties":{"id":"road-ne-335-0","name":null,"class":"strategic"},"geometry":{"type":"LineString","coordinates":[[14.0,53.262859177476834],[14.0,53.28540851380368]]}},{"type":"Feature","properties":{"id":"road-ne-336-0","name":"40","class":"strategic"},"geometry":{"type":"LineString","coordinates":[[14.0,51.151396203208236],[14.236675,51.203775],[14.899402,51.223434],[15.062404,51.182497],[15.630132,51.338904]]}},{"type":"Feature","properties":{"id":"road-ne-337-0","name":"40","class":"strategic"},"geometry":{"type":"LineString","coordinates":[[20.27843,49.987061],[20.091913,49.993232]]}},{"type":"Feature","properties":{"id":"road-ne-338-0","name":"40","class":"strategic"},"geometry":{"type":"LineString","coordinates":[[20.091913,49.993232],[19.859475,49.999311],[19.799636,50.098401]]}},{"type":"Feature","properties":{"id":"road-ne-339-0","name":"80","class":"strategic"},"geometry":{"type":"LineString","coordinates":[[21.815685,43.348369],[21.984036,43.335466]]}},{"type":"Feature","properties":{"id":"road-ne-340-0","name":"57","class":"strategic"},"geometry":{"type":"LineString","coordinates":[[15.446013,46.980297],[15.485013,46.8592],[15.631284,46.731616],[15.686802,46.480438]]}},{"type":"Feature","properties":{"id":"road-ne-341-0","name":"75","class":"strategic"},"geometry":{"type":"LineString","coordinates":[[17.093649,48.103259],[17.236774,48.204493],[17.424991,48.239074],[17.708988,48.382683],[17.806643,48.606006],[17.899547,48.686957],[17.957051,48.887675]]}},{"type":"Feature","properties":{"id":"road-ne-342-0","name":"50","class":"strategic"},"geometry":{"type":"LineString","coordinates":[[17.957051,48.887675],[18.130678,48.992421],[18.365455,49.04419],[18.579573,49.211759]]}},{"type":"Feature","properties":{"id":"road-ne-343-0","name":"57","class":"strategic"},"geometry":{"type":"LineString","coordinates":[[14.0,48.12719454311068],[14.190486,47.773673],[14.32108,47.675269],[14.310813,47.542779]]}},{"type":"Feature","properties":{"id":"road-ne-344-0","name":"57","class":"strategic"},"geometry":{"type":"LineString","coordinates":[[14.310813,47.542779],[14.68478,47.483044],[14.824031,47.3956],[15.014228,47.37726],[15.1145,47.291122],[15.343624,47.223968],[15.433022,46.974271]]}},{"type":"Feature","properties":{"id":"road-ne-345-0","name":"73","class":"strategic"},"geometry":{"type":"LineString","coordinates":[[18.723295,46.303247],[18.722403,46.181595]]}},{"type":"Feature","properties":{"id":"road-ne-346-0","name":"61","class":"strategic"},"geometry":{"type":"LineString","coordinates":[[14.258469,45.483538],[14.321955,45.355458]]}},{"type":"Feature","properties":{"id":"road-ne-347-0","name":null,"class":"primary"},"geometry":{"type":"LineString","coordinates":[[14.309369,45.370765],[14.418131,45.336826]]}},{"type":"Feature","properties":{"id":"road-ne-348-0","name":null,"class":"strategic"},"geometry":{"type":"LineString","coordinates":[[14.418131,45.336826],[14.527763,45.375841],[14.587025,45.349071]]}},{"type":"Feature","properties":{"id":"road-ne-349-0","name":"65","class":"strategic"},"geometry":{"type":"LineString","coordinates":[[14.582685,45.353411],[14.705121,45.321012],[14.808134,45.382829],[15.282081,45.410445]]}},{"type":"Feature","properties":{"id":"road-ne-350-0","name":"73","class":"strategic"},"geometry":{"type":"LineString","coordinates":[[19.076845,47.47007],[18.810418,47.220222],[18.909724,46.996258],[18.864824,46.704776],[18.708819,46.459724],[18.748178,46.371323],[18.723295,46.303247]]}},{"type":"Feature","properties":{"id":"road-ne-351-0","name":null,"class":"strategic"},"geometry":{"type":"LineString","coordinates":[[14.071069,45.343511],[14.21769,45.319268],[14.319969,45.368479]]}},{"type":"Feature","properties":{"id":"road-ne-352-0","name":null,"class":"strategic"},"geometry":{"type":"LineString","coordinates":[[14.077042,45.337538],[14.0,45.266339096495436]]}},{"type":"Feature","properties":{"id":"road-ne-354-0","name":"57","class":"strategic"},"geometry":{"type":"LineString","coordinates":[[15.686802,46.480438],[15.393013,46.270229],[14.990498,46.25578],[14.866455,46.180685],[14.622592,46.148823],[14.587025,46.095272]]}},{"type":"Feature","properties":{"id":"road-ne-355-0","name":"843","class":"strategic"},"geometry":{"type":"LineString","coordinates":[[16.842763,41.090394],[16.962008,40.603567],[17.097844,40.588295],[17.207146,40.51694]]}},{"type":"Feature","properties":{"id":"road-ne-356-0","name":"661","class":"primary"},"geometry":{"type":"LineString","coordinates":[[17.19743,44.810367],[17.171066,44.738428]]}},{"type":"Feature","properties":{"id":"road-ne-357-0","name":null,"class":"strategic"},"geometry":{"type":"LineString","coordinates":[[21.428345,40.317132],[21.598642,40.23257]]}},{"type":"Feature","properties":{"id":"road-ne-358-0","name":"951","class":"strategic"},"geometry":{"type":"LineString","coordinates":[[20.892782,39.178881],[21.027332,39.144078]]}},{"type":"Feature","properties":{"id":"road-ne-359-0","name":"65","class":"strategic"},"geometry":{"type":"LineString","coordinates":[[21.168373,42.555186],[21.167055,42.395004],[21.332524,42.088443]]}},{"type":"Feature","properties":{"id":"road-ne-360-0","name":"79","class":"strategic"},"geometry":{"type":"LineString","coordinates":[[23.120817,42.409506],[23.132837,42.601684]]}},{"type":"Feature","properties":{"id":"road-ne-361-0","name":"79","class":"strategic"},"geometry":{"type":"LineString","coordinates":[[23.445235,41.121486],[23.34718,41.205191],[23.363805,41.311407]]}},{"type":"Feature","properties":{"id":"road-ne-362-0","name":"79","class":"strategic"},"geometry":{"type":"LineString","coordinates":[[22.985688,40.724798],[23.042917,40.873727],[23.195293,41.001375]]}},{"type":"Feature","properties":{"id":"road-ne-363-0","name":"92","class":"strategic"},"geometry":{"type":"LineString","coordinates":[[22.785988,39.384511],[22.911431,39.375457]]}},{"type":"Feature","properties":{"id":"road-ne-364-0","name":"75","class":"strategic"},"geometry":{"type":"LineString","coordinates":[[22.520124,39.561953],[22.794589,39.377254]]}},{"type":"Feature","properties":{"id":"road-ne-365-0","name":"75","class":"strategic"},"geometry":{"type":"LineString","coordinates":[[22.794589,39.377254],[22.817894,39.350286],[22.746008,39.304802],[22.735706,39.219785],[22.885687,39.058787],[22.887884,38.942631],[22.802995,38.883234],[22.453188,38.901954]]}},{"type":"Feature","properties":{"id":"road-ne-366-0","name":"90","class":"strategic"},"geometry":{"type":"LineString","coordinates":[[29.315389,40.224239],[28.972316,40.287334],[28.750294,40.232167]]}},{"type":"Feature","properties":{"id":"road-ne-367-0","name":"80","class":"strategic"},"geometry":{"type":"LineString","coordinates":[[24.236572,42.293041],[23.904186,42.380281]]}},{"type":"Feature","properties":{"id":"road-ne-368-0","name":"773","class":"strategic"},"geometry":{"type":"LineString","coordinates":[[24.236572,42.293041],[24.577381,42.195727],[25.306355,42.215158],[25.658744,42.370486],[25.631671,42.470023],[25.516256,42.589737]]}},{"type":"Feature","properties":{"id":"road-ne-369-0","name":"773","class":"strategic"},"geometry":{"type":"LineString","coordinates":[[26.977856,42.599748],[27.362347,42.60197]]}},{"type":"Feature","properties":{"id":"road-ne-370-0","name":"60","class":"strategic"},"geometry":{"type":"LineString","coordinates":[[23.948206,46.467226],[23.837705,46.532234]]}},{"type":"Feature","properties":{"id":"road-ne-371-0","name":"60","class":"strategic"},"geometry":{"type":"LineString","coordinates":[[23.443458,46.759226],[23.498722,46.656732],[23.849655,46.532234]]}},{"type":"Feature","properties":{"id":"road-ne-372-0","name":"50","class":"strategic"},"geometry":{"type":"LineString","coordinates":[[21.289783,48.72866],[21.327531,48.828725],[21.265124,48.896641],[21.259414,49.014996]]}},{"type":"Feature","properties":{"id":"road-ne-373-0","name":"50","class":"strategic"},"geometry":{"type":"LineString","coordinates":[[19.423306,49.08291],[20.475181,49.024088]]}},{"type":"Feature","properties":{"id":"road-ne-374-0","name":"50","class":"strategic"},"geometry":{"type":"LineString","coordinates":[[20.695652,49.008189],[20.964406,49.030758]]}},{"type":"Feature","properties":{"id":"road-ne-375-0","name":"50","class":"strategic"},"geometry":{"type":"LineString","coordinates":[[21.102335,48.998301],[21.293195,49.018018]]}},{"type":"Feature","properties":{"id":"road-ne-376-0","name":null,"class":"strategic"},"geometry":{"type":"LineString","coordinates":[[18.600958,52.155279],[19.378537,51.920823]]}},{"type":"Feature","properties":{"id":"road-ne-377-0","name":"85","class":"strategic"},"geometry":{"type":"LineString","coordinates":[[21.168817,55.715377],[21.782539,55.674461],[22.650978,55.472538]]}},{"type":"Feature","properties":{"id":"road-ne-378-0","name":"85","class":"strategic"},"geometry":{"type":"LineString","coordinates":[[22.654959,55.468559],[23.527367,55.231271],[23.7765,55.119315],[23.8239,55.056127]]}},{"type":"Feature","properties":{"id":"road-ne-379-0","name":null,"class":"strategic"},"geometry":{"type":"LineString","coordinates":[[27.41189,53.869501],[27.602587,53.821542],[27.757489,53.886526]]}},{"type":"Feature","properties":{"id":"road-ne-380-0","name":"671","class":"primary"},"geometry":{"type":"LineString","coordinates":[[21.317352,46.183567],[21.507252,46.501159],[21.541961,46.700191],[21.897488,47.017089],[21.935846,47.23742],[22.182054,47.424353],[22.156946,47.52795]]}},{"type":"Feature","properties":{"id":"road-ne-381-0","name":"86","class":"primary"},"geometry":{"type":"LineString","coordinates":[[22.734399,40.738647],[22.321795,40.799922],[22.117305,40.742439],[21.937506,40.771997],[21.693972,40.650556],[21.573441,40.783927],[21.429626,40.798306]]}},{"type":"Feature","properties":{"id":"road-ne-382-0","name":"65","class":"primary"},"geometry":{"type":"LineString","coordinates":[[21.41522,40.918516],[21.336401,41.037199]]}},{"type":"Feature","properties":{"id":"road-ne-383-0","name":"65","class":"primary"},"geometry":{"type":"LineString","coordinates":[[21.336401,41.037199],[21.064937,41.058806],[20.901369,41.193635],[20.788442,41.13033],[20.731493,41.168049]]}},{"type":"Feature","properties":{"id":"road-ne-384-0","name":null,"class":"primary"},"geometry":{"type":"LineString","coordinates":[[20.029241,53.68374],[20.19668,53.750604],[20.985987,53.856338],[21.301645,53.859844],[21.527004,53.806742],[21.684397,53.862347],[21.905926,53.792208]]}},{"type":"Feature","properties":{"id":"road-ne-385-0","name":null,"class":"primary"},"geometry":{"type":"LineString","coordinates":[[21.905926,53.792208],[22.571841,53.854171],[22.929914,53.807112]]}},{"type":"Feature","properties":{"id":"road-ne-386-0","name":"372","class":"primary"},"geometry":{"type":"LineString","coordinates":[[22.639302,51.204008],[23.152458,50.994423],[23.189559,50.938104],[23.14421,50.861604]]}},{"type":"Feature","properties":{"id":"road-ne-387-0","name":"372","class":"primary"},"geometry":{"type":"LineString","coordinates":[[23.14421,50.861604],[23.235632,50.763837]]}},{"type":"Feature","properties":{"id":"road-ne-388-0","name":"372","class":"primary"},"geometry":{"type":"LineString","coordinates":[[23.390441,50.582338],[23.43283,50.42442]]}},{"type":"Feature","properties":{"id":"road-ne-389-0","name":"372","class":"primary"},"geometry":{"type":"LineString","coordinates":[[23.646583,50.247741],[24.031572,50.024719],[24.075632,49.97353],[24.061982,49.878327]]}},{"type":"Feature","properties":{"id":"road-ne-390-0","name":"79","class":"primary"},"geometry":{"type":"LineString","coordinates":[[22.840475,43.994707],[22.733367,43.776056]]}},{"type":"Feature","properties":{"id":"road-ne-391-0","name":"79","class":"primary"},"geometry":{"type":"LineString","coordinates":[[22.876196,43.587775],[23.680954,43.141689],[23.677346,43.018428],[23.805387,42.879556]]}},{"type":"Feature","properties":{"id":"road-ne-392-0","name":"80","class":"primary"},"geometry":{"type":"LineString","coordinates":[[21.993895,43.334427],[22.158871,43.345231],[22.344032,43.215174],[22.543554,43.231245],[22.702881,43.018638],[22.855797,42.980907],[23.146388,42.777616]]}},{"type":"Feature","properties":{"id":"road-ne-393-0","name":"92","class":"primary"},"geometry":{"type":"LineString","coordinates":[[21.276891,39.78072],[21.645412,39.701741],[21.812634,39.530931]]}},{"type":"Feature","properties":{"id":"road-ne-394-0","name":"61","class":"primary"},"geometry":{"type":"LineString","coordinates":[[14.0,45.594203517378425],[14.258469,45.483538]]}},{"type":"Feature","properties":{"id":"road-ne-395-0","name":null,"class":"primary"},"geometry":{"type":"LineString","coordinates":[[28.425824,47.851475],[28.993976,47.733498],[29.181382,47.394153],[29.153364,47.198907],[29.522582,46.993254],[29.620036,46.838876]]}},{"type":"Feature","properties":{"id":"road-ne-396-0","name":null,"class":"primary"},"geometry":{"type":"LineString","coordinates":[[36.057755,45.292679],[36.02811,45.364547],[36.065047,45.387869],[36.476815,45.356176]]}},{"type":"Feature","properties":{"id":"road-ne-397-0","name":null,"class":"primary"},"geometry":{"type":"LineString","coordinates":[[21.711149,47.965869],[21.699202,47.888214]]}},{"type":"Feature","properties":{"id":"road-ne-398-0","name":"762","class":"primary"},"geometry":{"type":"LineString","coordinates":[[18.362025,43.828231],[18.475854,43.608741],[18.600078,43.528408],[18.748306,43.505663]]}},{"type":"Feature","properties":{"id":"road-ne-399-0","name":"60","class":"primary"},"geometry":{"type":"LineString","coordinates":[[21.791231,47.105577],[21.904669,47.054027]]}},{"type":"Feature","properties":{"id":"road-ne-400-0","name":"60","class":"primary"},"geometry":{"type":"LineString","coordinates":[[21.904669,47.054027],[22.355868,47.079694],[22.789881,47.231924],[23.030953,47.234351]]}},{"type":"Feature","properties":{"id":"road-ne-401-0","name":"67","class":"primary"},"geometry":{"type":"LineString","coordinates":[[19.65412,51.318811],[19.500962,51.227389]]}},{"type":"Feature","properties":{"id":"road-ne-402-0","name":"58","class":"primary"},"geometry":{"type":"LineString","coordinates":[[22.325642,48.641117],[22.136284,48.774756],[21.786118,48.713219]]}},{"type":"Feature","properties":{"id":"road-ne-403-0","name":"58","class":"primary"},"geometry":{"type":"LineString","coordinates":[[21.621579,48.730089],[21.289783,48.72866]]}},{"type":"Feature","properties":{"id":"road-ne-404-0","name":"87","class":"primary"},"geometry":{"type":"LineString","coordinates":[[28.254098,45.480913],[28.332961,45.356893],[28.443383,45.316024]]}},{"type":"Feature","properties":{"id":"road-ne-405-0","name":"87","class":"primary"},"geometry":{"type":"LineString","coordinates":[[28.792312,45.361216],[28.99278,45.669498],[29.382917,45.739021],[29.674083,45.854203],[29.696927,46.037998],[30.033396,46.170465],[30.053411,46.310649],[30.117742,46.393549],[30.623586,46.492409]]}},{"type":"Feature","properties":{"id":"road-ne-406-0","name":null,"class":"primary"},"geometry":{"type":"LineString","coordinates":[[26.609496,55.942914],[26.895371,55.938271]]}},{"type":"Feature","properties":{"id":"road-ne-407-0","name":"65","class":"primary"},"geometry":{"type":"LineString","coordinates":[[16.215548,51.41854],[16.140716,51.253581]]}},{"type":"Feature","properties":{"id":"road-ne-408-0","name":"65","class":"primary"},"geometry":{"type":"LineString","coordinates":[[16.175764,51.050894],[16.084131,50.910794]]}},{"type":"Feature","properties":{"id":"road-ne-409-0","name":"28","class":"primary"},"geometry":{"type":"LineString","coordinates":[[25.253411,54.688904],[25.116032,54.640238]]}},{"type":"Feature","properties":{"id":"road-ne-410-0","name":"87","class":"primary"},"geometry":{"type":"LineString","coordinates":[[28.575867,45.518959],[28.584034,45.707054],[28.497623,45.70867]]}},{"type":"Feature","properties":{"id":"road-ne-411-0","name":"87","class":"primary"},"geometry":{"type":"LineString","coordinates":[[28.497623,45.70867],[28.316447,45.639887],[28.349487,45.529185],[28.313851,45.482897],[28.023204,45.429124]]}},{"type":"Feature","properties":{"id":"road-ne-412-0","name":"67","class":"primary"},"geometry":{"type":"LineString","coordinates":[[23.195591,53.140833],[22.725847,53.154177],[22.49268,53.11005],[21.492551,52.608059],[21.136905,52.351815],[20.943785,52.302265]]}},{"type":"Feature","properties":{"id":"road-ne-413-0","name":null,"class":"primary"},"geometry":{"type":"LineString","coordinates":[[22.183054,51.394646],[22.651538,51.200345]]}},{"type":"Feature","properties":{"id":"road-ne-414-0","name":"373","class":"primary"},"geometry":{"type":"LineString","coordinates":[[22.835371,51.151927],[23.58165,51.151282],[23.851767,51.199201]]}},{"type":"Feature","properties":{"id":"road-ne-415-0","name":"373","class":"primary"},"geometry":{"type":"LineString","coordinates":[[23.843886,51.203139],[24.686945,51.214955]]}},{"type":"Feature","properties":{"id":"road-ne-416-0","name":"372","class":"primary"},"geometry":{"type":"LineString","coordinates":[[21.269112,52.218986],[21.543833,52.007272],[21.580934,51.872773],[21.688139,51.834835],[22.182622,51.394191]]}},{"type":"Feature","properties":{"id":"road-ne-417-0","name":"671","class":"primary"},"geometry":{"type":"LineString","coordinates":[[21.229791,45.756043],[21.19825,45.983479],[21.327651,46.193869]]}},{"type":"Feature","properties":{"id":"road-ne-418-0","name":"79","class":"primary"},"geometry":{"type":"LineString","coordinates":[[23.485273,44.572933],[23.352908,44.832954],[23.129778,44.92822],[23.236912,44.96234],[23.347818,45.086693],[23.405847,45.349578],[23.358275,45.437139],[23.168448,45.466324],[22.979618,45.562016],[23.031288,45.83931]]}},{"type":"Feature","properties":{"id":"road-ne-419-0","name":null,"class":"primary"},"geometry":{"type":"LineString","coordinates":[[25.291859,43.710733],[25.382372,43.657544],[25.782635,43.773933],[25.928426,43.874036]]}},{"type":"Feature","properties":{"id":"road-ne-420-0","name":"90","class":"primary"},"geometry":{"type":"LineString","coordinates":[[20.63237,39.900902],[20.844012,40.216615],[21.164719,40.192575],[21.428345,40.317132]]}},{"type":"Feature","properties":{"id":"road-ne-421-0","name":"951","class":"primary"},"geometry":{"type":"LineString","coordinates":[[21.027332,39.144078],[21.14954,39.044337]]}},{"type":"Feature","properties":{"id":"road-ne-422-0","name":"442","class":"primary"},"geometry":{"type":"LineString","coordinates":[[17.203546,49.574823],[17.15129,49.649801],[16.876883,49.773112],[16.490328,49.78778]]}},{"type":"Feature","properties":{"id":"road-ne-423-0","name":"442","class":"primary"},"geometry":{"type":"LineString","coordinates":[[16.502275,49.781807],[16.174431,49.924902],[15.833245,50.211897]]}},{"type":"Feature","properties":{"id":"road-ne-424-0","name":null,"class":"primary"},"geometry":{"type":"LineString","coordinates":[[18.527285,53.019433],[18.786294,53.011963],[19.193001,52.867558],[19.572436,52.901042],[20.018703,52.744297],[20.105447,52.655651],[20.402412,52.624153]]}},{"type":"Feature","properties":{"id":"road-ne-425-0","name":"67","class":"primary"},"geometry":{"type":"LineString","coordinates":[[18.366001,51.305044],[18.599334,51.229218],[18.993525,51.348188],[19.268751,51.340894],[19.472293,51.41411]]}},{"type":"Feature","properties":{"id":"road-ne-426-0","name":"75","class":"primary"},"geometry":{"type":"LineString","coordinates":[[19.494988,51.776949],[19.485197,51.666148],[19.582772,51.574725]]}},{"type":"Feature","properties":{"id":"road-ne-427-0","name":null,"class":"primary"},"geometry":{"type":"LineString","coordinates":[[21.733713,38.39065],[21.798756,38.292811]]}},{"type":"Feature","properties":{"id":"road-ne-428-0","name":"371","class":"primary"},"geometry":{"type":"LineString","coordinates":[[21.537067,49.153821],[21.293458,49.016536]]}},{"type":"Feature","properties":{"id":"road-ne-429-0","name":"79","class":"primary"},"geometry":{"type":"LineString","coordinates":[[21.904669,47.054027],[22.135809,46.891897],[22.207082,46.759844],[22.41987,46.620238],[22.5486,46.403267],[22.544041,46.309232],[22.65579,46.18653],[22.765133,46.147499],[22.84611,45.940859]]}},{"type":"Feature","properties":{"id":"road-ne-430-0","name":"661","class":"primary"},"geometry":{"type":"LineString","coordinates":[[17.282917,45.099639],[17.319326,44.997691],[17.281439,44.922841]]}},{"type":"Feature","properties":{"id":"road-ne-431-0","name":"661","class":"primary"},"geometry":{"type":"LineString","coordinates":[[17.171066,44.738428],[17.191605,44.694351],[17.126355,44.648348],[17.11834,44.557334],[17.219095,44.473379]]}},{"type":"Feature","properties":{"id":"road-ne-432-0","name":null,"class":"primary"},"geometry":{"type":"LineString","coordinates":[[17.222476,44.476552],[17.311862,44.389732],[17.257337,44.281959],[17.406055,44.166508]]}},{"type":"Feature","properties":{"id":"road-ne-433-0","name":"661","class":"primary"},"geometry":{"type":"LineString","coordinates":[[17.374403,45.83931],[17.469576,45.963709],[17.449553,46.194289],[17.337217,46.29018],[17.434441,46.536667],[17.380376,46.687544]]}},{"type":"Feature","properties":{"id":"road-ne-434-0","name":"75","class":"primary"},"geometry":{"type":"LineString","coordinates":[[18.383921,53.407709],[18.608513,53.176966],[18.610913,53.019433]]}},{"type":"Feature","properties":{"id":"road-ne-435-0","name":"75","class":"primary"},"geometry":{"type":"LineString","coordinates":[[18.682341,52.961518],[19.180094,52.517795],[19.193794,52.262487]]}},{"type":"Feature","properties":{"id":"road-ne-436-0","name":"75","class":"primary"},"geometry":{"type":"LineString","coordinates":[[19.196577,52.129387],[19.225391,52.024805],[19.365625,51.932624]]}},{"type":"Feature","properties":{"id":"road-ne-437-0","name":"79","class":"primary"},"geometry":{"type":"LineString","coordinates":[[23.774975,44.328218],[23.625165,44.504494],[23.407617,44.578906]]}},{"type":"Feature","properties":{"id":"road-ne-438-0","name":"70","class":"primary"},"geometry":{"type":"LineString","coordinates":[[22.660216,44.63414],[22.408357,44.724095],[22.401019,44.85497],[22.322483,44.995562],[22.302459,45.307851],[21.868916,45.748565],[21.515112,45.798838],[21.229637,45.759928]]}},{"type":"Feature","properties":{"id":"road-ne-439-0","name":"70","class":"primary"},"geometry":{"type":"LineString","coordinates":[[25.294549,43.968969],[24.915664,44.126427],[24.167859,44.124566],[23.78992,44.316073]]}},{"type":"Feature","properties":{"id":"road-ne-440-0","name":null,"class":"primary"},"geometry":{"type":"LineString","coordinates":[[26.904092,46.587979],[26.404986,46.930882],[26.191667,46.942555],[26.157646,46.881986],[26.10455,46.887446],[26.109188,46.991579],[25.996246,47.070839],[25.798841,46.979212],[25.422103,46.987723],[25.366913,46.942421]]}},{"type":"Feature","properties":{"id":"road-ne-441-0","name":null,"class":"primary"},"geometry":{"type":"LineString","coordinates":[[25.362929,46.934452],[25.015825,46.996894],[24.843586,46.963853],[24.578419,46.562101]]}},{"type":"Feature","properties":{"id":"road-ne-442-0","name":"60","class":"primary"},"geometry":{"type":"LineString","coordinates":[[24.584393,46.562101],[24.38434,46.445723],[23.948206,46.467226]]}},{"type":"Feature","properties":{"id":"road-ne-443-0","name":"881","class":"primary"},"geometry":{"type":"LineString","coordinates":[[27.200777,38.444143],[27.28013,38.556414],[27.809022,38.899924],[27.856436,39.040003],[27.828325,39.126461],[27.951475,39.384231],[27.890148,39.521953],[27.923906,39.662592],[28.146442,39.857804],[28.204957,39.99849],[28.376222,40.040252],[28.359632,40.188399]]}},{"type":"Feature","properties":{"id":"road-ne-444-0","name":"65","class":"primary"},"geometry":{"type":"LineString","coordinates":[[20.115895,42.823146],[20.202758,42.856806]]}},{"type":"Feature","properties":{"id":"road-ne-445-0","name":"65","class":"primary"},"geometry":{"type":"LineString","coordinates":[[20.376438,42.943491],[20.575336,42.970599],[20.646344,42.895272]]}},{"type":"Feature","properties":{"id":"road-ne-446-0","name":"65","class":"primary"},"geometry":{"type":"LineString","coordinates":[[20.927541,42.821466],[21.050992,42.772949],[21.168373,42.555186]]}},{"type":"Feature","properties":{"id":"road-ne-447-0","name":null,"class":"primary"},"geometry":{"type":"LineString","coordinates":[[21.332524,42.088443],[21.378822,42.042972]]}},{"type":"Feature","properties":{"id":"road-ne-448-0","name":"70","class":"primary"},"geometry":{"type":"LineString","coordinates":[[20.472606,44.803127],[20.646292,44.876466],[20.855238,45.047533],[21.111077,45.048851],[21.282012,45.110662],[21.183882,45.681725],[21.234933,45.761194]]}},{"type":"Feature","properties":{"id":"road-ne-449-0","name":"761","class":"primary"},"geometry":{"type":"LineString","coordinates":[[19.730882,43.788412],[19.57486,43.845813],[19.449277,43.761467],[19.318578,43.781861],[19.163268,43.692346],[19.066799,43.700431]]}},{"type":"Feature","properties":{"id":"road-ne-450-0","name":"762","class":"primary"},"geometry":{"type":"LineString","coordinates":[[19.066799,43.700431],[19.002926,43.741814]]}},{"type":"Feature","properties":{"id":"road-ne-451-0","name":"762","class":"primary"},"geometry":{"type":"LineString","coordinates":[[18.834808,43.768345],[18.6641,43.773484],[18.536659,43.810941],[18.535883,43.855368]]}},{"type":"Feature","properties":{"id":"road-ne-452-0","name":"65","class":"primary"},"geometry":{"type":"LineString","coordinates":[[19.255282,42.43935],[19.362385,42.56624],[19.386766,42.802169],[19.507279,42.827288],[19.570444,42.969123]]}},{"type":"Feature","properties":{"id":"road-ne-453-0","name":"65","class":"primary"},"geometry":{"type":"LineString","coordinates":[[19.555756,42.979723],[19.835491,42.98208],[19.886791,42.895155],[19.863375,42.81673]]}},{"type":"Feature","properties":{"id":"road-ne-454-0","name":"65","class":"primary"},"geometry":{"type":"LineString","coordinates":[[19.862284,42.812833],[20.115895,42.823146]]}},{"type":"Feature","properties":{"id":"road-ne-455-0","name":"761","class":"primary"},"geometry":{"type":"LineString","coordinates":[[20.553163,43.887861],[20.411165,43.889716]]}},{"type":"Feature","properties":{"id":"road-ne-456-0","name":"761","class":"primary"},"geometry":{"type":"LineString","coordinates":[[20.411165,43.889716],[20.154649,43.927645],[20.038578,43.828231]]}},{"type":"Feature","properties":{"id":"road-ne-457-0","name":"761","class":"primary"},"geometry":{"type":"LineString","coordinates":[[20.040132,43.82861],[19.815896,43.850258],[19.715432,43.788412]]}},{"type":"Feature","properties":{"id":"road-ne-458-0","name":"763","class":"primary"},"geometry":{"type":"LineString","coordinates":[[19.730882,43.788412],[19.695275,43.692632],[19.82453,43.456242],[19.652381,43.461352],[19.625821,43.402271],[19.634297,43.331161],[19.776147,43.179274],[19.730882,43.005478]]}},{"type":"Feature","properties":{"id":"road-ne-459-0","name":"763","class":"primary"},"geometry":{"type":"LineString","coordinates":[[20.437564,44.801144],[20.413192,44.671781],[20.194232,44.350671],[20.280014,44.279905],[20.242811,44.20176],[20.48084,44.126637],[20.487079,44.047791],[20.413977,43.986627],[20.395347,43.891425]]}},{"type":"Feature","properties":{"id":"road-ne-460-0","name":"761","class":"primary"},"geometry":{"type":"LineString","coordinates":[[20.548739,43.884011],[20.705315,43.71246]]}},{"type":"Feature","properties":{"id":"road-ne-461-0","name":"761","class":"primary"},"geometry":{"type":"LineString","coordinates":[[20.703632,43.712501],[21.178859,43.579165],[21.383238,43.622199],[21.460266,43.772475]]}},{"type":"Feature","properties":{"id":"road-ne-462-0","name":"661","class":"primary"},"geometry":{"type":"LineString","coordinates":[[17.406277,44.166742],[17.613027,44.237286],[17.833719,44.118009],[17.953224,44.129023]]}},{"type":"Feature","properties":{"id":"road-ne-463-0","name":"60","class":"primary"},"geometry":{"type":"LineString","coordinates":[[21.113801,47.320733],[21.531055,47.235185],[21.791231,47.105577]]}},{"type":"Feature","properties":{"id":"road-ne-464-0","name":"871","class":"primary"},"geometry":{"type":"LineString","coordinates":[[25.516256,42.589737],[25.890158,42.677415],[26.147444,42.653456]]}},{"type":"Feature","properties":{"id":"road-ne-465-0","name":"773","class":"primary"},"geometry":{"type":"LineString","coordinates":[[26.139475,42.649478],[26.925017,42.645249]]}},{"type":"Feature","properties":{"id":"road-ne-466-0","name":"80","class":"primary"},"geometry":{"type":"LineString","coordinates":[[21.161843,42.811269],[21.201271,42.916552],[21.30586,42.9726],[21.294064,43.144233],[21.405224,43.247368],[21.573759,43.240847]]}},{"type":"Feature","properties":{"id":"road-ne-467-0","name":"80","class":"primary"},"geometry":{"type":"LineString","coordinates":[[21.573759,43.240847],[21.800751,43.348369]]}},{"type":"Feature","properties":{"id":"road-ne-468-0","name":"90","class":"primary"},"geometry":{"type":"LineString","coordinates":[[17.207146,40.51694],[17.740343,40.554554],[17.941884,40.630436]]}},{"type":"Feature","properties":{"id":"road-ne-469-0","name":"55","class":"primary"},"geometry":{"type":"LineString","coordinates":[[16.84736,41.096356],[17.166854,41.003755],[17.466056,40.809635]]}},{"type":"Feature","properties":{"id":"road-ne-470-0","name":"55","class":"primary"},"geometry":{"type":"LineString","coordinates":[[17.466056,40.805656],[17.972792,40.593143],[18.298571,40.132695],[18.473523,40.152558]]}},{"type":"Feature","properties":{"id":"road-ne-471-0","name":"85","class":"primary"},"geometry":{"type":"LineString","coordinates":[[26.280126,41.108495],[26.293619,41.256461],[26.463793,41.331667],[26.525698,41.426134],[26.471009,41.613272],[26.513827,41.669822]]}},{"type":"Feature","properties":{"id":"road-ne-472-0","name":"92","class":"primary"},"geometry":{"type":"LineString","coordinates":[[22.911431,39.375457],[23.192572,39.274456]]}},{"type":"Feature","properties":{"id":"road-ne-473-0","name":"592","class":"primary"},"geometry":{"type":"LineString","coordinates":[[21.612805,38.948622],[21.667704,38.965463],[21.814445,38.887265],[21.956123,38.948167],[22.458703,38.894347]]}},{"type":"Feature","properties":{"id":"road-ne-474-0","name":"92","class":"primary"},"geometry":{"type":"LineString","coordinates":[[21.820807,39.531934],[22.347228,39.618865],[22.459056,39.597386]]}},{"type":"Feature","properties":{"id":"road-ne-475-0","name":"79","class":"primary"},"geometry":{"type":"LineString","coordinates":[[24.405188,40.947031],[24.142163,41.138882],[24.065027,41.132092],[23.914511,41.005173],[23.445235,41.121486]]}},{"type":"Feature","properties":{"id":"road-ne-476-0","name":"79","class":"primary"},"geometry":{"type":"LineString","coordinates":[[23.363805,41.311407],[23.251945,41.587943]]}},{"type":"Feature","properties":{"id":"road-ne-477-0","name":"79","class":"primary"},"geometry":{"type":"LineString","coordinates":[[23.113152,41.983563],[23.075824,42.042201]]}},{"type":"Feature","properties":{"id":"road-ne-478-0","name":"79","class":"primary"},"geometry":{"type":"LineString","coordinates":[[23.05506,42.198124],[23.120158,42.275558],[23.120817,42.409506]]}},{"type":"Feature","properties":{"id":"road-ne-479-0","name":null,"class":"primary"},"geometry":{"type":"LineString","coordinates":[[21.812634,39.530931],[21.908186,39.384371],[22.324974,39.264143]]}},{"type":"Feature","properties":{"id":"road-ne-480-0","name":"762","class":"primary"},"geometry":{"type":"LineString","coordinates":[[18.764237,43.390178],[18.859457,43.32283],[18.819352,43.109897],[18.945676,42.922397],[18.941132,42.711465],[19.259345,42.423448]]}},{"type":"Feature","properties":{"id":"road-ne-482-0","name":null,"class":"primary"},"geometry":{"type":"LineString","coordinates":[[26.895371,55.938271],[27.321232,55.912959],[27.523199,55.80889],[27.909661,55.852449],[28.008252,55.733799],[28.20879,55.671938]]}},{"type":"Feature","properties":{"id":"road-ne-483-0","name":"28","class":"primary"},"geometry":{"type":"LineString","coordinates":[[28.198295,55.674641],[28.281137,55.615928],[29.030861,55.510292],[29.302152,55.374069],[31.665136,54.834274]]}},{"type":"Feature","properties":{"id":"road-ne-484-0","name":null,"class":"primary"},"geometry":{"type":"LineString","coordinates":[[26.50006,55.887616],[26.424731054323722,56.0]]}},{"type":"Feature","properties":{"id":"road-ne-485-0","name":"28","class":"primary"},"geometry":{"type":"LineString","coordinates":[[23.295539,54.581807],[23.443601,54.546506],[23.934864,54.634547],[24.123426,54.578954],[25.112054,54.636251]]}},{"type":"Feature","properties":{"id":"road-ne-486-0","name":"60","class":"primary"},"geometry":{"type":"LineString","coordinates":[[25.968251,44.975145],[25.836478,45.023207],[25.57165,45.338541],[25.567007,45.4888],[25.645683,45.612312]]}},{"type":"Feature","properties":{"id":"road-ne-487-0","name":"271","class":"primary"},"geometry":{"type":"LineString","coordinates":[[29.081781,53.234119],[29.146259,53.182925]]}},{"type":"Feature","properties":{"id":"road-ne-488-0","name":"583","class":"primary"},"geometry":{"type":"LineString","coordinates":[[29.755431,46.850823],[29.692085,46.926414],[29.29657,46.923223],[28.883309,47.112875]]}},{"type":"Feature","properties":{"id":"road-ne-489-0","name":"583","class":"primary"},"geometry":{"type":"LineString","coordinates":[[28.851231,48.943565],[28.927392,48.823673],[28.867914,48.696524],[28.692537,48.599116],[28.704542,48.538477],[28.522024,48.536255],[28.314113,48.303161],[28.255784,48.151473],[28.373294,48.047672],[28.379804,47.902348],[28.571854,47.534017]]}},{"type":"Feature","properties":{"id":"road-ne-490-0","name":"75","class":"primary"},"geometry":{"type":"LineString","coordinates":[[18.610913,49.698178],[18.716703,49.638528],[18.781362,49.460846],[18.841531,49.419335],[18.76802,49.220962]]}},{"type":"Feature","properties":{"id":"road-ne-491-0","name":"65","class":"primary"},"geometry":{"type":"LineString","coordinates":[[14.554921,53.347974],[14.726944,53.133763],[14.853128,53.08797],[14.883795,52.972024],[14.997197,52.932826],[15.159196,52.709693],[15.247844,52.708812]]}},{"type":"Feature","properties":{"id":"road-ne-492-0","name":null,"class":"primary"},"geometry":{"type":"LineString","coordinates":[[15.504704,52.577395],[16.173734,52.559475]]}},{"type":"Feature","properties":{"id":"road-ne-493-0","name":null,"class":"primary"},"geometry":{"type":"LineString","coordinates":[[16.173734,52.559475],[16.906369,52.402088]]}},{"type":"Feature","properties":{"id":"road-ne-494-0","name":"67","class":"primary"},"geometry":{"type":"LineString","coordinates":[[16.980153,51.078052],[17.129829,51.161917],[17.670773,51.291563],[18.37707,51.305317]]}},{"type":"Feature","properties":{"id":"road-ne-495-0","name":null,"class":"primary"},"geometry":{"type":"LineString","coordinates":[[14.566868,52.338456],[15.146467,52.024895]]}},{"type":"Feature","properties":{"id":"road-ne-496-0","name":null,"class":"primary"},"geometry":{"type":"LineString","coordinates":[[15.146467,52.024895],[15.546518,51.944206]]}},{"type":"Feature","properties":{"id":"road-ne-497-0","name":"65","class":"primary"},"geometry":{"type":"LineString","coordinates":[[15.538952,51.940587],[15.651742,51.879105],[15.755188,51.688166],[16.131919,51.472302]]}},{"type":"Feature","properties":{"id":"road-ne-498-0","name":"65","class":"primary"},"geometry":{"type":"LineString","coordinates":[[14.807799,53.581707],[14.735895,53.836423],[14.268182,53.899544]]}},{"type":"Feature","properties":{"id":"road-ne-499-0","name":"73","class":"primary"},"geometry":{"type":"LineString","coordinates":[[18.722403,46.181595],[18.737683,46.124124],[18.654944,46.039877],[18.653387,45.853719],[18.610458,45.799911],[18.676954,45.665823],[18.634711,45.55298]]}},{"type":"Feature","properties":{"id":"road-ne-500-0","name":"73","class":"primary"},"geometry":{"type":"LineString","coordinates":[[18.705809,45.092742],[18.812533,45.26263],[18.728376,45.313644],[18.676286,45.463774],[18.695449,45.54864]]}},{"type":"Feature","properties":{"id":"road-ne-501-0","name":"50","class":"strategic"},"geometry":{"type":"LineString","coordinates":[[18.579573,49.211759],[18.74233,49.2203]]}},{"type":"Feature","properties":{"id":"road-ne-502-0","name":"50","class":"primary"},"geometry":{"type":"LineString","coordinates":[[18.748303,49.2203],[18.968494,49.09467]]}},{"type":"Feature","properties":{"id":"road-ne-503-0","name":"50","class":"primary"},"geometry":{"type":"LineString","coordinates":[[18.968494,49.09467],[19.091318,49.147055],[19.289142,49.08067]]}},{"type":"Feature","properties":{"id":"road-ne-504-0","name":"50","class":"primary"},"geometry":{"type":"LineString","coordinates":[[19.369732,49.08116],[19.42928,49.08291]]}},{"type":"Feature","properties":{"id":"road-ne-505-0","name":"50","class":"primary"},"geometry":{"type":"LineString","coordinates":[[20.475181,49.024088],[20.695652,49.008189]]}},{"type":"Feature","properties":{"id":"road-ne-506-0","name":null,"class":"primary"},"geometry":{"type":"LineString","coordinates":[[21.289783,48.72866],[21.119066,48.614359],[20.939786,48.605311],[20.716813,48.524879],[20.686595,48.480428],[20.747736,48.420682],[20.737017,48.208938]]}},{"type":"Feature","properties":{"id":"road-ne-507-0","name":"473","class":"primary"},"geometry":{"type":"LineString","coordinates":[[22.317498,48.923259],[22.18906,48.998018],[21.867224,48.932307],[21.773661,48.864665]]}},{"type":"Feature","properties":{"id":"road-ne-508-0","name":"473","class":"primary"},"geometry":{"type":"LineString","coordinates":[[21.697009,48.797329],[21.710939,48.721572]]}},{"type":"Feature","properties":{"id":"road-ne-509-0","name":"473","class":"primary"},"geometry":{"type":"LineString","coordinates":[[21.68776,48.549502],[21.612423,48.388516],[21.346236,48.169726]]}},{"type":"Feature","properties":{"id":"road-ne-510-0","name":"79","class":"strategic"},"geometry":{"type":"LineString","coordinates":[[21.270993,47.795794],[21.502162,47.665223],[21.563565,47.508939]]}},{"type":"Feature","properties":{"id":"road-ne-511-0","name":"79","class":"primary"},"geometry":{"type":"LineString","coordinates":[[21.563565,47.508939],[21.464606,47.47182],[21.447561,47.419564],[21.332005,47.426232],[21.118646,47.310956]]}},{"type":"Feature","properties":{"id":"road-ne-512-0","name":"60","class":"primary"},"geometry":{"type":"LineString","coordinates":[[21.121618,47.321912],[20.968763,47.311475],[20.797478,47.226196],[20.529832,47.235518],[20.402975,47.184673]]}},{"type":"Feature","properties":{"id":"road-ne-513-0","name":"60","class":"primary"},"geometry":{"type":"LineString","coordinates":[[20.402975,47.184673],[19.806286,47.198067]]}},{"type":"Feature","properties":{"id":"road-ne-514-0","name":"60","class":"primary"},"geometry":{"type":"LineString","coordinates":[[19.806286,47.198067],[19.444456,47.329822]]}},{"type":"Feature","properties":{"id":"road-ne-515-0","name":"55","class":"primary"},"geometry":{"type":"LineString","coordinates":[[14.688084,49.93021],[14.647804,49.636994]]}},{"type":"Feature","properties":{"id":"road-ne-516-0","name":"55","class":"strategic"},"geometry":{"type":"LineString","coordinates":[[14.6473,49.543565],[14.715195,49.393283]]}},{"type":"Feature","properties":{"id":"road-ne-517-0","name":"55","class":"primary"},"geometry":{"type":"LineString","coordinates":[[14.715195,49.393283],[14.709677,49.236596],[14.471292,49.005254]]}},{"type":"Feature","properties":{"id":"road-ne-518-0","name":"55","class":"primary"},"geometry":{"type":"LineString","coordinates":[[14.489212,49.017201],[14.44507,48.91329]]}},{"type":"Feature","properties":{"id":"road-ne-519-0","name":"55","class":"primary"},"geometry":{"type":"LineString","coordinates":[[14.477557,48.770737],[14.454731,48.676223],[14.508387,48.484803],[14.476338,48.382653]]}},{"type":"Feature","properties":{"id":"road-ne-520-0","name":null,"class":"primary"},"geometry":{"type":"LineString","coordinates":[[14.0,45.785291395001025],[14.035228,45.767629]]}},{"type":"Feature","properties":{"id":"road-ne-521-0","name":"65","class":"primary"},"geometry":{"type":"LineString","coordinates":[[14.632576,50.134242],[14.815315,50.263579],[14.995888,50.533885],[15.08775,50.591388],[15.116428,50.725617]]}},{"type":"Feature","properties":{"id":"road-ne-522-0","name":"65","class":"primary"},"geometry":{"type":"LineString","coordinates":[[15.122401,50.725617],[15.771279,50.915018],[16.060555,50.953113],[16.090105,50.916768]]}},{"type":"Feature","properties":{"id":"road-ne-523-0","name":"79","class":"primary"},"geometry":{"type":"LineString","coordinates":[[23.195293,41.001375],[23.452486,41.119806]]}},{"type":"Feature","properties":{"id":"road-ne-524-0","name":null,"class":"primary"},"geometry":{"type":"LineString","coordinates":[[25.988668,44.370686],[25.723315,44.137359],[25.294403,43.969296]]}},{"type":"Feature","properties":{"id":"road-ne-525-0","name":null,"class":"primary"},"geometry":{"type":"LineString","coordinates":[[25.294403,43.969296],[24.873459,43.777497]]}},{"type":"Feature","properties":{"id":"road-ne-526-0","name":"85","class":"primary"},"geometry":{"type":"LineString","coordinates":[[26.191661,44.502091],[26.340152,44.53099],[26.619185,44.720998],[26.820458,45.158339]]}},{"type":"Feature","properties":{"id":"road-ne-527-0","name":"70","class":"primary"},"geometry":{"type":"LineString","coordinates":[[25.964267,44.979129],[26.097212,44.792341],[26.054178,44.532833]]}},{"type":"Feature","properties":{"id":"road-ne-528-0","name":null,"class":"primary"},"geometry":{"type":"LineString","coordinates":[[22.73948,40.723515],[22.870065,40.696693]]}},{"type":"Feature","properties":{"id":"road-ne-529-0","name":"81","class":"primary"},"geometry":{"type":"LineString","coordinates":[[23.035728,47.225879],[22.756998,47.409402],[22.787778,47.549668],[22.882666,47.58863],[22.871594,47.792136],[22.829421,47.834762],[22.163153,48.010063],[21.887658,47.964341]]}},{"type":"Feature","properties":{"id":"road-ne-530-0","name":"68n","class":"primary"},"geometry":{"type":"LineString","coordinates":[[25.605088,45.657504],[25.4765,45.683189],[25.38404,45.767559],[25.288079,45.748804],[25.129659,45.809519],[24.249878,45.707894]]}},{"type":"Feature","properties":{"id":"road-ne-531-0","name":"81","class":"primary"},"geometry":{"type":"LineString","coordinates":[[23.789917,46.548165],[23.818778,46.406447],[23.695508,46.34446],[23.714234,46.270947],[23.552801,46.034802],[23.563117,45.953506]]}},{"type":"Feature","properties":{"id":"road-ne-532-0","name":null,"class":"primary"},"geometry":{"type":"LineString","coordinates":[[23.563117,45.953506],[23.630022,45.782854],[23.602986,45.698152],[23.654659,45.495363],[23.588732,45.393452],[23.35983,45.445061]]}},{"type":"Feature","properties":{"id":"road-ne-533-0","name":"85","class":"primary"},"geometry":{"type":"LineString","coordinates":[[28.51769,51.005883],[27.637477,50.666678],[27.455881,50.410804],[27.238444,50.255091],[27.047718,50.191813]]}},{"type":"Feature","properties":{"id":"road-ne-534-0","name":"85","class":"primary"},"geometry":{"type":"LineString","coordinates":[[27.225365,49.765695],[27.117603,49.663521],[27.054123,49.467963],[26.870637,49.216044],[26.908421,49.091984],[26.834738,48.870279]]}},{"type":"Feature","properties":{"id":"road-ne-535-0","name":"85","class":"primary"},"geometry":{"type":"LineString","coordinates":[[26.564613,48.683142],[26.473692,48.462619],[26.364811,48.414918],[26.214418,48.249714]]}},{"type":"Feature","properties":{"id":"road-ne-536-0","name":"65","class":"primary"},"geometry":{"type":"LineString","coordinates":[[15.122401,44.973156],[14.933405,44.972607]]}},{"type":"Feature","properties":{"id":"road-ne-537-0","name":"762","class":"primary"},"geometry":{"type":"LineString","coordinates":[[18.756275,43.382215],[18.748306,43.505663]]}},{"type":"Feature","properties":{"id":"road-ne-538-0","name":"60","class":"primary"},"geometry":{"type":"LineString","coordinates":[[23.585051,46.782088],[23.447337,46.752401]]}},{"type":"Feature","properties":{"id":"road-ne-539-0","name":null,"class":"primary"},"geometry":{"type":"LineString","coordinates":[[18.527285,53.019433],[18.68795,52.95155]]}},{"type":"Feature","properties":{"id":"road-ne-540-0","name":null,"class":"primary"},"geometry":{"type":"LineString","coordinates":[[18.535781,43.85566],[18.366018,43.883958]]}},{"type":"Feature","properties":{"id":"road-ne-541-0","name":null,"class":"primary"},"geometry":{"type":"LineString","coordinates":[[23.684976,53.713835],[23.833727,53.676515]]}},{"type":"Feature","properties":{"id":"road-ne-542-0","name":null,"class":"primary"},"geometry":{"type":"LineString","coordinates":[[25.962709,44.966996],[25.958596,44.911117],[26.034023,44.877568],[26.104188,44.930233],[26.060793,44.976662]]}},{"type":"Feature","properties":{"id":"road-ne-543-0","name":"70","class":"primary"},"geometry":{"type":"LineString","coordinates":[[26.815476,43.335967],[26.974012,43.301935]]}},{"type":"Feature","properties":{"id":"road-ne-544-0","name":"45","class":"primary"},"geometry":{"type":"LineString","coordinates":[[14.372677,41.024161],[14.290833,41.094197]]}},{"type":"Feature","properties":{"id":"road-ne-545-0","name":"653","class":"strategic"},"geometry":{"type":"LineString","coordinates":[[16.470165,46.548731],[16.187113,46.647719],[16.086596,46.581807],[15.814902,46.599774],[15.683908,46.562101]]}},{"type":"Feature","properties":{"id":"road-ne-546-0","name":null,"class":"strategic"},"geometry":{"type":"LineString","coordinates":[[17.001061,49.277048],[17.455593,49.344707]]}},{"type":"Feature","properties":{"id":"road-ne-547-0","name":"841","class":"strategic"},"geometry":{"type":"LineString","coordinates":[[14.578896,40.911808],[14.372677,41.024161]]}},{"type":"Feature","properties":{"id":"road-ne-548-0","name":"841","class":"strategic"},"geometry":{"type":"LineString","coordinates":[[14.811961,40.934069],[14.861059,40.83718],[14.775939,40.785747]]}},{"type":"Feature","properties":{"id":"road-ne-549-0","name":"841","class":"strategic"},"geometry":{"type":"LineString","coordinates":[[14.774618,40.774418],[14.654061,40.771688],[14.537966,40.91469]]}},{"type":"Feature","properties":{"id":"road-ne-550-0","name":"45","class":"strategic"},"geometry":{"type":"LineString","coordinates":[[14.955144,36.807409],[15.096501,36.870072],[15.221436,37.061906],[15.145583,37.25451],[15.04628,37.313434],[15.047001,37.449453]]}},{"type":"Feature","properties":{"id":"road-ne-551-0","name":"65","class":"strategic"},"geometry":{"type":"LineString","coordinates":[[21.810747,40.325637],[21.710292,40.510972]]}},{"type":"Feature","properties":{"id":"road-ne-552-0","name":"87","class":"strategic"},"geometry":{"type":"LineString","coordinates":[[21.233271,38.695029],[21.220592,38.585552],[21.37844,38.46442]]}},{"type":"Feature","properties":{"id":"road-ne-553-0","name":null,"class":"strategic"},"geometry":{"type":"LineString","coordinates":[[23.941147,38.013422],[23.587003,38.09281],[23.50926,38.041854]]}},{"type":"Feature","properties":{"id":"road-ne-554-0","name":null,"class":"strategic"},"geometry":{"type":"LineString","coordinates":[[22.868283,40.695048],[22.97529,40.61692],[23.059146,40.364406],[23.320293,40.211184]]}},{"type":"Feature","properties":{"id":"road-ne-555-0","name":"881","class":"strategic"},"geometry":{"type":"LineString","coordinates":[[26.286834,38.294806],[26.420608,38.248686],[26.693189,38.276827],[26.922468,38.361797],[27.233576,38.3634]]}},{"type":"Feature","properties":{"id":"road-ne-556-0","name":"75","class":"strategic"},"geometry":{"type":"LineString","coordinates":[[18.6806,54.054843],[18.640781,54.198206]]}},{"type":"Feature","properties":{"id":"road-ne-557-0","name":"272","class":"strategic"},"geometry":{"type":"LineString","coordinates":[[24.825327,55.257492],[24.94111,54.962228],[25.261776,54.694014]]}},{"type":"Feature","properties":{"id":"road-ne-558-0","name":"272","class":"strategic"},"geometry":{"type":"LineString","coordinates":[[24.257065,55.747819],[24.670297,55.442723],[24.82619,55.246397]]}},{"type":"Feature","properties":{"id":"road-ne-559-0","name":null,"class":"strategic"},"geometry":{"type":"LineString","coordinates":[[15.717833,48.215647],[15.751822,48.357307],[15.640478,48.438019]]}},{"type":"Feature","properties":{"id":"road-ne-560-0","name":null,"class":"strategic"},"geometry":{"type":"LineString","coordinates":[[15.640478,48.438019],[16.490623,48.369406],[16.513857,48.297012],[16.352938,48.15702]]}},{"type":"Feature","properties":{"id":"road-ne-561-0","name":null,"class":"primary"},"geometry":{"type":"LineString","coordinates":[[23.849806,52.410569],[24.139999,52.378579]]}},{"type":"Feature","properties":{"id":"road-ne-562-0","name":null,"class":"primary"},"geometry":{"type":"LineString","coordinates":[[24.407183,47.10171],[24.434962,46.975146],[24.718341,46.749257]]}},{"type":"Feature","properties":{"id":"road-ne-563-0","name":"70","class":"primary"},"geometry":{"type":"LineString","coordinates":[[26.074508,44.413632],[26.087732,44.345135]]}},{"type":"Feature","properties":{"id":"road-ne-564-0","name":"442","class":"primary"},"geometry":{"type":"LineString","coordinates":[[17.916324,49.496769],[18.010153,49.468444]]}},{"type":"Feature","properties":{"id":"road-ne-565-0","name":null,"class":"primary"},"geometry":{"type":"LineString","coordinates":[[26.060519,44.423351],[25.988668,44.370686]]}},{"type":"Feature","properties":{"id":"road-ne-566-0","name":null,"class":"primary"},"geometry":{"type":"LineString","coordinates":[[26.294663,44.320827],[26.094336,44.394382]]}},{"type":"Feature","properties":{"id":"road-ne-567-0","name":"68","class":"primary"},"geometry":{"type":"LineString","coordinates":[[25.979906,44.425328],[26.060519,44.423351]]}},{"type":"Feature","properties":{"id":"road-ne-568-0","name":null,"class":"primary"},"geometry":{"type":"LineString","coordinates":[[26.114368,44.425976],[26.236824,44.445996]]}},{"type":"Feature","properties":{"id":"road-ne-569-0","name":"85","class":"primary"},"geometry":{"type":"LineString","coordinates":[[26.100869,44.443639],[26.191661,44.502091]]}},{"type":"Feature","properties":{"id":"road-ne-570-0","name":"70","class":"primary"},"geometry":{"type":"LineString","coordinates":[[26.054178,44.532833],[26.061289,44.45659]]}},{"type":"Feature","properties":{"id":"road-ne-571-0","name":"442","class":"primary"},"geometry":{"type":"LineString","coordinates":[[14.933227,50.841114],[15.123355,50.728125]]}},{"type":"Feature","properties":{"id":"road-ne-572-0","name":"442","class":"primary"},"geometry":{"type":"LineString","coordinates":[[15.104481,50.624067],[15.312815,50.503554],[15.345126,50.437702],[15.436274,50.429253],[15.833245,50.211897]]}},{"type":"Feature","properties":{"id":"road-ne-573-0","name":"772","class":"primary"},"geometry":{"type":"LineString","coordinates":[[26.812501,43.336422],[26.563563,43.275818],[26.388652,43.119061],[25.920411,43.173511],[25.528203,43.031775]]}},{"type":"Feature","properties":{"id":"road-ne-574-0","name":"772","class":"primary"},"geometry":{"type":"LineString","coordinates":[[25.629752,43.061642],[25.54526,43.098382],[25.077421,43.037982],[24.152371,43.056392]]}},{"type":"Feature","properties":{"id":"road-ne-575-0","name":null,"class":"primary"},"geometry":{"type":"LineString","coordinates":[[24.396742,52.215288],[24.814576,52.232153],[25.409946,52.15807],[25.936943,52.154188],[26.549218,52.329338],[27.204499,52.224881],[27.649091,52.24729]]}},{"type":"Feature","properties":{"id":"road-ne-576-0","name":null,"class":"primary"},"geometry":{"type":"LineString","coordinates":[[27.631217,52.251126],[28.206421,52.282417],[28.592749,52.197362],[28.98627,52.232619],[29.386265,52.126925],[30.03664,52.185421],[30.371586,52.305959]]}},{"type":"Feature","properties":{"id":"road-ne-577-0","name":null,"class":"primary"},"geometry":{"type":"LineString","coordinates":[[44.381157,48.893088],[44.625003,49.014699],[44.936691,49.027728],[45.777832,48.771775]]}},{"type":"Feature","properties":{"id":"road-ne-578-0","name":"371","class":"primary"},"geometry":{"type":"LineString","coordinates":[[21.21941,51.410846],[21.33741,51.378511]]}},{"type":"Feature","properties":{"id":"road-ne-579-0","name":null,"class":"primary"},"geometry":{"type":"LineString","coordinates":[[18.151011,40.359634],[18.015476,40.123192],[18.029062,40.026718],[18.095257,39.981316]]}},{"type":"Feature","properties":{"id":"road-ne-580-0","name":null,"class":"primary"},"geometry":{"type":"LineString","coordinates":[[17.227116,40.510961],[17.556101,40.403631],[17.834399,40.413676],[18.143045,40.359634]]}},{"type":"Feature","properties":{"id":"road-ne-581-0","name":"87","class":"primary"},"geometry":{"type":"LineString","coordinates":[[27.87578,37.846795],[28.923035,37.936432],[29.096505,37.747392],[29.218261,37.730557],[29.225786,37.625776]]}},{"type":"Feature","properties":{"id":"road-ne-582-0","name":null,"class":"primary"},"geometry":{"type":"LineString","coordinates":[[28.634715,53.33526],[28.972754,53.219571],[29.187192,53.251013],[29.314479,53.227554],[29.343226,53.16317],[29.571367,53.114889],[29.990847,53.090269]]}},{"type":"Feature","properties":{"id":"road-ne-583-0","name":"55","class":"primary"},"geometry":{"type":"LineString","coordinates":[[22.11526,37.038695],[22.047029,37.135781]]}},{"type":"Feature","properties":{"id":"road-ne-584-0","name":"65","class":"primary"},"geometry":{"type":"LineString","coordinates":[[22.457006,39.599498],[22.330087,39.70758],[22.12467,40.019945],[21.960755,40.083618],[21.972156,40.231461],[21.810747,40.325637]]}},{"type":"Feature","properties":{"id":"road-ne-585-0","name":"65","class":"primary"},"geometry":{"type":"LineString","coordinates":[[21.710292,40.510972],[21.723096,40.63641]]}},{"type":"Feature","properties":{"id":"road-ne-586-0","name":"90","class":"primary"},"geometry":{"type":"LineString","coordinates":[[20.815127,39.704547],[20.601835,39.727822],[20.392824,39.521883],[20.253818,39.539547],[20.283488,39.43574]]}},{"type":"Feature","properties":{"id":"road-ne-587-0","name":null,"class":"primary"},"geometry":{"type":"LineString","coordinates":[[23.320293,40.211184],[23.418847,40.08465],[23.385266,40.00794]]}},{"type":"Feature","properties":{"id":"road-ne-588-0","name":"371","class":"primary"},"geometry":{"type":"LineString","coordinates":[[21.21535,51.406593],[21.261207,51.275191],[21.22074,51.042053]]}},{"type":"Feature","properties":{"id":"road-ne-589-0","name":"371","class":"primary"},"geometry":{"type":"LineString","coordinates":[[21.22074,51.042053],[21.229079,51.023827]]}},{"type":"Feature","properties":{"id":"road-ne-590-0","name":"371","class":"primary"},"geometry":{"type":"LineString","coordinates":[[21.229079,51.023827],[21.313682,50.96625]]}},{"type":"Feature","properties":{"id":"road-ne-591-0","name":"371","class":"primary"},"geometry":{"type":"LineString","coordinates":[[21.313682,50.96625],[21.420995,50.819092]]}},{"type":"Feature","properties":{"id":"road-ne-592-0","name":"371","class":"primary"},"geometry":{"type":"LineString","coordinates":[[21.515742,50.564123],[21.73798,50.457606],[21.773544,50.251104],[21.94184,50.159618],[21.997876,50.056587]]}},{"type":"Feature","properties":{"id":"road-ne-593-0","name":"442","class":"primary"},"geometry":{"type":"LineString","coordinates":[[18.010153,49.468444],[18.235447,49.456862],[18.49184,49.372402]]}},{"type":"Feature","properties":{"id":"road-ne-594-0","name":"442","class":"primary"},"geometry":{"type":"LineString","coordinates":[[18.49184,49.372402],[18.58253,49.222627]]}},{"type":"Feature","properties":{"id":"road-ne-595-0","name":"50","class":"primary"},"geometry":{"type":"LineString","coordinates":[[16.956388,49.173305],[17.145594,49.169315]]}},{"type":"Feature","properties":{"id":"road-ne-596-0","name":"50","class":"primary"},"geometry":{"type":"LineString","coordinates":[[17.383433,49.065348],[17.852567,48.98176],[17.957027,48.891758]]}},{"type":"Feature","properties":{"id":"road-ne-597-0","name":null,"class":"primary"},"geometry":{"type":"LineString","coordinates":[[20.671764,50.934688],[20.669037,50.86476],[21.083135,50.771048],[21.776373,50.881006],[21.99225,50.857048],[22.248762,50.922741]]}},{"type":"Feature","properties":{"id":"road-ne-598-0","name":"462","class":"primary"},"geometry":{"type":"LineString","coordinates":[[19.805253,50.194059],[19.512454,50.293222],[19.118659,50.313446]]}},{"type":"Feature","properties":{"id":"road-ne-599-0","name":null,"class":"primary"},"geometry":{"type":"LineString","coordinates":[[19.220208,50.432916],[19.052951,50.271632]]}},{"type":"Feature","properties":{"id":"road-ne-600-0","name":null,"class":"primary"},"geometry":{"type":"LineString","coordinates":[[19.106712,50.31942],[18.711724,50.379554]]}},{"type":"Feature","properties":{"id":"road-ne-601-0","name":"442","class":"primary"},"geometry":{"type":"LineString","coordinates":[[14.0,50.69805594932708],[14.195733,50.779273],[14.729053,50.767154],[14.938063,50.836829]]}},{"type":"Feature","properties":{"id":"road-ne-602-0","name":"77","class":"primary"},"geometry":{"type":"LineString","coordinates":[[20.910703,52.129384],[20.850385,52.018677]]}},{"type":"Feature","properties":{"id":"road-ne-603-0","name":"77","class":"primary"},"geometry":{"type":"LineString","coordinates":[[20.850385,52.018677],[20.869128,51.902424]]}},{"type":"Feature","properties":{"id":"road-ne-604-0","name":"77","class":"primary"},"geometry":{"type":"LineString","coordinates":[[20.869128,51.902424],[20.970613,51.638911],[21.161589,51.430487]]}},{"type":"Feature","properties":{"id":"road-ne-605-0","name":"77","class":"primary"},"geometry":{"type":"LineString","coordinates":[[20.675567,50.92861],[20.833252,51.05839],[20.903714,51.261541],[21.155519,51.419812]]}},{"type":"Feature","properties":{"id":"road-ne-606-0","name":"77","class":"primary"},"geometry":{"type":"LineString","coordinates":[[19.942999,49.984905],[19.966161,50.15001],[20.079214,50.22812],[20.032482,50.385738],[20.151587,50.43861],[20.185742,50.555162],[20.440895,50.744966],[20.499793,50.870893],[20.67702,50.92861]]}},{"type":"Feature","properties":{"id":"road-ne-607-0","name":"77","class":"primary"},"geometry":{"type":"LineString","coordinates":[[19.297863,49.064989],[19.308346,49.19934],[19.562622,49.336771]]}},{"type":"Feature","properties":{"id":"road-ne-608-0","name":"77","class":"primary"},"geometry":{"type":"LineString","coordinates":[[19.562622,49.336771],[19.744177,49.544679],[19.917326,49.605327]]}},{"type":"Feature","properties":{"id":"road-ne-609-0","name":"77","class":"primary"},"geometry":{"type":"LineString","coordinates":[[19.947141,49.710688],[19.945776,49.839127]]}},{"type":"Feature","properties":{"id":"road-ne-610-0","name":null,"class":"primary"},"geometry":{"type":"LineString","coordinates":[[22.861166,53.822002],[22.274036,53.568307],[22.151361,53.413974],[22.158839,53.274997],[22.091559,53.195096],[21.612012,53.098762],[21.392513,52.907296],[21.116289,52.779578],[21.065319,52.532655],[20.94692,52.387816],[20.993212,52.319302]]}},{"type":"Feature","properties":{"id":"road-ne-611-0","name":"75","class":"primary"},"geometry":{"type":"LineString","coordinates":[[18.437682,54.536697],[18.640781,54.198206]]}},{"type":"Feature","properties":{"id":"road-ne-612-0","name":"28","class":"primary"},"geometry":{"type":"LineString","coordinates":[[25.312154,54.667215],[25.329083,54.460543],[25.384174,54.397148],[25.361984,54.260481]]}},{"type":"Feature","properties":{"id":"road-ne-613-0","name":"60","class":"primary"},"geometry":{"type":"LineString","coordinates":[[24.578419,46.562101],[24.720954,46.406067],[24.709311,46.31265],[24.770387,46.227143],[24.944388,46.248844],[25.048043,46.11783],[25.503999,45.891164],[25.616276,45.634981],[25.726074,45.617125],[25.931949,45.468873],[26.023821,45.195726],[26.004092,44.979123]]}},{"type":"Feature","properties":{"id":"road-ne-614-0","name":"962","class":"primary"},"geometry":{"type":"LineString","coordinates":[[23.329536,38.342792],[23.361402,38.182039],[23.528589,38.052308]]}},{"type":"Feature","properties":{"id":"road-ne-615-0","name":null,"class":"primary"},"geometry":{"type":"LineString","coordinates":[[22.936045,43.999053],[23.060596,43.915103],[23.617634,43.917717],[24.013465,43.793394],[24.311509,43.766163],[24.452381,43.822532],[24.873459,43.779767]]}},{"type":"Feature","properties":{"id":"road-ne-616-0","name":null,"class":"primary"},"geometry":{"type":"LineString","coordinates":[[24.873459,43.779767],[25.121178,43.752501],[25.184185,43.800872],[25.295237,43.700805]]}},{"type":"Feature","properties":{"id":"road-ne-617-0","name":null,"class":"primary"},"geometry":{"type":"LineString","coordinates":[[15.466877,44.140847],[15.299686,44.098385],[15.56567,43.875634],[15.908914,43.728683]]}},{"type":"Feature","properties":{"id":"road-ne-618-0","name":null,"class":"primary"},"geometry":{"type":"LineString","coordinates":[[15.908497,43.739924],[16.020733,43.78546]]}},{"type":"Feature","properties":{"id":"road-ne-619-0","name":null,"class":"primary"},"geometry":{"type":"LineString","coordinates":[[15.919231,43.716298],[15.969941,43.624339],[15.923792,43.577322],[15.983043,43.536744],[16.153707,43.513713],[16.39099,43.56849],[16.686715,43.448448]]}},{"type":"Feature","properties":{"id":"road-ne-620-0","name":null,"class":"primary"},"geometry":{"type":"LineString","coordinates":[[16.686715,43.453594],[16.904333,43.403169],[17.098687,43.234517],[17.557449,43.013061]]}},{"type":"Feature","properties":{"id":"road-ne-621-0","name":"61","class":"primary"},"geometry":{"type":"LineString","coordinates":[[14.007358,45.733771],[14.037961,45.767395]]}},{"type":"Feature","properties":{"id":"road-ne-622-0","name":null,"class":"primary"},"geometry":{"type":"LineString","coordinates":[[14.933242,44.971161],[14.898157,44.783124],[14.963255,44.655383],[14.922185,44.553997],[14.967648,44.465159],[15.510348,44.215341]]}},{"type":"Feature","properties":{"id":"road-ne-623-0","name":"45","class":"primary"},"geometry":{"type":"LineString","coordinates":[[14.95533,36.80703],[14.730406,36.844183],[14.629274,36.946456],[14.293225,37.054889]]}},{"type":"Feature","properties":{"id":"road-ne-624-0","name":"85","class":"primary"},"geometry":{"type":"LineString","coordinates":[[25.653646,42.362745],[25.679768,42.26763],[25.55807,41.956549]]}},{"type":"Feature","properties":{"id":"road-ne-625-0","name":"85","class":"primary"},"geometry":{"type":"LineString","coordinates":[[25.525496,43.030235],[25.334409,42.867399],[25.312422,42.735084],[25.39895,42.606864]]}},{"type":"Feature","properties":{"id":"road-ne-626-0","name":null,"class":"primary"},"geometry":{"type":"LineString","coordinates":[[24.118986,52.385518],[24.27187,52.330377],[24.3448,52.202437],[24.294434,52.077565],[24.138389,51.911758]]}},{"type":"Feature","properties":{"id":"road-ne-627-0","name":null,"class":"primary"},"geometry":{"type":"LineString","coordinates":[[22.681011,51.296402],[22.559016,51.248389]]}},{"type":"Feature","properties":{"id":"road-ne-628-0","name":"651","class":"primary"},"geometry":{"type":"LineString","coordinates":[[14.0,47.55652824906507],[14.310008,47.547725]]}},{"type":"Feature","properties":{"id":"road-ne-629-0","name":"48","class":"primary"},"geometry":{"type":"LineString","coordinates":[[14.0,50.13120158453995],[14.322693,50.056205]]}},{"type":"Feature","properties":{"id":"road-ne-630-0","name":"851","class":"primary"},"geometry":{"type":"LineString","coordinates":[[20.899686,42.39648],[20.809935,42.325201]]}},{"type":"Feature","properties":{"id":"road-ne-631-0","name":"851","class":"primary"},"geometry":{"type":"LineString","coordinates":[[20.734765,42.223908],[20.54987,42.134977]]}},{"type":"Feature","properties":{"id":"road-ne-632-0","name":"851","class":"primary"},"geometry":{"type":"LineString","coordinates":[[20.560169,42.145279],[20.517909,42.072098],[20.321405,42.056972],[20.103011,41.909087]]}},{"type":"Feature","properties":{"id":"road-ne-633-0","name":"851","class":"primary"},"geometry":{"type":"LineString","coordinates":[[19.817025,41.787144],[19.771171,41.772946],[19.753805,41.688757],[19.664147,41.654824]]}},{"type":"Feature","properties":{"id":"road-ne-634-0","name":"85","class":"primary"},"geometry":{"type":"LineString","coordinates":[[25.355998,54.26299],[25.338533,54.167706],[25.209946,54.040384],[25.335838,53.858392]]}},{"type":"Feature","properties":{"id":"road-ne-635-0","name":"85","class":"primary"},"geometry":{"type":"LineString","coordinates":[[25.335838,53.858392],[25.390906,53.768585],[25.299997,53.641984],[25.407,53.516191],[25.309214,53.353043],[25.348707,53.124718]]}},{"type":"Feature","properties":{"id":"road-ne-636-0","name":"85","class":"primary"},"geometry":{"type":"LineString","coordinates":[[25.348707,53.124718],[24.120001,52.385515]]}},{"type":"Feature","properties":{"id":"road-ne-637-0","name":null,"class":"primary"},"geometry":{"type":"LineString","coordinates":[[24.136907,52.376557],[23.798405,52.315557],[23.660991,52.062766]]}},{"type":"Feature","properties":{"id":"road-ne-638-0","name":"272","class":"primary"},"geometry":{"type":"LineString","coordinates":[[24.261498,55.734029],[24.095752,55.783305],[23.670698,55.776829],[23.416901,55.922106],[23.152744,55.980155]]}},{"type":"Feature","properties":{"id":"road-ne-639-0","name":"272","class":"primary"},"geometry":{"type":"LineString","coordinates":[[23.152744,55.980155],[22.61519927186,56.0]]}},{"type":"Feature","properties":{"id":"road-ne-639-1","name":"272","class":"primary"},"geometry":{"type":"LineString","coordinates":[[22.123451397871154,56.0],[21.279519,55.890955],[21.081037,55.929468]]}},{"type":"Feature","properties":{"id":"road-ne-640-0","name":null,"class":"primary"},"geometry":{"type":"LineString","coordinates":[[23.439941,52.047832],[23.66457,52.163685],[23.80521,52.170971],[23.871157,52.114042]]}},{"type":"Feature","properties":{"id":"road-ne-641-0","name":"86","class":"primary"},"geometry":{"type":"LineString","coordinates":[[21.440356,40.793709],[21.18947,40.773794]]}},{"type":"Feature","properties":{"id":"road-ne-642-0","name":null,"class":"primary"},"geometry":{"type":"LineString","coordinates":[[19.570923,40.757524],[19.612565,40.657008],[19.794616,40.561333],[19.851863,40.392506],[20.031659,40.278596],[20.257663,39.941246]]}},{"type":"Feature","properties":{"id":"road-ne-643-0","name":null,"class":"primary"},"geometry":{"type":"LineString","coordinates":[[20.719552,38.993703],[20.749996,39.176851],[20.904729,39.190828]]}},{"type":"Feature","properties":{"id":"road-ne-644-0","name":null,"class":"primary"},"geometry":{"type":"LineString","coordinates":[[15.241871,52.708812],[15.305809,52.787549],[15.998837,53.016956],[16.606808,53.350602],[16.800949,53.407709]]}},{"type":"Feature","properties":{"id":"road-ne-645-0","name":null,"class":"primary"},"geometry":{"type":"LineString","coordinates":[[16.800949,53.407709],[16.900141,53.487277]]}},{"type":"Feature","properties":{"id":"road-ne-646-0","name":null,"class":"primary"},"geometry":{"type":"LineString","coordinates":[[16.900141,53.487277],[17.14233,53.609171],[17.416617,53.692978],[17.605983,53.684058],[18.681828,54.051798]]}},{"type":"Feature","properties":{"id":"road-ne-647-0","name":null,"class":"primary"},"geometry":{"type":"LineString","coordinates":[[17.288584,52.221051],[17.403165,52.144312],[17.499846,51.9681]]}},{"type":"Feature","properties":{"id":"road-ne-648-0","name":null,"class":"primary"},"geometry":{"type":"LineString","coordinates":[[17.493873,51.9681],[17.8002,51.878626]]}},{"type":"Feature","properties":{"id":"road-ne-649-0","name":null,"class":"primary"},"geometry":{"type":"LineString","coordinates":[[17.8002,51.878626],[17.842569,51.829958],[17.834063,51.591278],[17.946749,51.430916],[17.96212,51.317822],[18.137133,51.205318],[18.259324,50.974312],[18.585427,50.789067],[18.711599,50.54874],[18.987242,50.259685]]}},{"type":"Feature","properties":{"id":"road-ne-650-0","name":null,"class":"primary"},"geometry":{"type":"LineString","coordinates":[[21.085567,44.612134],[21.499234,44.582115],[21.660062,44.464978],[21.833471,44.489024],[21.896,44.380667],[21.936272,44.444176],[22.09939,44.328142],[22.202089,44.33509]]}},{"type":"Feature","properties":{"id":"road-ne-651-0","name":null,"class":"primary"},"geometry":{"type":"LineString","coordinates":[[23.766026,37.900556],[23.784638,37.84235],[24.026549,37.681906],[24.055005,37.780007],[23.951846,37.839736],[23.873549,38.020026]]}},{"type":"Feature","properties":{"id":"road-ne-652-0","name":"85","class":"primary"},"geometry":{"type":"LineString","coordinates":[[21.323905,41.035093],[21.420272,41.220084],[21.552549,41.363051],[21.612409,41.370553]]}},{"type":"Feature","properties":{"id":"road-ne-653-0","name":null,"class":"primary"},"geometry":{"type":"LineString","coordinates":[[21.612409,41.370553],[21.709895,41.371381],[21.818672,41.447245],[21.990864,41.446055]]}},{"type":"Feature","properties":{"id":"road-ne-654-0","name":null,"class":"primary"},"geometry":{"type":"LineString","coordinates":[[25.39503,42.618298],[25.516256,42.595711]]}},{"type":"Feature","properties":{"id":"road-ne-655-0","name":"871","class":"primary"},"geometry":{"type":"LineString","coordinates":[[23.586375,42.660322],[23.787219,42.720343],[23.961996,42.675898],[24.27593,42.745293],[24.948658,42.596143],[25.187259,42.637677]]}},{"type":"Feature","properties":{"id":"road-ne-656-0","name":null,"class":"primary"},"geometry":{"type":"LineString","coordinates":[[23.40669,42.670379],[23.586375,42.660322]]}},{"type":"Feature","properties":{"id":"road-ne-657-0","name":"77","class":"primary"},"geometry":{"type":"LineString","coordinates":[[18.975296,47.458123],[19.13198,47.573253],[19.182708,47.766971],[19.099079,47.852414],[19.153733,47.93074],[19.131236,47.982238],[18.899297,48.103568],[18.866466,48.167567],[19.064667,48.361122],[19.106175,48.566787]]}},{"type":"Feature","properties":{"id":"road-ne-658-0","name":"77","class":"primary"},"geometry":{"type":"LineString","coordinates":[[19.094765,48.56919],[19.106342,48.665507]]}},{"type":"Feature","properties":{"id":"road-ne-659-0","name":"77","class":"primary"},"geometry":{"type":"LineString","coordinates":[[19.110381,48.836562],[19.25492,48.868871],[19.303837,49.08291]]}},{"type":"Feature","properties":{"id":"road-ne-660-0","name":"65","class":"primary"},"geometry":{"type":"LineString","coordinates":[[15.504704,52.583369],[15.557118,52.480431],[15.536,52.337555]]}},{"type":"Feature","properties":{"id":"road-ne-661-0","name":"65","class":"primary"},"geometry":{"type":"LineString","coordinates":[[15.617792,52.084974],[15.641175,52.018233],[15.546518,51.944206]]}},{"type":"Feature","properties":{"id":"road-ne-662-0","name":null,"class":"primary"},"geometry":{"type":"LineString","coordinates":[[14.346666,50.070861],[14.345321,50.016275],[14.428127,49.982053],[14.614655,49.978932]]}},{"type":"Feature","properties":{"id":"road-ne-663-0","name":null,"class":"primary"},"geometry":{"type":"LineString","coordinates":[[14.185796,36.057049],[14.292426,36.02255]]}},{"type":"Feature","properties":{"id":"road-ne-664-0","name":null,"class":"primary"},"geometry":{"type":"LineString","coordinates":[[28.958887,37.905969],[28.702979,38.157311],[28.66243,38.25561]]}},{"type":"Feature","properties":{"id":"road-ne-665-0","name":null,"class":"primary"},"geometry":{"type":"LineString","coordinates":[[27.933292,38.733565],[27.686,39.097072]]}},{"type":"Feature","properties":{"id":"road-ne-666-0","name":null,"class":"primary"},"geometry":{"type":"LineString","coordinates":[[28.262067,36.876361],[28.276027,36.979602],[28.36648,37.040025]]}},{"type":"Feature","properties":{"id":"road-ne-667-0","name":null,"class":"primary"},"geometry":{"type":"LineString","coordinates":[[24.040129,53.143779],[23.867823,53.49508],[23.899998,53.648634],[23.815147,53.717297],[24.034833,53.999083]]}},{"type":"Feature","properties":{"id":"road-ne-668-0","name":null,"class":"primary"},"geometry":{"type":"LineString","coordinates":[[24.047993,54.00179],[24.256726,54.20401],[24.953827,54.407654],[24.993004,54.53975],[25.116032,54.640238]]}},{"type":"Feature","properties":{"id":"road-ne-669-0","name":null,"class":"primary"},"geometry":{"type":"LineString","coordinates":[[23.195591,53.140833],[24.082119,53.136499]]}},{"type":"Feature","properties":{"id":"road-ne-670-0","name":"371","class":"primary"},"geometry":{"type":"LineString","coordinates":[[21.997876,50.068534],[21.865596,49.921956],[21.905605,49.883091],[21.880451,49.800894],[21.936817,49.798228],[21.936887,49.758741],[21.685902,49.569077],[21.710598,49.401108]]}},{"type":"Feature","properties":{"id":"road-ne-671-0","name":"371","class":"primary"},"geometry":{"type":"LineString","coordinates":[[21.537067,49.153821],[21.59898,49.323234],[21.710598,49.401108]]}},{"type":"Feature","properties":{"id":"road-ne-672-0","name":"90","class":"primary"},"geometry":{"type":"LineString","coordinates":[[17.219093,40.510967],[17.050181,40.52744],[16.897134,40.475563],[16.57515,40.105814],[16.585492,39.936252],[16.464678,39.826291],[16.470036,39.728522],[16.562669,39.614408],[16.762757,39.581157],[17.086413,39.3605],[17.077152,38.956841],[16.898703,38.956403],[16.666756,38.87414]]}},{"type":"Feature","properties":{"id":"road-ne-673-0","name":"488","class":"primary"},"geometry":{"type":"LineString","coordinates":[[16.289919,38.877453],[16.66565,38.869566]]}},{"type":"Feature","properties":{"id":"road-ne-674-0","name":"961","class":"primary"},"geometry":{"type":"LineString","coordinates":[[22.416154,37.165818],[22.455224,36.994092],[22.545193,36.95037],[22.535489,36.795462]]}},{"type":"Feature","properties":{"id":"road-ne-675-0","name":"85","class":"primary"},"geometry":{"type":"LineString","coordinates":[[25.599884,41.944602],[25.354995,41.781655],[25.40563,41.509354]]}},{"type":"Feature","properties":{"id":"road-ne-676-0","name":"85","class":"primary"},"geometry":{"type":"LineString","coordinates":[[25.665593,43.449918],[25.607182,43.151011],[25.636787,43.081896]]}},{"type":"Feature","properties":{"id":"road-ne-677-0","name":null,"class":"primary"},"geometry":{"type":"LineString","coordinates":[[22.414488,47.940021],[22.471925,47.993963],[22.762385,48.066706],[22.982838,48.027879]]}},{"type":"Feature","properties":{"id":"road-ne-678-0","name":null,"class":"primary"},"geometry":{"type":"LineString","coordinates":[[21.528532,47.625812],[21.639791,47.468763],[21.526528,47.183145],[21.360356,47.11424],[21.273052,47.019014],[21.180912,47.012691]]}},{"type":"Feature","properties":{"id":"road-ne-679-0","name":null,"class":"primary"},"geometry":{"type":"LineString","coordinates":[[18.515338,47.171396],[18.903614,46.992192]]}},{"type":"Feature","properties":{"id":"road-ne-680-0","name":null,"class":"primary"},"geometry":{"type":"LineString","coordinates":[[19.632378,46.890643],[19.712221,46.944112]]}},{"type":"Feature","properties":{"id":"road-ne-681-0","name":null,"class":"primary"},"geometry":{"type":"LineString","coordinates":[[19.712221,46.944112],[19.884644,47.312671],[19.744209,47.419202]]}},{"type":"Feature","properties":{"id":"road-ne-682-0","name":"653","class":"primary"},"geometry":{"type":"LineString","coordinates":[[16.712817,46.42064],[16.574782,46.530064]]}},{"type":"Feature","properties":{"id":"road-ne-683-0","name":null,"class":"primary"},"geometry":{"type":"LineString","coordinates":[[16.57223,46.526692],[16.470165,46.548731]]}},{"type":"Feature","properties":{"id":"road-ne-684-0","name":"65","class":"primary"},"geometry":{"type":"LineString","coordinates":[[17.225066,47.86432],[17.162018,47.766008],[17.240878,47.708333],[17.271299,47.502487],[17.109724,47.469359],[16.646934,47.24043],[16.603824,46.980245]]}},{"type":"Feature","properties":{"id":"road-ne-685-0","name":"65","class":"primary"},"geometry":{"type":"LineString","coordinates":[[16.591877,47.010112],[16.847561,46.833323],[16.97418,46.478473]]}},{"type":"Feature","properties":{"id":"road-ne-686-0","name":"66","class":"primary"},"geometry":{"type":"LineString","coordinates":[[15.975299,47.084419],[16.432623,46.991002],[16.682066,47.083707],[16.819313,47.063757],[16.925077,47.109865],[17.703881,47.150868],[17.923779,47.083906],[18.159971,47.187899],[18.445514,47.220502],[18.523528,47.168339]]}},{"type":"Feature","properties":{"id":"road-ne-687-0","name":null,"class":"primary"},"geometry":{"type":"LineString","coordinates":[[16.611387,49.155163],[16.528788,48.982481]]}},{"type":"Feature","properties":{"id":"road-ne-688-0","name":"461","class":"primary"},"geometry":{"type":"LineString","coordinates":[[16.528788,48.982481],[16.675252,48.737673]]}},{"type":"Feature","properties":{"id":"road-ne-689-0","name":"461","class":"primary"},"geometry":{"type":"LineString","coordinates":[[16.675252,48.737673],[16.612253,48.526361]]}},{"type":"Feature","properties":{"id":"road-ne-690-0","name":"461","class":"strategic"},"geometry":{"type":"LineString","coordinates":[[16.612253,48.526361],[16.488668,48.378727]]}},{"type":"Feature","properties":{"id":"road-ne-691-0","name":"461","class":"primary"},"geometry":{"type":"LineString","coordinates":[[16.488668,48.378727],[16.358911,48.306357]]}},{"type":"Feature","properties":{"id":"road-ne-692-0","name":"58","class":"primary"},"geometry":{"type":"LineString","coordinates":[[24.411162,47.10171],[24.267892,47.182876],[24.040024,47.203475],[23.889486,47.161444]]}},{"type":"Feature","properties":{"id":"road-ne-693-0","name":"576","class":"primary"},"geometry":{"type":"LineString","coordinates":[[23.879522,47.171396],[23.88906,47.081409],[23.801794,46.997675],[23.726563,46.800107],[23.570888,46.775157]]}},{"type":"Feature","properties":{"id":"road-ne-694-0","name":null,"class":"primary"},"geometry":{"type":"LineString","coordinates":[[19.889238,49.990879],[19.869127,49.9255]]}},{"type":"Feature","properties":{"id":"road-ne-695-0","name":null,"class":"primary"},"geometry":{"type":"LineString","coordinates":[[28.915171,41.096356],[28.949612,41.059698]]}},{"type":"Feature","properties":{"id":"road-ne-696-0","name":"87","class":"primary"},"geometry":{"type":"LineString","coordinates":[[27.091084,41.423771],[27.095068,41.49627]]}},{"type":"Feature","properties":{"id":"road-ne-697-0","name":null,"class":"strategic"},"geometry":{"type":"LineString","coordinates":[[14.349314,40.869469],[14.139151,40.844758]]}},{"type":"Feature","properties":{"id":"road-ne-698-0","name":"49","class":"strategic"},"geometry":{"type":"LineString","coordinates":[[16.131015,47.713303],[15.842967,47.652465],[15.11639,47.376414]]}},{"type":"Feature","properties":{"id":"road-ne-699-0","name":null,"class":"primary"},"geometry":{"type":"LineString","coordinates":[[15.577284,41.516634],[15.502744,41.473152],[15.517246,41.434552],[15.578935,41.415657],[15.637529,41.465697]]}},{"type":"Feature","properties":{"id":"road-ne-700-0","name":null,"class":"primary"},"geometry":{"type":"LineString","coordinates":[[15.013899,40.513848],[14.81178,40.702118]]}},{"type":"Feature","properties":{"id":"road-ne-701-0","name":null,"class":"primary"},"geometry":{"type":"LineString","coordinates":[[21.261703,37.903992],[21.148773,37.920127]]}},{"type":"Feature","properties":{"id":"road-ne-702-0","name":null,"class":"primary"},"geometry":{"type":"LineString","coordinates":[[21.887658,47.964341],[21.719118,47.965776]]}},{"type":"Feature","properties":{"id":"road-ne-703-0","name":null,"class":"primary"},"geometry":{"type":"LineString","coordinates":[[22.792349,49.949064],[23.206788,49.970625],[23.752352,49.902942],[23.922212,49.816458]]}},{"type":"Feature","properties":{"id":"road-ne-704-0","name":"751","class":"primary"},"geometry":{"type":"LineString","coordinates":[[14.0,45.04886838612615],[14.075666,45.051937],[14.111786,45.122644],[14.218037,45.156677],[14.244297,45.329575]]}},{"type":"Feature","properties":{"id":"road-ne-705-0","name":null,"class":"primary"},"geometry":{"type":"LineString","coordinates":[[15.804504,40.125525],[15.788036,39.933038]]}},{"type":"Feature","properties":{"id":"road-ne-706-0","name":null,"class":"primary"},"geometry":{"type":"LineString","coordinates":[[14.139151,40.844758],[14.027262,41.008755]]}},{"type":"Feature","properties":{"id":"road-ne-707-0","name":null,"class":"primary"},"geometry":{"type":"LineString","coordinates":[[14.429478,40.982871],[14.023281,41.006765]]}},{"type":"Feature","properties":{"id":"road-ne-708-0","name":null,"class":"primary"},"geometry":{"type":"LineString","coordinates":[[25.616183,49.532265],[25.661538,49.550393],[25.615495,49.609089],[25.503504,49.611137],[25.518087,49.556203],[25.616183,49.532265]]}},{"type":"Feature","properties":{"id":"road-ne-709-0","name":null,"class":"primary"},"geometry":{"type":"LineString","coordinates":[[15.535668,41.163954],[15.57017,41.416625]]}},{"type":"Feature","properties":{"id":"road-ne-710-0","name":null,"class":"primary"},"geometry":{"type":"LineString","coordinates":[[15.980651,41.287513],[16.255554,41.315321],[16.625787,41.160081]]}},{"type":"Feature","properties":{"id":"road-ne-711-0","name":null,"class":"primary"},"geometry":{"type":"LineString","coordinates":[[15.013899,40.513848],[15.025729,40.338068],[15.14183,40.228282],[15.421933,40.158805],[15.757503,39.966662],[15.854931,39.601813],[16.047138,39.351808],[16.148282,38.995523]]}},{"type":"Feature","properties":{"id":"road-ne-712-0","name":null,"class":"primary"},"geometry":{"type":"LineString","coordinates":[[24.142355,41.132208],[23.948509,40.899564],[23.708383,40.760569],[23.569832,40.621639],[23.115098,40.664037],[22.995646,40.775025]]}},{"type":"Feature","properties":{"id":"road-ne-713-0","name":null,"class":"primary"},"geometry":{"type":"LineString","coordinates":[[26.916039,46.576043],[27.17651,46.701066],[27.333255,46.639838],[27.746149,46.614352],[27.831976,46.532228]]}},{"type":"Feature","properties":{"id":"road-ne-714-0","name":null,"class":"primary"},"geometry":{"type":"LineString","coordinates":[[26.250929,50.639792],[25.724814,50.421827],[25.395806,50.177699],[25.23619,50.146985],[25.079742,49.978284],[24.143289,49.92674]]}},{"type":"Feature","properties":{"id":"road-ne-715-0","name":null,"class":"primary"},"geometry":{"type":"LineString","coordinates":[[34.288025,51.138145],[34.888278,50.886673],[34.995351,50.705806],[34.988082,50.480891],[35.311035,50.232524],[35.879169,50.063978]]}},{"type":"Feature","properties":{"id":"road-ne-716-0","name":null,"class":"primary"},"geometry":{"type":"LineString","coordinates":[[34.394147,45.712671],[34.661402,45.580526],[34.876424,45.411582],[34.976293,45.263535],[35.356029,45.156234],[35.378371,45.070452]]}},{"type":"Feature","properties":{"id":"road-ne-717-0","name":null,"class":"primary"},"geometry":{"type":"LineString","coordinates":[[27.176883,38.47401],[27.133196,38.33326],[27.22785,38.259396]]}},{"type":"Feature","properties":{"id":"road-ne-718-0","name":null,"class":"primary"},"geometry":{"type":"LineString","coordinates":[[27.451751,38.025952],[27.358736,37.893987],[27.554087,37.87441],[27.402627,37.749049]]}},{"type":"Feature","properties":{"id":"road-ne-719-0","name":null,"class":"primary"},"geometry":{"type":"LineString","coordinates":[[27.433818,37.46413],[27.583774,37.443596],[27.831451,37.289423],[28.15056,37.350996]]}},{"type":"Feature","properties":{"id":"road-ne-720-0","name":null,"class":"primary"},"geometry":{"type":"LineString","coordinates":[[21.370952,37.727488],[21.812109,37.63382],[21.892809,37.712566],[22.097906,37.639508],[22.182398,37.646345],[22.194651,37.717816],[22.232131,37.71616],[22.41602,37.589935]]}},{"type":"Feature","properties":{"id":"road-ne-721-0","name":null,"class":"primary"},"geometry":{"type":"LineString","coordinates":[[26.567588,41.669822],[26.832195,41.517918]]}},{"type":"Feature","properties":{"id":"road-ne-722-0","name":"87","class":"primary"},"geometry":{"type":"LineString","coordinates":[[26.832195,41.517918],[27.084872,41.426997]]}},{"type":"Feature","properties":{"id":"road-ne-723-0","name":null,"class":"primary"},"geometry":{"type":"LineString","coordinates":[[27.084872,41.426997],[27.371074,41.400105],[28.066931,41.0665]]}},{"type":"Feature","properties":{"id":"road-ne-724-0","name":null,"class":"primary"},"geometry":{"type":"LineString","coordinates":[[20.616007,41.012739],[20.624501,40.892132],[20.732473,40.853532],[20.709883,40.683754],[20.759175,40.595004],[20.881273,40.706971],[21.02783,40.618757],[21.124634,40.650258]]}},{"type":"Feature","properties":{"id":"road-ne-725-0","name":null,"class":"primary"},"geometry":{"type":"LineString","coordinates":[[27.992479,44.702751],[28.156143,44.72189],[28.724457,45.087025]]}},{"type":"Feature","properties":{"id":"road-ne-726-0","name":null,"class":"primary"},"geometry":{"type":"LineString","coordinates":[[14.0,47.50642575390108],[14.069045,47.535714]]}},{"type":"Feature","properties":{"id":"road-ne-727-0","name":"28","class":"primary"},"geometry":{"type":"LineString","coordinates":[[20.492559,54.69798],[19.745874,54.26789]]}},{"type":"Feature","properties":{"id":"road-ne-728-0","name":"28","class":"primary"},"geometry":{"type":"LineString","coordinates":[[20.079575,54.439126],[19.902865,54.636464],[19.970624,54.731593],[20.14503,54.8024]]}},{"type":"Feature","properties":{"id":"road-ne-729-0","name":null,"class":"primary"},"geometry":{"type":"LineString","coordinates":[[16.311124,40.79172],[15.985966,40.967436],[15.696975,41.055533]]}},{"type":"Feature","properties":{"id":"road-ne-730-0","name":"28","class":"primary"},"geometry":{"type":"LineString","coordinates":[[19.42928,54.136473],[19.748756,54.260248]]}},{"type":"Feature","properties":{"id":"road-ne-731-0","name":"50","class":"primary"},"geometry":{"type":"LineString","coordinates":[[32.156286,48.540484],[32.242732,48.607983]]}},{"type":"Feature","properties":{"id":"road-ne-732-0","name":null,"class":"strategic"},"geometry":{"type":"LineString","coordinates":[[19.378537,51.920823],[19.578617,51.878498]]}},{"type":"Feature","properties":{"id":"road-ne-733-0","name":null,"class":"primary"},"geometry":{"type":"LineString","coordinates":[[15.040727,47.35252],[15.11639,47.376414]]}},{"type":"Feature","properties":{"id":"road-ne-734-0","name":null,"class":"strategic"},"geometry":{"type":"LineString","coordinates":[[18.243089,49.86818],[18.361614,49.65746]]}},{"type":"Feature","properties":{"id":"road-ne-735-0","name":null,"class":"strategic"},"geometry":{"type":"LineString","coordinates":[[18.349378,49.947384],[18.090316,49.746847],[17.774626,49.590655]]}},{"type":"Feature","properties":{"id":"road-ne-736-0","name":"59","class":"strategic"},"geometry":{"type":"LineString","coordinates":[[15.873073,45.763644],[15.833035,45.916732],[15.919902,46.066991],[15.860908,46.238734]]}},{"type":"Feature","properties":{"id":"road-ne-737-0","name":"59","class":"strategic"},"geometry":{"type":"LineString","coordinates":[[15.81921,46.42085],[15.674318,46.468369]]}},{"type":"Feature","properties":{"id":"road-ne-738-0","name":null,"class":"strategic"},"geometry":{"type":"LineString","coordinates":[[15.052674,47.356504],[14.952189,47.347847],[14.773635,47.215801],[14.570808,47.193231]]}},{"type":"Feature","properties":{"id":"road-ne-739-0","name":null,"class":"primary"},"geometry":{"type":"LineString","coordinates":[[16.48327,47.81687],[16.374828,47.755852],[16.204636,47.833192]]}},{"type":"Feature","properties":{"id":"road-ne-740-0","name":null,"class":"primary"},"geometry":{"type":"LineString","coordinates":[[16.327679,48.051691],[16.793024,47.503216],[16.950318,47.250568],[17.319685,46.961741],[17.372256,46.765911]]}},{"type":"Feature","properties":{"id":"road-ne-741-0","name":null,"class":"strategic"},"geometry":{"type":"LineString","coordinates":[[18.223562,46.033209],[18.545365,45.986804],[18.606448,46.119154],[18.712801,46.208073]]}},{"type":"Feature","properties":{"id":"road-ne-742-0","name":null,"class":"strategic"},"geometry":{"type":"LineString","coordinates":[[18.322349,45.162522],[18.405143,45.393364],[18.520783,45.532924],[18.68856,45.540642]]}},{"type":"Feature","properties":{"id":"road-ne-743-0","name":null,"class":"strategic"},"geometry":{"type":"LineString","coordinates":[[19.314436,47.590648],[19.188839,47.624447],[18.997477,47.566883]]}},{"type":"Feature","properties":{"id":"road-ne-744-0","name":null,"class":"strategic"},"geometry":{"type":"LineString","coordinates":[[19.242994,47.354497],[18.964474,47.397093],[18.918244,47.46699]]}},{"type":"Feature","properties":{"id":"road-ne-745-0","name":null,"class":"strategic"},"geometry":{"type":"LineString","coordinates":[[14.781901,41.139442],[14.890494,41.065462]]}},{"type":"Feature","properties":{"id":"road-ne-746-0","name":"847","class":"strategic"},"geometry":{"type":"LineString","coordinates":[[15.845192,40.646361],[15.395093,40.592775]]}},{"type":"Feature","properties":{"id":"road-ne-747-0","name":"90","class":"strategic"},"geometry":{"type":"LineString","coordinates":[[15.670588,38.067837],[15.665988,38.223124]]}},{"type":"Feature","properties":{"id":"road-ne-748-0","name":null,"class":"strategic"},"geometry":{"type":"LineString","coordinates":[[21.202432,40.540764],[21.399338,40.386095],[21.44035,40.30179]]}},{"type":"Feature","properties":{"id":"road-ne-749-0","name":null,"class":"strategic"},"geometry":{"type":"LineString","coordinates":[[20.340956,42.661967],[20.438509,42.640314]]}},{"type":"Feature","properties":{"id":"road-ne-750-0","name":null,"class":"primary"},"geometry":{"type":"LineString","coordinates":[[20.438509,42.640314],[20.555059,42.583811]]}},{"type":"Feature","properties":{"id":"road-ne-751-0","name":null,"class":"strategic"},"geometry":{"type":"LineString","coordinates":[[35.820356,48.535858],[35.340279,48.594344]]}},{"type":"Feature","properties":{"id":"road-ne-752-0","name":null,"class":"strategic"},"geometry":{"type":"LineString","coordinates":[[23.852224,53.681745],[24.155901,53.614377],[24.712659,53.630618]]}},{"type":"Feature","properties":{"id":"road-ne-753-0","name":null,"class":"primary"},"geometry":{"type":"LineString","coordinates":[[17.406055,44.166508],[17.441657,44.060584]]}},{"type":"Feature","properties":{"id":"road-ne-754-0","name":"761","class":"primary"},"geometry":{"type":"LineString","coordinates":[[20.794911,43.94542],[20.553163,43.887861]]}},{"type":"Feature","properties":{"id":"road-ne-755-0","name":null,"class":"primary"},"geometry":{"type":"LineString","coordinates":[[18.556665,44.818277],[18.676525,44.969621],[18.705809,45.092742]]}},{"type":"Feature","properties":{"id":"road-ne-756-0","name":null,"class":"primary"},"geometry":{"type":"LineString","coordinates":[[19.090238,45.045392],[19.00717,45.179124],[18.986122,45.370771]]}},{"type":"Feature","properties":{"id":"road-ne-757-0","name":null,"class":"primary"},"geometry":{"type":"LineString","coordinates":[[20.641896,37.882636],[20.700523,37.895224],[20.970438,37.709405]]}},{"type":"Feature","properties":{"id":"road-ne-758-0","name":null,"class":"primary"},"geometry":{"type":"LineString","coordinates":[[22.541463,36.908958],[22.666311,36.853389],[22.843468,36.849988],[23.025315,36.670019]]}},{"type":"Feature","properties":{"id":"road-ne-759-0","name":null,"class":"primary"},"geometry":{"type":"LineString","coordinates":[[28.180428,45.905019],[28.066931,45.899045]]}},{"type":"Feature","properties":{"id":"road-ne-760-0","name":null,"class":"primary"},"geometry":{"type":"LineString","coordinates":[[20.361143,54.721874],[20.43689,54.79743],[20.580773,54.826728],[20.665073,54.768315],[20.685974,54.63971],[20.509993,54.51102],[20.368674,54.521074],[20.307381,54.572537]]}},{"type":"Feature","properties":{"id":"road-ne-761-0","name":null,"class":"primary"},"geometry":{"type":"LineString","coordinates":[[30.61164,46.48444],[30.642143,46.387115],[30.737106,46.415314],[30.726121,46.462781],[30.618471,46.493412]]}},{"type":"Feature","properties":{"id":"road-ne-762-0","name":null,"class":"primary"},"geometry":{"type":"LineString","coordinates":[[28.214279,46.846839],[28.301659,46.90217]]}},{"type":"Feature","properties":{"id":"road-ne-763-0","name":null,"class":"primary"},"geometry":{"type":"LineString","coordinates":[[27.604984,47.324717],[27.523905,47.248375],[27.608969,47.141529]]}},{"type":"Feature","properties":{"id":"road-ne-764-0","name":null,"class":"primary"},"geometry":{"type":"LineString","coordinates":[[28.44924,47.189317],[27.963341,47.375533],[27.776226,47.205248]]}},{"type":"Feature","properties":{"id":"road-ne-765-0","name":null,"class":"primary"},"geometry":{"type":"LineString","coordinates":[[26.059842,47.997731],[26.295112,47.890465],[26.444204,47.760058],[26.658754,47.73673]]}},{"type":"Feature","properties":{"id":"road-ne-766-0","name":null,"class":"primary"},"geometry":{"type":"LineString","coordinates":[[26.658754,47.73673],[27.158198,47.78093],[27.194803,47.822505]]}},{"type":"Feature","properties":{"id":"road-ne-767-0","name":null,"class":"primary"},"geometry":{"type":"LineString","coordinates":[[26.266919,47.663217],[26.315436,47.8695]]}},{"type":"Feature","properties":{"id":"road-ne-768-0","name":null,"class":"primary"},"geometry":{"type":"LineString","coordinates":[[26.315436,47.8695],[26.404134,47.932192],[26.527156,48.178908],[26.804532,48.264543]]}},{"type":"Feature","properties":{"id":"road-ne-769-0","name":null,"class":"primary"},"geometry":{"type":"LineString","coordinates":[[28.397462,49.252159],[28.105905,49.153118],[28.011058,48.949661],[27.861476,48.863533],[27.789462,48.748383],[27.772242,48.411873]]}},{"type":"Feature","properties":{"id":"road-ne-770-0","name":null,"class":"primary"},"geometry":{"type":"LineString","coordinates":[[27.340879,44.21191],[27.598048,44.27112],[27.861126,44.434948],[27.869427,44.578801],[27.768257,44.680467]]}},{"type":"Feature","properties":{"id":"road-ne-771-0","name":null,"class":"primary"},"geometry":{"type":"LineString","coordinates":[[28.449234,45.014982],[28.455604,44.927118],[28.565519,44.896276],[28.688173,44.784011]]}},{"type":"Feature","properties":{"id":"road-ne-772-0","name":null,"class":"primary"},"geometry":{"type":"LineString","coordinates":[[28.114113,45.29353],[28.236201,45.113883],[28.36585,45.027226],[28.612507,45.050823]]}},{"type":"Feature","properties":{"id":"road-ne-773-0","name":null,"class":"primary"},"geometry":{"type":"LineString","coordinates":[[28.086841,46.671619],[28.167215,46.627996],[28.187136,46.468177],[28.007424,46.073845],[28.074602,45.736898],[28.015159,45.417188]]}},{"type":"Feature","properties":{"id":"road-ne-774-0","name":null,"class":"primary"},"geometry":{"type":"LineString","coordinates":[[21.918226,45.691957],[21.83887,45.476946],[21.930342,45.370742],[21.886381,45.318317],[21.862478,45.038858]]}},{"type":"Feature","properties":{"id":"road-ne-775-0","name":null,"class":"primary"},"geometry":{"type":"LineString","coordinates":[[21.723096,44.644614],[21.587296,44.80612],[21.55807,44.914337],[21.737102,45.054457],[21.894772,45.033719],[22.034443,44.927468],[22.217521,44.996233],[22.336369,44.943283]]}},{"type":"Feature","properties":{"id":"road-ne-776-0","name":null,"class":"primary"},"geometry":{"type":"LineString","coordinates":[[21.261143,45.253903],[21.437095,45.260052],[21.687249,45.034874]]}},{"type":"Feature","properties":{"id":"road-ne-777-0","name":null,"class":"primary"},"geometry":{"type":"LineString","coordinates":[[26.159099,50.588057],[26.313126,50.584846],[26.339785,50.720518],[26.451339,50.821414]]}},{"type":"Feature","properties":{"id":"road-ne-778-0","name":null,"class":"primary"},"geometry":{"type":"LineString","coordinates":[[26.566766,51.050454],[26.622604,51.337286]]}},{"type":"Feature","properties":{"id":"road-ne-779-0","name":null,"class":"primary"},"geometry":{"type":"LineString","coordinates":[[24.335093,50.843905],[25.327333,50.73409]]}},{"type":"Feature","properties":{"id":"road-ne-780-0","name":null,"class":"primary"},"geometry":{"type":"LineString","coordinates":[[23.872577,49.28644],[24.196373,49.396296],[24.760336,49.375106],[24.846398,49.44082],[25.200379,49.453586],[25.517819,49.57216]]}},{"type":"Feature","properties":{"id":"road-ne-781-0","name":null,"class":"primary"},"geometry":{"type":"LineString","coordinates":[[38.000665,48.619743],[38.023969,48.488945],[37.963009,48.433469],[38.02348,48.367919]]}},{"type":"Feature","properties":{"id":"road-ne-782-0","name":null,"class":"primary"},"geometry":{"type":"LineString","coordinates":[[37.702241,48.499107],[38.024488,48.635371]]}},{"type":"Feature","properties":{"id":"road-ne-783-0","name":null,"class":"primary"},"geometry":{"type":"LineString","coordinates":[[37.62605,48.848322],[37.531181,48.643696],[37.705905,48.496529]]}},{"type":"Feature","properties":{"id":"road-ne-784-0","name":null,"class":"primary"},"geometry":{"type":"LineString","coordinates":[[37.556206,48.918164],[37.695895,48.83562]]}},{"type":"Feature","properties":{"id":"road-ne-785-0","name":null,"class":"primary"},"geometry":{"type":"LineString","coordinates":[[35.092648,47.857821],[35.73132,47.637963],[35.825128,47.517391],[35.735683,47.303653],[35.758591,47.223921],[36.253031,46.939451],[36.679995,46.816523]]}},{"type":"Feature","properties":{"id":"road-ne-786-0","name":null,"class":"primary"},"geometry":{"type":"LineString","coordinates":[[37.791132,48.105447],[37.938235,47.978679],[37.768142,47.896847],[37.230535,47.990685],[36.836974,47.981975],[36.530395,48.061328],[36.248924,48.0057]]}},{"type":"Feature","properties":{"id":"road-ne-787-0","name":null,"class":"primary"},"geometry":{"type":"LineString","coordinates":[[35.378861,47.917264],[35.13396,47.879306]]}},{"type":"Feature","properties":{"id":"road-ne-788-0","name":null,"class":"primary"},"geometry":{"type":"LineString","coordinates":[[37.378425,47.711786],[37.540205,47.700633],[37.678213,47.756191],[38.118442,47.724351],[38.406237,47.789576],[38.639267,47.708111],[38.946714,47.445115]]}},{"type":"Feature","properties":{"id":"road-ne-789-0","name":null,"class":"primary"},"geometry":{"type":"LineString","coordinates":[[37.518114,47.59115],[37.398813,47.649665],[37.360318,47.736736],[36.88195,47.843249],[36.856043,47.885495],[36.933967,47.972111]]}},{"type":"Feature","properties":{"id":"road-ne-790-0","name":null,"class":"primary"},"geometry":{"type":"LineString","coordinates":[[37.302234,47.064154],[37.355243,47.258828],[37.530807,47.368918]]}},{"type":"Feature","properties":{"id":"road-ne-791-0","name":null,"class":"primary"},"geometry":{"type":"LineString","coordinates":[[35.814534,37.416704],[35.890008,37.332807]]}},{"type":"Feature","properties":{"id":"road-ne-792-0","name":null,"class":"primary"},"geometry":{"type":"LineString","coordinates":[[33.453668,40.03275],[33.431116,39.917603]]}},{"type":"Feature","properties":{"id":"road-ne-793-0","name":null,"class":"primary"},"geometry":{"type":"LineString","coordinates":[[43.296306,40.07604],[43.281384,40.152558]]}},{"type":"Feature","properties":{"id":"road-ne-794-0","name":null,"class":"primary"},"geometry":{"type":"LineString","coordinates":[[37.630472,37.793033],[37.962549,37.736571]]}},{"type":"Feature","properties":{"id":"road-ne-795-0","name":null,"class":"primary"},"geometry":{"type":"LineString","coordinates":[[38.538424,37.359519],[38.890876,37.506306]]}},{"type":"Feature","properties":{"id":"road-ne-796-0","name":null,"class":"primary"},"geometry":{"type":"LineString","coordinates":[[37.238159,38.886489],[37.26609,38.718923]]}},{"type":"Feature","properties":{"id":"road-ne-797-0","name":null,"class":"primary"},"geometry":{"type":"LineString","coordinates":[[37.439717,38.217139],[37.666313,38.33662]]}},{"type":"Feature","properties":{"id":"road-ne-798-0","name":null,"class":"primary"},"geometry":{"type":"LineString","coordinates":[[35.664684,37.244033],[35.796672,37.374569],[35.845831,37.589678]]}},{"type":"Feature","properties":{"id":"road-ne-799-0","name":null,"class":"primary"},"geometry":{"type":"LineString","coordinates":[[34.396235,39.555822],[34.482448,39.656759]]}},{"type":"Feature","properties":{"id":"road-ne-800-0","name":null,"class":"primary"},"geometry":{"type":"LineString","coordinates":[[34.016517,39.346138],[33.940635,39.461302],[33.792908,39.490762],[33.45501,39.806096]]}},{"type":"Feature","properties":{"id":"road-ne-801-0","name":null,"class":"primary"},"geometry":{"type":"LineString","coordinates":[[33.426309,39.715199],[33.490851,39.853884]]}},{"type":"Feature","properties":{"id":"road-ne-802-0","name":null,"class":"primary"},"geometry":{"type":"LineString","coordinates":[[34.434661,39.035517],[34.550513,38.94917]]}},{"type":"Feature","properties":{"id":"road-ne-803-0","name":null,"class":"primary"},"geometry":{"type":"LineString","coordinates":[[34.578024,37.781086],[34.512316,37.518253]]}},{"type":"Feature","properties":{"id":"road-ne-804-0","name":null,"class":"primary"},"geometry":{"type":"LineString","coordinates":[[34.201695,37.816927],[34.46353,37.849711],[34.661653,37.936397]]}},{"type":"Feature","properties":{"id":"road-ne-805-0","name":null,"class":"primary"},"geometry":{"type":"LineString","coordinates":[[35.22316,38.671135],[34.990719,38.741177],[34.924317,38.715586]]}},{"type":"Feature","properties":{"id":"road-ne-806-0","name":null,"class":"primary"},"geometry":{"type":"LineString","coordinates":[[33.993918,38.375938],[33.744164,38.270562],[33.391746,38.233257],[33.037082,38.067055],[32.523147,37.94237]]}},{"type":"Feature","properties":{"id":"road-ne-807-0","name":null,"class":"primary"},"geometry":{"type":"LineString","coordinates":[[28.520916,41.078447],[28.389546,41.251544]]}},{"type":"Feature","properties":{"id":"road-ne-808-0","name":null,"class":"primary"},"geometry":{"type":"LineString","coordinates":[[27.35215,41.687229],[27.198163,41.734824],[26.886697,41.65263],[26.840379,41.59415]]}},{"type":"Feature","properties":{"id":"road-ne-809-0","name":null,"class":"primary"},"geometry":{"type":"LineString","coordinates":[[26.62188,42.769187],[26.667212,42.654151],[26.573328,42.543787],[26.585263,42.437729]]}},{"type":"Feature","properties":{"id":"road-ne-810-0","name":null,"class":"primary"},"geometry":{"type":"LineString","coordinates":[[26.561533,42.121578],[26.620031,41.946072]]}},{"type":"Feature","properties":{"id":"road-ne-811-0","name":null,"class":"primary"},"geometry":{"type":"LineString","coordinates":[[21.810379,48.8805],[21.910164,48.733]]}},{"type":"Feature","properties":{"id":"road-ne-812-0","name":null,"class":"primary"},"geometry":{"type":"LineString","coordinates":[[30.453546,53.801168],[30.34603,53.872847]]}},{"type":"Feature","properties":{"id":"road-ne-813-0","name":null,"class":"primary"},"geometry":{"type":"LineString","coordinates":[[30.471467,53.980364],[30.35499,53.953483]]}},{"type":"Feature","properties":{"id":"road-ne-814-0","name":null,"class":"primary"},"geometry":{"type":"LineString","coordinates":[[18.688568,50.289553],[18.793309,50.395013],[18.986586,50.455807]]}},{"type":"Feature","properties":{"id":"road-ne-815-0","name":null,"class":"primary"},"geometry":{"type":"LineString","coordinates":[[14.692311,55.116124],[14.85358,55.071256]]}},{"type":"Feature","properties":{"id":"road-ne-816-0","name":null,"class":"primary"},"geometry":{"type":"LineString","coordinates":[[16.896525,52.368323],[16.937134,52.455073],[16.9921,52.350403]]}},{"type":"Feature","properties":{"id":"road-ne-817-0","name":null,"class":"strategic"},"geometry":{"type":"LineString","coordinates":[[15.988556,48.151047],[15.997563,48.08965],[16.157823,48.052893],[16.353667,48.154244]]}},{"type":"Feature","properties":{"id":"road-ne-818-0","name":"59","class":"strategic"},"geometry":{"type":"LineString","coordinates":[[16.335018,48.1391],[16.379101,48.227804],[16.36345,48.324739],[16.184388,48.40013]]}},{"type":"Feature","properties":{"id":"road-ne-819-0","name":"59","class":"primary"},"geometry":{"type":"LineString","coordinates":[[16.184388,48.40013],[16.078158,48.622952]]}},{"type":"Feature","properties":{"id":"road-ne-820-0","name":"97","class":"primary"},"geometry":{"type":"LineString","coordinates":[[32.876726,46.613348],[33.122397,46.399225],[33.1775,46.263585],[33.321143,46.292583],[33.676075,46.102727],[33.808694,45.931246],[34.395786,45.713879]]}},{"type":"Feature","properties":{"id":"road-ne-821-0","name":null,"class":"primary"},"geometry":{"type":"LineString","coordinates":[[22.157993,41.771744],[22.266654,41.864636],[22.512234,41.928793],[22.579587,42.022852],[22.821621,41.979906],[23.080441,42.041857]]}},{"type":"Feature","properties":{"id":"road-ne-822-0","name":null,"class":"primary"},"geometry":{"type":"LineString","coordinates":[[21.812459,41.75345],[22.099769,41.807678],[22.198699,41.675299],[22.465843,41.618102],[22.624785,41.459116]]}},{"type":"Feature","properties":{"id":"road-ne-823-0","name":null,"class":"primary"},"geometry":{"type":"LineString","coordinates":[[20.997986,42.02431],[21.249205,42.227344]]}},{"type":"Feature","properties":{"id":"road-ne-824-0","name":null,"class":"primary"},"geometry":{"type":"LineString","coordinates":[[16.940039,43.743214],[16.972243,43.821441],[17.103604,43.788645]]}},{"type":"Feature","properties":{"id":"road-ne-825-0","name":null,"class":"primary"},"geometry":{"type":"LineString","coordinates":[[17.171308,44.787978],[17.275782,44.75517],[17.378463,44.616935],[17.496285,44.557241],[17.616568,44.619414],[17.787116,44.588846],[17.871161,44.637591]]}},{"type":"Feature","properties":{"id":"road-ne-826-0","name":null,"class":"primary"},"geometry":{"type":"LineString","coordinates":[[18.925376,48.604985],[19.099026,48.570077]]}},{"type":"Feature","properties":{"id":"road-ne-827-0","name":null,"class":"primary"},"geometry":{"type":"LineString","coordinates":[[20.815127,39.704547],[20.941655,39.676266]]}},{"type":"Feature","properties":{"id":"road-ne-828-0","name":null,"class":"primary"},"geometry":{"type":"LineString","coordinates":[[17.957027,48.891758],[18.157708,48.805157],[18.248255,48.712216]]}},{"type":"Feature","properties":{"id":"road-ne-829-0","name":null,"class":"primary"},"geometry":{"type":"LineString","coordinates":[[18.470741,48.717337],[18.733603,48.788439],[18.760851,48.660117],[18.89764,48.575164]]}},{"type":"Feature","properties":{"id":"road-ne-830-0","name":null,"class":"primary"},"geometry":{"type":"LineString","coordinates":[[19.872157,49.931648],[19.632089,49.86512],[19.02504,49.83985]]}},{"type":"Feature","properties":{"id":"road-ne-831-0","name":null,"class":"primary"},"geometry":{"type":"LineString","coordinates":[[18.994668,50.261867],[18.715257,50.070622],[18.796091,49.781807]]}},{"type":"Feature","properties":{"id":"road-ne-832-0","name":null,"class":"primary"},"geometry":{"type":"LineString","coordinates":[[18.69605,49.747217],[18.293811,49.845613]]}},{"type":"Feature","properties":{"id":"road-ne-833-0","name":null,"class":"primary"},"geometry":{"type":"LineString","coordinates":[[18.366001,49.668311],[18.44675,49.466245],[18.425735,49.399504]]}},{"type":"Feature","properties":{"id":"road-ne-834-0","name":null,"class":"primary"},"geometry":{"type":"LineString","coordinates":[[16.639645,48.599034],[16.787657,48.677938]]}},{"type":"Feature","properties":{"id":"road-ne-835-0","name":null,"class":"primary"},"geometry":{"type":"LineString","coordinates":[[16.936332,48.790673],[17.107335,48.879467],[17.316622,48.894194],[17.466942,49.055793]]}},{"type":"Feature","properties":{"id":"road-ne-836-0","name":null,"class":"primary"},"geometry":{"type":"LineString","coordinates":[[17.466942,49.055793],[17.542352,49.187839],[17.460295,49.339997],[17.46087,49.4541]]}},{"type":"Feature","properties":{"id":"road-ne-837-0","name":null,"class":"primary"},"geometry":{"type":"LineString","coordinates":[[17.46087,49.4541],[17.543723,49.536223]]}},{"type":"Feature","properties":{"id":"road-ne-838-0","name":"461","class":"primary"},"geometry":{"type":"LineString","coordinates":[[16.499574,49.775367],[16.597763,49.511842],[16.547123,49.333694],[16.585364,49.226244],[16.533881,49.162968]]}},{"type":"Feature","properties":{"id":"road-ne-839-0","name":null,"class":"primary"},"geometry":{"type":"LineString","coordinates":[[14.383174,49.988172],[14.088065,49.69387]]}},{"type":"Feature","properties":{"id":"road-ne-840-0","name":null,"class":"primary"},"geometry":{"type":"LineString","coordinates":[[14.05477,49.433003],[14.0,49.310568116829884]]}},{"type":"Feature","properties":{"id":"road-ne-841-0","name":"59","class":"primary"},"geometry":{"type":"LineString","coordinates":[[16.074658,48.766315],[16.034885,48.871738],[15.674102,49.131923]]}},{"type":"Feature","properties":{"id":"road-ne-842-0","name":"59","class":"primary"},"geometry":{"type":"LineString","coordinates":[[15.577386,49.333026],[15.587898,49.454934]]}},{"type":"Feature","properties":{"id":"road-ne-843-0","name":null,"class":"primary"},"geometry":{"type":"LineString","coordinates":[[20.993212,52.319302],[21.03927,52.234223]]}},{"type":"Feature","properties":{"id":"road-ne-844-0","name":null,"class":"primary"},"geometry":{"type":"LineString","coordinates":[[19.512909,51.800843],[19.629771,51.923509],[19.942999,52.10549]]}},{"type":"Feature","properties":{"id":"road-ne-845-0","name":null,"class":"primary"},"geometry":{"type":"LineString","coordinates":[[25.625773,55.5044],[25.348637,55.0944],[25.337086,54.928487],[25.252104,54.718783]]}},{"type":"Feature","properties":{"id":"road-ne-846-0","name":null,"class":"primary"},"geometry":{"type":"LineString","coordinates":[[21.69383,41.586105],[21.809504,41.747372]]}},{"type":"Feature","properties":{"id":"road-ne-847-0","name":null,"class":"primary"},"geometry":{"type":"LineString","coordinates":[[20.555059,42.583811],[21.017986,42.582819],[21.146816,42.643569]]}},{"type":"Feature","properties":{"id":"road-ne-848-0","name":null,"class":"primary"},"geometry":{"type":"LineString","coordinates":[[20.115895,42.823146],[20.284529,42.759661],[20.345185,42.662143]]}},{"type":"Feature","properties":{"id":"road-ne-849-0","name":null,"class":"primary"},"geometry":{"type":"LineString","coordinates":[[22.514107,44.231208],[22.202089,44.33509]]}},{"type":"Feature","properties":{"id":"road-ne-850-0","name":null,"class":"primary"},"geometry":{"type":"LineString","coordinates":[[21.137068,44.614193],[21.495707,44.748544],[21.639596,44.65382],[21.962584,44.62156],[22.054303,44.485594],[22.133096,44.455341],[22.226382,44.510439],[22.327797,44.671466],[22.421993,44.698376]]}},{"type":"Feature","properties":{"id":"road-ne-851-0","name":"771","class":"primary"},"geometry":{"type":"LineString","coordinates":[[21.993895,43.334427],[22.215214,43.47516],[22.274587,43.60097],[22.29655,43.91585]]}},{"type":"Feature","properties":{"id":"road-ne-852-0","name":"771","class":"primary"},"geometry":{"type":"LineString","coordinates":[[22.518476,44.237928],[22.358659,44.178426],[22.284603,43.903903]]}},{"type":"Feature","properties":{"id":"road-ne-853-0","name":"71","class":"primary"},"geometry":{"type":"LineString","coordinates":[[16.890472,43.455198],[16.737247,43.441921]]}},{"type":"Feature","properties":{"id":"road-ne-854-0","name":"71","class":"primary"},"geometry":{"type":"LineString","coordinates":[[15.869086,44.304126],[16.047386,44.267381],[16.098406,44.090877]]}},{"type":"Feature","properties":{"id":"road-ne-855-0","name":"71","class":"primary"},"geometry":{"type":"LineString","coordinates":[[16.386492,43.949404],[16.610046,43.770701],[16.665971,43.666405]]}},{"type":"Feature","properties":{"id":"road-ne-856-0","name":null,"class":"primary"},"geometry":{"type":"LineString","coordinates":[[16.952608,43.501265],[17.23342,43.444528]]}},{"type":"Feature","properties":{"id":"road-ne-857-0","name":null,"class":"primary"},"geometry":{"type":"LineString","coordinates":[[16.725831,43.622409],[16.962399,43.606524],[16.936353,43.744614]]}},{"type":"Feature","properties":{"id":"road-ne-858-0","name":null,"class":"primary"},"geometry":{"type":"LineString","coordinates":[[17.103397,43.787548],[17.210966,43.793965],[17.203164,43.864084]]}},{"type":"Feature","properties":{"id":"road-ne-859-0","name":null,"class":"primary"},"geometry":{"type":"LineString","coordinates":[[17.203164,43.864084],[17.264585,43.97408],[17.438265,44.066704]]}},{"type":"Feature","properties":{"id":"road-ne-860-0","name":null,"class":"primary"},"geometry":{"type":"LineString","coordinates":[[17.684613,47.652746],[17.882863,47.391808],[17.939961,47.122757],[17.811981,46.915668],[17.238288,46.761717],[17.243611,46.694165],[17.374403,46.675597]]}},{"type":"Feature","properties":{"id":"road-ne-861-0","name":"844","class":"primary"},"geometry":{"type":"LineString","coordinates":[[16.262767,39.721726],[16.482418,39.706536]]}},{"type":"Feature","properties":{"id":"road-ne-862-0","name":"841alt","class":"primary"},"geometry":{"type":"LineString","coordinates":[[14.804693,40.706621],[14.773098,40.779271]]}},{"type":"Feature","properties":{"id":"road-ne-863-0","name":null,"class":"primary"},"geometry":{"type":"LineString","coordinates":[[15.928821,45.763644],[16.132409,45.812482]]}},{"type":"Feature","properties":{"id":"road-ne-864-0","name":"373","class":"primary"},"geometry":{"type":"LineString","coordinates":[[30.517773,50.43345],[30.365193,50.532313],[30.1109,50.56638],[29.707328,50.723724],[28.170131,51.09783],[27.957898,51.088441],[27.68474,51.172102],[27.296399,51.191755],[26.713332,51.333867],[24.761795,51.203139]]}},{"type":"Feature","properties":{"id":"road-ne-865-0","name":null,"class":"primary"},"geometry":{"type":"LineString","coordinates":[[17.814752,43.329982],[17.979343,43.243962]]}},{"type":"Feature","properties":{"id":"road-ne-866-0","name":null,"class":"primary"},"geometry":{"type":"LineString","coordinates":[[18.083039,42.872953],[18.15669,42.785923],[18.359056,42.705835],[18.54984,42.703869],[18.932498,42.80459]]}},{"type":"Feature","properties":{"id":"road-ne-867-0","name":"71","class":"primary"},"geometry":{"type":"LineString","coordinates":[[15.695855,44.776031],[15.747076,44.698702],[15.73594,44.575068],[15.820759,44.463613]]}},{"type":"Feature","properties":{"id":"road-ne-868-0","name":"49","class":"primary"},"geometry":{"type":"LineString","coordinates":[[14.0,49.35307669893993],[14.034671,49.344629]]}},{"type":"Feature","properties":{"id":"road-ne-869-0","name":"49","class":"primary"},"geometry":{"type":"LineString","coordinates":[[14.034671,49.344629],[14.18532,49.279638],[14.195713,49.150359],[14.248581,49.088807],[14.553305,49.004026]]}},{"type":"Feature","properties":{"id":"road-ne-870-0","name":"49","class":"primary"},"geometry":{"type":"LineString","coordinates":[[14.551645,49.021798],[14.781913,49.017201]]}},{"type":"Feature","properties":{"id":"road-ne-871-0","name":"49","class":"primary"},"geometry":{"type":"LineString","coordinates":[[14.680364,49.202379],[14.728108,49.065013],[14.853525,48.956854]]}},{"type":"Feature","properties":{"id":"road-ne-872-0","name":"49","class":"primary"},"geometry":{"type":"LineString","coordinates":[[14.919303,48.861891],[15.095241,48.77153]]}},{"type":"Feature","properties":{"id":"road-ne-873-0","name":"49","class":"primary"},"geometry":{"type":"LineString","coordinates":[[15.095241,48.77153],[15.676552,48.669538],[16.131919,48.384013]]}},{"type":"Feature","properties":{"id":"road-ne-874-0","name":"551","class":"primary"},"geometry":{"type":"LineString","coordinates":[[15.338453,49.534252],[15.096156,49.320662],[15.018023,49.131351],[14.775939,49.017201]]}},{"type":"Feature","properties":{"id":"road-ne-875-0","name":"931","class":"primary"},"geometry":{"type":"LineString","coordinates":[[14.0,37.12872886555008],[14.141321,37.123187],[14.291834,37.05245]]}},{"type":"Feature","properties":{"id":"road-ne-876-0","name":"90","class":"primary"},"geometry":{"type":"LineString","coordinates":[[16.669532,38.874233],[16.538011,38.733716],[16.529436,38.428532],[16.227509,38.249456],[16.135845,38.14387],[16.075305,37.960326],[15.726341,37.937984],[15.673064,37.977184],[15.670588,38.067837]]}},{"type":"Feature","properties":{"id":"road-ne-877-0","name":"847","class":"primary"},"geometry":{"type":"LineString","coordinates":[[16.818158,40.39418],[16.594476,40.407014],[16.474003,40.527954],[16.321463,40.591153],[16.172733,40.602214],[16.070373,40.551229],[15.924157,40.649605],[15.845192,40.642377]]}},{"type":"Feature","properties":{"id":"road-ne-878-0","name":null,"class":"primary"},"geometry":{"type":"LineString","coordinates":[[37.777802,48.044341],[37.251646,48.180074],[37.120125,48.303149],[36.549004,48.437179],[36.140602,48.395843],[35.820356,48.535858]]}},{"type":"Feature","properties":{"id":"road-ne-879-0","name":"71","class":"primary"},"geometry":{"type":"LineString","coordinates":[[15.648067,44.973156],[15.716707,44.894835],[15.69386,44.772047]]}},{"type":"Feature","properties":{"id":"road-ne-880-0","name":"761","class":"primary"},"geometry":{"type":"LineString","coordinates":[[15.714992,44.889206],[16.341496,44.550905],[16.741252,44.551483],[17.268126,44.3339]]}},{"type":"Feature","properties":{"id":"road-ne-881-0","name":"771","class":"primary"},"geometry":{"type":"LineString","coordinates":[[22.541463,44.674482],[22.533453,44.566527],[22.438928,44.464488],[22.512354,44.231383]]}},{"type":"Feature","properties":{"id":"road-ne-882-0","name":null,"class":"primary"},"geometry":{"type":"LineString","coordinates":[[22.618613,44.158207],[22.508609,44.238418]]}},{"type":"Feature","properties":{"id":"road-ne-883-0","name":null,"class":"primary"},"geometry":{"type":"LineString","coordinates":[[18.583271,44.5179],[18.581758,44.614893],[18.479424,44.707523],[18.511056,44.798192],[18.795592,44.871636],[19.201416,44.751064],[19.32393,44.858656],[19.289772,44.908515],[19.375349,44.9538],[19.424295,45.049726]]}},{"type":"Feature","properties":{"id":"road-ne-884-0","name":"662","class":"primary"},"geometry":{"type":"LineString","coordinates":[[19.405809,45.230167],[19.254217,45.396888],[19.279033,45.506872],[19.19044,45.559893],[19.212628,45.649267],[19.149862,45.793681],[19.220646,45.870461],[19.634041,46.078885],[19.846423,46.105375]]}},{"type":"Feature","properties":{"id":"road-ne-885-0","name":null,"class":"primary"},"geometry":{"type":"LineString","coordinates":[[16.72269,53.234665],[16.785021,53.194656]]}},{"type":"Feature","properties":{"id":"road-ne-886-0","name":null,"class":"primary"},"geometry":{"type":"LineString","coordinates":[[28.409409,45.68799],[28.274749,45.877286],[28.179051,45.883715],[28.159007,46.217133],[28.26755,46.411003],[28.254104,46.48444]]}},{"type":"Feature","properties":{"id":"road-ne-887-0","name":null,"class":"primary"},"geometry":{"type":"LineString","coordinates":[[28.823568,47.026043],[28.450762,47.18857]]}},{"type":"Feature","properties":{"id":"road-ne-888-0","name":null,"class":"primary"},"geometry":{"type":"LineString","coordinates":[[28.069871,47.042686],[27.906009,47.096424],[27.780204,47.219184]]}},{"type":"Feature","properties":{"id":"road-ne-889-0","name":"58","class":"primary"},"geometry":{"type":"LineString","coordinates":[[27.785455,47.208258],[27.756369,47.282477],[27.600714,47.351324],[27.67792,47.551144],[27.431415,47.605885],[27.260967,47.841313],[27.187424,47.815132],[27.070113,48.056515],[26.788607,48.268527]]}},{"type":"Feature","properties":{"id":"road-ne-890-0","name":null,"class":"primary"},"geometry":{"type":"LineString","coordinates":[[28.401446,44.202577],[28.327093,44.10885],[28.20774,44.07235],[27.822515,44.119158],[27.705209,44.06598],[27.266485,44.118948]]}},{"type":"Feature","properties":{"id":"road-ne-891-0","name":null,"class":"primary"},"geometry":{"type":"LineString","coordinates":[[27.230644,44.250365],[26.676826,44.125342],[26.313033,44.120027],[25.985541,44.007727]]}},{"type":"Feature","properties":{"id":"road-ne-892-0","name":null,"class":"primary"},"geometry":{"type":"LineString","coordinates":[[23.801867,44.280232],[23.859201,44.239573],[23.92353,44.055095],[23.887502,43.807907]]}},{"type":"Feature","properties":{"id":"road-ne-893-0","name":null,"class":"primary"},"geometry":{"type":"LineString","coordinates":[[22.883526,37.886206],[23.108733,37.803802],[23.070311,37.736583],[23.134185,37.648223],[22.822391,37.583157]]}},{"type":"Feature","properties":{"id":"road-ne-894-0","name":null,"class":"primary"},"geometry":{"type":"LineString","coordinates":[[22.683257,37.54276],[22.518575,37.528993]]}},{"type":"Feature","properties":{"id":"road-ne-895-0","name":null,"class":"primary"},"geometry":{"type":"LineString","coordinates":[[22.125311,37.04237],[22.398513,36.672364],[22.539153,36.799254]]}},{"type":"Feature","properties":{"id":"road-ne-896-0","name":null,"class":"primary"},"geometry":{"type":"LineString","coordinates":[[22.290577,37.703431],[22.485135,37.838004],[22.545438,37.825981]]}},{"type":"Feature","properties":{"id":"road-ne-897-0","name":null,"class":"primary"},"geometry":{"type":"LineString","coordinates":[[20.430969,42.955479],[20.518647,43.148544]]}},{"type":"Feature","properties":{"id":"road-ne-898-0","name":null,"class":"primary"},"geometry":{"type":"LineString","coordinates":[[18.951419,42.904337],[19.073829,42.902085],[19.147856,42.981193],[19.128588,43.12794],[19.162956,43.160403],[19.3149,43.130448],[19.426188,43.009608],[19.572713,42.958448]]}},{"type":"Feature","properties":{"id":"road-ne-899-0","name":null,"class":"primary"},"geometry":{"type":"LineString","coordinates":[[19.731918,44.716284],[19.756879,44.51454],[19.905055,44.385258],[19.883985,44.271896]]}},{"type":"Feature","properties":{"id":"road-ne-900-0","name":null,"class":"primary"},"geometry":{"type":"LineString","coordinates":[[18.582656,44.524789],[18.723844,44.247845],[18.617689,44.124607]]}},{"type":"Feature","properties":{"id":"road-ne-901-0","name":null,"class":"primary"},"geometry":{"type":"LineString","coordinates":[[20.374484,47.901047],[20.324727,48.001162],[20.222084,48.042451],[19.805609,47.983789]]}},{"type":"Feature","properties":{"id":"road-ne-902-0","name":null,"class":"primary"},"geometry":{"type":"LineString","coordinates":[[20.734471,48.212398],[20.363044,48.317394],[20.31799,48.411961]]}},{"type":"Feature","properties":{"id":"road-ne-903-0","name":null,"class":"primary"},"geometry":{"type":"LineString","coordinates":[[20.790872,48.108282],[21.034816,48.102186],[21.328669,48.172532],[21.748063,47.976684]]}},{"type":"Feature","properties":{"id":"road-ne-904-0","name":null,"class":"primary"},"geometry":{"type":"LineString","coordinates":[[16.393408,46.157981],[16.376018,46.32322],[16.46553,46.555136]]}},{"type":"Feature","properties":{"id":"road-ne-905-0","name":null,"class":"primary"},"geometry":{"type":"LineString","coordinates":[[26.714743,53.536757],[26.664167,53.14767],[26.478733,52.986672]]}},{"type":"Feature","properties":{"id":"road-ne-906-0","name":null,"class":"primary"},"geometry":{"type":"LineString","coordinates":[[24.514391,53.169493],[24.441764,53.32765],[24.267268,53.480869],[24.25969,53.610492]]}},{"type":"Feature","properties":{"id":"road-ne-907-0","name":null,"class":"primary"},"geometry":{"type":"LineString","coordinates":[[27.551445,53.815796],[27.469502,53.52052],[27.569441,53.112121],[27.450718,52.841483],[27.482907,52.556328],[27.435843,52.22566]]}},{"type":"Feature","properties":{"id":"road-ne-908-0","name":null,"class":"primary"},"geometry":{"type":"LineString","coordinates":[[27.810183,53.781751],[28.514499,53.754264],[29.847267,54.010648],[30.361669,53.942108],[30.311752,53.847299],[29.919608,53.546204],[29.249027,53.147291]]}},{"type":"Feature","properties":{"id":"road-ne-909-0","name":null,"class":"primary"},"geometry":{"type":"LineString","coordinates":[[20.582162,38.623347],[20.597329,38.74228],[20.715497,38.83498],[20.805391,38.843963],[20.80318,38.910074]]}},{"type":"Feature","properties":{"id":"road-ne-910-0","name":null,"class":"primary"},"geometry":{"type":"LineString","coordinates":[[21.711149,37.273341],[21.588964,37.158322],[21.621751,37.077727],[21.714241,37.051278],[21.679823,37.005736],[21.707716,36.934497],[21.982382,37.046173],[22.139875,37.05308]]}},{"type":"Feature","properties":{"id":"road-ne-911-0","name":null,"class":"primary"},"geometry":{"type":"LineString","coordinates":[[23.487221,38.476798],[24.119033,38.383445],[24.254358,38.111681],[24.405789,38.039159]]}},{"type":"Feature","properties":{"id":"road-ne-912-0","name":null,"class":"primary"},"geometry":{"type":"LineString","coordinates":[[33.399003,47.905283],[33.729557,47.99485],[33.910768,48.120042],[34.302544,48.212555],[34.419622,48.334026]]}},{"type":"Feature","properties":{"id":"road-ne-913-0","name":null,"class":"primary"},"geometry":{"type":"LineString","coordinates":[[31.171111,47.31665],[31.427101,47.179131],[31.610401,47.151918],[31.870054,46.982234]]}},{"type":"Feature","properties":{"id":"road-ne-914-0","name":null,"class":"primary"},"geometry":{"type":"LineString","coordinates":[[14.0,51.987149361600494],[14.170352,52.072992],[14.22339,52.195055],[14.370268,52.223493],[14.511595,52.345818]]}},{"type":"Feature","properties":{"id":"road-ne-915-0","name":null,"class":"primary"},"geometry":{"type":"LineString","coordinates":[[17.421018,51.689846],[17.288943,51.599897],[17.253073,51.442501],[17.021968,51.316991]]}},{"type":"Feature","properties":{"id":"road-ne-916-0","name":null,"class":"primary"},"geometry":{"type":"LineString","coordinates":[[26.979758,39.579104],[27.167806,39.556435],[27.431608,39.644357],[27.519646,39.598378],[27.95249,39.662091]]}},{"type":"Feature","properties":{"id":"road-ne-917-0","name":null,"class":"primary"},"geometry":{"type":"LineString","coordinates":[[22.739136,39.219972],[22.540139,39.316271],[22.375707,39.319141]]}},{"type":"Feature","properties":{"id":"road-ne-918-0","name":null,"class":"primary"},"geometry":{"type":"LineString","coordinates":[[21.784353,49.639718],[21.72732,49.717052],[21.564402,49.777983],[21.276867,49.754127],[21.066568,49.604971],[20.533971,49.662273],[20.367484,49.726669],[20.155825,49.700301],[19.925079,49.602602]]}},{"type":"Feature","properties":{"id":"road-ne-919-0","name":null,"class":"primary"},"geometry":{"type":"LineString","coordinates":[[22.809881,49.7707],[22.511403,49.70615],[22.403527,49.573073],[22.270868,49.540237],[21.859492,49.581751],[21.784353,49.639718]]}},{"type":"Feature","properties":{"id":"road-ne-920-0","name":null,"class":"primary"},"geometry":{"type":"LineString","coordinates":[[24.164313,49.800334],[23.956466,49.82393]]}},{"type":"Feature","properties":{"id":"road-ne-921-0","name":null,"class":"primary"},"geometry":{"type":"LineString","coordinates":[[18.891667,48.56919],[18.919813,48.74325],[18.87029,48.875503],[18.927508,49.08291]]}},{"type":"Feature","properties":{"id":"road-ne-922-0","name":null,"class":"primary"},"geometry":{"type":"LineString","coordinates":[[18.536006,50.128648],[18.474296,50.001787],[18.349378,49.947384]]}},{"type":"Feature","properties":{"id":"road-ne-923-0","name":null,"class":"primary"},"geometry":{"type":"LineString","coordinates":[[16.627718,51.167654],[16.9156,51.151017],[16.998074,51.101946]]}},{"type":"Feature","properties":{"id":"road-ne-924-0","name":null,"class":"primary"},"geometry":{"type":"LineString","coordinates":[[16.084131,50.922741],[16.34851,50.856269],[16.549736,50.860242],[16.956259,51.042211]]}},{"type":"Feature","properties":{"id":"road-ne-925-0","name":null,"class":"primary"},"geometry":{"type":"LineString","coordinates":[[15.919703,50.366292],[15.865744,50.450084],[15.978333,50.672042]]}},{"type":"Feature","properties":{"id":"road-ne-926-0","name":null,"class":"primary"},"geometry":{"type":"LineString","coordinates":[[15.971653,50.659593],[15.988182,50.695945]]}},{"type":"Feature","properties":{"id":"road-ne-927-0","name":null,"class":"primary"},"geometry":{"type":"LineString","coordinates":[[16.065088,50.873548],[16.096078,50.922741]]}},{"type":"Feature","properties":{"id":"road-ne-928-0","name":null,"class":"primary"},"geometry":{"type":"LineString","coordinates":[[14.85358,50.888901],[14.660959,51.086534],[14.668417,51.197521]]}},{"type":"Feature","properties":{"id":"road-ne-929-0","name":null,"class":"primary"},"geometry":{"type":"LineString","coordinates":[[14.845355,50.8986],[14.938063,50.836829]]}},{"type":"Feature","properties":{"id":"road-ne-930-0","name":null,"class":"primary"},"geometry":{"type":"LineString","coordinates":[[18.37707,51.305317],[18.467194,51.404003],[18.613923,51.450866],[18.730383,51.609692]]}},{"type":"Feature","properties":{"id":"road-ne-931-0","name":null,"class":"primary"},"geometry":{"type":"LineString","coordinates":[[18.76156,51.614055],[19.135398,51.604908]]}},{"type":"Feature","properties":{"id":"road-ne-932-0","name":null,"class":"primary"},"geometry":{"type":"LineString","coordinates":[[19.12521,51.604593],[19.655823,51.442679]]}},{"type":"Feature","properties":{"id":"road-ne-933-0","name":null,"class":"primary"},"geometry":{"type":"LineString","coordinates":[[19.12521,51.604593],[19.333121,51.659314],[19.521286,51.801356]]}},{"type":"Feature","properties":{"id":"road-ne-934-0","name":null,"class":"primary"},"geometry":{"type":"LineString","coordinates":[[19.390791,52.23651],[19.196314,52.129384]]}},{"type":"Feature","properties":{"id":"road-ne-935-0","name":null,"class":"primary"},"geometry":{"type":"LineString","coordinates":[[20.006727,52.755456],[20.281805,52.830055]]}},{"type":"Feature","properties":{"id":"road-ne-936-0","name":null,"class":"primary"},"geometry":{"type":"LineString","coordinates":[[19.919105,52.117437],[20.143592,51.988739],[20.491696,51.966957]]}},{"type":"Feature","properties":{"id":"road-ne-937-0","name":null,"class":"primary"},"geometry":{"type":"LineString","coordinates":[[17.600468,52.544856],[17.561573,52.326512]]}},{"type":"Feature","properties":{"id":"road-ne-938-0","name":null,"class":"primary"},"geometry":{"type":"LineString","coordinates":[[16.783029,53.18669],[16.824843,53.425629]]}},{"type":"Feature","properties":{"id":"road-ne-939-0","name":null,"class":"primary"},"geometry":{"type":"LineString","coordinates":[[16.786114,53.191264],[16.954384,53.148154],[17.521771,53.174136],[18.19671,53.128087],[18.527285,53.019433]]}},{"type":"Feature","properties":{"id":"road-ne-940-0","name":null,"class":"primary"},"geometry":{"type":"LineString","coordinates":[[14.360745,52.538673],[14.518733,52.434192],[14.572841,52.338456]]}},{"type":"Feature","properties":{"id":"road-ne-941-0","name":null,"class":"primary"},"geometry":{"type":"LineString","coordinates":[[15.241871,52.708812],[15.212003,52.589342]]}},{"type":"Feature","properties":{"id":"road-ne-942-0","name":null,"class":"primary"},"geometry":{"type":"LineString","coordinates":[[14.0,52.5155287257015],[14.359849,52.535698]]}},{"type":"Feature","properties":{"id":"road-ne-943-0","name":null,"class":"primary"},"geometry":{"type":"LineString","coordinates":[[14.359849,52.535698],[14.879405,52.572822]]}},{"type":"Feature","properties":{"id":"road-ne-944-0","name":null,"class":"primary"},"geometry":{"type":"LineString","coordinates":[[14.879405,52.572822],[15.210431,52.589275]]}},{"type":"Feature","properties":{"id":"road-ne-945-0","name":null,"class":"primary"},"geometry":{"type":"LineString","coordinates":[[15.210431,52.589275],[15.407778,52.57891]]}},{"type":"Feature","properties":{"id":"road-ne-946-0","name":null,"class":"primary"},"geometry":{"type":"LineString","coordinates":[[23.669144,54.392977],[23.730366,54.293939],[23.839662,54.232262],[23.495461,54.224623]]}},{"type":"Feature","properties":{"id":"road-ne-947-0","name":null,"class":"primary"},"geometry":{"type":"LineString","coordinates":[[23.495461,54.224623],[23.471899,54.154522]]}},{"type":"Feature","properties":{"id":"road-ne-948-0","name":null,"class":"primary"},"geometry":{"type":"LineString","coordinates":[[23.264712,53.994382],[23.03996,53.858835]]}},{"type":"Feature","properties":{"id":"road-ne-949-0","name":null,"class":"primary"},"geometry":{"type":"LineString","coordinates":[[22.087478,53.204611],[22.563006,53.205681],[22.725602,53.153798]]}},{"type":"Feature","properties":{"id":"road-ne-950-0","name":null,"class":"primary"},"geometry":{"type":"LineString","coordinates":[[22.48379,54.760294],[23.091023,55.343116]]}},{"type":"Feature","properties":{"id":"road-ne-951-0","name":null,"class":"primary"},"geometry":{"type":"LineString","coordinates":[[18.880986,42.294651],[18.93176,42.306936],[18.94677,42.39186],[19.255282,42.43935]]}},{"type":"Feature","properties":{"id":"road-ne-952-0","name":null,"class":"primary"},"geometry":{"type":"LineString","coordinates":[[15.827272,44.459436],[15.89151,44.431121],[15.851166,44.3101]]}},{"type":"Feature","properties":{"id":"road-ne-953-0","name":null,"class":"primary"},"geometry":{"type":"LineString","coordinates":[[18.947945,44.179873],[18.877798,44.241725],[18.808353,44.210919],[18.718783,44.246771]]}},{"type":"Feature","properties":{"id":"road-ne-954-0","name":null,"class":"primary"},"geometry":{"type":"LineString","coordinates":[[17.224739,43.448874],[17.406954,43.43586]]}},{"type":"Feature","properties":{"id":"road-ne-955-0","name":null,"class":"primary"},"geometry":{"type":"LineString","coordinates":[[17.826331,43.331802],[17.470308,43.377858],[17.406954,43.43586]]}},{"type":"Feature","properties":{"id":"road-ne-956-0","name":null,"class":"primary"},"geometry":{"type":"LineString","coordinates":[[15.691515,44.772589],[15.51675,44.846266],[15.215982,44.851691]]}},{"type":"Feature","properties":{"id":"road-ne-957-0","name":null,"class":"primary"},"geometry":{"type":"LineString","coordinates":[[14.142751,37.536174],[14.0,37.463251485675215]]}},{"type":"Feature","properties":{"id":"road-ne-958-0","name":null,"class":"primary"},"geometry":{"type":"LineString","coordinates":[[15.670363,41.069137],[15.706186,40.870799],[15.820692,40.761246]]}},{"type":"Feature","properties":{"id":"road-ne-959-0","name":null,"class":"primary"},"geometry":{"type":"LineString","coordinates":[[18.646754,50.701723],[19.141071,50.818415]]}},{"type":"Feature","properties":{"id":"road-ne-960-0","name":null,"class":"primary"},"geometry":{"type":"LineString","coordinates":[[16.633692,50.450836],[17.117958,50.448001],[17.708918,50.671855]]}},{"type":"Feature","properties":{"id":"road-ne-961-0","name":null,"class":"primary"},"geometry":{"type":"LineString","coordinates":[[19.913132,51.340885],[20.490713,51.410653],[20.811271,51.362956],[21.179801,51.424945]]}},{"type":"Feature","properties":{"id":"road-ne-962-0","name":null,"class":"primary"},"geometry":{"type":"LineString","coordinates":[[17.542072,49.199416],[17.8701,49.241367],[17.969695,49.327286],[18.025512,49.596629]]}},{"type":"Feature","properties":{"id":"road-ne-963-0","name":null,"class":"primary"},"geometry":{"type":"LineString","coordinates":[[16.065044,48.833488],[16.522695,48.976729]]}},{"type":"Feature","properties":{"id":"road-ne-964-0","name":null,"class":"primary"},"geometry":{"type":"LineString","coordinates":[[15.802229,49.954828],[15.804924,49.711382],[15.648531,49.619006],[15.337059,49.537022]]}},{"type":"Feature","properties":{"id":"road-ne-965-0","name":null,"class":"primary"},"geometry":{"type":"LineString","coordinates":[[14.0,50.290943551110445],[14.346666,50.070861]]}},{"type":"Feature","properties":{"id":"road-ne-966-0","name":null,"class":"primary"},"geometry":{"type":"LineString","coordinates":[[18.262337,49.845333],[18.146466,49.916893],[17.852281,49.972958]]}},{"type":"Feature","properties":{"id":"road-ne-967-0","name":"50","class":"primary"},"geometry":{"type":"LineString","coordinates":[[16.581631,49.222283],[16.669614,49.171625]]}},{"type":"Feature","properties":{"id":"road-ne-968-0","name":null,"class":"primary"},"geometry":{"type":"LineString","coordinates":[[14.662443,41.568272],[14.859659,41.566902],[15.081736,41.441663],[15.141065,41.491224],[15.503199,41.48854]]}},{"type":"Feature","properties":{"id":"road-ne-969-0","name":null,"class":"primary"},"geometry":{"type":"LineString","coordinates":[[14.0,41.892792169207205],[14.098005,41.831724],[14.126061,41.735553],[14.284154,41.567432],[14.588939,41.480379]]}},{"type":"Feature","properties":{"id":"road-ne-970-0","name":null,"class":"primary"},"geometry":{"type":"LineString","coordinates":[[22.613684,41.462745],[22.959723,41.416579]]}},{"type":"Feature","properties":{"id":"road-ne-971-0","name":null,"class":"primary"},"geometry":{"type":"LineString","coordinates":[[19.649112,41.065479],[19.778215,41.041673],[20.013748,41.101291]]}},{"type":"Feature","properties":{"id":"road-ne-972-0","name":null,"class":"primary"},"geometry":{"type":"LineString","coordinates":[[22.473899,37.043607],[22.386602,37.097432],[22.210961,37.102321],[22.129293,37.028428]]}},{"type":"Feature","properties":{"id":"road-ne-973-0","name":null,"class":"primary"},"geometry":{"type":"LineString","coordinates":[[21.74571,38.10555],[21.655084,37.843306],[21.739462,37.815055],[21.913113,37.852342],[22.170451,37.799987],[22.225335,37.724408]]}},{"type":"Feature","properties":{"id":"road-ne-974-0","name":"584","class":"primary"},"geometry":{"type":"LineString","coordinates":[[27.923568,45.409226],[27.909853,45.22277],[27.464269,44.760607],[27.412042,44.617325]]}},{"type":"Feature","properties":{"id":"road-ne-975-0","name":null,"class":"primary"},"geometry":{"type":"LineString","coordinates":[[21.920005,45.699383],[22.157772,45.852949],[22.646279,45.920874]]}},{"type":"Feature","properties":{"id":"road-ne-976-0","name":"58","class":"primary"},"geometry":{"type":"LineString","coordinates":[[26.243025,47.663217],[26.37506,47.652355],[26.47441,47.712142],[26.655895,47.72896]]}},{"type":"Feature","properties":{"id":"road-ne-977-0","name":"58","class":"primary"},"geometry":{"type":"LineString","coordinates":[[26.655895,47.72896],[26.896859,47.579209],[26.909255,47.413287],[27.011615,47.205248]]}},{"type":"Feature","properties":{"id":"road-ne-978-0","name":"848","class":"primary"},"geometry":{"type":"LineString","coordinates":[[16.24461,39.288042],[16.442062,39.339056],[17.091719,39.121129]]}},{"type":"Feature","properties":{"id":"road-ne-979-0","name":null,"class":"primary"},"geometry":{"type":"LineString","coordinates":[[22.772859,44.60987],[22.77619,44.495896],[22.872133,44.413282],[22.940085,44.205779],[23.093473,44.072531],[23.091023,44.017399]]}},{"type":"Feature","properties":{"id":"road-ne-980-0","name":"851","class":"primary"},"geometry":{"type":"LineString","coordinates":[[19.148792,42.064264],[19.240917,41.946667]]}},{"type":"Feature","properties":{"id":"road-ne-981-0","name":null,"class":"primary"},"geometry":{"type":"LineString","coordinates":[[17.772651,43.660985],[17.590204,43.826615],[17.575495,43.919152],[17.443886,44.061401]]}},{"type":"Feature","properties":{"id":"road-ne-982-0","name":null,"class":"primary"},"geometry":{"type":"LineString","coordinates":[[19.897174,45.284004],[19.8306,45.181469],[19.853557,45.09434],[19.766364,44.816124],[19.720277,44.788824],[19.731918,44.716284]]}},{"type":"Feature","properties":{"id":"road-ne-983-0","name":null,"class":"primary"},"geometry":{"type":"LineString","coordinates":[[19.731918,44.716284],[19.584894,44.774415],[19.277601,44.638303]]}},{"type":"Feature","properties":{"id":"road-ne-984-0","name":null,"class":"primary"},"geometry":{"type":"LineString","coordinates":[[19.277601,44.638303],[19.238764,44.5508],[19.1429,44.499787],[19.151172,44.291199],[19.045991,44.163679],[18.937868,44.175113],[18.953426,44.068279],[18.855231,43.984142]]}},{"type":"Feature","properties":{"id":"road-ne-985-0","name":null,"class":"primary"},"geometry":{"type":"LineString","coordinates":[[18.855231,43.984142],[18.535781,43.85566]]}},{"type":"Feature","properties":{"id":"road-ne-986-0","name":"58","class":"primary"},"geometry":{"type":"LineString","coordinates":[[17.637236,48.324278],[17.794323,48.258097],[18.003371,48.325415],[18.149415,48.320323]]}},{"type":"Feature","properties":{"id":"road-ne-987-0","name":"571","class":"primary"},"geometry":{"type":"LineString","coordinates":[[18.149415,48.320323],[18.259642,48.372025],[18.326044,48.342373],[18.613979,48.379672],[18.931693,48.60404]]}},{"type":"Feature","properties":{"id":"road-ne-988-0","name":null,"class":"primary"},"geometry":{"type":"LineString","coordinates":[[19.076845,48.575164],[19.452442,48.538133],[19.822975,48.25948],[19.778769,48.075573],[19.8102,48.00073],[19.682966,47.903532],[19.674193,47.679142]]}},{"type":"Feature","properties":{"id":"road-ne-989-0","name":"571","class":"primary"},"geometry":{"type":"LineString","coordinates":[[20.928542,48.603888],[20.68012,48.600674],[20.554674,48.647744],[20.394913,48.567872],[20.246075,48.386725],[19.668003,48.339118]]}},{"type":"Feature","properties":{"id":"road-ne-990-0","name":null,"class":"primary"},"geometry":{"type":"LineString","coordinates":[[15.851166,40.642383],[15.804886,40.754893],[16.078158,40.755879]]}},{"type":"Feature","properties":{"id":"road-ne-991-0","name":null,"class":"primary"},"geometry":{"type":"LineString","coordinates":[[16.078158,40.755879],[16.311124,40.79172]]}},{"type":"Feature","properties":{"id":"road-ne-992-0","name":null,"class":"primary"},"geometry":{"type":"LineString","coordinates":[[16.311124,40.79172],[16.56607,40.831394]]}},{"type":"Feature","properties":{"id":"road-ne-993-0","name":null,"class":"primary"},"geometry":{"type":"LineString","coordinates":[[16.669072,41.005319],[16.800949,41.090394]]}},{"type":"Feature","properties":{"id":"road-ne-994-0","name":"574","class":"primary"},"geometry":{"type":"LineString","coordinates":[[24.87112,44.883554],[25.010937,45.09098],[25.019045,45.262309],[25.142493,45.295292],[25.185708,45.395109],[25.530192,45.672047]]}},{"type":"Feature","properties":{"id":"road-ne-995-0","name":"574","class":"primary"},"geometry":{"type":"LineString","coordinates":[[25.605094,45.657428],[26.08625,45.982464],[26.357134,46.062277],[26.529921,46.207251],[26.716289,46.23349],[26.754306,46.284346],[26.740405,46.47023],[26.920017,46.58799]]}},{"type":"Feature","properties":{"id":"road-ne-996-0","name":null,"class":"primary"},"geometry":{"type":"LineString","coordinates":[[21.230246,45.763551],[21.100688,45.728801],[20.96153,45.792106],[20.719552,45.795501]]}},{"type":"Feature","properties":{"id":"road-ne-997-0","name":null,"class":"primary"},"geometry":{"type":"LineString","coordinates":[[20.408931,46.191746],[20.573067,46.105305],[20.532361,45.94737],[20.714418,45.794253],[20.505093,45.554438],[20.534826,45.473201],[20.413134,45.376844],[20.146369,45.389479],[19.87114,45.297019]]}},{"type":"Feature","properties":{"id":"road-ne-998-0","name":"81","class":"primary"},"geometry":{"type":"LineString","coordinates":[[26.061289,44.45659],[25.845229,44.583865],[25.634961,44.612997],[24.823332,44.901474]]}},{"type":"Feature","properties":{"id":"road-ne-999-0","name":null,"class":"primary"},"geometry":{"type":"LineString","coordinates":[[18.62286,53.467444],[19.077303,53.53174],[19.274795,53.609891],[19.541006,53.601281],[19.779994,53.674827],[20.026628,53.688462]]}},{"type":"Feature","properties":{"id":"road-ne-1000-0","name":null,"class":"primary"},"geometry":{"type":"LineString","coordinates":[[28.863393,47.089763],[28.768343,47.23585],[28.809364,47.391482],[28.614975,47.527536],[28.084408,47.64973],[27.959409,47.754808]]}},{"type":"Feature","properties":{"id":"road-ne-1001-0","name":null,"class":"primary"},"geometry":{"type":"LineString","coordinates":[[17.81644,51.657479],[18.114922,51.762319]]}},{"type":"Feature","properties":{"id":"road-ne-1002-0","name":null,"class":"primary"},"geometry":{"type":"LineString","coordinates":[[18.114922,51.762319],[18.584505,51.621428],[18.76156,51.614055]]}},{"type":"Feature","properties":{"id":"road-ne-1003-0","name":null,"class":"primary"},"geometry":{"type":"LineString","coordinates":[[26.555641,44.453463],[26.755228,44.501455],[27.32622,44.184656]]}},{"type":"Feature","properties":{"id":"road-ne-1004-0","name":null,"class":"primary"},"geometry":{"type":"LineString","coordinates":[[26.788607,45.146387],[26.969876,45.07341],[27.228229,45.054206],[27.369224,45.125561],[27.875325,45.197599],[28.02507,45.286857]]}},{"type":"Feature","properties":{"id":"road-ne-1005-0","name":"583","class":"primary"},"geometry":{"type":"LineString","coordinates":[[26.880198,47.030028],[26.970495,47.198061],[27.079802,47.225718],[27.673475,47.138729],[28.044998,46.930532],[28.126672,46.775146]]}},{"type":"Feature","properties":{"id":"road-ne-1006-0","name":"272","class":"primary"},"geometry":{"type":"LineString","coordinates":[[21.167563,55.719445],[21.081037,55.929468]]}},{"type":"Feature","properties":{"id":"road-ne-1007-0","name":null,"class":"primary"},"geometry":{"type":"LineString","coordinates":[[21.081037,55.929468],[21.09938161119546,56.0]]}},{"type":"Feature","properties":{"id":"road-ne-1008-0","name":null,"class":"primary"},"geometry":{"type":"LineString","coordinates":[[29.142158,40.988845],[29.504907,41.164409],[29.674194,41.149528]]}},{"type":"Feature","properties":{"id":"road-ne-1009-0","name":null,"class":"primary"},"geometry":{"type":"LineString","coordinates":[[29.256476,40.883212],[29.320283,40.932739]]}},{"type":"Feature","properties":{"id":"road-ne-1010-0","name":null,"class":"primary"},"geometry":{"type":"LineString","coordinates":[[28.725438,41.159299],[28.70936,41.002134]]}},{"type":"Feature","properties":{"id":"road-ne-1011-0","name":null,"class":"primary"},"geometry":{"type":"LineString","coordinates":[[28.08358,41.158214],[28.084951,41.190601]]}},{"type":"Feature","properties":{"id":"road-ne-1012-0","name":null,"class":"primary"},"geometry":{"type":"LineString","coordinates":[[27.499451,40.941057],[27.484599,41.151412],[27.547239,41.287519]]}},{"type":"Feature","properties":{"id":"road-ne-1013-0","name":null,"class":"primary"},"geometry":{"type":"LineString","coordinates":[[24.853199,42.219382],[24.791155,42.107531]]}},{"type":"Feature","properties":{"id":"road-ne-1014-0","name":null,"class":"primary"},"geometry":{"type":"LineString","coordinates":[[27.409849,44.626694],[27.355778,44.238989],[27.273007,44.11784],[27.274582,43.930994],[27.067324,43.651547],[26.915747,43.543452],[26.91405,43.312528]]}},{"type":"Feature","properties":{"id":"road-ne-1015-0","name":null,"class":"primary"},"geometry":{"type":"LineString","coordinates":[[28.596302,44.181501],[28.570022,44.085662],[28.166159,43.793394]]}},{"type":"Feature","properties":{"id":"road-ne-1016-0","name":null,"class":"primary"},"geometry":{"type":"LineString","coordinates":[[26.2032,44.967188],[26.603616,44.734707],[27.160573,44.587009],[27.390131,44.592241],[27.904067,44.74453],[28.553875,44.273652]]}},{"type":"Feature","properties":{"id":"road-ne-1017-0","name":null,"class":"primary"},"geometry":{"type":"LineString","coordinates":[[20.664863,44.573411],[20.652892,44.385911],[20.691586,44.303006]]}},{"type":"Feature","properties":{"id":"road-ne-1018-0","name":null,"class":"primary"},"geometry":{"type":"LineString","coordinates":[[20.690361,44.30965],[20.70897,44.246935]]}},{"type":"Feature","properties":{"id":"road-ne-1019-0","name":null,"class":"primary"},"geometry":{"type":"LineString","coordinates":[[20.704402,44.241685],[20.914687,44.011414]]}},{"type":"Feature","properties":{"id":"road-ne-1020-0","name":null,"class":"primary"},"geometry":{"type":"LineString","coordinates":[[23.610716,38.464052],[23.646452,38.52647]]}},{"type":"Feature","properties":{"id":"road-ne-1021-0","name":null,"class":"primary"},"geometry":{"type":"LineString","coordinates":[[23.34685,39.000592],[23.197755,39.000983],[23.037262,38.866265]]}},{"type":"Feature","properties":{"id":"road-ne-1022-0","name":null,"class":"primary"},"geometry":{"type":"LineString","coordinates":[[23.836019,38.034376],[23.766026,37.900556]]}},{"type":"Feature","properties":{"id":"road-ne-1023-0","name":null,"class":"primary"},"geometry":{"type":"LineString","coordinates":[[23.317222,38.370932],[23.328708,38.342325]]}},{"type":"Feature","properties":{"id":"road-ne-1024-0","name":null,"class":"primary"},"geometry":{"type":"LineString","coordinates":[[22.457834,38.724896],[22.726285,38.606891],[22.994458,38.392732],[23.328708,38.342325]]}},{"type":"Feature","properties":{"id":"road-ne-1025-0","name":null,"class":"primary"},"geometry":{"type":"LineString","coordinates":[[22.951606,38.441926],[22.422221,38.47429]]}},{"type":"Feature","properties":{"id":"road-ne-1026-0","name":null,"class":"primary"},"geometry":{"type":"LineString","coordinates":[[22.49168,39.742377],[22.42535,39.643272]]}},{"type":"Feature","properties":{"id":"road-ne-1027-0","name":null,"class":"primary"},"geometry":{"type":"LineString","coordinates":[[22.524945,39.546355],[22.48358,39.559947]]}},{"type":"Feature","properties":{"id":"road-ne-1028-0","name":null,"class":"primary"},"geometry":{"type":"LineString","coordinates":[[23.325015,42.653427],[23.449432,42.721154],[23.410263,42.695288]]}},{"type":"Feature","properties":{"id":"road-ne-1029-0","name":null,"class":"primary"},"geometry":{"type":"LineString","coordinates":[[20.343841,42.660363],[20.285168,42.564747],[20.347303,42.465438],[20.47643,42.363329],[20.642669,42.333613],[20.744143,42.216302]]}},{"type":"Feature","properties":{"id":"road-ne-1030-0","name":null,"class":"primary"},"geometry":{"type":"LineString","coordinates":[[21.105838,44.170703],[20.797627,43.931565],[20.763434,43.70375]]}},{"type":"Feature","properties":{"id":"road-ne-1031-0","name":null,"class":"primary"},"geometry":{"type":"LineString","coordinates":[[20.705248,43.7056],[20.574496,43.639075],[20.622054,43.469811],[20.678294,43.428171],[20.596372,43.251697]]}},{"type":"Feature","properties":{"id":"road-ne-1032-0","name":null,"class":"primary"},"geometry":{"type":"LineString","coordinates":[[20.631941,43.330443],[20.821392,43.122555],[20.869705,42.93386],[21.002297,42.808761]]}},{"type":"Feature","properties":{"id":"road-ne-1033-0","name":null,"class":"primary"},"geometry":{"type":"LineString","coordinates":[[20.704402,44.246835],[21.0964,44.249443]]}},{"type":"Feature","properties":{"id":"road-ne-1034-0","name":null,"class":"primary"},"geometry":{"type":"LineString","coordinates":[[20.040132,43.82861],[19.914173,44.028389],[19.883985,44.271896]]}},{"type":"Feature","properties":{"id":"road-ne-1035-0","name":null,"class":"primary"},"geometry":{"type":"LineString","coordinates":[[19.883985,44.271896],[20.202577,44.358797]]}},{"type":"Feature","properties":{"id":"road-ne-1036-0","name":null,"class":"primary"},"geometry":{"type":"LineString","coordinates":[[20.55643,44.340865],[20.694059,44.308828]]}},{"type":"Feature","properties":{"id":"road-ne-1037-0","name":null,"class":"primary"},"geometry":{"type":"LineString","coordinates":[[19.227135,44.536573],[19.437674,44.486434],[19.716899,44.315898],[19.883985,44.271896]]}},{"type":"Feature","properties":{"id":"road-ne-1038-0","name":null,"class":"primary"},"geometry":{"type":"LineString","coordinates":[[19.871317,45.301691],[19.825516,45.258232],[19.627723,45.244127],[19.544853,45.285025],[19.333063,45.222572],[19.081564,45.314373]]}},{"type":"Feature","properties":{"id":"road-ne-1039-0","name":null,"class":"primary"},"geometry":{"type":"LineString","coordinates":[[19.090238,45.314373],[18.942736,45.388126]]}},{"type":"Feature","properties":{"id":"road-ne-1040-0","name":"73","class":"primary"},"geometry":{"type":"LineString","coordinates":[[18.944232,45.385466],[18.829937,45.492242]]}},{"type":"Feature","properties":{"id":"road-ne-1041-0","name":null,"class":"primary"},"geometry":{"type":"LineString","coordinates":[[17.871161,44.637591],[18.167543,44.736282],[18.430811,44.594201]]}},{"type":"Feature","properties":{"id":"road-ne-1042-0","name":null,"class":"primary"},"geometry":{"type":"LineString","coordinates":[[18.617689,44.124607],[18.402883,44.000284],[18.365149,43.830961]]}},{"type":"Feature","properties":{"id":"road-ne-1043-0","name":null,"class":"primary"},"geometry":{"type":"LineString","coordinates":[[18.163868,42.635046],[18.337373,42.690283],[18.412278,42.816648],[18.378251,42.842438],[18.431411,42.89911],[18.419762,42.992387],[18.536816,43.094409],[18.601551,43.263971],[18.762514,43.396939]]}},{"type":"Feature","properties":{"id":"road-ne-1044-0","name":"762","class":"primary"},"geometry":{"type":"LineString","coordinates":[[18.748306,43.505663],[18.841904,43.613308],[19.087021,43.695694]]}},{"type":"Feature","properties":{"id":"road-ne-1045-0","name":null,"class":"primary"},"geometry":{"type":"LineString","coordinates":[[20.325305,44.73221],[20.273331,44.61774],[20.066821,44.663451],[19.953817,44.596984],[19.731918,44.716284]]}},{"type":"Feature","properties":{"id":"road-ne-1046-0","name":null,"class":"primary"},"geometry":{"type":"LineString","coordinates":[[20.279664,44.811487],[20.298684,44.75174],[20.416065,44.701467]]}},{"type":"Feature","properties":{"id":"road-ne-1047-0","name":null,"class":"primary"},"geometry":{"type":"LineString","coordinates":[[15.626166,45.381342],[15.716261,45.338366],[16.112753,45.322931],[16.171631,45.264375],[16.120868,45.207778],[16.134008,45.152453],[16.389838,45.055746],[16.581902,45.049784]]}},{"type":"Feature","properties":{"id":"road-ne-1048-0","name":null,"class":"primary"},"geometry":{"type":"LineString","coordinates":[[16.585904,45.038864],[17.129394,44.889031],[17.188598,44.791005]]}},{"type":"Feature","properties":{"id":"road-ne-1049-0","name":null,"class":"primary"},"geometry":{"type":"LineString","coordinates":[[14.027221,41.00851],[14.0,41.022422595251676]]}},{"type":"Feature","properties":{"id":"road-ne-1050-0","name":null,"class":"primary"},"geometry":{"type":"LineString","coordinates":[[15.32755,41.845042],[15.621648,41.872121],[15.768788,41.82764],[15.888853,41.905255],[16.096131,41.896913],[16.110974,41.798607],[15.977985,41.679388]]}},{"type":"Feature","properties":{"id":"road-ne-1051-0","name":null,"class":"primary"},"geometry":{"type":"LineString","coordinates":[[14.728152,41.197917],[14.721665,41.305159],[14.588939,41.480379]]}},{"type":"Feature","properties":{"id":"road-ne-1052-0","name":null,"class":"primary"},"geometry":{"type":"LineString","coordinates":[[14.584788,41.484644],[14.673646,41.569293],[14.638549,41.669822]]}},{"type":"Feature","properties":{"id":"road-ne-1053-0","name":null,"class":"primary"},"geometry":{"type":"LineString","coordinates":[[15.014879,41.950575],[14.630088,41.664233]]}},{"type":"Feature","properties":{"id":"road-ne-1054-0","name":null,"class":"primary"},"geometry":{"type":"LineString","coordinates":[[14.092968,41.307429],[14.229812,41.325361],[14.560748,41.206154],[14.714271,41.202852],[14.781901,41.139442]]}},{"type":"Feature","properties":{"id":"road-ne-1055-0","name":null,"class":"primary"},"geometry":{"type":"LineString","coordinates":[[15.977985,41.679388],[15.570412,41.520485]]}},{"type":"Feature","properties":{"id":"road-ne-1056-0","name":null,"class":"primary"},"geometry":{"type":"LineString","coordinates":[[15.696975,41.055533],[15.534571,41.168043]]}},{"type":"Feature","properties":{"id":"road-ne-1057-0","name":null,"class":"primary"},"geometry":{"type":"LineString","coordinates":[[15.036836,37.460508],[14.701253,37.369797],[14.61516,37.278742],[14.334908,37.172188],[14.2443,37.070242]]}},{"type":"Feature","properties":{"id":"road-ne-1058-0","name":"584","class":"primary"},"geometry":{"type":"LineString","coordinates":[[31.987815,46.975263],[32.147325,47.217492],[32.08475,47.522659],[32.170887,47.847904],[32.166115,48.074109]]}},{"type":"Feature","properties":{"id":"road-ne-1059-0","name":"584","class":"primary"},"geometry":{"type":"LineString","coordinates":[[32.324173,48.55008],[32.242732,48.607983],[32.232873,48.940025],[32.267192,48.988008]]}},{"type":"Feature","properties":{"id":"road-ne-1060-0","name":null,"class":"primary"},"geometry":{"type":"LineString","coordinates":[[30.902077,49.076898],[31.420772,49.034909],[31.542038,49.131071],[31.724381,49.13329],[31.818685,49.196619],[31.95681,49.345174],[31.968162,49.436095],[32.095122,49.509906],[32.083571,49.72008],[32.154833,50.031512],[32.102104,50.226143]]}},{"type":"Feature","properties":{"id":"road-ne-1061-0","name":null,"class":"primary"},"geometry":{"type":"LineString","coordinates":[[30.906599,49.070387],[30.920265,49.156161],[30.821184,49.20062],[30.805498,49.317582],[30.69262,49.471046],[30.15965,49.726027],[30.068,49.831613]]}},{"type":"Feature","properties":{"id":"road-ne-1062-0","name":null,"class":"primary"},"geometry":{"type":"LineString","coordinates":[[28.477521,50.28612],[28.690081,50.336077]]}},{"type":"Feature","properties":{"id":"road-ne-1063-0","name":null,"class":"primary"},"geometry":{"type":"LineString","coordinates":[[28.258083,46.480468],[28.352626,46.5082],[28.45323,46.441162],[28.887118,46.55985],[29.040212,46.528553],[29.412411,46.663802],[29.476678,46.83488]]}},{"type":"Feature","properties":{"id":"road-ne-1064-0","name":"584","class":"primary"},"geometry":{"type":"LineString","coordinates":[[28.497022,45.703927],[28.55545,45.795938],[28.57039,46.096199],[28.770087,46.524639],[28.604352,46.825179],[28.759861,46.986213]]}},{"type":"Feature","properties":{"id":"road-ne-1065-0","name":"652","class":"primary"},"geometry":{"type":"LineString","coordinates":[[14.300692,46.615874],[14.274657,46.307849]]}},{"type":"Feature","properties":{"id":"road-ne-1066-0","name":"575","class":"primary"},"geometry":{"type":"LineString","coordinates":[[18.085247,48.312331],[18.206312,47.92217],[18.193907,47.78334],[18.097194,47.661222]]}},{"type":"Feature","properties":{"id":"road-ne-1067-0","name":"671","class":"primary"},"geometry":{"type":"LineString","coordinates":[[21.55429,47.507346],[22.157194,47.526842]]}},{"type":"Feature","properties":{"id":"road-ne-1068-0","name":"671","class":"primary"},"geometry":{"type":"LineString","coordinates":[[22.157194,47.526842],[22.455807,47.689747],[22.604292,47.690068],[22.878069,47.785492]]}},{"type":"Feature","properties":{"id":"road-ne-1069-0","name":"58","class":"primary"},"geometry":{"type":"LineString","coordinates":[[22.995447,48.01963],[23.080928,47.957259],[23.073665,47.890028],[23.14192,47.822552],[23.530383,47.661023],[23.424908,47.591792],[23.494256,47.415463],[23.885496,47.153476]]}},{"type":"Feature","properties":{"id":"road-ne-1070-0","name":null,"class":"primary"},"geometry":{"type":"LineString","coordinates":[[20.104802,46.282369],[20.722145,46.591735],[21.091952,46.692649]]}},{"type":"Feature","properties":{"id":"road-ne-1071-0","name":null,"class":"primary"},"geometry":{"type":"LineString","coordinates":[[20.405646,47.187992],[20.614435,47.010964],[20.98895,46.821323]]}},{"type":"Feature","properties":{"id":"road-ne-1072-0","name":null,"class":"primary"},"geometry":{"type":"LineString","coordinates":[[21.092807,46.695075],[21.335068,46.632896],[21.382103,46.511677],[21.509253,46.5131]]}},{"type":"Feature","properties":{"id":"road-ne-1073-0","name":null,"class":"primary"},"geometry":{"type":"LineString","coordinates":[[21.509253,46.5131],[22.026355,46.403052],[22.167137,46.297407],[22.366176,46.267639],[22.486759,46.332857],[22.539453,46.313199]]}},{"type":"Feature","properties":{"id":"road-ne-1074-0","name":null,"class":"primary"},"geometry":{"type":"LineString","coordinates":[[17.465983,45.96676],[17.758214,46.037473],[18.223562,46.033209]]}},{"type":"Feature","properties":{"id":"road-ne-1075-0","name":null,"class":"primary"},"geometry":{"type":"LineString","coordinates":[[16.1837,46.405356],[16.727748,46.323524]]}},{"type":"Feature","properties":{"id":"road-ne-1076-0","name":null,"class":"primary"},"geometry":{"type":"LineString","coordinates":[[16.835404,46.144331],[17.272743,45.934489],[17.293531,45.869784],[17.707188,45.694862]]}},{"type":"Feature","properties":{"id":"road-ne-1077-0","name":null,"class":"primary"},"geometry":{"type":"LineString","coordinates":[[17.966798,45.382257],[18.067726,45.293705],[18.21004,45.313918],[18.376968,45.266416],[18.413453,45.145173]]}},{"type":"Feature","properties":{"id":"road-ne-1078-0","name":null,"class":"primary"},"geometry":{"type":"LineString","coordinates":[[18.684573,45.53667],[18.829937,45.492242]]}},{"type":"Feature","properties":{"id":"road-ne-1079-0","name":"578","class":"primary"},"geometry":{"type":"LineString","coordinates":[[25.772672,45.767034],[25.810759,46.010114],[25.931704,46.267511],[25.814294,46.350544],[25.768308,46.607124],[25.627634,46.638578],[25.454368,46.886338],[25.362929,46.934452]]}},{"type":"Feature","properties":{"id":"road-ne-1080-0","name":"58","class":"primary"},"geometry":{"type":"LineString","coordinates":[[26.273884,47.637608],[25.846343,47.524707],[25.421106,47.507037],[25.300837,47.423286],[25.354517,47.357787],[25.177167,47.364239],[24.892715,47.205405],[24.617434,47.226126],[24.407183,47.093741]]}},{"type":"Feature","properties":{"id":"road-ne-1081-0","name":"60","class":"primary"},"geometry":{"type":"LineString","coordinates":[[23.447337,46.752401],[22.368232,47.081794]]}},{"type":"Feature","properties":{"id":"road-ne-1082-0","name":null,"class":"primary"},"geometry":{"type":"LineString","coordinates":[[23.535621,47.980324],[23.870107,47.907371],[24.022757,47.922526],[24.517413,47.662925],[25.159434,47.584902],[25.323115,47.45215]]}},{"type":"Feature","properties":{"id":"road-ne-1083-0","name":null,"class":"primary"},"geometry":{"type":"LineString","coordinates":[[25.71338,48.853925],[26.020005,48.807316],[26.243398,48.846263],[26.475262,48.757588],[26.548431,48.668546]]}},{"type":"Feature","properties":{"id":"road-ne-1084-0","name":null,"class":"primary"},"geometry":{"type":"LineString","coordinates":[[24.131762,49.777671],[24.425664,49.49029],[24.613327,49.399737]]}},{"type":"Feature","properties":{"id":"road-ne-1085-0","name":null,"class":"primary"},"geometry":{"type":"LineString","coordinates":[[24.695474,48.928162],[24.521065,48.768894],[24.622555,48.549911]]}},{"type":"Feature","properties":{"id":"road-ne-1086-0","name":"471","class":"primary"},"geometry":{"type":"LineString","coordinates":[[22.727676,48.474373],[23.007727,48.602465],[23.125557,48.910218],[23.292351,48.885846],[23.834628,49.247151],[23.982961,49.483069],[23.943644,49.538536],[23.99695,49.596285],[24.006494,49.77425]]}},{"type":"Feature","properties":{"id":"road-ne-1087-0","name":null,"class":"primary"},"geometry":{"type":"LineString","coordinates":[[25.416591,49.066004],[25.137342,49.073713],[25.077316,48.92951],[24.69391,48.921626]]}},{"type":"Feature","properties":{"id":"road-ne-1088-0","name":null,"class":"primary"},"geometry":{"type":"LineString","coordinates":[[25.771295,50.051865],[26.160942,49.950415],[27.077562,50.009114],[27.766467,49.921297],[28.941988,49.687127],[30.152177,49.830548],[30.315556,49.779141],[30.425003,49.839835],[30.547489,49.815693],[30.832232,49.870578]]}},{"type":"Feature","properties":{"id":"road-ne-1089-0","name":null,"class":"primary"},"geometry":{"type":"LineString","coordinates":[[26.87622,49.411451],[27.07296,49.352235],[27.127106,49.411451]]}},{"type":"Feature","properties":{"id":"road-ne-1090-0","name":null,"class":"primary"},"geometry":{"type":"LineString","coordinates":[[22.148135,53.252533],[21.876537,53.434091],[21.795215,53.64827],[21.905926,53.792208]]}},{"type":"Feature","properties":{"id":"road-ne-1091-0","name":null,"class":"primary"},"geometry":{"type":"LineString","coordinates":[[21.905926,53.792208],[21.944019,53.841906],[21.810651,54.040982],[21.841685,54.177404],[21.639467,54.327625]]}},{"type":"Feature","properties":{"id":"road-ne-1092-0","name":null,"class":"primary"},"geometry":{"type":"LineString","coordinates":[[21.639467,54.327625],[21.305157,54.349293],[20.747616,54.490466],[20.473601,54.693104],[20.14503,54.8024]]}},{"type":"Feature","properties":{"id":"road-ne-1093-0","name":null,"class":"primary"},"geometry":{"type":"LineString","coordinates":[[20.492559,53.778065],[20.73828,53.63079],[21.346851,53.505904],[21.386534,53.289946],[21.555839,53.097088]]}},{"type":"Feature","properties":{"id":"road-ne-1094-0","name":null,"class":"primary"},"geometry":{"type":"LineString","coordinates":[[17.667103,50.683802],[17.915665,50.703998],[18.081476,50.665698],[18.463956,50.75164],[18.646754,50.701723]]}},{"type":"Feature","properties":{"id":"road-ne-1095-0","name":null,"class":"primary"},"geometry":{"type":"LineString","coordinates":[[18.198743,52.171199],[18.079274,51.759029]]}},{"type":"Feature","properties":{"id":"road-ne-1096-0","name":null,"class":"primary"},"geometry":{"type":"LineString","coordinates":[[20.006727,52.755456],[19.794231,52.673872],[19.768858,52.582756],[19.484695,52.434956],[19.390791,52.23651]]}},{"type":"Feature","properties":{"id":"road-ne-1097-0","name":null,"class":"primary"},"geometry":{"type":"LineString","coordinates":[[29.167434,53.136426],[28.392533,53.048813],[27.675499,53.086314],[27.40041,53.023146],[26.020618,52.94407],[25.615285,52.860342]]}},{"type":"Feature","properties":{"id":"road-ne-1098-0","name":null,"class":"primary"},"geometry":{"type":"LineString","coordinates":[[28.6955,55.548277],[28.790877,55.383131],[28.730705,54.922406]]}},{"type":"Feature","properties":{"id":"road-ne-1099-0","name":null,"class":"primary"},"geometry":{"type":"LineString","coordinates":[[28.730705,54.922406],[28.588969,54.796222],[28.194795,54.778885],[27.99525,54.707101],[27.873196,54.539526],[27.896641,54.435646],[27.846881,54.192192],[27.641158,53.980988]]}},{"type":"Feature","properties":{"id":"road-ne-1100-0","name":null,"class":"primary"},"geometry":{"type":"LineString","coordinates":[[28.735226,54.927706],[28.90155,55.016162],[29.342223,55.03748],[30.031156,55.194917]]}},{"type":"Feature","properties":{"id":"road-ne-1101-0","name":null,"class":"primary"},"geometry":{"type":"LineString","coordinates":[[25.981767,54.455567],[26.350379,54.505464],[26.561171,54.437355],[26.705188,54.324218],[27.036512,54.272148],[27.270446,54.113134],[27.31292,53.944887]]}},{"type":"Feature","properties":{"id":"road-ne-1102-0","name":null,"class":"primary"},"geometry":{"type":"LineString","coordinates":[[27.739668,53.932465],[27.927908,54.022207]]}},{"type":"Feature","properties":{"id":"road-ne-1103-0","name":null,"class":"primary"},"geometry":{"type":"LineString","coordinates":[[25.335838,53.858392],[25.490693,53.842729],[26.191819,53.940789],[26.623543,54.105999]]}},{"type":"Feature","properties":{"id":"road-ne-1104-0","name":null,"class":"primary"},"geometry":{"type":"LineString","coordinates":[[23.87968,54.975467],[23.834246,54.909604],[23.955917,54.702498],[23.896352,54.520888],[23.993543,54.428351]]}},{"type":"Feature","properties":{"id":"road-ne-1105-0","name":null,"class":"primary"},"geometry":{"type":"LineString","coordinates":[[23.993543,54.428351],[23.847809,54.233703],[23.847053,54.084765],[23.765839,53.979786]]}},{"type":"Feature","properties":{"id":"road-ne-1106-0","name":null,"class":"primary"},"geometry":{"type":"LineString","coordinates":[[23.867575,53.557046],[23.689115,53.529771],[23.281533,53.26823],[23.195591,53.140833]]}},{"type":"Feature","properties":{"id":"road-ne-1107-0","name":null,"class":"strategic"},"geometry":{"type":"LineString","coordinates":[[24.712659,53.630618],[25.194738,53.846124],[25.335838,53.858392]]}},{"type":"Feature","properties":{"id":"road-ne-1108-0","name":null,"class":"primary"},"geometry":{"type":"LineString","coordinates":[[24.077347,53.141702],[25.058888,53.141291],[25.324223,53.049073],[25.797009,53.025406]]}},{"type":"Feature","properties":{"id":"road-ne-1109-0","name":null,"class":"primary"},"geometry":{"type":"LineString","coordinates":[[21.168817,55.715377],[21.449897,55.484482],[21.509702,55.322702],[21.677846,55.190699],[21.778625,55.045492],[21.777998,54.936631],[21.918914,54.828659],[21.913851,54.713323]]}},{"type":"Feature","properties":{"id":"road-ne-1110-0","name":null,"class":"primary"},"geometry":{"type":"LineString","coordinates":[[19.668219,51.430487],[19.925079,51.352832]]}},{"type":"Feature","properties":{"id":"road-ne-1111-0","name":null,"class":"primary"},"geometry":{"type":"LineString","coordinates":[[19.925079,51.346858],[20.122828,51.307237],[20.243604,51.143431],[20.344757,51.114196],[20.659817,50.874954]]}},{"type":"Feature","properties":{"id":"road-ne-1112-0","name":null,"class":"primary"},"geometry":{"type":"LineString","coordinates":[[21.33741,51.378511],[21.69184,51.371732],[21.944783,51.431041],[22.171107,51.394646]]}},{"type":"Feature","properties":{"id":"road-ne-1113-0","name":null,"class":"primary"},"geometry":{"type":"LineString","coordinates":[[16.831315,53.88277],[17.016525,53.846243],[17.460234,53.627351],[17.544662,53.438778],[17.832042,53.404034],[17.911494,53.309502],[17.895347,53.222344],[17.947857,53.150849]]}},{"type":"Feature","properties":{"id":"road-ne-1114-0","name":null,"class":"primary"},"geometry":{"type":"LineString","coordinates":[[16.879873,53.475071],[16.711846,53.670746],[16.753161,53.724303]]}},{"type":"Feature","properties":{"id":"road-ne-1115-0","name":null,"class":"primary"},"geometry":{"type":"LineString","coordinates":[[16.753161,53.724303],[16.83679,53.778065]]}},{"type":"Feature","properties":{"id":"road-ne-1116-0","name":null,"class":"primary"},"geometry":{"type":"LineString","coordinates":[[16.83679,53.772091],[16.828918,53.893597],[16.963499,53.970111],[17.005287,54.121668],[17.112879,54.244078],[17.007539,54.368707],[17.021475,54.493112],[16.842763,54.578511]]}},{"type":"Feature","properties":{"id":"road-ne-1117-0","name":null,"class":"primary"},"geometry":{"type":"LineString","coordinates":[[16.185681,54.190235],[16.831315,53.88277]]}},{"type":"Feature","properties":{"id":"road-ne-1118-0","name":null,"class":"primary"},"geometry":{"type":"LineString","coordinates":[[14.692311,53.359921],[14.913536,53.375975],[14.996716,53.31421],[15.521939,53.252413],[16.191386,53.355243],[16.719015,53.238071]]}},{"type":"Feature","properties":{"id":"road-ne-1119-0","name":null,"class":"primary"},"geometry":{"type":"LineString","coordinates":[[16.785021,53.194656],[16.746724,53.062781],[16.896743,52.987809]]}},{"type":"Feature","properties":{"id":"road-ne-1120-0","name":null,"class":"primary"},"geometry":{"type":"LineString","coordinates":[[16.970665,52.87044],[16.95784,52.757685],[16.817256,52.623809],[16.841104,52.510036],[16.938873,52.426658]]}},{"type":"Feature","properties":{"id":"road-ne-1121-0","name":null,"class":"primary"},"geometry":{"type":"LineString","coordinates":[[14.578777,47.193231],[14.427768,47.152332],[14.455536,47.117116],[14.385403,46.985238],[14.454109,46.858279],[14.335395,46.676612]]}},{"type":"Feature","properties":{"id":"road-ne-1122-0","name":null,"class":"primary"},"geometry":{"type":"LineString","coordinates":[[15.474921,49.827264],[15.248288,50.024573]]}},{"type":"Feature","properties":{"id":"road-ne-1123-0","name":null,"class":"primary"},"geometry":{"type":"LineString","coordinates":[[15.248288,50.024573],[14.604424,50.119495]]}},{"type":"Feature","properties":{"id":"road-ne-1124-0","name":"71","class":"strategic"},"geometry":{"type":"LineString","coordinates":[[20.847722,47.879067],[20.898899,47.986712],[20.821319,48.105289]]}},{"type":"Feature","properties":{"id":"road-ne-1125-0","name":"55","class":"strategic"},"geometry":{"type":"LineString","coordinates":[[14.180729,42.389813],[14.65077,42.154455],[14.748633,42.044786],[14.921998,42.021662],[15.045496,41.923461],[15.328416,41.842358],[15.409499,41.679254],[15.654869,41.427732],[16.001442,41.269173]]}},{"type":"Feature","properties":{"id":"road-ne-1126-0","name":null,"class":"primary"},"geometry":{"type":"LineString","coordinates":[[22.73784,52.017705],[22.685045,51.857124],[22.442212,51.632888],[22.640171,51.412234],[22.549498,51.265161]]}},{"type":"Feature","properties":{"id":"road-ne-1127-0","name":"77","class":"primary"},"geometry":{"type":"LineString","coordinates":[[19.560711,54.11582],[19.626915,54.085325],[19.796299,53.779494],[20.005117,53.693794],[20.090399,53.605402],[20.208182,53.600051]]}},{"type":"Feature","properties":{"id":"road-ne-1128-0","name":"30","class":"strategic"},"geometry":{"type":"LineString","coordinates":[[27.144869,53.693234],[27.899913,53.841104],[27.980998,53.963111],[28.501625,54.119276],[28.601908,54.213748]]}},{"type":"Feature","properties":{"id":"road-ne-1129-0","name":"81","class":"primary"},"geometry":{"type":"LineString","coordinates":[[23.586822,46.777147],[23.429618,46.823978],[23.402081,46.936074],[23.273996,46.985057],[23.26335,47.051063],[23.035728,47.225879]]}},{"type":"Feature","properties":{"id":"road-ne-1130-0","name":"70","class":"primary"},"geometry":{"type":"LineString","coordinates":[[23.409064,44.578591],[23.297814,44.618335],[22.660216,44.63414]]}},{"type":"Feature","properties":{"id":"road-ne-1131-0","name":"36","class":"strategic"},"geometry":{"type":"LineString","coordinates":[[14.808239,51.665238],[14.740297,51.672402]]}},{"type":"Feature","properties":{"id":"road-ne-1132-0","name":"55","class":"primary"},"geometry":{"type":"LineString","coordinates":[[14.0,50.524904332815986],[14.043809,50.504547]]}},{"type":"Feature","properties":{"id":"road-ne-1133-0","name":null,"class":"primary"},"geometry":{"type":"LineString","coordinates":[[14.552158,46.016572],[14.578645,46.100802]]}},{"type":"Feature","properties":{"id":"road-ne-1134-0","name":"661","class":"primary"},"geometry":{"type":"LineString","coordinates":[[17.213119,45.27183],[17.282917,45.099639]]}},{"type":"Feature","properties":{"id":"road-ne-1135-0","name":"661","class":"primary"},"geometry":{"type":"LineString","coordinates":[[17.281439,44.922841],[17.191217,44.827803]]}},{"type":"Feature","properties":{"id":"road-ne-1136-0","name":"73","class":"primary"},"geometry":{"type":"LineString","coordinates":[[18.244298,43.94809],[18.35884,43.891985],[18.352272,43.834893]]}},{"type":"Feature","properties":{"id":"road-ne-1137-0","name":"36","class":"strategic"},"geometry":{"type":"LineString","coordinates":[[15.786327,51.294509],[15.589884,51.359618]]}},{"type":"Feature","properties":{"id":"road-ne-1138-0","name":"261","class":"primary"},"geometry":{"type":"LineString","coordinates":[[17.020011,51.197887],[16.962233,51.042211]]}},{"type":"Feature","properties":{"id":"road-ne-1139-0","name":null,"class":"primary"},"geometry":{"type":"LineString","coordinates":[[16.125946,51.466328],[16.209206,51.413611]]}},{"type":"Feature","properties":{"id":"road-ne-1140-0","name":null,"class":"primary"},"geometry":{"type":"LineString","coordinates":[[18.68795,52.95155],[18.748303,53.01546]]}},{"type":"Feature","properties":{"id":"road-ne-1141-0","name":null,"class":"strategic"},"geometry":{"type":"LineString","coordinates":[[18.600448,53.471149],[18.754429,53.020205]]}},{"type":"Feature","properties":{"id":"road-ne-1142-0","name":null,"class":"primary"},"geometry":{"type":"LineString","coordinates":[[15.407778,52.57891],[15.504704,52.583369]]}},{"type":"Feature","properties":{"id":"road-ne-1143-0","name":"75","class":"primary"},"geometry":{"type":"LineString","coordinates":[[19.582772,51.574725],[19.656272,51.434468]]}},{"type":"Feature","properties":{"id":"road-ne-1144-0","name":"371","class":"primary"},"geometry":{"type":"LineString","coordinates":[[21.155616,51.424514],[21.21941,51.410846]]}},{"type":"Feature","properties":{"id":"road-ne-1145-0","name":"75","class":"primary"},"geometry":{"type":"LineString","coordinates":[[21.722227,42.40007],[21.72363,42.187158]]}},{"type":"Feature","properties":{"id":"road-ne-1146-0","name":"75","class":"primary"},"geometry":{"type":"LineString","coordinates":[[21.862478,43.135313],[22.004287,43.04455],[22.033562,42.907429]]}},{"type":"Feature","properties":{"id":"road-ne-1148-0","name":null,"class":"strategic"},"geometry":{"type":"LineString","coordinates":[[37.44885,55.880202],[37.539587,55.8967]]}},{"type":"Feature","properties":{"id":"road-ne-1149-0","name":null,"class":"strategic"},"geometry":{"type":"LineString","coordinates":[[37.84067,55.987437],[37.721062,55.876078]]}},{"type":"Feature","properties":{"id":"road-ne-1150-0","name":null,"class":"strategic"},"geometry":{"type":"LineString","coordinates":[[37.539587,55.8967],[37.721062,55.876078]]}},{"type":"Feature","properties":{"id":"road-ne-1151-0","name":null,"class":"strategic"},"geometry":{"type":"LineString","coordinates":[[37.386983,55.830709],[37.44885,55.880202]]}},{"type":"Feature","properties":{"id":"road-ne-1152-0","name":null,"class":"strategic"},"geometry":{"type":"LineString","coordinates":[[37.832421,55.805963],[37.721062,55.876078]]}},{"type":"Feature","properties":{"id":"road-ne-1153-0","name":null,"class":"strategic"},"geometry":{"type":"LineString","coordinates":[[37.353988,55.781216],[37.386983,55.830709]]}},{"type":"Feature","properties":{"id":"road-ne-1154-0","name":null,"class":"strategic"},"geometry":{"type":"LineString","coordinates":[[37.832421,55.805963],[37.844794,55.760594]]}},{"type":"Feature","properties":{"id":"road-ne-1155-0","name":null,"class":"strategic"},"geometry":{"type":"LineString","coordinates":[[37.378735,55.706977],[37.353988,55.781216]]}},{"type":"Feature","properties":{"id":"road-ne-1156-0","name":null,"class":"strategic"},"geometry":{"type":"LineString","coordinates":[[37.84067,55.739972],[37.828297,55.686354]]}},{"type":"Feature","properties":{"id":"road-ne-1157-0","name":null,"class":"strategic"},"geometry":{"type":"LineString","coordinates":[[37.457099,55.640986],[37.378735,55.706977]]}},{"type":"Feature","properties":{"id":"road-ne-1158-0","name":null,"class":"strategic"},"geometry":{"type":"LineString","coordinates":[[37.502467,55.60799],[37.457099,55.640986]]}},{"type":"Feature","properties":{"id":"road-ne-1159-0","name":null,"class":"strategic"},"geometry":{"type":"LineString","coordinates":[[37.828297,55.686354],[37.725186,55.591493]]}},{"type":"Feature","properties":{"id":"road-ne-1160-0","name":null,"class":"strategic"},"geometry":{"type":"LineString","coordinates":[[37.58908,55.579119],[37.502467,55.60799]]}},{"type":"Feature","properties":{"id":"road-ne-1161-0","name":null,"class":"strategic"},"geometry":{"type":"LineString","coordinates":[[37.609702,55.574995],[37.58908,55.579119]]}},{"type":"Feature","properties":{"id":"road-ne-1162-0","name":null,"class":"strategic"},"geometry":{"type":"LineString","coordinates":[[37.725186,55.591493],[37.609702,55.574995]]}},{"type":"Feature","properties":{"id":"road-ne-1163-0","name":null,"class":"strategic"},"geometry":{"type":"LineString","coordinates":[[37.745808,55.562622],[37.795301,55.331654]]}},{"type":"Feature","properties":{"id":"road-ne-1164-0","name":null,"class":"strategic"},"geometry":{"type":"LineString","coordinates":[[37.609702,55.574995],[37.613827,55.401769],[37.564334,55.319281]]}},{"type":"Feature","properties":{"id":"road-ne-1165-0","name":null,"class":"strategic"},"geometry":{"type":"LineString","coordinates":[[37.795301,55.331654],[37.815923,55.269788]]}},{"type":"Feature","properties":{"id":"road-ne-1166-0","name":null,"class":"strategic"},"geometry":{"type":"LineString","coordinates":[[37.815923,55.269788],[37.857168,55.207921]]}},{"type":"Feature","properties":{"id":"road-ne-1167-0","name":null,"class":"strategic"},"geometry":{"type":"LineString","coordinates":[[37.564334,55.319281],[37.535463,55.17905]]}},{"type":"Feature","properties":{"id":"road-ne-1168-0","name":null,"class":"strategic"},"geometry":{"type":"LineString","coordinates":[[37.857168,55.207921],[37.931407,55.071816]]}},{"type":"Feature","properties":{"id":"road-ne-1169-0","name":null,"class":"strategic"},"geometry":{"type":"LineString","coordinates":[[37.535463,55.17905],[37.568458,55.034696]]}},{"type":"Feature","properties":{"id":"road-ne-1170-0","name":null,"class":"strategic"},"geometry":{"type":"LineString","coordinates":[[37.931407,55.071816],[37.993273,54.948083]]}},{"type":"Feature","properties":{"id":"road-ne-1171-0","name":null,"class":"strategic"},"geometry":{"type":"LineString","coordinates":[[37.502467,54.915087],[37.568458,55.034696]]}},{"type":"Feature","properties":{"id":"road-ne-1172-0","name":null,"class":"strategic"},"geometry":{"type":"LineString","coordinates":[[37.993273,54.948083],[38.05514,54.86147],[38.162375,54.816101]]}},{"type":"Feature","properties":{"id":"road-ne-1173-0","name":null,"class":"strategic"},"geometry":{"type":"LineString","coordinates":[[37.432352,54.811977],[37.502467,54.915087]]}},{"type":"Feature","properties":{"id":"road-ne-1175-0","name":null,"class":"strategic"},"geometry":{"type":"LineString","coordinates":[[37.444725,54.527392],[37.432352,54.811977]]}},{"type":"Feature","properties":{"id":"road-ne-1176-0","name":null,"class":"strategic"},"geometry":{"type":"LineString","coordinates":[[36.887928,53.450918],[37.073527,53.521033],[37.415854,53.830364]]}},{"type":"Feature","properties":{"id":"road-ne-1177-0","name":null,"class":"strategic"},"geometry":{"type":"LineString","coordinates":[[36.586846,53.277692],[36.887928,53.450918]]}},{"type":"Feature","properties":{"id":"road-ne-1178-0","name":null,"class":"strategic"},"geometry":{"type":"LineString","coordinates":[[36.182652,53.017853],[36.578597,53.273567]]}},{"type":"Feature","properties":{"id":"road-ne-1179-0","name":null,"class":"strategic"},"geometry":{"type":"LineString","coordinates":[[36.083666,52.964236],[36.182652,53.017853]]}},{"type":"Feature","properties":{"id":"road-ne-1180-0","name":null,"class":"strategic"},"geometry":{"type":"LineString","coordinates":[[36.079542,52.960111],[36.017675,52.914743]]}},{"type":"Feature","properties":{"id":"road-ne-1181-0","name":null,"class":"strategic"},"geometry":{"type":"LineString","coordinates":[[36.017675,52.914743],[35.848574,52.807508],[35.745463,52.654904]]}},{"type":"Feature","properties":{"id":"road-ne-1182-0","name":null,"class":"strategic"},"geometry":{"type":"LineString","coordinates":[[35.745463,52.654904],[35.774334,52.485803]]}},{"type":"Feature","properties":{"id":"road-ne-1183-0","name":null,"class":"strategic"},"geometry":{"type":"LineString","coordinates":[[36.186777,49.912163],[36.067168,49.804928],[35.869196,49.763684],[35.761961,49.635827],[35.563989,49.58221],[35.448505,49.400735]]}},{"type":"Feature","properties":{"id":"road-ne-1184-0","name":null,"class":"strategic"},"geometry":{"type":"LineString","coordinates":[[35.448505,49.400735],[35.530993,49.227509],[35.4815,49.11615],[35.353643,49.00479],[35.275279,48.802694],[35.283528,48.678961],[35.213413,48.621219]]}},{"type":"Feature","properties":{"id":"road-ne-1185-0","name":null,"class":"strategic"},"geometry":{"type":"LineString","coordinates":[[34.932952,48.076795],[35.064934,48.489238]]}},{"type":"Feature","properties":{"id":"road-ne-1186-0","name":null,"class":"strategic"},"geometry":{"type":"LineString","coordinates":[[34.932952,48.076795],[34.994819,47.986058],[34.98657,47.878823],[35.205164,47.804584]]}},{"type":"Feature","properties":{"id":"road-ne-1187-0","name":null,"class":"strategic"},"geometry":{"type":"LineString","coordinates":[[44.707833,41.890162],[44.563478,41.894287],[44.245898,42.026268],[44.11804,41.997397]]}},{"type":"Feature","properties":{"id":"road-ne-1188-0","name":null,"class":"strategic"},"geometry":{"type":"LineString","coordinates":[[44.707833,41.890162],[44.749077,41.828296]]}},{"type":"Feature","properties":{"id":"road-ne-1189-0","name":null,"class":"strategic"},"geometry":{"type":"LineString","coordinates":[[44.749077,41.828296],[44.769699,41.72931]]}},{"type":"Feature","properties":{"id":"road-ne-1190-0","name":null,"class":"strategic"},"geometry":{"type":"LineString","coordinates":[[44.819192,41.688065],[44.769699,41.72931]]}},{"type":"Feature","properties":{"id":"road-ne-1191-0","name":null,"class":"strategic"},"geometry":{"type":"LineString","coordinates":[[31.006502,40.838434],[31.253968,40.79719]]}},{"type":"Feature","properties":{"id":"road-ne-1192-0","name":null,"class":"strategic"},"geometry":{"type":"LineString","coordinates":[[32.194336,40.805439],[32.049981,40.784817]]}},{"type":"Feature","properties":{"id":"road-ne-1193-0","name":null,"class":"strategic"},"geometry":{"type":"LineString","coordinates":[[30.726042,40.764195],[31.006502,40.838434]]}},{"type":"Feature","properties":{"id":"road-ne-1194-0","name":null,"class":"strategic"},"geometry":{"type":"LineString","coordinates":[[32.049981,40.784817],[31.819013,40.743573]]}},{"type":"Feature","properties":{"id":"road-ne-1195-0","name":null,"class":"strategic"},"geometry":{"type":"LineString","coordinates":[[31.253968,40.79719],[31.468438,40.739448],[31.819013,40.743573]]}},{"type":"Feature","properties":{"id":"road-ne-1196-0","name":null,"class":"strategic"},"geometry":{"type":"LineString","coordinates":[[31.819013,40.743573],[32.165465,40.739448]]}},{"type":"Feature","properties":{"id":"road-ne-1197-0","name":null,"class":"strategic"},"geometry":{"type":"LineString","coordinates":[[30.606433,40.727075],[30.726042,40.764195]]}},{"type":"Feature","properties":{"id":"road-ne-1198-0","name":null,"class":"strategic"},"geometry":{"type":"LineString","coordinates":[[30.350719,40.710577],[30.606433,40.727075]]}},{"type":"Feature","properties":{"id":"road-ne-1199-0","name":null,"class":"strategic"},"geometry":{"type":"LineString","coordinates":[[29.938277,40.768319],[29.954775,40.722951],[29.905282,40.702329],[29.27012,40.652835]]}},{"type":"Feature","properties":{"id":"road-ne-1200-0","name":null,"class":"strategic"},"geometry":{"type":"LineString","coordinates":[[29.27012,40.652835],[29.315489,40.491983]]}},{"type":"Feature","properties":{"id":"road-ne-1201-0","name":null,"class":"strategic"},"geometry":{"type":"LineString","coordinates":[[32.639773,40.454863],[32.577907,40.553849],[32.338691,40.661084],[32.231456,40.768319]]}},{"type":"Feature","properties":{"id":"road-ne-1202-0","name":null,"class":"strategic"},"geometry":{"type":"LineString","coordinates":[[29.315489,40.491983],[29.237125,40.425992],[29.158761,40.425992]]}},{"type":"Feature","properties":{"id":"road-ne-1203-0","name":null,"class":"strategic"},"geometry":{"type":"LineString","coordinates":[[32.165465,40.739448],[32.260327,40.65696],[32.276824,40.512605],[32.421179,40.417743],[32.466548,40.322882]]}},{"type":"Feature","properties":{"id":"road-ne-1204-0","name":null,"class":"strategic"},"geometry":{"type":"LineString","coordinates":[[44.926427,40.533227],[44.76145,40.491983],[44.5841,40.252766]]}},{"type":"Feature","properties":{"id":"road-ne-1205-0","name":null,"class":"strategic"},"geometry":{"type":"LineString","coordinates":[[29.158761,40.425992],[29.072148,40.203273]]}},{"type":"Feature","properties":{"id":"road-ne-1206-0","name":null,"class":"strategic"},"geometry":{"type":"LineString","coordinates":[[44.5841,40.252766],[44.497487,40.1909]]}},{"type":"Feature","properties":{"id":"road-ne-1207-0","name":null,"class":"strategic"},"geometry":{"type":"LineString","coordinates":[[44.493363,40.174402],[44.299515,40.157905]]}},{"type":"Feature","properties":{"id":"road-ne-1208-0","name":null,"class":"strategic"},"geometry":{"type":"LineString","coordinates":[[44.299515,40.157905],[44.027303,40.141407]]}},{"type":"Feature","properties":{"id":"road-ne-1209-0","name":null,"class":"strategic"},"geometry":{"type":"LineString","coordinates":[[44.5841,40.252766],[44.575851,40.120785],[44.476865,40.091914]]}},{"type":"Feature","properties":{"id":"road-ne-1210-0","name":null,"class":"strategic"},"geometry":{"type":"LineString","coordinates":[[32.639773,40.454863],[32.70164,40.294011],[32.606778,40.08779],[32.635649,40.025923]]}},{"type":"Feature","properties":{"id":"road-ne-1211-0","name":null,"class":"strategic"},"geometry":{"type":"LineString","coordinates":[[32.635649,40.025923],[32.891363,40.017674]]}},{"type":"Feature","properties":{"id":"road-ne-1212-0","name":null,"class":"strategic"},"geometry":{"type":"LineString","coordinates":[[32.466548,40.322882],[32.569658,40.195025],[32.606778,40.01355]]}},{"type":"Feature","properties":{"id":"road-ne-1213-0","name":null,"class":"strategic"},"geometry":{"type":"LineString","coordinates":[[32.619151,40.005301],[32.6274,39.97643]]}},{"type":"Feature","properties":{"id":"road-ne-1214-0","name":null,"class":"strategic"},"geometry":{"type":"LineString","coordinates":[[32.6274,39.97643],[32.417055,40.100163],[32.338691,40.01355],[32.260327,40.030048]]}},{"type":"Feature","properties":{"id":"road-ne-1215-0","name":null,"class":"strategic"},"geometry":{"type":"LineString","coordinates":[[32.672769,39.972306],[32.6274,39.97643]]}},{"type":"Feature","properties":{"id":"road-ne-1216-0","name":null,"class":"strategic"},"geometry":{"type":"LineString","coordinates":[[32.672769,39.972306],[32.854243,39.951684]]}},{"type":"Feature","properties":{"id":"road-ne-1217-0","name":null,"class":"strategic"},"geometry":{"type":"LineString","coordinates":[[33.01922,39.922813],[32.891363,40.017674]]}},{"type":"Feature","properties":{"id":"road-ne-1218-0","name":null,"class":"strategic"},"geometry":{"type":"LineString","coordinates":[[33.427538,39.926937],[33.283183,39.951684],[33.217193,39.918688],[33.13058,39.964057],[33.01922,39.922813]]}},{"type":"Feature","properties":{"id":"road-ne-1219-0","name":null,"class":"strategic"},"geometry":{"type":"LineString","coordinates":[[33.01922,39.922813],[32.936732,39.906315],[32.854243,39.951684]]}},{"type":"Feature","properties":{"id":"road-ne-1220-0","name":null,"class":"strategic"},"geometry":{"type":"LineString","coordinates":[[44.617096,39.87332],[44.48099,39.984679],[44.476865,40.091914]]}},{"type":"Feature","properties":{"id":"road-ne-1221-0","name":null,"class":"strategic"},"geometry":{"type":"LineString","coordinates":[[32.631525,39.869195],[32.821248,39.910439]]}},{"type":"Feature","properties":{"id":"road-ne-1222-0","name":null,"class":"strategic"},"geometry":{"type":"LineString","coordinates":[[32.6274,39.97643],[32.631525,39.869195]]}},{"type":"Feature","properties":{"id":"road-ne-1223-0","name":null,"class":"strategic"},"geometry":{"type":"LineString","coordinates":[[33.427538,39.926937],[33.481156,39.860946]]}},{"type":"Feature","properties":{"id":"road-ne-1224-0","name":null,"class":"strategic"},"geometry":{"type":"LineString","coordinates":[[32.796501,39.811453],[32.887239,39.819702],[33.01922,39.922813]]}},{"type":"Feature","properties":{"id":"road-ne-1225-0","name":null,"class":"strategic"},"geometry":{"type":"LineString","coordinates":[[32.631525,39.869195],[32.676893,39.774334],[32.796501,39.811453]]}},{"type":"Feature","properties":{"id":"road-ne-1226-0","name":null,"class":"strategic"},"geometry":{"type":"LineString","coordinates":[[44.629469,39.275278],[44.402626,39.341269]]}},{"type":"Feature","properties":{"id":"road-ne-1227-0","name":null,"class":"strategic"},"geometry":{"type":"LineString","coordinates":[[35.724841,38.875209],[35.51862,38.734979],[35.295901,38.755601]]}},{"type":"Feature","properties":{"id":"road-ne-1228-0","name":null,"class":"strategic"},"geometry":{"type":"LineString","coordinates":[[39.168734,38.677237],[39.214102,38.681362]]}},{"type":"Feature","properties":{"id":"road-ne-1229-0","name":null,"class":"strategic"},"geometry":{"type":"LineString","coordinates":[[35.295901,38.755601],[35.196915,38.656615],[35.159795,38.466892]]}},{"type":"Feature","properties":{"id":"road-ne-1230-0","name":null,"class":"strategic"},"geometry":{"type":"LineString","coordinates":[[45.978155,38.273044],[45.792556,38.347283],[45.771934,38.429772]]}},{"type":"Feature","properties":{"id":"road-ne-1231-0","name":null,"class":"strategic"},"geometry":{"type":"LineString","coordinates":[[46.283362,38.066823],[46.176127,38.178182],[45.978155,38.273044]]}},{"type":"Feature","properties":{"id":"road-ne-1232-0","name":null,"class":"strategic"},"geometry":{"type":"LineString","coordinates":[[45.961657,37.897721],[46.283362,38.066823]]}},{"type":"Feature","properties":{"id":"road-ne-1233-0","name":null,"class":"strategic"},"geometry":{"type":"LineString","coordinates":[[32.499543,37.922468],[32.474797,37.877099]]}},{"type":"Feature","properties":{"id":"road-ne-1234-0","name":null,"class":"strategic"},"geometry":{"type":"LineString","coordinates":[[32.532538,37.914219],[32.511916,37.86885]]}},{"type":"Feature","properties":{"id":"road-ne-1235-0","name":null,"class":"strategic"},"geometry":{"type":"LineString","coordinates":[[32.474797,37.877099],[32.511916,37.86885]]}},{"type":"Feature","properties":{"id":"road-ne-1236-0","name":null,"class":"strategic"},"geometry":{"type":"LineString","coordinates":[[32.511916,37.86885],[32.549036,37.864726]]}},{"type":"Feature","properties":{"id":"road-ne-1237-0","name":null,"class":"strategic"},"geometry":{"type":"LineString","coordinates":[[46.823661,37.831731],[46.283362,38.066823]]}},{"type":"Feature","properties":{"id":"road-ne-1238-0","name":null,"class":"strategic"},"geometry":{"type":"LineString","coordinates":[[32.520165,37.815233],[32.549036,37.864726]]}},{"type":"Feature","properties":{"id":"road-ne-1239-0","name":null,"class":"strategic"},"geometry":{"type":"LineString","coordinates":[[32.520165,37.815233],[32.511916,37.86885]]}},{"type":"Feature","properties":{"id":"road-ne-1240-0","name":null,"class":"strategic"},"geometry":{"type":"LineString","coordinates":[[29.080397,37.778113],[29.410351,37.831731]]}},{"type":"Feature","properties":{"id":"road-ne-1241-0","name":null,"class":"strategic"},"geometry":{"type":"LineString","coordinates":[[30.561065,37.769864],[30.474452,37.914219],[30.408461,37.881224]]}},{"type":"Feature","properties":{"id":"road-ne-1242-0","name":null,"class":"strategic"},"geometry":{"type":"LineString","coordinates":[[47.145366,37.62551],[46.881403,37.757491],[46.823661,37.831731]]}},{"type":"Feature","properties":{"id":"road-ne-1243-0","name":null,"class":"strategic"},"geometry":{"type":"LineString","coordinates":[[32.643898,37.584265],[32.520165,37.815233]]}},{"type":"Feature","properties":{"id":"road-ne-1244-0","name":null,"class":"strategic"},"geometry":{"type":"LineString","coordinates":[[36.879679,37.559519],[36.830186,37.604887]]}},{"type":"Feature","properties":{"id":"road-ne-1245-0","name":null,"class":"strategic"},"geometry":{"type":"LineString","coordinates":[[44.782072,38.174058],[44.930552,38.128689],[45.029538,38.021454],[45.000667,37.930717],[45.070782,37.778113],[45.070782,37.55127]]}},{"type":"Feature","properties":{"id":"road-ne-1246-0","name":null,"class":"strategic"},"geometry":{"type":"LineString","coordinates":[[45.070782,37.55127],[44.934676,37.699749],[44.790321,37.703874]]}},{"type":"Feature","properties":{"id":"road-ne-1247-0","name":null,"class":"strategic"},"geometry":{"type":"LineString","coordinates":[[34.367906,37.637883],[34.532883,37.543021]]}},{"type":"Feature","properties":{"id":"road-ne-1248-0","name":null,"class":"strategic"},"geometry":{"type":"LineString","coordinates":[[34.532883,37.543021],[34.796846,37.518275],[34.858713,37.452284]]}},{"type":"Feature","properties":{"id":"road-ne-1249-0","name":null,"class":"strategic"},"geometry":{"type":"LineString","coordinates":[[47.714537,37.415164],[47.656795,37.526523],[47.541311,37.51415],[47.145366,37.62551]]}},{"type":"Feature","properties":{"id":"road-ne-1250-0","name":null,"class":"strategic"},"geometry":{"type":"LineString","coordinates":[[29.315489,37.497652],[29.364982,37.406915],[29.48459,37.37392],[29.529959,37.295556]]}},{"type":"Feature","properties":{"id":"road-ne-1251-0","name":null,"class":"strategic"},"geometry":{"type":"LineString","coordinates":[[49.5829,37.274934],[49.356057,37.270809]]}},{"type":"Feature","properties":{"id":"road-ne-1252-0","name":null,"class":"strategic"},"geometry":{"type":"LineString","coordinates":[[37.267375,37.221316],[37.094149,37.307929],[36.90855,37.208943],[36.76832,37.200694]]}},{"type":"Feature","properties":{"id":"road-ne-1253-0","name":null,"class":"strategic"},"geometry":{"type":"LineString","coordinates":[[36.727076,37.180072],[36.541477,37.192445]]}},{"type":"Feature","properties":{"id":"road-ne-1254-0","name":null,"class":"strategic"},"geometry":{"type":"LineString","coordinates":[[37.407606,37.109957],[37.267375,37.221316]]}},{"type":"Feature","properties":{"id":"road-ne-1255-0","name":null,"class":"strategic"},"geometry":{"type":"LineString","coordinates":[[36.541477,37.192445],[36.421869,37.208943],[36.219772,37.093459]]}},{"type":"Feature","properties":{"id":"road-ne-1256-0","name":null,"class":"strategic"},"geometry":{"type":"LineString","coordinates":[[37.481845,37.076961],[37.407606,37.109957]]}},{"type":"Feature","properties":{"id":"road-ne-1257-0","name":null,"class":"strategic"},"geometry":{"type":"LineString","coordinates":[[36.219772,37.093459],[36.120786,37.056339]]}},{"type":"Feature","properties":{"id":"road-ne-1258-0","name":null,"class":"strategic"},"geometry":{"type":"LineString","coordinates":[[35.295901,37.019219],[35.176293,37.015095]]}},{"type":"Feature","properties":{"id":"road-ne-1259-0","name":null,"class":"strategic"},"geometry":{"type":"LineString","coordinates":[[35.176293,37.015095],[34.970072,37.006846]]}},{"type":"Feature","properties":{"id":"road-ne-1260-0","name":null,"class":"strategic"},"geometry":{"type":"LineString","coordinates":[[36.100164,37.039842],[35.988804,36.998597]]}},{"type":"Feature","properties":{"id":"road-ne-1261-0","name":null,"class":"strategic"},"geometry":{"type":"LineString","coordinates":[[34.941201,36.994473],[34.920579,37.089335],[34.821593,37.151201],[34.743229,37.287307],[34.862837,37.439911]]}},{"type":"Feature","properties":{"id":"road-ne-1262-0","name":null,"class":"strategic"},"geometry":{"type":"LineString","coordinates":[[35.59286,36.994473],[35.37839,37.019219]]}},{"type":"Feature","properties":{"id":"road-ne-1263-0","name":null,"class":"strategic"},"geometry":{"type":"LineString","coordinates":[[35.37839,37.019219],[35.34127,36.990349]]}},{"type":"Feature","properties":{"id":"road-ne-1264-0","name":null,"class":"strategic"},"geometry":{"type":"LineString","coordinates":[[35.675348,36.990349],[35.59286,36.994473]]}},{"type":"Feature","properties":{"id":"road-ne-1265-0","name":null,"class":"strategic"},"geometry":{"type":"LineString","coordinates":[[36.058919,36.977975],[35.988804,36.998597]]}},{"type":"Feature","properties":{"id":"road-ne-1266-0","name":null,"class":"strategic"},"geometry":{"type":"LineString","coordinates":[[37.824172,36.994473],[37.70044,36.969726],[37.601453,37.064588],[37.481845,37.076961]]}},{"type":"Feature","properties":{"id":"road-ne-1267-0","name":null,"class":"strategic"},"geometry":{"type":"LineString","coordinates":[[35.988804,36.998597],[35.840325,36.965602]]}},{"type":"Feature","properties":{"id":"road-ne-1268-0","name":null,"class":"strategic"},"geometry":{"type":"LineString","coordinates":[[35.840325,36.965602],[35.675348,36.990349]]}},{"type":"Feature","properties":{"id":"road-ne-1269-0","name":null,"class":"strategic"},"geometry":{"type":"LineString","coordinates":[[36.100164,36.961478],[36.058919,36.977975]]}},{"type":"Feature","properties":{"id":"road-ne-1270-0","name":null,"class":"strategic"},"geometry":{"type":"LineString","coordinates":[[36.133159,36.94498],[36.100164,36.961478]]}},{"type":"Feature","properties":{"id":"road-ne-1271-0","name":null,"class":"strategic"},"geometry":{"type":"LineString","coordinates":[[34.941201,36.994473],[34.858713,36.940855]]}},{"type":"Feature","properties":{"id":"road-ne-1272-0","name":null,"class":"strategic"},"geometry":{"type":"LineString","coordinates":[[34.924703,36.924358],[34.98657,36.94498]]}},{"type":"Feature","properties":{"id":"road-ne-1273-0","name":null,"class":"strategic"},"geometry":{"type":"LineString","coordinates":[[34.895832,36.911985],[34.924703,36.924358]]}},{"type":"Feature","properties":{"id":"road-ne-1274-0","name":null,"class":"strategic"},"geometry":{"type":"LineString","coordinates":[[36.211523,36.911985],[36.133159,36.94498]]}},{"type":"Feature","properties":{"id":"road-ne-1275-0","name":null,"class":"strategic"},"geometry":{"type":"LineString","coordinates":[[36.23627,36.895487],[36.211523,36.911985]]}},{"type":"Feature","properties":{"id":"road-ne-1276-0","name":null,"class":"strategic"},"geometry":{"type":"LineString","coordinates":[[34.693736,36.83362],[34.895832,36.911985]]}},{"type":"Feature","properties":{"id":"road-ne-1277-0","name":null,"class":"strategic"},"geometry":{"type":"LineString","coordinates":[[34.635994,36.800625],[34.693736,36.83362]]}},{"type":"Feature","properties":{"id":"road-ne-1278-0","name":null,"class":"strategic"},"geometry":{"type":"LineString","coordinates":[[34.466892,36.714012],[34.635994,36.800625]]}},{"type":"Feature","properties":{"id":"road-ne-1279-0","name":null,"class":"strategic"},"geometry":{"type":"LineString","coordinates":[[43.033317,36.676892],[42.946705,36.734634],[42.930207,36.845994]]}},{"type":"Feature","properties":{"id":"road-ne-1280-0","name":null,"class":"strategic"},"geometry":{"type":"LineString","coordinates":[[48.485804,36.668644],[48.205343,36.841869],[48.15585,36.94498],[47.90426,37.147077],[47.797025,37.357422],[47.714537,37.415164]]}},{"type":"Feature","properties":{"id":"road-ne-1281-0","name":null,"class":"strategic"},"geometry":{"type":"LineString","coordinates":[[36.166154,36.524289],[36.23627,36.627399],[36.23627,36.895487]]}},{"type":"Feature","properties":{"id":"road-ne-1282-0","name":null,"class":"strategic"},"geometry":{"type":"LineString","coordinates":[[48.782762,36.483045],[48.659029,36.610902],[48.485804,36.668644]]}},{"type":"Feature","properties":{"id":"road-ne-1283-0","name":null,"class":"strategic"},"geometry":{"type":"LineString","coordinates":[[33.934842,36.371685],[34.050326,36.392307],[34.466892,36.714012]]}},{"type":"Feature","properties":{"id":"road-ne-1284-0","name":null,"class":"strategic"},"geometry":{"type":"LineString","coordinates":[[33.8771,36.384058],[33.934842,36.371685]]}},{"type":"Feature","properties":{"id":"road-ne-1285-0","name":null,"class":"strategic"},"geometry":{"type":"LineString","coordinates":[[43.033317,36.676892],[43.01682,36.577906],[43.148801,36.330441]]}},{"type":"Feature","properties":{"id":"road-ne-1286-0","name":null,"class":"strategic"},"geometry":{"type":"LineString","coordinates":[[49.999467,36.260326],[49.504536,36.371685],[49.521034,36.602653],[49.397301,36.771754],[49.516909,36.953229]]}},{"type":"Feature","properties":{"id":"road-ne-1287-0","name":null,"class":"strategic"},"geometry":{"type":"LineString","coordinates":[[37.498343,36.351063],[37.16014,36.198459]]}},{"type":"Feature","properties":{"id":"road-ne-1288-0","name":null,"class":"strategic"},"geometry":{"type":"LineString","coordinates":[[37.263251,36.186086],[37.358112,36.190211]]}},{"type":"Feature","properties":{"id":"road-ne-1289-0","name":null,"class":"strategic"},"geometry":{"type":"LineString","coordinates":[[37.213758,36.186086],[37.263251,36.186086]]}},{"type":"Feature","properties":{"id":"road-ne-1290-0","name":null,"class":"strategic"},"geometry":{"type":"LineString","coordinates":[[37.073527,36.169589],[37.168389,36.165464]]}},{"type":"Feature","properties":{"id":"road-ne-1291-0","name":null,"class":"strategic"},"geometry":{"type":"LineString","coordinates":[[49.999467,36.260326],[49.694259,36.062354]]}},{"type":"Feature","properties":{"id":"road-ne-1292-0","name":null,"class":"strategic"},"geometry":{"type":"LineString","coordinates":[[49.694259,36.062354],[49.558153,36.033483],[49.314812,36.0871],[48.782762,36.483045]]}},{"type":"Feature","properties":{"id":"road-ne-1293-0","name":null,"class":"strategic"},"geometry":{"type":"LineString","coordinates":[[36.927362490984834,36.0],[37.073527,36.169589]]}},{"type":"Feature","properties":{"id":"road-ne-1294-0","name":null,"class":"strategic"},"geometry":{"type":"LineString","coordinates":[[43.136428,36.330441],[43.058064,36.0]]}},{"type":"Feature","properties":{"id":"road-ne-1296-0","name":null,"class":"strategic"},"geometry":{"type":"LineString","coordinates":[[42.468272,37.250187],[42.583755,37.15945]]}},{"type":"Feature","properties":{"id":"road-ne-1297-0","name":null,"class":"strategic"},"geometry":{"type":"LineString","coordinates":[[45.070782,37.55127],[45.15327,37.707998],[45.429607,37.798735]]}},{"type":"Feature","properties":{"id":"road-ne-1298-0","name":null,"class":"strategic"},"geometry":{"type":"LineString","coordinates":[[36.129035,41.217881],[36.294012,41.316867]]}},{"type":"Feature","properties":{"id":"road-ne-1299-0","name":null,"class":"strategic"},"geometry":{"type":"LineString","coordinates":[[36.294012,41.316867],[36.397122,41.22613],[36.718827,41.222006]]}},{"type":"Feature","properties":{"id":"road-ne-1300-0","name":null,"class":"strategic"},"geometry":{"type":"LineString","coordinates":[[36.190901,41.386983],[36.294012,41.316867]]}},{"type":"Feature","properties":{"id":"road-ne-1301-0","name":null,"class":"strategic"},"geometry":{"type":"LineString","coordinates":[[39.288342,38.652491],[39.329586,38.574127]]}},{"type":"Feature","properties":{"id":"road-ne-1302-0","name":null,"class":"strategic"},"geometry":{"type":"LineString","coordinates":[[39.168734,38.677237],[39.061499,38.578251]]}},{"type":"Feature","properties":{"id":"road-ne-1303-0","name":null,"class":"strategic"},"geometry":{"type":"LineString","coordinates":[[37.139518,39.811453],[37.015785,39.749587]]}},{"type":"Feature","properties":{"id":"road-ne-1304-0","name":null,"class":"strategic"},"geometry":{"type":"LineString","coordinates":[[37.015785,39.749587],[36.90855,39.733089]]}},{"type":"Feature","properties":{"id":"road-ne-1306-0","name":null,"class":"strategic"},"geometry":{"type":"LineString","coordinates":[[38.48408,38.330786],[38.302605,38.351408]]}},{"type":"Feature","properties":{"id":"road-ne-1307-0","name":null,"class":"strategic"},"geometry":{"type":"LineString","coordinates":[[32.672769,38.070947],[32.565534,37.959588]]}},{"type":"Feature","properties":{"id":"road-ne-1308-0","name":null,"class":"strategic"},"geometry":{"type":"LineString","coordinates":[[32.293322,37.885348],[32.474797,37.877099]]}},{"type":"Feature","properties":{"id":"road-ne-1309-0","name":null,"class":"strategic"},"geometry":{"type":"LineString","coordinates":[[32.850119,36.074727],[33.081087,36.107722]]}},{"type":"Feature","properties":{"id":"road-ne-1310-0","name":null,"class":"strategic"},"geometry":{"type":"LineString","coordinates":[[33.052216,37.204818],[33.19657,37.188321]]}},{"type":"Feature","properties":{"id":"road-ne-1311-0","name":null,"class":"strategic"},"geometry":{"type":"LineString","coordinates":[[33.19657,37.188321],[33.287308,37.031593]]}},{"type":"Feature","properties":{"id":"road-ne-1312-0","name":null,"class":"strategic"},"geometry":{"type":"LineString","coordinates":[[33.827607,36.285072],[33.934842,36.371685]]}},{"type":"Feature","properties":{"id":"road-ne-1313-0","name":null,"class":"strategic"},"geometry":{"type":"LineString","coordinates":[[33.798736,36.421178],[33.8771,36.384058]]}},{"type":"Feature","properties":{"id":"road-ne-1314-0","name":null,"class":"strategic"},"geometry":{"type":"LineString","coordinates":[[37.366361,55.781216],[37.032283,55.789465],[36.966292,55.843082],[36.788942,55.843082],[36.541477,55.942069],[35.979216962297315,56.0]]}},{"type":"Feature","properties":{"id":"road-ne-1315-0","name":null,"class":"strategic"},"geometry":{"type":"LineString","coordinates":[[37.444725,54.527392],[37.362237,53.78912]]}},{"type":"Feature","properties":{"id":"road-ne-1316-0","name":null,"class":"strategic"},"geometry":{"type":"LineString","coordinates":[[39.754402,48.291265],[39.700784,48.233523],[39.746153,48.093293],[39.997743,47.849952],[40.084356,47.697349]]}},{"type":"Feature","properties":{"id":"road-ne-1317-0","name":null,"class":"strategic"},"geometry":{"type":"LineString","coordinates":[[48.300205,38.235924],[48.098108,38.091569]]}}]}